ISO-10303-21;
HEADER;
/* Generated by software containing ST-Developer
 * from STEP Tools, Inc. (www.steptools.com) 
 */

FILE_DESCRIPTION(
/* description */ ('KiCad electronic assembly'),
/* implementation_level */ '2;1');

FILE_NAME(
/* name */ 'leftbottom.step',
/* time_stamp */ '2026-06-16T12:05:09+05:30',
/* author */ (''),
/* organization */ (''),
/* preprocessor_version */ 'ST-DEVELOPER v20.1',
/* originating_system */ 'Autodesk Translation Framework v15.8.0.0',
/* authorisation */ '');

FILE_SCHEMA (('AUTOMOTIVE_DESIGN { 1 0 10303 214 3 1 1 }'));
ENDSEC;

DATA;
#10=MECHANICAL_DESIGN_GEOMETRIC_PRESENTATION_REPRESENTATION('',(#13),#9642);
#11=SHAPE_REPRESENTATION_RELATIONSHIP('SRR','None',#9648,#12);
#12=ADVANCED_BREP_SHAPE_REPRESENTATION('',(#14),#9641);
#13=STYLED_ITEM('',(#9663),#14);
#14=MANIFOLD_SOLID_BREP('leftbottom',#3418);
#15=ELLIPSE('',#3605,29.3784994965036,2.);
#16=ELLIPSE('',#3606,3.2643133631771,2.);
#17=ELLIPSE('',#3607,2.82842712474616,2.);
#18=ELLIPSE('',#3612,29.5820254997196,4.);
#19=FACE_BOUND('',#874,.T.);
#20=FACE_BOUND('',#909,.T.);
#21=FACE_BOUND('',#1009,.T.);
#22=PLANE('',#3547);
#23=PLANE('',#3548);
#24=PLANE('',#3549);
#25=PLANE('',#3550);
#26=PLANE('',#3551);
#27=PLANE('',#3603);
#28=PLANE('',#3610);
#29=PLANE('',#3611);
#30=PLANE('',#3618);
#31=PLANE('',#3623);
#32=PLANE('',#3628);
#33=PLANE('',#3631);
#34=PLANE('',#3635);
#35=PLANE('',#3637);
#36=PLANE('',#3638);
#37=PLANE('',#3639);
#38=PLANE('',#3643);
#39=PLANE('',#3645);
#40=PLANE('',#3646);
#41=PLANE('',#3647);
#42=PLANE('',#3651);
#43=PLANE('',#3653);
#44=PLANE('',#3654);
#45=PLANE('',#3655);
#46=PLANE('',#3659);
#47=PLANE('',#3660);
#48=PLANE('',#3662);
#49=PLANE('',#3663);
#50=PLANE('',#3667);
#51=PLANE('',#3668);
#52=PLANE('',#3670);
#53=PLANE('',#3671);
#54=PLANE('',#3675);
#55=PLANE('',#3676);
#56=PLANE('',#3678);
#57=PLANE('',#3679);
#58=PLANE('',#3680);
#59=PLANE('',#3685);
#60=PLANE('',#3690);
#61=PLANE('',#3693);
#62=PLANE('',#3696);
#63=PLANE('',#3697);
#64=PLANE('',#3698);
#65=PLANE('',#3699);
#66=PLANE('',#3700);
#67=PLANE('',#3701);
#68=PLANE('',#3702);
#69=PLANE('',#3703);
#70=PLANE('',#3704);
#71=PLANE('',#3705);
#72=PLANE('',#3706);
#73=PLANE('',#3709);
#74=PLANE('',#3710);
#75=PLANE('',#3711);
#76=PLANE('',#3714);
#77=PLANE('',#3715);
#78=PLANE('',#3716);
#79=PLANE('',#3719);
#80=PLANE('',#3720);
#81=PLANE('',#3721);
#82=PLANE('',#3724);
#83=PLANE('',#3725);
#84=PLANE('',#3726);
#85=PLANE('',#3729);
#86=PLANE('',#3730);
#87=PLANE('',#3731);
#88=PLANE('',#3734);
#89=PLANE('',#3735);
#90=PLANE('',#3736);
#91=LINE('',#8257,#318);
#92=LINE('',#8262,#319);
#93=LINE('',#8264,#320);
#94=LINE('',#8266,#321);
#95=LINE('',#8267,#322);
#96=LINE('',#8271,#323);
#97=LINE('',#8273,#324);
#98=LINE('',#8275,#325);
#99=LINE('',#8276,#326);
#100=LINE('',#8279,#327);
#101=LINE('',#8281,#328);
#102=LINE('',#8282,#329);
#103=LINE('',#8285,#330);
#104=LINE('',#8287,#331);
#105=LINE('',#8288,#332);
#106=LINE('',#8290,#333);
#107=LINE('',#8291,#334);
#108=LINE('',#8292,#335);
#109=LINE('',#8293,#336);
#110=LINE('',#8294,#337);
#111=LINE('',#8295,#338);
#112=LINE('',#8296,#339);
#113=LINE('',#8297,#340);
#114=LINE('',#8298,#341);
#115=LINE('',#8299,#342);
#116=LINE('',#8300,#343);
#117=LINE('',#8301,#344);
#118=LINE('',#8302,#345);
#119=LINE('',#8307,#346);
#120=LINE('',#8308,#347);
#121=LINE('',#8313,#348);
#122=LINE('',#8314,#349);
#123=LINE('',#8320,#350);
#124=LINE('',#8322,#351);
#125=LINE('',#8328,#352);
#126=LINE('',#8330,#353);
#127=LINE('',#8333,#354);
#128=LINE('',#8336,#355);
#129=LINE('',#8376,#356);
#130=LINE('',#8419,#357);
#131=LINE('',#8460,#358);
#132=LINE('',#8501,#359);
#133=LINE('',#8559,#360);
#134=LINE('',#8602,#361);
#135=LINE('',#8604,#362);
#136=LINE('',#8606,#363);
#137=LINE('',#8669,#364);
#138=LINE('',#8711,#365);
#139=LINE('',#8712,#366);
#140=LINE('',#8715,#367);
#141=LINE('',#8756,#368);
#142=LINE('',#8799,#369);
#143=LINE('',#8800,#370);
#144=LINE('',#8803,#371);
#145=LINE('',#8844,#372);
#146=LINE('',#8923,#373);
#147=LINE('',#8925,#374);
#148=LINE('',#8927,#375);
#149=LINE('',#8929,#376);
#150=LINE('',#8931,#377);
#151=LINE('',#8933,#378);
#152=LINE('',#8935,#379);
#153=LINE('',#8937,#380);
#154=LINE('',#8938,#381);
#155=LINE('',#8940,#382);
#156=LINE('',#8962,#383);
#157=LINE('',#8964,#384);
#158=LINE('',#8972,#385);
#159=LINE('',#8973,#386);
#160=LINE('',#8976,#387);
#161=LINE('',#9017,#388);
#162=LINE('',#9020,#389);
#163=LINE('',#9023,#390);
#164=LINE('',#9024,#391);
#165=LINE('',#9028,#392);
#166=LINE('',#9031,#393);
#167=LINE('',#9034,#394);
#168=LINE('',#9037,#395);
#169=LINE('',#9038,#396);
#170=LINE('',#9042,#397);
#171=LINE('',#9045,#398);
#172=LINE('',#9048,#399);
#173=LINE('',#9051,#400);
#174=LINE('',#9052,#401);
#175=LINE('',#9056,#402);
#176=LINE('',#9060,#403);
#177=LINE('',#9062,#404);
#178=LINE('',#9066,#405);
#179=LINE('',#9069,#406);
#180=LINE('',#9071,#407);
#181=LINE('',#9072,#408);
#182=LINE('',#9074,#409);
#183=LINE('',#9076,#410);
#184=LINE('',#9078,#411);
#185=LINE('',#9080,#412);
#186=LINE('',#9084,#413);
#187=LINE('',#9086,#414);
#188=LINE('',#9090,#415);
#189=LINE('',#9093,#416);
#190=LINE('',#9095,#417);
#191=LINE('',#9096,#418);
#192=LINE('',#9098,#419);
#193=LINE('',#9100,#420);
#194=LINE('',#9102,#421);
#195=LINE('',#9104,#422);
#196=LINE('',#9108,#423);
#197=LINE('',#9110,#424);
#198=LINE('',#9114,#425);
#199=LINE('',#9117,#426);
#200=LINE('',#9119,#427);
#201=LINE('',#9120,#428);
#202=LINE('',#9122,#429);
#203=LINE('',#9124,#430);
#204=LINE('',#9126,#431);
#205=LINE('',#9128,#432);
#206=LINE('',#9132,#433);
#207=LINE('',#9134,#434);
#208=LINE('',#9138,#435);
#209=LINE('',#9141,#436);
#210=LINE('',#9143,#437);
#211=LINE('',#9144,#438);
#212=LINE('',#9146,#439);
#213=LINE('',#9148,#440);
#214=LINE('',#9149,#441);
#215=LINE('',#9151,#442);
#216=LINE('',#9156,#443);
#217=LINE('',#9158,#444);
#218=LINE('',#9162,#445);
#219=LINE('',#9165,#446);
#220=LINE('',#9167,#447);
#221=LINE('',#9168,#448);
#222=LINE('',#9170,#449);
#223=LINE('',#9172,#450);
#224=LINE('',#9173,#451);
#225=LINE('',#9175,#452);
#226=LINE('',#9180,#453);
#227=LINE('',#9182,#454);
#228=LINE('',#9186,#455);
#229=LINE('',#9189,#456);
#230=LINE('',#9191,#457);
#231=LINE('',#9192,#458);
#232=LINE('',#9194,#459);
#233=LINE('',#9196,#460);
#234=LINE('',#9197,#461);
#235=LINE('',#9199,#462);
#236=LINE('',#9222,#463);
#237=LINE('',#9321,#464);
#238=LINE('',#9324,#465);
#239=LINE('',#9326,#466);
#240=LINE('',#9327,#467);
#241=LINE('',#9461,#468);
#242=LINE('',#9463,#469);
#243=LINE('',#9466,#470);
#244=LINE('',#9469,#471);
#245=LINE('',#9472,#472);
#246=LINE('',#9475,#473);
#247=LINE('',#9477,#474);
#248=LINE('',#9480,#475);
#249=LINE('',#9483,#476);
#250=LINE('',#9486,#477);
#251=LINE('',#9489,#478);
#252=LINE('',#9491,#479);
#253=LINE('',#9494,#480);
#254=LINE('',#9497,#481);
#255=LINE('',#9500,#482);
#256=LINE('',#9501,#483);
#257=LINE('',#9505,#484);
#258=LINE('',#9508,#485);
#259=LINE('',#9509,#486);
#260=LINE('',#9512,#487);
#261=LINE('',#9513,#488);
#262=LINE('',#9516,#489);
#263=LINE('',#9517,#490);
#264=LINE('',#9520,#491);
#265=LINE('',#9521,#492);
#266=LINE('',#9524,#493);
#267=LINE('',#9525,#494);
#268=LINE('',#9528,#495);
#269=LINE('',#9529,#496);
#270=LINE('',#9532,#497);
#271=LINE('',#9533,#498);
#272=LINE('',#9535,#499);
#273=LINE('',#9538,#500);
#274=LINE('',#9539,#501);
#275=LINE('',#9542,#502);
#276=LINE('',#9543,#503);
#277=LINE('',#9546,#504);
#278=LINE('',#9547,#505);
#279=LINE('',#9551,#506);
#280=LINE('',#9554,#507);
#281=LINE('',#9555,#508);
#282=LINE('',#9558,#509);
#283=LINE('',#9559,#510);
#284=LINE('',#9562,#511);
#285=LINE('',#9563,#512);
#286=LINE('',#9567,#513);
#287=LINE('',#9570,#514);
#288=LINE('',#9571,#515);
#289=LINE('',#9574,#516);
#290=LINE('',#9575,#517);
#291=LINE('',#9578,#518);
#292=LINE('',#9579,#519);
#293=LINE('',#9583,#520);
#294=LINE('',#9586,#521);
#295=LINE('',#9587,#522);
#296=LINE('',#9590,#523);
#297=LINE('',#9591,#524);
#298=LINE('',#9594,#525);
#299=LINE('',#9595,#526);
#300=LINE('',#9599,#527);
#301=LINE('',#9602,#528);
#302=LINE('',#9603,#529);
#303=LINE('',#9606,#530);
#304=LINE('',#9607,#531);
#305=LINE('',#9610,#532);
#306=LINE('',#9611,#533);
#307=LINE('',#9615,#534);
#308=LINE('',#9618,#535);
#309=LINE('',#9619,#536);
#310=LINE('',#9622,#537);
#311=LINE('',#9623,#538);
#312=LINE('',#9626,#539);
#313=LINE('',#9627,#540);
#314=LINE('',#9631,#541);
#315=LINE('',#9634,#542);
#316=LINE('',#9635,#543);
#317=LINE('',#9637,#544);
#318=VECTOR('',#3991,1.6);
#319=VECTOR('',#3996,10.);
#320=VECTOR('',#3997,10.);
#321=VECTOR('',#3998,10.);
#322=VECTOR('',#3999,10.);
#323=VECTOR('',#4002,10.);
#324=VECTOR('',#4003,10.);
#325=VECTOR('',#4004,10.);
#326=VECTOR('',#4005,10.);
#327=VECTOR('',#4008,10.);
#328=VECTOR('',#4009,10.);
#329=VECTOR('',#4010,10.);
#330=VECTOR('',#4013,10.);
#331=VECTOR('',#4014,10.);
#332=VECTOR('',#4015,10.);
#333=VECTOR('',#4018,10.);
#334=VECTOR('',#4019,10.);
#335=VECTOR('',#4020,10.);
#336=VECTOR('',#4021,10.);
#337=VECTOR('',#4022,10.);
#338=VECTOR('',#4023,10.);
#339=VECTOR('',#4024,10.);
#340=VECTOR('',#4025,10.);
#341=VECTOR('',#4026,10.);
#342=VECTOR('',#4027,10.);
#343=VECTOR('',#4028,10.);
#344=VECTOR('',#4029,10.);
#345=VECTOR('',#4030,10.);
#346=VECTOR('',#4035,10.);
#347=VECTOR('',#4036,10.);
#348=VECTOR('',#4041,10.);
#349=VECTOR('',#4042,10.);
#350=VECTOR('',#4047,10.);
#351=VECTOR('',#4050,10.);
#352=VECTOR('',#4055,10.);
#353=VECTOR('',#4058,10.);
#354=VECTOR('',#4061,10.);
#355=VECTOR('',#4066,10.);
#356=VECTOR('',#4071,10.);
#357=VECTOR('',#4080,10.);
#358=VECTOR('',#4087,10.);
#359=VECTOR('',#4094,10.);
#360=VECTOR('',#4099,10.);
#361=VECTOR('',#4106,10.);
#362=VECTOR('',#4109,10.);
#363=VECTOR('',#4112,10.);
#364=VECTOR('',#4115,10.);
#365=VECTOR('',#4122,10.);
#366=VECTOR('',#4123,10.);
#367=VECTOR('',#4126,10.);
#368=VECTOR('',#4133,10.);
#369=VECTOR('',#4142,10.);
#370=VECTOR('',#4143,10.);
#371=VECTOR('',#4146,10.);
#372=VECTOR('',#4153,10.);
#373=VECTOR('',#4162,10.);
#374=VECTOR('',#4163,10.);
#375=VECTOR('',#4164,10.);
#376=VECTOR('',#4165,10.);
#377=VECTOR('',#4166,10.);
#378=VECTOR('',#4167,10.);
#379=VECTOR('',#4168,10.);
#380=VECTOR('',#4169,10.);
#381=VECTOR('',#4170,10.);
#382=VECTOR('',#4171,10.);
#383=VECTOR('',#4184,10.);
#384=VECTOR('',#4187,10.);
#385=VECTOR('',#4190,10.);
#386=VECTOR('',#4191,10.);
#387=VECTOR('',#4194,10.);
#388=VECTOR('',#4203,10.);
#389=VECTOR('',#4206,10.);
#390=VECTOR('',#4209,10.);
#391=VECTOR('',#4210,10.);
#392=VECTOR('',#4215,10.);
#393=VECTOR('',#4218,10.);
#394=VECTOR('',#4221,10.);
#395=VECTOR('',#4224,10.);
#396=VECTOR('',#4225,10.);
#397=VECTOR('',#4230,10.);
#398=VECTOR('',#4233,10.);
#399=VECTOR('',#4236,10.);
#400=VECTOR('',#4239,10.);
#401=VECTOR('',#4240,10.);
#402=VECTOR('',#4245,10.);
#403=VECTOR('',#4248,10.);
#404=VECTOR('',#4249,10.);
#405=VECTOR('',#4252,10.);
#406=VECTOR('',#4255,10.);
#407=VECTOR('',#4258,10.);
#408=VECTOR('',#4259,10.);
#409=VECTOR('',#4262,10.);
#410=VECTOR('',#4265,10.);
#411=VECTOR('',#4268,10.);
#412=VECTOR('',#4271,10.);
#413=VECTOR('',#4274,10.);
#414=VECTOR('',#4275,10.);
#415=VECTOR('',#4278,10.);
#416=VECTOR('',#4281,10.);
#417=VECTOR('',#4284,10.);
#418=VECTOR('',#4285,10.);
#419=VECTOR('',#4288,10.);
#420=VECTOR('',#4291,10.);
#421=VECTOR('',#4294,10.);
#422=VECTOR('',#4297,10.);
#423=VECTOR('',#4300,10.);
#424=VECTOR('',#4301,10.);
#425=VECTOR('',#4304,10.);
#426=VECTOR('',#4307,10.);
#427=VECTOR('',#4310,10.);
#428=VECTOR('',#4311,10.);
#429=VECTOR('',#4314,10.);
#430=VECTOR('',#4317,10.);
#431=VECTOR('',#4320,10.);
#432=VECTOR('',#4323,10.);
#433=VECTOR('',#4326,10.);
#434=VECTOR('',#4327,10.);
#435=VECTOR('',#4330,10.);
#436=VECTOR('',#4333,10.);
#437=VECTOR('',#4336,10.);
#438=VECTOR('',#4337,10.);
#439=VECTOR('',#4340,10.);
#440=VECTOR('',#4343,10.);
#441=VECTOR('',#4344,10.);
#442=VECTOR('',#4347,10.);
#443=VECTOR('',#4352,10.);
#444=VECTOR('',#4353,10.);
#445=VECTOR('',#4356,10.);
#446=VECTOR('',#4359,10.);
#447=VECTOR('',#4362,10.);
#448=VECTOR('',#4363,10.);
#449=VECTOR('',#4366,10.);
#450=VECTOR('',#4369,10.);
#451=VECTOR('',#4370,10.);
#452=VECTOR('',#4373,10.);
#453=VECTOR('',#4378,10.);
#454=VECTOR('',#4379,10.);
#455=VECTOR('',#4382,10.);
#456=VECTOR('',#4385,10.);
#457=VECTOR('',#4388,10.);
#458=VECTOR('',#4389,10.);
#459=VECTOR('',#4392,10.);
#460=VECTOR('',#4395,10.);
#461=VECTOR('',#4396,10.);
#462=VECTOR('',#4399,10.);
#463=VECTOR('',#4402,10.);
#464=VECTOR('',#4403,10.);
#465=VECTOR('',#4406,10.);
#466=VECTOR('',#4407,10.);
#467=VECTOR('',#4408,10.);
#468=VECTOR('',#4409,10.);
#469=VECTOR('',#4412,10.);
#470=VECTOR('',#4415,10.);
#471=VECTOR('',#4418,10.);
#472=VECTOR('',#4421,10.);
#473=VECTOR('',#4424,10.);
#474=VECTOR('',#4427,10.);
#475=VECTOR('',#4430,10.);
#476=VECTOR('',#4433,10.);
#477=VECTOR('',#4436,10.);
#478=VECTOR('',#4439,10.);
#479=VECTOR('',#4442,10.);
#480=VECTOR('',#4445,10.);
#481=VECTOR('',#4448,10.);
#482=VECTOR('',#4451,10.);
#483=VECTOR('',#4452,10.);
#484=VECTOR('',#4457,10.);
#485=VECTOR('',#4460,10.);
#486=VECTOR('',#4461,10.);
#487=VECTOR('',#4464,10.);
#488=VECTOR('',#4465,10.);
#489=VECTOR('',#4468,10.);
#490=VECTOR('',#4469,10.);
#491=VECTOR('',#4472,10.);
#492=VECTOR('',#4473,10.);
#493=VECTOR('',#4476,10.);
#494=VECTOR('',#4477,10.);
#495=VECTOR('',#4480,10.);
#496=VECTOR('',#4481,10.);
#497=VECTOR('',#4484,10.);
#498=VECTOR('',#4485,10.);
#499=VECTOR('',#4488,10.);
#500=VECTOR('',#4491,10.);
#501=VECTOR('',#4492,10.);
#502=VECTOR('',#4495,10.);
#503=VECTOR('',#4496,10.);
#504=VECTOR('',#4499,10.);
#505=VECTOR('',#4500,10.);
#506=VECTOR('',#4505,10.);
#507=VECTOR('',#4508,10.);
#508=VECTOR('',#4509,10.);
#509=VECTOR('',#4512,10.);
#510=VECTOR('',#4513,10.);
#511=VECTOR('',#4516,10.);
#512=VECTOR('',#4517,10.);
#513=VECTOR('',#4522,10.);
#514=VECTOR('',#4525,10.);
#515=VECTOR('',#4526,10.);
#516=VECTOR('',#4529,10.);
#517=VECTOR('',#4530,10.);
#518=VECTOR('',#4533,10.);
#519=VECTOR('',#4534,10.);
#520=VECTOR('',#4539,10.);
#521=VECTOR('',#4542,10.);
#522=VECTOR('',#4543,10.);
#523=VECTOR('',#4546,10.);
#524=VECTOR('',#4547,10.);
#525=VECTOR('',#4550,10.);
#526=VECTOR('',#4551,10.);
#527=VECTOR('',#4556,10.);
#528=VECTOR('',#4559,10.);
#529=VECTOR('',#4560,10.);
#530=VECTOR('',#4563,10.);
#531=VECTOR('',#4564,10.);
#532=VECTOR('',#4567,10.);
#533=VECTOR('',#4568,10.);
#534=VECTOR('',#4573,10.);
#535=VECTOR('',#4576,10.);
#536=VECTOR('',#4577,10.);
#537=VECTOR('',#4580,10.);
#538=VECTOR('',#4581,10.);
#539=VECTOR('',#4584,10.);
#540=VECTOR('',#4585,10.);
#541=VECTOR('',#4590,10.);
#542=VECTOR('',#4593,10.);
#543=VECTOR('',#4594,10.);
#544=VECTOR('',#4597,10.);
#545=CYLINDRICAL_SURFACE('',#3544,1.6);
#546=CYLINDRICAL_SURFACE('',#3552,2.);
#547=CYLINDRICAL_SURFACE('',#3554,2.);
#548=CYLINDRICAL_SURFACE('',#3556,2.);
#549=CYLINDRICAL_SURFACE('',#3559,2.);
#550=CYLINDRICAL_SURFACE('',#3562,2.);
#551=CYLINDRICAL_SURFACE('',#3564,2.);
#552=CYLINDRICAL_SURFACE('',#3566,2.);
#553=CYLINDRICAL_SURFACE('',#3570,2.);
#554=CYLINDRICAL_SURFACE('',#3573,2.);
#555=CYLINDRICAL_SURFACE('',#3576,2.);
#556=CYLINDRICAL_SURFACE('',#3578,2.);
#557=CYLINDRICAL_SURFACE('',#3580,2.);
#558=CYLINDRICAL_SURFACE('',#3583,2.);
#559=CYLINDRICAL_SURFACE('',#3584,2.);
#560=CYLINDRICAL_SURFACE('',#3586,2.);
#561=CYLINDRICAL_SURFACE('',#3588,2.);
#562=CYLINDRICAL_SURFACE('',#3591,2.);
#563=CYLINDRICAL_SURFACE('',#3594,2.);
#564=CYLINDRICAL_SURFACE('',#3596,2.);
#565=CYLINDRICAL_SURFACE('',#3599,2.);
#566=CYLINDRICAL_SURFACE('',#3604,2.);
#567=CYLINDRICAL_SURFACE('',#3608,2.);
#568=CYLINDRICAL_SURFACE('',#3614,2.);
#569=CYLINDRICAL_SURFACE('',#3616,1.45455873780586);
#570=CYLINDRICAL_SURFACE('',#3619,1.76405460158055);
#571=CYLINDRICAL_SURFACE('',#3621,1.58515026812381);
#572=CYLINDRICAL_SURFACE('',#3624,1.45455873780577);
#573=CYLINDRICAL_SURFACE('',#3626,1.7489975920973);
#574=CYLINDRICAL_SURFACE('',#3629,1.58515026812382);
#575=CYLINDRICAL_SURFACE('',#3634,1.76405460158051);
#576=CYLINDRICAL_SURFACE('',#3636,1.97436400610127);
#577=CYLINDRICAL_SURFACE('',#3642,1.97436400610128);
#578=CYLINDRICAL_SURFACE('',#3644,1.47597523008764);
#579=CYLINDRICAL_SURFACE('',#3650,1.47597523008783);
#580=CYLINDRICAL_SURFACE('',#3652,1.91605070170649);
#581=CYLINDRICAL_SURFACE('',#3658,1.63457274344963);
#582=CYLINDRICAL_SURFACE('',#3661,1.9160507017065);
#583=CYLINDRICAL_SURFACE('',#3666,1.72620686246983);
#584=CYLINDRICAL_SURFACE('',#3669,1.63457274344965);
#585=CYLINDRICAL_SURFACE('',#3674,1.7641942178853);
#586=CYLINDRICAL_SURFACE('',#3677,1.72620686246985);
#587=CYLINDRICAL_SURFACE('',#3681,1.6383535533245);
#588=CYLINDRICAL_SURFACE('',#3683,1.39701121564618);
#589=CYLINDRICAL_SURFACE('',#3686,1.41235630897553);
#590=CYLINDRICAL_SURFACE('',#3688,1.63835355332453);
#591=CYLINDRICAL_SURFACE('',#3691,1.4123563089756);
#592=CYLINDRICAL_SURFACE('',#3694,1.74899759209732);
#593=CYLINDRICAL_SURFACE('',#3707,2.);
#594=CYLINDRICAL_SURFACE('',#3712,2.);
#595=CYLINDRICAL_SURFACE('',#3717,2.);
#596=CYLINDRICAL_SURFACE('',#3722,2.);
#597=CYLINDRICAL_SURFACE('',#3727,2.);
#598=CYLINDRICAL_SURFACE('',#3732,2.);
#599=FACE_OUTER_BOUND('',#803,.T.);
#600=FACE_OUTER_BOUND('',#804,.T.);
#601=FACE_OUTER_BOUND('',#805,.T.);
#602=FACE_OUTER_BOUND('',#806,.T.);
#603=FACE_OUTER_BOUND('',#807,.T.);
#604=FACE_OUTER_BOUND('',#808,.T.);
#605=FACE_OUTER_BOUND('',#809,.T.);
#606=FACE_OUTER_BOUND('',#810,.T.);
#607=FACE_OUTER_BOUND('',#811,.T.);
#608=FACE_OUTER_BOUND('',#812,.T.);
#609=FACE_OUTER_BOUND('',#813,.T.);
#610=FACE_OUTER_BOUND('',#814,.T.);
#611=FACE_OUTER_BOUND('',#815,.T.);
#612=FACE_OUTER_BOUND('',#816,.T.);
#613=FACE_OUTER_BOUND('',#817,.T.);
#614=FACE_OUTER_BOUND('',#818,.T.);
#615=FACE_OUTER_BOUND('',#819,.T.);
#616=FACE_OUTER_BOUND('',#820,.T.);
#617=FACE_OUTER_BOUND('',#821,.T.);
#618=FACE_OUTER_BOUND('',#822,.T.);
#619=FACE_OUTER_BOUND('',#823,.T.);
#620=FACE_OUTER_BOUND('',#824,.T.);
#621=FACE_OUTER_BOUND('',#825,.T.);
#622=FACE_OUTER_BOUND('',#826,.T.);
#623=FACE_OUTER_BOUND('',#827,.T.);
#624=FACE_OUTER_BOUND('',#828,.T.);
#625=FACE_OUTER_BOUND('',#829,.T.);
#626=FACE_OUTER_BOUND('',#830,.T.);
#627=FACE_OUTER_BOUND('',#831,.T.);
#628=FACE_OUTER_BOUND('',#832,.T.);
#629=FACE_OUTER_BOUND('',#833,.T.);
#630=FACE_OUTER_BOUND('',#834,.T.);
#631=FACE_OUTER_BOUND('',#835,.T.);
#632=FACE_OUTER_BOUND('',#836,.T.);
#633=FACE_OUTER_BOUND('',#837,.T.);
#634=FACE_OUTER_BOUND('',#838,.T.);
#635=FACE_OUTER_BOUND('',#839,.T.);
#636=FACE_OUTER_BOUND('',#840,.T.);
#637=FACE_OUTER_BOUND('',#841,.T.);
#638=FACE_OUTER_BOUND('',#842,.T.);
#639=FACE_OUTER_BOUND('',#843,.T.);
#640=FACE_OUTER_BOUND('',#844,.T.);
#641=FACE_OUTER_BOUND('',#845,.T.);
#642=FACE_OUTER_BOUND('',#846,.T.);
#643=FACE_OUTER_BOUND('',#847,.T.);
#644=FACE_OUTER_BOUND('',#848,.T.);
#645=FACE_OUTER_BOUND('',#849,.T.);
#646=FACE_OUTER_BOUND('',#850,.T.);
#647=FACE_OUTER_BOUND('',#851,.T.);
#648=FACE_OUTER_BOUND('',#852,.T.);
#649=FACE_OUTER_BOUND('',#853,.T.);
#650=FACE_OUTER_BOUND('',#854,.T.);
#651=FACE_OUTER_BOUND('',#855,.T.);
#652=FACE_OUTER_BOUND('',#856,.T.);
#653=FACE_OUTER_BOUND('',#857,.T.);
#654=FACE_OUTER_BOUND('',#858,.T.);
#655=FACE_OUTER_BOUND('',#859,.T.);
#656=FACE_OUTER_BOUND('',#860,.T.);
#657=FACE_OUTER_BOUND('',#861,.T.);
#658=FACE_OUTER_BOUND('',#862,.T.);
#659=FACE_OUTER_BOUND('',#863,.T.);
#660=FACE_OUTER_BOUND('',#864,.T.);
#661=FACE_OUTER_BOUND('',#865,.T.);
#662=FACE_OUTER_BOUND('',#866,.T.);
#663=FACE_OUTER_BOUND('',#867,.T.);
#664=FACE_OUTER_BOUND('',#868,.T.);
#665=FACE_OUTER_BOUND('',#869,.T.);
#666=FACE_OUTER_BOUND('',#870,.T.);
#667=FACE_OUTER_BOUND('',#871,.T.);
#668=FACE_OUTER_BOUND('',#872,.T.);
#669=FACE_OUTER_BOUND('',#873,.T.);
#670=FACE_OUTER_BOUND('',#875,.T.);
#671=FACE_OUTER_BOUND('',#876,.T.);
#672=FACE_OUTER_BOUND('',#877,.T.);
#673=FACE_OUTER_BOUND('',#878,.T.);
#674=FACE_OUTER_BOUND('',#879,.T.);
#675=FACE_OUTER_BOUND('',#880,.T.);
#676=FACE_OUTER_BOUND('',#881,.T.);
#677=FACE_OUTER_BOUND('',#882,.T.);
#678=FACE_OUTER_BOUND('',#883,.T.);
#679=FACE_OUTER_BOUND('',#884,.T.);
#680=FACE_OUTER_BOUND('',#885,.T.);
#681=FACE_OUTER_BOUND('',#886,.T.);
#682=FACE_OUTER_BOUND('',#887,.T.);
#683=FACE_OUTER_BOUND('',#888,.T.);
#684=FACE_OUTER_BOUND('',#889,.T.);
#685=FACE_OUTER_BOUND('',#890,.T.);
#686=FACE_OUTER_BOUND('',#891,.T.);
#687=FACE_OUTER_BOUND('',#892,.T.);
#688=FACE_OUTER_BOUND('',#893,.T.);
#689=FACE_OUTER_BOUND('',#894,.T.);
#690=FACE_OUTER_BOUND('',#895,.T.);
#691=FACE_OUTER_BOUND('',#896,.T.);
#692=FACE_OUTER_BOUND('',#897,.T.);
#693=FACE_OUTER_BOUND('',#898,.T.);
#694=FACE_OUTER_BOUND('',#899,.T.);
#695=FACE_OUTER_BOUND('',#900,.T.);
#696=FACE_OUTER_BOUND('',#901,.T.);
#697=FACE_OUTER_BOUND('',#902,.T.);
#698=FACE_OUTER_BOUND('',#903,.T.);
#699=FACE_OUTER_BOUND('',#904,.T.);
#700=FACE_OUTER_BOUND('',#905,.T.);
#701=FACE_OUTER_BOUND('',#906,.T.);
#702=FACE_OUTER_BOUND('',#907,.T.);
#703=FACE_OUTER_BOUND('',#908,.T.);
#704=FACE_OUTER_BOUND('',#910,.T.);
#705=FACE_OUTER_BOUND('',#911,.T.);
#706=FACE_OUTER_BOUND('',#912,.T.);
#707=FACE_OUTER_BOUND('',#913,.T.);
#708=FACE_OUTER_BOUND('',#914,.T.);
#709=FACE_OUTER_BOUND('',#915,.T.);
#710=FACE_OUTER_BOUND('',#916,.T.);
#711=FACE_OUTER_BOUND('',#917,.T.);
#712=FACE_OUTER_BOUND('',#918,.T.);
#713=FACE_OUTER_BOUND('',#919,.T.);
#714=FACE_OUTER_BOUND('',#920,.T.);
#715=FACE_OUTER_BOUND('',#921,.T.);
#716=FACE_OUTER_BOUND('',#922,.T.);
#717=FACE_OUTER_BOUND('',#923,.T.);
#718=FACE_OUTER_BOUND('',#924,.T.);
#719=FACE_OUTER_BOUND('',#925,.T.);
#720=FACE_OUTER_BOUND('',#926,.T.);
#721=FACE_OUTER_BOUND('',#927,.T.);
#722=FACE_OUTER_BOUND('',#928,.T.);
#723=FACE_OUTER_BOUND('',#929,.T.);
#724=FACE_OUTER_BOUND('',#930,.T.);
#725=FACE_OUTER_BOUND('',#931,.T.);
#726=FACE_OUTER_BOUND('',#932,.T.);
#727=FACE_OUTER_BOUND('',#933,.T.);
#728=FACE_OUTER_BOUND('',#934,.T.);
#729=FACE_OUTER_BOUND('',#935,.T.);
#730=FACE_OUTER_BOUND('',#936,.T.);
#731=FACE_OUTER_BOUND('',#937,.T.);
#732=FACE_OUTER_BOUND('',#938,.T.);
#733=FACE_OUTER_BOUND('',#939,.T.);
#734=FACE_OUTER_BOUND('',#940,.T.);
#735=FACE_OUTER_BOUND('',#941,.T.);
#736=FACE_OUTER_BOUND('',#942,.T.);
#737=FACE_OUTER_BOUND('',#943,.T.);
#738=FACE_OUTER_BOUND('',#944,.T.);
#739=FACE_OUTER_BOUND('',#945,.T.);
#740=FACE_OUTER_BOUND('',#946,.T.);
#741=FACE_OUTER_BOUND('',#947,.T.);
#742=FACE_OUTER_BOUND('',#948,.T.);
#743=FACE_OUTER_BOUND('',#949,.T.);
#744=FACE_OUTER_BOUND('',#950,.T.);
#745=FACE_OUTER_BOUND('',#951,.T.);
#746=FACE_OUTER_BOUND('',#952,.T.);
#747=FACE_OUTER_BOUND('',#953,.T.);
#748=FACE_OUTER_BOUND('',#954,.T.);
#749=FACE_OUTER_BOUND('',#955,.T.);
#750=FACE_OUTER_BOUND('',#956,.T.);
#751=FACE_OUTER_BOUND('',#957,.T.);
#752=FACE_OUTER_BOUND('',#958,.T.);
#753=FACE_OUTER_BOUND('',#959,.T.);
#754=FACE_OUTER_BOUND('',#960,.T.);
#755=FACE_OUTER_BOUND('',#961,.T.);
#756=FACE_OUTER_BOUND('',#962,.T.);
#757=FACE_OUTER_BOUND('',#963,.T.);
#758=FACE_OUTER_BOUND('',#964,.T.);
#759=FACE_OUTER_BOUND('',#965,.T.);
#760=FACE_OUTER_BOUND('',#966,.T.);
#761=FACE_OUTER_BOUND('',#967,.T.);
#762=FACE_OUTER_BOUND('',#968,.T.);
#763=FACE_OUTER_BOUND('',#969,.T.);
#764=FACE_OUTER_BOUND('',#970,.T.);
#765=FACE_OUTER_BOUND('',#971,.T.);
#766=FACE_OUTER_BOUND('',#972,.T.);
#767=FACE_OUTER_BOUND('',#973,.T.);
#768=FACE_OUTER_BOUND('',#974,.T.);
#769=FACE_OUTER_BOUND('',#975,.T.);
#770=FACE_OUTER_BOUND('',#976,.T.);
#771=FACE_OUTER_BOUND('',#977,.T.);
#772=FACE_OUTER_BOUND('',#978,.T.);
#773=FACE_OUTER_BOUND('',#979,.T.);
#774=FACE_OUTER_BOUND('',#980,.T.);
#775=FACE_OUTER_BOUND('',#981,.T.);
#776=FACE_OUTER_BOUND('',#982,.T.);
#777=FACE_OUTER_BOUND('',#983,.T.);
#778=FACE_OUTER_BOUND('',#984,.T.);
#779=FACE_OUTER_BOUND('',#985,.T.);
#780=FACE_OUTER_BOUND('',#986,.T.);
#781=FACE_OUTER_BOUND('',#987,.T.);
#782=FACE_OUTER_BOUND('',#988,.T.);
#783=FACE_OUTER_BOUND('',#989,.T.);
#784=FACE_OUTER_BOUND('',#990,.T.);
#785=FACE_OUTER_BOUND('',#991,.T.);
#786=FACE_OUTER_BOUND('',#992,.T.);
#787=FACE_OUTER_BOUND('',#993,.T.);
#788=FACE_OUTER_BOUND('',#994,.T.);
#789=FACE_OUTER_BOUND('',#995,.T.);
#790=FACE_OUTER_BOUND('',#996,.T.);
#791=FACE_OUTER_BOUND('',#997,.T.);
#792=FACE_OUTER_BOUND('',#998,.T.);
#793=FACE_OUTER_BOUND('',#999,.T.);
#794=FACE_OUTER_BOUND('',#1000,.T.);
#795=FACE_OUTER_BOUND('',#1001,.T.);
#796=FACE_OUTER_BOUND('',#1002,.T.);
#797=FACE_OUTER_BOUND('',#1003,.T.);
#798=FACE_OUTER_BOUND('',#1004,.T.);
#799=FACE_OUTER_BOUND('',#1005,.T.);
#800=FACE_OUTER_BOUND('',#1006,.T.);
#801=FACE_OUTER_BOUND('',#1007,.T.);
#802=FACE_OUTER_BOUND('',#1008,.T.);
#803=EDGE_LOOP('',(#2111,#2112,#2113,#2114));
#804=EDGE_LOOP('',(#2115,#2116,#2117,#2118));
#805=EDGE_LOOP('',(#2119,#2120,#2121,#2122));
#806=EDGE_LOOP('',(#2123,#2124,#2125,#2126));
#807=EDGE_LOOP('',(#2127,#2128,#2129,#2130));
#808=EDGE_LOOP('',(#2131,#2132,#2133,#2134));
#809=EDGE_LOOP('',(#2135,#2136,#2137,#2138));
#810=EDGE_LOOP('',(#2139,#2140,#2141,#2142));
#811=EDGE_LOOP('',(#2143,#2144,#2145,#2146));
#812=EDGE_LOOP('',(#2147,#2148,#2149,#2150));
#813=EDGE_LOOP('',(#2151,#2152,#2153,#2154));
#814=EDGE_LOOP('',(#2155,#2156,#2157,#2158));
#815=EDGE_LOOP('',(#2159,#2160,#2161,#2162));
#816=EDGE_LOOP('',(#2163,#2164,#2165,#2166));
#817=EDGE_LOOP('',(#2167,#2168,#2169,#2170));
#818=EDGE_LOOP('',(#2171,#2172,#2173,#2174));
#819=EDGE_LOOP('',(#2175,#2176,#2177,#2178));
#820=EDGE_LOOP('',(#2179,#2180,#2181,#2182));
#821=EDGE_LOOP('',(#2183,#2184,#2185,#2186));
#822=EDGE_LOOP('',(#2187,#2188,#2189,#2190));
#823=EDGE_LOOP('',(#2191,#2192,#2193,#2194));
#824=EDGE_LOOP('',(#2195,#2196,#2197,#2198));
#825=EDGE_LOOP('',(#2199,#2200,#2201,#2202));
#826=EDGE_LOOP('',(#2203,#2204,#2205,#2206));
#827=EDGE_LOOP('',(#2207,#2208,#2209,#2210));
#828=EDGE_LOOP('',(#2211,#2212,#2213,#2214));
#829=EDGE_LOOP('',(#2215,#2216,#2217,#2218));
#830=EDGE_LOOP('',(#2219,#2220,#2221,#2222));
#831=EDGE_LOOP('',(#2223,#2224,#2225,#2226));
#832=EDGE_LOOP('',(#2227,#2228,#2229,#2230));
#833=EDGE_LOOP('',(#2231,#2232,#2233,#2234));
#834=EDGE_LOOP('',(#2235,#2236,#2237,#2238));
#835=EDGE_LOOP('',(#2239,#2240,#2241,#2242));
#836=EDGE_LOOP('',(#2243,#2244,#2245,#2246));
#837=EDGE_LOOP('',(#2247,#2248,#2249,#2250));
#838=EDGE_LOOP('',(#2251,#2252,#2253,#2254));
#839=EDGE_LOOP('',(#2255,#2256,#2257,#2258));
#840=EDGE_LOOP('',(#2259,#2260,#2261,#2262));
#841=EDGE_LOOP('',(#2263,#2264,#2265,#2266));
#842=EDGE_LOOP('',(#2267,#2268,#2269,#2270));
#843=EDGE_LOOP('',(#2271,#2272,#2273,#2274));
#844=EDGE_LOOP('',(#2275,#2276,#2277,#2278));
#845=EDGE_LOOP('',(#2279,#2280,#2281,#2282));
#846=EDGE_LOOP('',(#2283,#2284,#2285,#2286));
#847=EDGE_LOOP('',(#2287,#2288,#2289,#2290));
#848=EDGE_LOOP('',(#2291,#2292,#2293,#2294));
#849=EDGE_LOOP('',(#2295,#2296,#2297,#2298));
#850=EDGE_LOOP('',(#2299,#2300,#2301,#2302));
#851=EDGE_LOOP('',(#2303,#2304,#2305,#2306));
#852=EDGE_LOOP('',(#2307,#2308,#2309,#2310));
#853=EDGE_LOOP('',(#2311,#2312,#2313,#2314));
#854=EDGE_LOOP('',(#2315,#2316,#2317,#2318));
#855=EDGE_LOOP('',(#2319,#2320,#2321,#2322));
#856=EDGE_LOOP('',(#2323,#2324,#2325,#2326));
#857=EDGE_LOOP('',(#2327,#2328,#2329,#2330));
#858=EDGE_LOOP('',(#2331,#2332,#2333,#2334));
#859=EDGE_LOOP('',(#2335,#2336,#2337,#2338));
#860=EDGE_LOOP('',(#2339,#2340,#2341,#2342));
#861=EDGE_LOOP('',(#2343,#2344,#2345,#2346));
#862=EDGE_LOOP('',(#2347,#2348,#2349,#2350));
#863=EDGE_LOOP('',(#2351,#2352,#2353,#2354));
#864=EDGE_LOOP('',(#2355,#2356,#2357,#2358));
#865=EDGE_LOOP('',(#2359,#2360,#2361,#2362));
#866=EDGE_LOOP('',(#2363,#2364,#2365,#2366));
#867=EDGE_LOOP('',(#2367,#2368,#2369,#2370));
#868=EDGE_LOOP('',(#2371,#2372,#2373,#2374));
#869=EDGE_LOOP('',(#2375,#2376,#2377,#2378));
#870=EDGE_LOOP('',(#2379,#2380,#2381,#2382));
#871=EDGE_LOOP('',(#2383,#2384,#2385,#2386));
#872=EDGE_LOOP('',(#2387,#2388,#2389,#2390));
#873=EDGE_LOOP('',(#2391,#2392,#2393,#2394,#2395,#2396,#2397,#2398,#2399,
#2400,#2401,#2402,#2403,#2404,#2405,#2406,#2407,#2408,#2409,#2410,#2411,
#2412,#2413,#2414,#2415,#2416,#2417,#2418,#2419,#2420,#2421,#2422,#2423,
#2424,#2425,#2426,#2427,#2428,#2429));
#874=EDGE_LOOP('',(#2430));
#875=EDGE_LOOP('',(#2431,#2432,#2433,#2434,#2435));
#876=EDGE_LOOP('',(#2436,#2437,#2438,#2439,#2440));
#877=EDGE_LOOP('',(#2441,#2442,#2443,#2444,#2445));
#878=EDGE_LOOP('',(#2446,#2447,#2448,#2449,#2450));
#879=EDGE_LOOP('',(#2451,#2452,#2453,#2454,#2455,#2456));
#880=EDGE_LOOP('',(#2457,#2458,#2459,#2460,#2461,#2462));
#881=EDGE_LOOP('',(#2463,#2464,#2465,#2466));
#882=EDGE_LOOP('',(#2467,#2468,#2469,#2470,#2471,#2472));
#883=EDGE_LOOP('',(#2473,#2474,#2475,#2476));
#884=EDGE_LOOP('',(#2477,#2478,#2479,#2480,#2481,#2482));
#885=EDGE_LOOP('',(#2483,#2484,#2485,#2486));
#886=EDGE_LOOP('',(#2487,#2488,#2489,#2490,#2491,#2492));
#887=EDGE_LOOP('',(#2493,#2494,#2495,#2496));
#888=EDGE_LOOP('',(#2497,#2498,#2499,#2500,#2501,#2502));
#889=EDGE_LOOP('',(#2503,#2504,#2505,#2506));
#890=EDGE_LOOP('',(#2507,#2508,#2509,#2510,#2511,#2512));
#891=EDGE_LOOP('',(#2513,#2514,#2515,#2516));
#892=EDGE_LOOP('',(#2517,#2518,#2519,#2520,#2521));
#893=EDGE_LOOP('',(#2522,#2523,#2524,#2525,#2526,#2527));
#894=EDGE_LOOP('',(#2528,#2529,#2530,#2531));
#895=EDGE_LOOP('',(#2532,#2533,#2534,#2535,#2536,#2537));
#896=EDGE_LOOP('',(#2538,#2539,#2540,#2541));
#897=EDGE_LOOP('',(#2542,#2543,#2544,#2545,#2546));
#898=EDGE_LOOP('',(#2547,#2548,#2549,#2550,#2551,#2552));
#899=EDGE_LOOP('',(#2553,#2554,#2555,#2556));
#900=EDGE_LOOP('',(#2557,#2558,#2559,#2560,#2561,#2562));
#901=EDGE_LOOP('',(#2563,#2564,#2565,#2566));
#902=EDGE_LOOP('',(#2567,#2568,#2569,#2570,#2571));
#903=EDGE_LOOP('',(#2572,#2573,#2574,#2575,#2576,#2577));
#904=EDGE_LOOP('',(#2578,#2579,#2580,#2581));
#905=EDGE_LOOP('',(#2582,#2583,#2584,#2585,#2586,#2587));
#906=EDGE_LOOP('',(#2588,#2589,#2590,#2591));
#907=EDGE_LOOP('',(#2592,#2593,#2594,#2595));
#908=EDGE_LOOP('',(#2596,#2597,#2598,#2599,#2600,#2601,#2602,#2603,#2604,
#2605,#2606,#2607,#2608,#2609));
#909=EDGE_LOOP('',(#2610));
#910=EDGE_LOOP('',(#2611,#2612,#2613,#2614));
#911=EDGE_LOOP('',(#2615,#2616,#2617,#2618));
#912=EDGE_LOOP('',(#2619,#2620,#2621,#2622,#2623,#2624));
#913=EDGE_LOOP('',(#2625,#2626,#2627,#2628,#2629));
#914=EDGE_LOOP('',(#2630,#2631,#2632,#2633,#2634));
#915=EDGE_LOOP('',(#2635,#2636,#2637,#2638));
#916=EDGE_LOOP('',(#2639,#2640,#2641,#2642,#2643));
#917=EDGE_LOOP('',(#2644,#2645,#2646,#2647));
#918=EDGE_LOOP('',(#2648,#2649,#2650,#2651,#2652));
#919=EDGE_LOOP('',(#2653,#2654,#2655,#2656,#2657));
#920=EDGE_LOOP('',(#2658,#2659,#2660,#2661));
#921=EDGE_LOOP('',(#2662,#2663,#2664,#2665,#2666));
#922=EDGE_LOOP('',(#2667,#2668,#2669,#2670,#2671));
#923=EDGE_LOOP('',(#2672,#2673,#2674,#2675));
#924=EDGE_LOOP('',(#2676,#2677,#2678,#2679,#2680));
#925=EDGE_LOOP('',(#2681,#2682,#2683,#2684,#2685,#2686));
#926=EDGE_LOOP('',(#2687,#2688,#2689,#2690,#2691));
#927=EDGE_LOOP('',(#2692,#2693,#2694,#2695));
#928=EDGE_LOOP('',(#2696,#2697,#2698,#2699,#2700));
#929=EDGE_LOOP('',(#2701,#2702,#2703,#2704));
#930=EDGE_LOOP('',(#2705,#2706,#2707,#2708));
#931=EDGE_LOOP('',(#2709,#2710,#2711,#2712,#2713,#2714));
#932=EDGE_LOOP('',(#2715,#2716,#2717,#2718,#2719));
#933=EDGE_LOOP('',(#2720,#2721,#2722,#2723));
#934=EDGE_LOOP('',(#2724,#2725,#2726,#2727,#2728));
#935=EDGE_LOOP('',(#2729,#2730,#2731,#2732));
#936=EDGE_LOOP('',(#2733,#2734,#2735,#2736));
#937=EDGE_LOOP('',(#2737,#2738,#2739,#2740,#2741,#2742));
#938=EDGE_LOOP('',(#2743,#2744,#2745,#2746,#2747));
#939=EDGE_LOOP('',(#2748,#2749,#2750,#2751));
#940=EDGE_LOOP('',(#2752,#2753,#2754,#2755,#2756));
#941=EDGE_LOOP('',(#2757,#2758,#2759,#2760));
#942=EDGE_LOOP('',(#2761,#2762,#2763,#2764));
#943=EDGE_LOOP('',(#2765,#2766,#2767,#2768,#2769,#2770));
#944=EDGE_LOOP('',(#2771,#2772,#2773,#2774,#2775));
#945=EDGE_LOOP('',(#2776,#2777,#2778,#2779));
#946=EDGE_LOOP('',(#2780,#2781,#2782,#2783));
#947=EDGE_LOOP('',(#2784,#2785,#2786,#2787,#2788));
#948=EDGE_LOOP('',(#2789,#2790,#2791,#2792));
#949=EDGE_LOOP('',(#2793,#2794,#2795,#2796,#2797,#2798));
#950=EDGE_LOOP('',(#2799,#2800,#2801,#2802,#2803));
#951=EDGE_LOOP('',(#2804,#2805,#2806,#2807));
#952=EDGE_LOOP('',(#2808,#2809,#2810,#2811));
#953=EDGE_LOOP('',(#2812,#2813,#2814,#2815,#2816));
#954=EDGE_LOOP('',(#2817,#2818,#2819,#2820));
#955=EDGE_LOOP('',(#2821,#2822,#2823,#2824,#2825,#2826));
#956=EDGE_LOOP('',(#2827,#2828,#2829,#2830,#2831));
#957=EDGE_LOOP('',(#2832,#2833,#2834,#2835));
#958=EDGE_LOOP('',(#2836,#2837,#2838,#2839));
#959=EDGE_LOOP('',(#2840,#2841,#2842,#2843,#2844));
#960=EDGE_LOOP('',(#2845,#2846,#2847,#2848));
#961=EDGE_LOOP('',(#2849,#2850,#2851,#2852,#2853));
#962=EDGE_LOOP('',(#2854,#2855,#2856,#2857));
#963=EDGE_LOOP('',(#2858,#2859,#2860,#2861,#2862));
#964=EDGE_LOOP('',(#2863,#2864,#2865,#2866));
#965=EDGE_LOOP('',(#2867,#2868,#2869,#2870,#2871));
#966=EDGE_LOOP('',(#2872,#2873,#2874,#2875,#2876));
#967=EDGE_LOOP('',(#2877,#2878,#2879,#2880));
#968=EDGE_LOOP('',(#2881,#2882,#2883,#2884,#2885));
#969=EDGE_LOOP('',(#2886,#2887,#2888,#2889,#2890));
#970=EDGE_LOOP('',(#2891,#2892,#2893,#2894));
#971=EDGE_LOOP('',(#2895,#2896,#2897,#2898,#2899));
#972=EDGE_LOOP('',(#2900,#2901,#2902,#2903));
#973=EDGE_LOOP('',(#2904,#2905,#2906,#2907,#2908));
#974=EDGE_LOOP('',(#2909,#2910,#2911,#2912));
#975=EDGE_LOOP('',(#2913,#2914,#2915,#2916));
#976=EDGE_LOOP('',(#2917,#2918,#2919,#2920));
#977=EDGE_LOOP('',(#2921,#2922,#2923,#2924));
#978=EDGE_LOOP('',(#2925,#2926,#2927,#2928));
#979=EDGE_LOOP('',(#2929,#2930,#2931,#2932));
#980=EDGE_LOOP('',(#2933,#2934,#2935,#2936));
#981=EDGE_LOOP('',(#2937,#2938,#2939,#2940));
#982=EDGE_LOOP('',(#2941,#2942,#2943,#2944));
#983=EDGE_LOOP('',(#2945,#2946,#2947,#2948,#2949,#2950));
#984=EDGE_LOOP('',(#2951,#2952,#2953,#2954));
#985=EDGE_LOOP('',(#2955,#2956,#2957,#2958,#2959));
#986=EDGE_LOOP('',(#2960,#2961,#2962,#2963));
#987=EDGE_LOOP('',(#2964,#2965,#2966,#2967,#2968,#2969));
#988=EDGE_LOOP('',(#2970,#2971,#2972,#2973));
#989=EDGE_LOOP('',(#2974,#2975,#2976,#2977,#2978));
#990=EDGE_LOOP('',(#2979,#2980,#2981,#2982));
#991=EDGE_LOOP('',(#2983,#2984,#2985,#2986,#2987,#2988));
#992=EDGE_LOOP('',(#2989,#2990,#2991,#2992));
#993=EDGE_LOOP('',(#2993,#2994,#2995,#2996,#2997));
#994=EDGE_LOOP('',(#2998,#2999,#3000,#3001));
#995=EDGE_LOOP('',(#3002,#3003,#3004,#3005,#3006,#3007));
#996=EDGE_LOOP('',(#3008,#3009,#3010,#3011));
#997=EDGE_LOOP('',(#3012,#3013,#3014,#3015,#3016));
#998=EDGE_LOOP('',(#3017,#3018,#3019,#3020));
#999=EDGE_LOOP('',(#3021,#3022,#3023,#3024,#3025,#3026));
#1000=EDGE_LOOP('',(#3027,#3028,#3029,#3030));
#1001=EDGE_LOOP('',(#3031,#3032,#3033,#3034,#3035));
#1002=EDGE_LOOP('',(#3036,#3037,#3038,#3039));
#1003=EDGE_LOOP('',(#3040,#3041,#3042,#3043,#3044,#3045));
#1004=EDGE_LOOP('',(#3046,#3047,#3048,#3049));
#1005=EDGE_LOOP('',(#3050,#3051,#3052,#3053,#3054));
#1006=EDGE_LOOP('',(#3055,#3056,#3057,#3058));
#1007=EDGE_LOOP('',(#3059,#3060,#3061,#3062,#3063,#3064));
#1008=EDGE_LOOP('',(#3065,#3066,#3067,#3068,#3069,#3070,#3071,#3072,#3073,
#3074,#3075,#3076,#3077,#3078,#3079,#3080,#3081,#3082,#3083,#3084,#3085,
#3086,#3087,#3088,#3089,#3090,#3091,#3092,#3093,#3094,#3095,#3096,#3097,
#3098,#3099,#3100,#3101,#3102,#3103,#3104,#3105,#3106,#3107,#3108,#3109,
#3110,#3111,#3112,#3113,#3114,#3115,#3116));
#1009=EDGE_LOOP('',(#3117,#3118,#3119,#3120,#3121,#3122,#3123,#3124,#3125,
#3126,#3127,#3128,#3129,#3130,#3131,#3132));
#1010=CIRCLE('',#3420,6.4350978657977);
#1011=CIRCLE('',#3421,1.99999999999997);
#1012=CIRCLE('',#3422,2.);
#1013=CIRCLE('',#3423,6.4350978657977);
#1014=CIRCLE('',#3424,1.9160507017065);
#1015=CIRCLE('',#3425,2.);
#1016=CIRCLE('',#3426,2.00000000000002);
#1017=CIRCLE('',#3427,1.9160507017065);
#1018=CIRCLE('',#3428,1.91605070170649);
#1019=CIRCLE('',#3429,2.00000000000002);
#1020=CIRCLE('',#3430,9.6279386926886);
#1021=CIRCLE('',#3431,1.99999999999998);
#1022=CIRCLE('',#3432,2.);
#1023=CIRCLE('',#3433,9.6279386926886);
#1024=CIRCLE('',#3434,1.47597523008783);
#1025=CIRCLE('',#3435,2.);
#1026=CIRCLE('',#3436,2.00000000000005);
#1027=CIRCLE('',#3437,1.47597523008783);
#1028=CIRCLE('',#3438,1.47597523008764);
#1029=CIRCLE('',#3439,2.00000000000005);
#1030=CIRCLE('',#3440,4.84324847416851);
#1031=CIRCLE('',#3441,2.00000000000001);
#1032=CIRCLE('',#3442,2.);
#1033=CIRCLE('',#3443,4.84324847416851);
#1034=CIRCLE('',#3444,1.63457274344965);
#1035=CIRCLE('',#3445,2.);
#1036=CIRCLE('',#3446,2.00000000000002);
#1037=CIRCLE('',#3447,1.63457274344965);
#1038=CIRCLE('',#3448,1.63457274344963);
#1039=CIRCLE('',#3449,2.00000000000002);
#1040=CIRCLE('',#3450,1.97436400610127);
#1041=CIRCLE('',#3451,1.99999999999999);
#1042=CIRCLE('',#3452,2.00000000000001);
#1043=CIRCLE('',#3453,1.97436400610127);
#1044=CIRCLE('',#3454,2.12751340939738);
#1045=CIRCLE('',#3455,2.00000000000001);
#1046=CIRCLE('',#3456,2.);
#1047=CIRCLE('',#3457,2.12751340939738);
#1048=CIRCLE('',#3458,1.97436400610128);
#1049=CIRCLE('',#3459,2.);
#1050=CIRCLE('',#3460,3.76269386681148);
#1051=CIRCLE('',#3461,2.00000000000001);
#1052=CIRCLE('',#3462,2.);
#1053=CIRCLE('',#3463,3.76269386681148);
#1054=CIRCLE('',#3464,1.72620686246985);
#1055=CIRCLE('',#3465,2.);
#1056=CIRCLE('',#3466,2.00000000000005);
#1057=CIRCLE('',#3467,1.72620686246985);
#1058=CIRCLE('',#3468,1.72620686246983);
#1059=CIRCLE('',#3469,2.00000000000005);
#1060=CIRCLE('',#3470,1.76405460158055);
#1061=CIRCLE('',#3471,2.00000000000002);
#1062=CIRCLE('',#3472,1.99999999999998);
#1063=CIRCLE('',#3473,1.76405460158055);
#1064=CIRCLE('',#3474,3.43216045254186);
#1065=CIRCLE('',#3475,1.99999999999998);
#1066=CIRCLE('',#3476,2.);
#1067=CIRCLE('',#3477,3.43216045254186);
#1068=CIRCLE('',#3478,1.76405460158051);
#1069=CIRCLE('',#3479,2.);
#1070=CIRCLE('',#3480,1.7641942178853);
#1071=CIRCLE('',#3481,2.00000000000001);
#1072=CIRCLE('',#3482,2.00000000000001);
#1073=CIRCLE('',#3483,1.7641942178853);
#1074=CIRCLE('',#3484,2.00000000000001);
#1075=CIRCLE('',#3485,2.);
#1076=CIRCLE('',#3486,2.);
#1077=CIRCLE('',#3487,11.198034074234);
#1078=CIRCLE('',#3488,2.00000000000001);
#1079=CIRCLE('',#3489,2.);
#1080=CIRCLE('',#3490,11.198034074234);
#1081=CIRCLE('',#3491,1.45455873780586);
#1082=CIRCLE('',#3492,2.);
#1083=CIRCLE('',#3493,2.00000000000001);
#1084=CIRCLE('',#3494,1.45455873780586);
#1085=CIRCLE('',#3495,1.45455873780577);
#1086=CIRCLE('',#3496,2.00000000000001);
#1087=CIRCLE('',#3497,2.00000000000001);
#1088=CIRCLE('',#3498,2.);
#1089=CIRCLE('',#3499,1.39701121564618);
#1090=CIRCLE('',#3500,2.);
#1091=CIRCLE('',#3501,2.00000000000005);
#1092=CIRCLE('',#3502,1.39701121564618);
#1093=CIRCLE('',#3503,2.00000000000005);
#1094=CIRCLE('',#3504,5.71338625536043);
#1095=CIRCLE('',#3505,2.00000000000001);
#1096=CIRCLE('',#3506,2.);
#1097=CIRCLE('',#3507,5.71338625536043);
#1098=CIRCLE('',#3508,1.58515026812381);
#1099=CIRCLE('',#3509,2.);
#1100=CIRCLE('',#3510,2.00000000000001);
#1101=CIRCLE('',#3511,1.58515026812381);
#1102=CIRCLE('',#3512,1.58515026812382);
#1103=CIRCLE('',#3513,2.00000000000001);
#1104=CIRCLE('',#3514,4.78742127676828);
#1105=CIRCLE('',#3515,2.00000000000002);
#1106=CIRCLE('',#3516,2.);
#1107=CIRCLE('',#3517,4.78742127676828);
#1108=CIRCLE('',#3518,1.63835355332453);
#1109=CIRCLE('',#3519,2.);
#1110=CIRCLE('',#3520,2.);
#1111=CIRCLE('',#3521,1.63835355332453);
#1112=CIRCLE('',#3522,1.6383535533245);
#1113=CIRCLE('',#3523,2.);
#1114=CIRCLE('',#3524,1.74899759209732);
#1115=CIRCLE('',#3525,2.00000000000001);
#1116=CIRCLE('',#3526,2.);
#1117=CIRCLE('',#3527,1.74899759209732);
#1118=CIRCLE('',#3528,3.55790629987267);
#1119=CIRCLE('',#3529,2.);
#1120=CIRCLE('',#3530,2.);
#1121=CIRCLE('',#3531,3.55790629987267);
#1122=CIRCLE('',#3532,1.7489975920973);
#1123=CIRCLE('',#3533,2.);
#1124=CIRCLE('',#3534,16.745753245826);
#1125=CIRCLE('',#3535,2.);
#1126=CIRCLE('',#3536,2.);
#1127=CIRCLE('',#3537,16.745753245826);
#1128=CIRCLE('',#3538,1.4123563089756);
#1129=CIRCLE('',#3539,2.);
#1130=CIRCLE('',#3540,2.00000000000002);
#1131=CIRCLE('',#3541,1.4123563089756);
#1132=CIRCLE('',#3542,1.41235630897553);
#1133=CIRCLE('',#3543,2.00000000000002);
#1134=CIRCLE('',#3545,1.6);
#1135=CIRCLE('',#3546,1.6);
#1136=CIRCLE('',#3553,2.);
#1137=CIRCLE('',#3555,2.);
#1138=CIRCLE('',#3557,2.);
#1139=CIRCLE('',#3558,1.99999999999999);
#1140=CIRCLE('',#3560,2.);
#1141=CIRCLE('',#3561,2.00000000000002);
#1142=CIRCLE('',#3563,2.);
#1143=CIRCLE('',#3565,1.41235630897553);
#1144=CIRCLE('',#3567,2.00000000000001);
#1145=CIRCLE('',#3568,2.00000000000001);
#1146=CIRCLE('',#3569,1.7489975920973);
#1147=CIRCLE('',#3571,2.00000000000002);
#1148=CIRCLE('',#3572,1.6383535533245);
#1149=CIRCLE('',#3574,2.00000000000001);
#1150=CIRCLE('',#3575,1.58515026812382);
#1151=CIRCLE('',#3577,2.00000000000001);
#1152=CIRCLE('',#3579,1.45455873780577);
#1153=CIRCLE('',#3581,2.);
#1154=CIRCLE('',#3582,2.00000000000001);
#1155=CIRCLE('',#3585,1.76405460158051);
#1156=CIRCLE('',#3587,2.);
#1157=CIRCLE('',#3589,2.00000000000001);
#1158=CIRCLE('',#3590,1.72620686246983);
#1159=CIRCLE('',#3592,1.99999999999998);
#1160=CIRCLE('',#3593,1.97436400610128);
#1161=CIRCLE('',#3595,2.);
#1162=CIRCLE('',#3597,2.00000000000001);
#1163=CIRCLE('',#3598,1.63457274344963);
#1164=CIRCLE('',#3600,1.99999999999997);
#1165=CIRCLE('',#3601,1.47597523008764);
#1166=CIRCLE('',#3602,1.91605070170649);
#1167=CIRCLE('',#3609,2.);
#1168=CIRCLE('',#3613,2.00000000000001);
#1169=CIRCLE('',#3615,2.);
#1170=CIRCLE('',#3617,1.45455873780586);
#1171=CIRCLE('',#3620,1.76405460158055);
#1172=CIRCLE('',#3622,1.58515026812381);
#1173=CIRCLE('',#3625,1.45455873780577);
#1174=CIRCLE('',#3627,1.7489975920973);
#1175=CIRCLE('',#3630,1.58515026812382);
#1176=CIRCLE('',#3632,1.97436400610127);
#1177=CIRCLE('',#3633,1.76405460158051);
#1178=CIRCLE('',#3640,1.47597523008764);
#1179=CIRCLE('',#3641,1.97436400610128);
#1180=CIRCLE('',#3648,1.91605070170649);
#1181=CIRCLE('',#3649,1.47597523008783);
#1182=CIRCLE('',#3656,1.63457274344963);
#1183=CIRCLE('',#3657,1.9160507017065);
#1184=CIRCLE('',#3664,1.72620686246983);
#1185=CIRCLE('',#3665,1.63457274344965);
#1186=CIRCLE('',#3672,1.7641942178853);
#1187=CIRCLE('',#3673,1.72620686246985);
#1188=CIRCLE('',#3682,1.6383535533245);
#1189=CIRCLE('',#3684,1.39701121564618);
#1190=CIRCLE('',#3687,1.41235630897553);
#1191=CIRCLE('',#3689,1.63835355332453);
#1192=CIRCLE('',#3692,1.4123563089756);
#1193=CIRCLE('',#3695,1.74899759209732);
#1194=CIRCLE('',#3708,2.);
#1195=CIRCLE('',#3713,2.);
#1196=CIRCLE('',#3718,2.);
#1197=CIRCLE('',#3723,2.);
#1198=CIRCLE('',#3728,2.);
#1199=CIRCLE('',#3733,2.);
#1200=B_SPLINE_CURVE_WITH_KNOTS('',3,(#4639,#4640,#4641,#4642,#4643,#4644),
 .UNSPECIFIED.,.F.,.F.,(4,1,1,4),(0.,0.333333333333333,0.666666666666667,
1.),.UNSPECIFIED.);
#1201=B_SPLINE_CURVE_WITH_KNOTS('',3,(#4646,#4647,#4648,#4649,#4650,#4651),
 .UNSPECIFIED.,.F.,.F.,(4,1,1,4),(0.,0.333333333333333,0.666666666666667,
1.),.UNSPECIFIED.);
#1202=B_SPLINE_CURVE_WITH_KNOTS('',3,(#4692,#4693,#4694,#4695,#4696,#4697),
 .UNSPECIFIED.,.F.,.F.,(4,1,1,4),(0.,0.333333333333333,0.666666666666667,
1.),.UNSPECIFIED.);
#1203=B_SPLINE_CURVE_WITH_KNOTS('',3,(#4738,#4739,#4740,#4741,#4742,#4743),
 .UNSPECIFIED.,.F.,.F.,(4,1,1,4),(0.,0.333333333333333,0.666666666666667,
1.),.UNSPECIFIED.);
#1204=B_SPLINE_CURVE_WITH_KNOTS('',3,(#4784,#4785,#4786,#4787,#4788,#4789),
 .UNSPECIFIED.,.F.,.F.,(4,1,1,4),(0.,0.333333333333333,0.666666666666667,
1.),.UNSPECIFIED.);
#1205=B_SPLINE_CURVE_WITH_KNOTS('',3,(#4830,#4831,#4832,#4833,#4834,#4835),
 .UNSPECIFIED.,.F.,.F.,(4,1,1,4),(0.,0.333333333333333,0.666666666666667,
1.),.UNSPECIFIED.);
#1206=B_SPLINE_CURVE_WITH_KNOTS('',3,(#4877,#4878,#4879,#4880,#4881,#4882),
 .UNSPECIFIED.,.F.,.F.,(4,1,1,4),(0.,0.333333333333333,0.666666666666667,
1.),.UNSPECIFIED.);
#1207=B_SPLINE_CURVE_WITH_KNOTS('',3,(#4884,#4885,#4886,#4887,#4888,#4889),
 .UNSPECIFIED.,.F.,.F.,(4,1,1,4),(0.,0.333333333333333,0.666666666666667,
1.),.UNSPECIFIED.);
#1208=B_SPLINE_CURVE_WITH_KNOTS('',3,(#4930,#4931,#4932,#4933,#4934,#4935),
 .UNSPECIFIED.,.F.,.F.,(4,1,1,4),(0.,0.333333333333333,0.666666666666667,
1.),.UNSPECIFIED.);
#1209=B_SPLINE_CURVE_WITH_KNOTS('',3,(#4976,#4977,#4978,#4979,#4980,#4981),
 .UNSPECIFIED.,.F.,.F.,(4,1,1,4),(0.,0.333333333333333,0.666666666666667,
1.),.UNSPECIFIED.);
#1210=B_SPLINE_CURVE_WITH_KNOTS('',3,(#5022,#5023,#5024,#5025,#5026,#5027),
 .UNSPECIFIED.,.F.,.F.,(4,1,1,4),(0.,0.333333333333333,0.666666666666667,
1.),.UNSPECIFIED.);
#1211=B_SPLINE_CURVE_WITH_KNOTS('',3,(#5068,#5069,#5070,#5071,#5072,#5073),
 .UNSPECIFIED.,.F.,.F.,(4,1,1,4),(0.,0.333333333333333,0.666666666666667,
1.),.UNSPECIFIED.);
#1212=B_SPLINE_CURVE_WITH_KNOTS('',3,(#5115,#5116,#5117,#5118,#5119,#5120),
 .UNSPECIFIED.,.F.,.F.,(4,1,1,4),(0.,0.333333333333333,0.666666666666667,
1.),.UNSPECIFIED.);
#1213=B_SPLINE_CURVE_WITH_KNOTS('',3,(#5122,#5123,#5124,#5125,#5126,#5127),
 .UNSPECIFIED.,.F.,.F.,(4,1,1,4),(0.,0.333333333333333,0.666666666666667,
1.),.UNSPECIFIED.);
#1214=B_SPLINE_CURVE_WITH_KNOTS('',3,(#5168,#5169,#5170,#5171,#5172,#5173),
 .UNSPECIFIED.,.F.,.F.,(4,1,1,4),(0.,0.333333333333333,0.666666666666667,
1.),.UNSPECIFIED.);
#1215=B_SPLINE_CURVE_WITH_KNOTS('',3,(#5214,#5215,#5216,#5217,#5218,#5219),
 .UNSPECIFIED.,.F.,.F.,(4,1,1,4),(0.,0.333333333333333,0.666666666666667,
1.),.UNSPECIFIED.);
#1216=B_SPLINE_CURVE_WITH_KNOTS('',3,(#5260,#5261,#5262,#5263,#5264,#5265),
 .UNSPECIFIED.,.F.,.F.,(4,1,1,4),(0.,0.333333333333333,0.666666666666667,
1.),.UNSPECIFIED.);
#1217=B_SPLINE_CURVE_WITH_KNOTS('',3,(#5306,#5307,#5308,#5309,#5310,#5311),
 .UNSPECIFIED.,.F.,.F.,(4,1,1,4),(0.,0.333333333333333,0.666666666666667,
1.),.UNSPECIFIED.);
#1218=B_SPLINE_CURVE_WITH_KNOTS('',3,(#5353,#5354,#5355,#5356,#5357,#5358),
 .UNSPECIFIED.,.F.,.F.,(4,1,1,4),(0.,0.333333333333333,0.666666666666667,
1.),.UNSPECIFIED.);
#1219=B_SPLINE_CURVE_WITH_KNOTS('',3,(#5360,#5361,#5362,#5363,#5364,#5365),
 .UNSPECIFIED.,.F.,.F.,(4,1,1,4),(0.,0.333333333333333,0.666666666666667,
1.),.UNSPECIFIED.);
#1220=B_SPLINE_CURVE_WITH_KNOTS('',3,(#5406,#5407,#5408,#5409,#5410,#5411),
 .UNSPECIFIED.,.F.,.F.,(4,1,1,4),(0.,0.333333333333333,0.666666666666667,
1.),.UNSPECIFIED.);
#1221=B_SPLINE_CURVE_WITH_KNOTS('',3,(#5452,#5453,#5454,#5455,#5456,#5457),
 .UNSPECIFIED.,.F.,.F.,(4,1,1,4),(0.,0.333333333333333,0.666666666666667,
1.),.UNSPECIFIED.);
#1222=B_SPLINE_CURVE_WITH_KNOTS('',3,(#5498,#5499,#5500,#5501,#5502,#5503),
 .UNSPECIFIED.,.F.,.F.,(4,1,1,4),(0.,0.333333333333333,0.666666666666667,
1.),.UNSPECIFIED.);
#1223=B_SPLINE_CURVE_WITH_KNOTS('',3,(#5544,#5545,#5546,#5547,#5548,#5549),
 .UNSPECIFIED.,.F.,.F.,(4,1,1,4),(0.,0.333333333333333,0.666666666666667,
1.),.UNSPECIFIED.);
#1224=B_SPLINE_CURVE_WITH_KNOTS('',3,(#5591,#5592,#5593,#5594,#5595,#5596),
 .UNSPECIFIED.,.F.,.F.,(4,1,1,4),(0.,0.333333333333333,0.666666666666667,
1.),.UNSPECIFIED.);
#1225=B_SPLINE_CURVE_WITH_KNOTS('',3,(#5598,#5599,#5600,#5601,#5602,#5603),
 .UNSPECIFIED.,.F.,.F.,(4,1,1,4),(0.,0.333333333333333,0.666666666666667,
1.),.UNSPECIFIED.);
#1226=B_SPLINE_CURVE_WITH_KNOTS('',3,(#5644,#5645,#5646,#5647,#5648,#5649),
 .UNSPECIFIED.,.F.,.F.,(4,1,1,4),(0.,0.333333333333333,0.666666666666667,
1.),.UNSPECIFIED.);
#1227=B_SPLINE_CURVE_WITH_KNOTS('',3,(#5690,#5691,#5692,#5693,#5694,#5695),
 .UNSPECIFIED.,.F.,.F.,(4,1,1,4),(0.,0.333333333333333,0.666666666666667,
1.),.UNSPECIFIED.);
#1228=B_SPLINE_CURVE_WITH_KNOTS('',3,(#5736,#5737,#5738,#5739,#5740,#5741),
 .UNSPECIFIED.,.F.,.F.,(4,1,1,4),(0.,0.333333333333333,0.666666666666667,
1.),.UNSPECIFIED.);
#1229=B_SPLINE_CURVE_WITH_KNOTS('',3,(#5782,#5783,#5784,#5785,#5786,#5787),
 .UNSPECIFIED.,.F.,.F.,(4,1,1,4),(0.,0.333333333333333,0.666666666666667,
1.),.UNSPECIFIED.);
#1230=B_SPLINE_CURVE_WITH_KNOTS('',3,(#5829,#5830,#5831,#5832,#5833,#5834),
 .UNSPECIFIED.,.F.,.F.,(4,1,1,4),(0.,0.333333333333333,0.666666666666667,
1.),.UNSPECIFIED.);
#1231=B_SPLINE_CURVE_WITH_KNOTS('',3,(#5836,#5837,#5838,#5839,#5840,#5841),
 .UNSPECIFIED.,.F.,.F.,(4,1,1,4),(0.,0.333333333333333,0.666666666666667,
1.),.UNSPECIFIED.);
#1232=B_SPLINE_CURVE_WITH_KNOTS('',3,(#5882,#5883,#5884,#5885,#5886,#5887),
 .UNSPECIFIED.,.F.,.F.,(4,1,1,4),(0.,0.333333333333333,0.666666666666667,
1.),.UNSPECIFIED.);
#1233=B_SPLINE_CURVE_WITH_KNOTS('',3,(#5928,#5929,#5930,#5931,#5932,#5933),
 .UNSPECIFIED.,.F.,.F.,(4,1,1,4),(0.,0.333333333333333,0.666666666666667,
1.),.UNSPECIFIED.);
#1234=B_SPLINE_CURVE_WITH_KNOTS('',3,(#5974,#5975,#5976,#5977,#5978,#5979),
 .UNSPECIFIED.,.F.,.F.,(4,1,1,4),(0.,0.333333333333333,0.666666666666667,
1.),.UNSPECIFIED.);
#1235=B_SPLINE_CURVE_WITH_KNOTS('',3,(#6020,#6021,#6022,#6023,#6024,#6025),
 .UNSPECIFIED.,.F.,.F.,(4,1,1,4),(0.,0.333333333333333,0.666666666666667,
1.),.UNSPECIFIED.);
#1236=B_SPLINE_CURVE_WITH_KNOTS('',3,(#6085,#6086,#6087,#6088,#6089,#6090,
#6091,#6092,#6093),.UNSPECIFIED.,.F.,.F.,(4,1,1,1,1,1,4),(0.,0.166666666666667,
0.333333333333333,0.5,0.666666666666667,0.833333333333333,1.),
 .UNSPECIFIED.);
#1237=B_SPLINE_CURVE_WITH_KNOTS('',3,(#6095,#6096,#6097,#6098,#6099,#6100),
 .UNSPECIFIED.,.F.,.F.,(4,1,1,4),(0.,0.333333333333333,0.666666666666667,
1.),.UNSPECIFIED.);
#1238=B_SPLINE_CURVE_WITH_KNOTS('',3,(#6159,#6160,#6161,#6162,#6163,#6164,
#6165,#6166,#6167),.UNSPECIFIED.,.F.,.F.,(4,1,1,1,1,1,4),(0.,0.166666666666667,
0.333333333333333,0.5,0.666666666666667,0.833333333333333,1.),
 .UNSPECIFIED.);
#1239=B_SPLINE_CURVE_WITH_KNOTS('',3,(#6226,#6227,#6228,#6229,#6230,#6231),
 .UNSPECIFIED.,.F.,.F.,(4,1,1,4),(0.,0.333333333333333,0.666666666666667,
1.),.UNSPECIFIED.);
#1240=B_SPLINE_CURVE_WITH_KNOTS('',3,(#6233,#6234,#6235,#6236,#6237,#6238,
#6239,#6240,#6241,#6242,#6243,#6244,#6245,#6246,#6247,#6248,#6249,#6250,
#6251,#6252,#6253,#6254,#6255,#6256,#6257,#6258,#6259,#6260,#6261,#6262,
#6263,#6264,#6265,#6266,#6267,#6268,#6269,#6270,#6271,#6272,#6273,#6274,
#6275,#6276,#6277,#6278,#6279,#6280,#6281,#6282,#6283,#6284,#6285,#6286,
#6287,#6288,#6289,#6290,#6291,#6292,#6293,#6294,#6295,#6296,#6297,#6298,
#6299,#6300,#6301,#6302,#6303,#6304,#6305,#6306,#6307,#6308,#6309,#6310,
#6311,#6312,#6313,#6314,#6315,#6316,#6317,#6318,#6319,#6320),
 .UNSPECIFIED.,.F.,.F.,(4,3,3,3,3,3,3,3,3,3,3,3,3,3,3,3,3,3,3,3,3,3,3,3,
3,3,3,3,3,4),(0.500000000000003,0.524580738365772,0.554294442217912,0.578448214788255,
0.599146553402252,0.618190946686288,0.63616344248663,0.655447367411623,
0.673220637150136,0.69201439486092,0.713407152712349,0.737405679884621,
0.770229969899043,0.79291333524428,0.812910838230513,0.831465630118906,
0.849048292905233,0.865905655811837,0.877608610982204,0.889980217285539,
0.906444679707554,0.91813909474411,0.929004624917066,0.94027492756171,0.950641428591197,
0.96482948270158,0.975857257780684,0.98547455227648,0.994090017862008,1.),
 .UNSPECIFIED.);
#1241=B_SPLINE_CURVE_WITH_KNOTS('',3,(#6377,#6378,#6379,#6380,#6381,#6382,
#6383,#6384,#6385),.UNSPECIFIED.,.F.,.F.,(4,1,1,1,1,1,4),(0.,0.166666666666667,
0.333333333333333,0.5,0.666666666666667,0.833333333333333,1.),
 .UNSPECIFIED.);
#1242=B_SPLINE_CURVE_WITH_KNOTS('',3,(#6388,#6389,#6390,#6391,#6392,#6393,
#6394,#6395,#6396,#6397,#6398,#6399,#6400,#6401,#6402,#6403,#6404,#6405,
#6406,#6407,#6408,#6409,#6410,#6411,#6412,#6413,#6414,#6415,#6416,#6417,
#6418,#6419,#6420,#6421,#6422,#6423,#6424,#6425,#6426,#6427,#6428,#6429,
#6430,#6431,#6432,#6433,#6434,#6435,#6436,#6437,#6438,#6439,#6440,#6441,
#6442,#6443,#6444,#6445,#6446,#6447,#6448,#6449,#6450,#6451,#6452,#6453,
#6454,#6455,#6456,#6457,#6458,#6459,#6460,#6461,#6462,#6463,#6464,#6465,
#6466),.UNSPECIFIED.,.F.,.F.,(4,3,3,3,3,3,3,3,3,3,3,3,3,3,3,3,3,3,3,3,3,
3,3,3,3,3,4),(0.,0.0147029547405132,0.0302066555815767,0.0464054550658797,
0.0635355082151061,0.0820358410950514,0.102963058217051,0.135799726201993,
0.158562243314369,0.177062397059952,0.194102759967771,0.210412603795374,
0.228511816058163,0.246199355853494,0.264931933742359,0.285220748433988,
0.308383290202583,0.341699331816324,0.363454967399297,0.382988574257559,
0.401231342097311,0.418576961742327,0.438932721306746,0.457024646592416,
0.475901319772542,0.496360160228537,0.500000000000003),.UNSPECIFIED.);
#1243=B_SPLINE_CURVE_WITH_KNOTS('',3,(#6522,#6523,#6524,#6525,#6526,#6527),
 .UNSPECIFIED.,.F.,.F.,(4,1,1,4),(0.,0.333333333333333,0.666666666666667,
1.),.UNSPECIFIED.);
#1244=B_SPLINE_CURVE_WITH_KNOTS('',3,(#6529,#6530,#6531,#6532,#6533,#6534,
#6535),.UNSPECIFIED.,.F.,.F.,(4,3,4),(0.499999999999996,0.804146331342081,
1.),.UNSPECIFIED.);
#1245=B_SPLINE_CURVE_WITH_KNOTS('',3,(#6575,#6576,#6577,#6578,#6579,#6580),
 .UNSPECIFIED.,.F.,.F.,(4,1,1,4),(0.,0.333333333333333,0.666666666666667,
1.),.UNSPECIFIED.);
#1246=B_SPLINE_CURVE_WITH_KNOTS('',3,(#6582,#6583,#6584,#6585,#6586,#6587),
 .UNSPECIFIED.,.F.,.F.,(4,1,1,4),(0.,0.333333333333333,0.666666666666667,
1.),.UNSPECIFIED.);
#1247=B_SPLINE_CURVE_WITH_KNOTS('',3,(#6628,#6629,#6630,#6631,#6632,#6633),
 .UNSPECIFIED.,.F.,.F.,(4,1,1,4),(0.,0.333333333333333,0.666666666666667,
1.),.UNSPECIFIED.);
#1248=B_SPLINE_CURVE_WITH_KNOTS('',3,(#6674,#6675,#6676,#6677,#6678,#6679),
 .UNSPECIFIED.,.F.,.F.,(4,1,1,4),(0.,0.333333333333333,0.666666666666667,
1.),.UNSPECIFIED.);
#1249=B_SPLINE_CURVE_WITH_KNOTS('',3,(#6720,#6721,#6722,#6723,#6724,#6725),
 .UNSPECIFIED.,.F.,.F.,(4,1,1,4),(0.,0.333333333333333,0.666666666666667,
1.),.UNSPECIFIED.);
#1250=B_SPLINE_CURVE_WITH_KNOTS('',3,(#6766,#6767,#6768,#6769,#6770,#6771),
 .UNSPECIFIED.,.F.,.F.,(4,1,1,4),(0.,0.333333333333333,0.666666666666667,
1.),.UNSPECIFIED.);
#1251=B_SPLINE_CURVE_WITH_KNOTS('',3,(#6825,#6826,#6827,#6828,#6829,#6830,
#6831,#6832),.UNSPECIFIED.,.F.,.F.,(4,1,1,1,1,4),(0.,0.2,0.4,0.6,0.8,1.),
 .UNSPECIFIED.);
#1252=B_SPLINE_CURVE_WITH_KNOTS('',3,(#6834,#6835,#6836,#6837,#6838,#6839),
 .UNSPECIFIED.,.F.,.F.,(4,1,1,4),(0.,0.333333333333333,0.666666666666667,
1.),.UNSPECIFIED.);
#1253=B_SPLINE_CURVE_WITH_KNOTS('',3,(#6841,#6842,#6843,#6844,#6845,#6846,
#6847,#6848,#6849,#6850,#6851,#6852,#6853,#6854,#6855,#6856,#6857,#6858,
#6859,#6860,#6861,#6862,#6863,#6864,#6865,#6866,#6867,#6868,#6869,#6870,
#6871,#6872,#6873,#6874,#6875,#6876,#6877,#6878,#6879,#6880,#6881,#6882,
#6883,#6884,#6885,#6886,#6887,#6888,#6889,#6890,#6891,#6892,#6893,#6894,
#6895,#6896,#6897,#6898,#6899,#6900,#6901,#6902,#6903,#6904,#6905,#6906,
#6907,#6908,#6909,#6910,#6911,#6912,#6913,#6914,#6915,#6916,#6917,#6918,
#6919,#6920,#6921,#6922,#6923,#6924,#6925,#6926,#6927,#6928,#6929,#6930,
#6931,#6932,#6933,#6934,#6935,#6936,#6937),.UNSPECIFIED.,.F.,.F.,(4,3,3,
3,3,3,3,3,3,3,3,3,3,3,3,3,3,3,3,3,3,3,3,3,3,3,3,3,3,3,3,3,4),(0.499999999999993,
0.523729484240983,0.544636223050654,0.564031121841561,0.582408285797646,
0.600026488140217,0.617044058167121,0.633592431737094,0.650553983122441,
0.663920601685259,0.677993061723656,0.693067991076752,0.710116131743965,
0.732599702273409,0.751282557614732,0.767071714082539,0.781629731952381,
0.795277873705357,0.808311453228136,0.821023657984117,0.833688739832045,
0.846556340147012,0.860199181107502,0.875007381642938,0.892427880036908,
0.917550543467173,0.933270311394935,0.947404836160602,0.960553627120452,
0.972886505487299,0.98483506185375,0.996338514989329,1.),.UNSPECIFIED.);
#1254=B_SPLINE_CURVE_WITH_KNOTS('',3,(#6988,#6989,#6990,#6991,#6992,#6993,
#6994,#6995),.UNSPECIFIED.,.F.,.F.,(4,1,1,1,1,4),(0.,0.2,0.4,0.6,0.8,1.),
 .UNSPECIFIED.);
#1255=B_SPLINE_CURVE_WITH_KNOTS('',3,(#6998,#6999,#7000,#7001,#7002,#7003,
#7004,#7005,#7006,#7007,#7008,#7009,#7010,#7011,#7012,#7013,#7014,#7015,
#7016,#7017,#7018,#7019,#7020,#7021,#7022,#7023,#7024,#7025,#7026,#7027,
#7028,#7029,#7030,#7031,#7032,#7033,#7034,#7035,#7036,#7037,#7038,#7039,
#7040,#7041,#7042,#7043,#7044,#7045,#7046,#7047,#7048,#7049,#7050,#7051,
#7052,#7053,#7054,#7055,#7056,#7057,#7058,#7059,#7060,#7061,#7062,#7063,
#7064,#7065,#7066,#7067,#7068,#7069,#7070,#7071,#7072,#7073),
 .UNSPECIFIED.,.F.,.F.,(4,3,3,3,3,3,3,3,3,3,3,3,3,3,3,3,3,3,3,3,3,3,3,3,
3,4),(0.,0.0156249999999998,0.0315054258341491,0.047819207934303,0.0646475294155025,
0.0821043852510634,0.100360098581002,0.119693249121069,0.140630632928289,
0.164954337087803,0.203204618764444,0.22528542365168,0.245193144645032,
0.26381596154422,0.281538823146623,0.298575698225126,0.315175923323427,
0.335893134204474,0.352818606745131,0.370283094917105,0.388785006466701,
0.408179083747791,0.428798067470162,0.45264073501195,0.484145693485971,
0.499999999999993),.UNSPECIFIED.);
#1256=B_SPLINE_CURVE_WITH_KNOTS('',3,(#7123,#7124,#7125,#7126,#7127,#7128),
 .UNSPECIFIED.,.F.,.F.,(4,1,1,4),(0.,0.333333333333333,0.666666666666667,
1.),.UNSPECIFIED.);
#1257=B_SPLINE_CURVE_WITH_KNOTS('',3,(#7181,#7182,#7183,#7184,#7185,#7186,
#7187,#7188),.UNSPECIFIED.,.F.,.F.,(4,1,1,1,1,4),(0.,0.2,0.4,0.6,0.8,1.),
 .UNSPECIFIED.);
#1258=B_SPLINE_CURVE_WITH_KNOTS('',3,(#7241,#7242,#7243,#7244,#7245,#7246),
 .UNSPECIFIED.,.F.,.F.,(4,1,1,4),(0.,0.333333333333333,0.666666666666667,
1.),.UNSPECIFIED.);
#1259=B_SPLINE_CURVE_WITH_KNOTS('',3,(#7248,#7249,#7250,#7251,#7252,#7253,
#7254,#7255,#7256,#7257,#7258,#7259,#7260,#7261,#7262,#7263,#7264,#7265,
#7266,#7267,#7268,#7269,#7270,#7271,#7272,#7273,#7274,#7275,#7276,#7277,
#7278,#7279,#7280,#7281,#7282,#7283,#7284,#7285,#7286,#7287,#7288,#7289,
#7290,#7291,#7292,#7293,#7294,#7295,#7296,#7297,#7298,#7299),
 .UNSPECIFIED.,.F.,.F.,(4,3,3,3,3,3,3,3,3,3,3,3,3,3,3,3,3,4),(0.499999999999996,
0.544814736808377,0.588432310893372,0.623052515324502,0.656326843983404,
0.690949019673413,0.730635781290303,0.777358531080559,0.813785107646022,
0.846460366377037,0.876941975369689,0.899175024853298,0.924381268639973,
0.942665587664894,0.957770841621529,0.978885420810764,0.99175700528899,
1.),.UNSPECIFIED.);
#1260=B_SPLINE_CURVE_WITH_KNOTS('',3,(#7339,#7340,#7341,#7342,#7343,#7344),
 .UNSPECIFIED.,.F.,.F.,(4,1,1,4),(0.,0.333333333333333,0.666666666666667,
1.),.UNSPECIFIED.);
#1261=B_SPLINE_CURVE_WITH_KNOTS('',3,(#7346,#7347,#7348,#7349,#7350,#7351),
 .UNSPECIFIED.,.F.,.F.,(4,1,1,4),(0.,0.333333333333333,0.666666666666667,
1.),.UNSPECIFIED.);
#1262=B_SPLINE_CURVE_WITH_KNOTS('',3,(#7392,#7393,#7394,#7395,#7396,#7397),
 .UNSPECIFIED.,.F.,.F.,(4,1,1,4),(0.,0.333333333333333,0.666666666666667,
1.),.UNSPECIFIED.);
#1263=B_SPLINE_CURVE_WITH_KNOTS('',3,(#7438,#7439,#7440,#7441,#7442,#7443),
 .UNSPECIFIED.,.F.,.F.,(4,1,1,4),(0.,0.333333333333333,0.666666666666667,
1.),.UNSPECIFIED.);
#1264=B_SPLINE_CURVE_WITH_KNOTS('',3,(#7484,#7485,#7486,#7487,#7488,#7489),
 .UNSPECIFIED.,.F.,.F.,(4,1,1,4),(0.,0.333333333333333,0.666666666666667,
1.),.UNSPECIFIED.);
#1265=B_SPLINE_CURVE_WITH_KNOTS('',3,(#7530,#7531,#7532,#7533,#7534,#7535),
 .UNSPECIFIED.,.F.,.F.,(4,1,1,4),(0.,0.333333333333333,0.666666666666667,
1.),.UNSPECIFIED.);
#1266=B_SPLINE_CURVE_WITH_KNOTS('',3,(#7577,#7578,#7579,#7580,#7581,#7582),
 .UNSPECIFIED.,.F.,.F.,(4,1,1,4),(0.,0.333333333333333,0.666666666666667,
1.),.UNSPECIFIED.);
#1267=B_SPLINE_CURVE_WITH_KNOTS('',3,(#7584,#7585,#7586,#7587,#7588,#7589),
 .UNSPECIFIED.,.F.,.F.,(4,1,1,4),(0.,0.333333333333333,0.666666666666667,
1.),.UNSPECIFIED.);
#1268=B_SPLINE_CURVE_WITH_KNOTS('',3,(#7630,#7631,#7632,#7633,#7634,#7635),
 .UNSPECIFIED.,.F.,.F.,(4,1,1,4),(0.,0.333333333333333,0.666666666666667,
1.),.UNSPECIFIED.);
#1269=B_SPLINE_CURVE_WITH_KNOTS('',3,(#7676,#7677,#7678,#7679,#7680,#7681),
 .UNSPECIFIED.,.F.,.F.,(4,1,1,4),(0.,0.333333333333333,0.666666666666667,
1.),.UNSPECIFIED.);
#1270=B_SPLINE_CURVE_WITH_KNOTS('',3,(#7722,#7723,#7724,#7725,#7726,#7727),
 .UNSPECIFIED.,.F.,.F.,(4,1,1,4),(0.,0.333333333333333,0.666666666666667,
1.),.UNSPECIFIED.);
#1271=B_SPLINE_CURVE_WITH_KNOTS('',3,(#7768,#7769,#7770,#7771,#7772,#7773),
 .UNSPECIFIED.,.F.,.F.,(4,1,1,4),(0.,0.333333333333333,0.666666666666667,
1.),.UNSPECIFIED.);
#1272=B_SPLINE_CURVE_WITH_KNOTS('',3,(#7815,#7816,#7817,#7818,#7819,#7820),
 .UNSPECIFIED.,.F.,.F.,(4,1,1,4),(0.,0.333333333333333,0.666666666666667,
1.),.UNSPECIFIED.);
#1273=B_SPLINE_CURVE_WITH_KNOTS('',3,(#7822,#7823,#7824,#7825,#7826,#7827),
 .UNSPECIFIED.,.F.,.F.,(4,1,1,4),(0.,0.333333333333333,0.666666666666667,
1.),.UNSPECIFIED.);
#1274=B_SPLINE_CURVE_WITH_KNOTS('',3,(#7868,#7869,#7870,#7871,#7872,#7873),
 .UNSPECIFIED.,.F.,.F.,(4,1,1,4),(0.,0.333333333333333,0.666666666666667,
1.),.UNSPECIFIED.);
#1275=B_SPLINE_CURVE_WITH_KNOTS('',3,(#7914,#7915,#7916,#7917,#7918,#7919),
 .UNSPECIFIED.,.F.,.F.,(4,1,1,4),(0.,0.333333333333333,0.666666666666667,
1.),.UNSPECIFIED.);
#1276=B_SPLINE_CURVE_WITH_KNOTS('',3,(#7960,#7961,#7962,#7963,#7964,#7965),
 .UNSPECIFIED.,.F.,.F.,(4,1,1,4),(0.,0.333333333333333,0.666666666666667,
1.),.UNSPECIFIED.);
#1277=B_SPLINE_CURVE_WITH_KNOTS('',3,(#8006,#8007,#8008,#8009,#8010,#8011),
 .UNSPECIFIED.,.F.,.F.,(4,1,1,4),(0.,0.333333333333333,0.666666666666667,
1.),.UNSPECIFIED.);
#1278=B_SPLINE_CURVE_WITH_KNOTS('',3,(#8053,#8054,#8055,#8056,#8057,#8058),
 .UNSPECIFIED.,.F.,.F.,(4,1,1,4),(0.,0.333333333333333,0.666666666666667,
1.),.UNSPECIFIED.);
#1279=B_SPLINE_CURVE_WITH_KNOTS('',3,(#8060,#8061,#8062,#8063,#8064,#8065),
 .UNSPECIFIED.,.F.,.F.,(4,1,1,4),(0.,0.333333333333333,0.666666666666667,
1.),.UNSPECIFIED.);
#1280=B_SPLINE_CURVE_WITH_KNOTS('',3,(#8106,#8107,#8108,#8109,#8110,#8111),
 .UNSPECIFIED.,.F.,.F.,(4,1,1,4),(0.,0.333333333333333,0.666666666666667,
1.),.UNSPECIFIED.);
#1281=B_SPLINE_CURVE_WITH_KNOTS('',3,(#8152,#8153,#8154,#8155,#8156,#8157),
 .UNSPECIFIED.,.F.,.F.,(4,1,1,4),(0.,0.333333333333333,0.666666666666667,
1.),.UNSPECIFIED.);
#1282=B_SPLINE_CURVE_WITH_KNOTS('',3,(#8198,#8199,#8200,#8201,#8202,#8203),
 .UNSPECIFIED.,.F.,.F.,(4,1,1,4),(0.,0.333333333333333,0.666666666666667,
1.),.UNSPECIFIED.);
#1283=B_SPLINE_CURVE_WITH_KNOTS('',3,(#8244,#8245,#8246,#8247,#8248,#8249),
 .UNSPECIFIED.,.F.,.F.,(4,1,1,4),(0.,0.333333333333333,0.666666666666667,
1.),.UNSPECIFIED.);
#1284=B_SPLINE_CURVE_WITH_KNOTS('',3,(#8551,#8552,#8553,#8554,#8555,#8556,
#8557),.UNSPECIFIED.,.F.,.F.,(4,3,4),(0.,0.406003423771608,0.499999999999996),
 .UNSPECIFIED.);
#1285=B_SPLINE_CURVE_WITH_KNOTS('',3,(#8661,#8662,#8663,#8664,#8665,#8666,
#8667),.UNSPECIFIED.,.F.,.F.,(4,3,4),(0.,0.370022673633027,0.499999999999996),
 .UNSPECIFIED.);
#1286=B_SPLINE_CURVE_WITH_KNOTS('',3,(#8941,#8942,#8943,#8944,#8945,#8946,
#8947,#8948,#8949,#8950,#8951,#8952),.UNSPECIFIED.,.F.,.F.,(4,2,2,2,2,4),
(0.159758530155175,0.360818474505996,0.698468284098281,1.25442438100803,
1.87534683385047,2.1802981737751),.UNSPECIFIED.);
#1287=B_SPLINE_CURVE_WITH_KNOTS('',3,(#8965,#8966,#8967,#8968),
 .UNSPECIFIED.,.F.,.F.,(4,4),(0.,0.00917120508521435),.UNSPECIFIED.);
#1288=B_SPLINE_CURVE_WITH_KNOTS('',3,(#9224,#9225,#9226,#9227,#9228,#9229,
#9230,#9231,#9232,#9233,#9234,#9235,#9236,#9237,#9238,#9239,#9240,#9241,
#9242,#9243,#9244,#9245,#9246,#9247,#9248,#9249,#9250,#9251,#9252,#9253,
#9254,#9255,#9256,#9257,#9258,#9259,#9260,#9261,#9262,#9263,#9264,#9265,
#9266,#9267,#9268,#9269,#9270,#9271,#9272,#9273,#9274,#9275,#9276,#9277,
#9278,#9279,#9280,#9281,#9282,#9283,#9284,#9285,#9286,#9287,#9288,#9289,
#9290,#9291,#9292,#9293,#9294,#9295,#9296,#9297,#9298,#9299,#9300,#9301,
#9302,#9303,#9304,#9305,#9306,#9307,#9308,#9309,#9310,#9311,#9312,#9313,
#9314,#9315,#9316,#9317,#9318,#9319,#9320),.UNSPECIFIED.,.F.,.F.,(4,3,3,
3,3,3,3,3,3,3,3,3,3,3,3,3,3,3,3,3,3,3,3,3,3,3,3,3,3,3,3,3,4),(0.,0.023178905256672,
0.0476385267929828,0.0739462136930924,0.103654538272212,0.145748721430453,
0.176002049108684,0.204320161189328,0.235162095207459,0.265069094985842,
0.298532168422621,0.341809938340376,0.382946817194103,0.414517893848337,
0.451110525482816,0.484355763046983,0.523148528033151,0.582754962029007,
0.618094748825903,0.650453035565415,0.68697394771049,0.725690375222514,
0.773959476223677,0.810855935745272,0.843769075965608,0.87440538404303,
0.897812667156016,0.923359500367012,0.941658178080814,0.956703238132103,
0.978351619066051,0.991258136321161,1.),.UNSPECIFIED.);
#1289=B_SPLINE_CURVE_WITH_KNOTS('',3,(#9349,#9350,#9351,#9352,#9353,#9354,
#9355,#9356,#9357,#9358,#9359,#9360,#9361,#9362,#9363,#9364,#9365,#9366,
#9367,#9368,#9369,#9370,#9371,#9372,#9373,#9374,#9375,#9376,#9377,#9378,
#9379,#9380,#9381,#9382,#9383,#9384,#9385,#9386,#9387,#9388,#9389,#9390,
#9391,#9392,#9393,#9394,#9395,#9396,#9397,#9398,#9399,#9400,#9401,#9402,
#9403,#9404,#9405,#9406,#9407,#9408,#9409,#9410,#9411,#9412,#9413,#9414,
#9415,#9416,#9417,#9418,#9419,#9420,#9421,#9422,#9423,#9424,#9425,#9426,
#9427,#9428,#9429,#9430,#9431,#9432,#9433,#9434,#9435,#9436,#9437,#9438,
#9439,#9440,#9441,#9442,#9443,#9444,#9445,#9446,#9447,#9448,#9449,#9450,
#9451,#9452,#9453,#9454,#9455,#9456,#9457,#9458,#9459,#9460),
 .UNSPECIFIED.,.F.,.F.,(4,3,3,3,3,3,3,3,3,3,3,3,3,3,3,3,3,3,3,3,3,3,3,3,
3,3,3,3,3,3,3,3,3,3,3,3,3,4),(0.,0.0205113459080113,0.0421050378337851,
0.0652338142788659,0.0908731228002888,0.125186453107873,0.153688074595791,
0.180135322264672,0.20316780376696,0.228261443096365,0.255345202767652,
0.286065851250947,0.330686735547763,0.362810908018969,0.390069712789355,
0.419965602404645,0.448555960758699,0.480279168798122,0.522197908906212,
0.558298627794246,0.588474692667297,0.616887793240671,0.648124183979421,
0.681205934451653,0.725738303952061,0.760021015958053,0.790018388963297,
0.817725059171161,0.844085526778821,0.865228297808266,0.892291991688344,
0.910963399062046,0.931622706077754,0.951361024290165,0.97033034657807,
0.985165173289035,0.99901317108368,1.),.UNSPECIFIED.);
#1290=VERTEX_POINT('',#4637);
#1291=VERTEX_POINT('',#4638);
#1292=VERTEX_POINT('',#4645);
#1293=VERTEX_POINT('',#4652);
#1294=VERTEX_POINT('',#4691);
#1295=VERTEX_POINT('',#4698);
#1296=VERTEX_POINT('',#4737);
#1297=VERTEX_POINT('',#4744);
#1298=VERTEX_POINT('',#4783);
#1299=VERTEX_POINT('',#4790);
#1300=VERTEX_POINT('',#4829);
#1301=VERTEX_POINT('',#4836);
#1302=VERTEX_POINT('',#4875);
#1303=VERTEX_POINT('',#4876);
#1304=VERTEX_POINT('',#4883);
#1305=VERTEX_POINT('',#4890);
#1306=VERTEX_POINT('',#4929);
#1307=VERTEX_POINT('',#4936);
#1308=VERTEX_POINT('',#4975);
#1309=VERTEX_POINT('',#4982);
#1310=VERTEX_POINT('',#5021);
#1311=VERTEX_POINT('',#5028);
#1312=VERTEX_POINT('',#5067);
#1313=VERTEX_POINT('',#5074);
#1314=VERTEX_POINT('',#5113);
#1315=VERTEX_POINT('',#5114);
#1316=VERTEX_POINT('',#5121);
#1317=VERTEX_POINT('',#5128);
#1318=VERTEX_POINT('',#5167);
#1319=VERTEX_POINT('',#5174);
#1320=VERTEX_POINT('',#5213);
#1321=VERTEX_POINT('',#5220);
#1322=VERTEX_POINT('',#5259);
#1323=VERTEX_POINT('',#5266);
#1324=VERTEX_POINT('',#5305);
#1325=VERTEX_POINT('',#5312);
#1326=VERTEX_POINT('',#5351);
#1327=VERTEX_POINT('',#5352);
#1328=VERTEX_POINT('',#5359);
#1329=VERTEX_POINT('',#5366);
#1330=VERTEX_POINT('',#5405);
#1331=VERTEX_POINT('',#5412);
#1332=VERTEX_POINT('',#5451);
#1333=VERTEX_POINT('',#5458);
#1334=VERTEX_POINT('',#5497);
#1335=VERTEX_POINT('',#5504);
#1336=VERTEX_POINT('',#5543);
#1337=VERTEX_POINT('',#5550);
#1338=VERTEX_POINT('',#5589);
#1339=VERTEX_POINT('',#5590);
#1340=VERTEX_POINT('',#5597);
#1341=VERTEX_POINT('',#5604);
#1342=VERTEX_POINT('',#5643);
#1343=VERTEX_POINT('',#5650);
#1344=VERTEX_POINT('',#5689);
#1345=VERTEX_POINT('',#5696);
#1346=VERTEX_POINT('',#5735);
#1347=VERTEX_POINT('',#5742);
#1348=VERTEX_POINT('',#5781);
#1349=VERTEX_POINT('',#5788);
#1350=VERTEX_POINT('',#5827);
#1351=VERTEX_POINT('',#5828);
#1352=VERTEX_POINT('',#5835);
#1353=VERTEX_POINT('',#5842);
#1354=VERTEX_POINT('',#5881);
#1355=VERTEX_POINT('',#5888);
#1356=VERTEX_POINT('',#5927);
#1357=VERTEX_POINT('',#5934);
#1358=VERTEX_POINT('',#5973);
#1359=VERTEX_POINT('',#5980);
#1360=VERTEX_POINT('',#6019);
#1361=VERTEX_POINT('',#6026);
#1362=VERTEX_POINT('',#6083);
#1363=VERTEX_POINT('',#6084);
#1364=VERTEX_POINT('',#6094);
#1365=VERTEX_POINT('',#6101);
#1366=VERTEX_POINT('',#6158);
#1367=VERTEX_POINT('',#6168);
#1368=VERTEX_POINT('',#6225);
#1369=VERTEX_POINT('',#6232);
#1370=VERTEX_POINT('',#6376);
#1371=VERTEX_POINT('',#6386);
#1372=VERTEX_POINT('',#6521);
#1373=VERTEX_POINT('',#6528);
#1374=VERTEX_POINT('',#6573);
#1375=VERTEX_POINT('',#6574);
#1376=VERTEX_POINT('',#6581);
#1377=VERTEX_POINT('',#6588);
#1378=VERTEX_POINT('',#6627);
#1379=VERTEX_POINT('',#6634);
#1380=VERTEX_POINT('',#6673);
#1381=VERTEX_POINT('',#6680);
#1382=VERTEX_POINT('',#6719);
#1383=VERTEX_POINT('',#6726);
#1384=VERTEX_POINT('',#6765);
#1385=VERTEX_POINT('',#6772);
#1386=VERTEX_POINT('',#6823);
#1387=VERTEX_POINT('',#6824);
#1388=VERTEX_POINT('',#6833);
#1389=VERTEX_POINT('',#6840);
#1390=VERTEX_POINT('',#6987);
#1391=VERTEX_POINT('',#6996);
#1392=VERTEX_POINT('',#7122);
#1393=VERTEX_POINT('',#7129);
#1394=VERTEX_POINT('',#7180);
#1395=VERTEX_POINT('',#7189);
#1396=VERTEX_POINT('',#7240);
#1397=VERTEX_POINT('',#7247);
#1398=VERTEX_POINT('',#7337);
#1399=VERTEX_POINT('',#7338);
#1400=VERTEX_POINT('',#7345);
#1401=VERTEX_POINT('',#7352);
#1402=VERTEX_POINT('',#7391);
#1403=VERTEX_POINT('',#7398);
#1404=VERTEX_POINT('',#7437);
#1405=VERTEX_POINT('',#7444);
#1406=VERTEX_POINT('',#7483);
#1407=VERTEX_POINT('',#7490);
#1408=VERTEX_POINT('',#7529);
#1409=VERTEX_POINT('',#7536);
#1410=VERTEX_POINT('',#7575);
#1411=VERTEX_POINT('',#7576);
#1412=VERTEX_POINT('',#7583);
#1413=VERTEX_POINT('',#7590);
#1414=VERTEX_POINT('',#7629);
#1415=VERTEX_POINT('',#7636);
#1416=VERTEX_POINT('',#7675);
#1417=VERTEX_POINT('',#7682);
#1418=VERTEX_POINT('',#7721);
#1419=VERTEX_POINT('',#7728);
#1420=VERTEX_POINT('',#7767);
#1421=VERTEX_POINT('',#7774);
#1422=VERTEX_POINT('',#7813);
#1423=VERTEX_POINT('',#7814);
#1424=VERTEX_POINT('',#7821);
#1425=VERTEX_POINT('',#7828);
#1426=VERTEX_POINT('',#7867);
#1427=VERTEX_POINT('',#7874);
#1428=VERTEX_POINT('',#7913);
#1429=VERTEX_POINT('',#7920);
#1430=VERTEX_POINT('',#7959);
#1431=VERTEX_POINT('',#7966);
#1432=VERTEX_POINT('',#8005);
#1433=VERTEX_POINT('',#8012);
#1434=VERTEX_POINT('',#8051);
#1435=VERTEX_POINT('',#8052);
#1436=VERTEX_POINT('',#8059);
#1437=VERTEX_POINT('',#8066);
#1438=VERTEX_POINT('',#8105);
#1439=VERTEX_POINT('',#8112);
#1440=VERTEX_POINT('',#8151);
#1441=VERTEX_POINT('',#8158);
#1442=VERTEX_POINT('',#8197);
#1443=VERTEX_POINT('',#8204);
#1444=VERTEX_POINT('',#8243);
#1445=VERTEX_POINT('',#8250);
#1446=VERTEX_POINT('',#8254);
#1447=VERTEX_POINT('',#8256);
#1448=VERTEX_POINT('',#8260);
#1449=VERTEX_POINT('',#8261);
#1450=VERTEX_POINT('',#8263);
#1451=VERTEX_POINT('',#8265);
#1452=VERTEX_POINT('',#8269);
#1453=VERTEX_POINT('',#8270);
#1454=VERTEX_POINT('',#8272);
#1455=VERTEX_POINT('',#8274);
#1456=VERTEX_POINT('',#8278);
#1457=VERTEX_POINT('',#8280);
#1458=VERTEX_POINT('',#8284);
#1459=VERTEX_POINT('',#8286);
#1460=VERTEX_POINT('',#8304);
#1461=VERTEX_POINT('',#8305);
#1462=VERTEX_POINT('',#8310);
#1463=VERTEX_POINT('',#8311);
#1464=VERTEX_POINT('',#8316);
#1465=VERTEX_POINT('',#8317);
#1466=VERTEX_POINT('',#8319);
#1467=VERTEX_POINT('',#8324);
#1468=VERTEX_POINT('',#8325);
#1469=VERTEX_POINT('',#8327);
#1470=VERTEX_POINT('',#8332);
#1471=VERTEX_POINT('',#8375);
#1472=VERTEX_POINT('',#8414);
#1473=VERTEX_POINT('',#8418);
#1474=VERTEX_POINT('',#8459);
#1475=VERTEX_POINT('',#8500);
#1476=VERTEX_POINT('',#8598);
#1477=VERTEX_POINT('',#8599);
#1478=VERTEX_POINT('',#8601);
#1479=VERTEX_POINT('',#8708);
#1480=VERTEX_POINT('',#8709);
#1481=VERTEX_POINT('',#8714);
#1482=VERTEX_POINT('',#8755);
#1483=VERTEX_POINT('',#8796);
#1484=VERTEX_POINT('',#8797);
#1485=VERTEX_POINT('',#8802);
#1486=VERTEX_POINT('',#8843);
#1487=VERTEX_POINT('',#8921);
#1488=VERTEX_POINT('',#8922);
#1489=VERTEX_POINT('',#8924);
#1490=VERTEX_POINT('',#8926);
#1491=VERTEX_POINT('',#8928);
#1492=VERTEX_POINT('',#8930);
#1493=VERTEX_POINT('',#8932);
#1494=VERTEX_POINT('',#8934);
#1495=VERTEX_POINT('',#8936);
#1496=VERTEX_POINT('',#8939);
#1497=VERTEX_POINT('',#8954);
#1498=VERTEX_POINT('',#8956);
#1499=VERTEX_POINT('',#8960);
#1500=VERTEX_POINT('',#8970);
#1501=VERTEX_POINT('',#8971);
#1502=VERTEX_POINT('',#8974);
#1503=VERTEX_POINT('',#9016);
#1504=VERTEX_POINT('',#9018);
#1505=VERTEX_POINT('',#9022);
#1506=VERTEX_POINT('',#9026);
#1507=VERTEX_POINT('',#9030);
#1508=VERTEX_POINT('',#9032);
#1509=VERTEX_POINT('',#9036);
#1510=VERTEX_POINT('',#9040);
#1511=VERTEX_POINT('',#9044);
#1512=VERTEX_POINT('',#9046);
#1513=VERTEX_POINT('',#9050);
#1514=VERTEX_POINT('',#9054);
#1515=VERTEX_POINT('',#9058);
#1516=VERTEX_POINT('',#9059);
#1517=VERTEX_POINT('',#9061);
#1518=VERTEX_POINT('',#9063);
#1519=VERTEX_POINT('',#9065);
#1520=VERTEX_POINT('',#9067);
#1521=VERTEX_POINT('',#9082);
#1522=VERTEX_POINT('',#9083);
#1523=VERTEX_POINT('',#9085);
#1524=VERTEX_POINT('',#9087);
#1525=VERTEX_POINT('',#9089);
#1526=VERTEX_POINT('',#9091);
#1527=VERTEX_POINT('',#9106);
#1528=VERTEX_POINT('',#9107);
#1529=VERTEX_POINT('',#9109);
#1530=VERTEX_POINT('',#9111);
#1531=VERTEX_POINT('',#9113);
#1532=VERTEX_POINT('',#9115);
#1533=VERTEX_POINT('',#9130);
#1534=VERTEX_POINT('',#9131);
#1535=VERTEX_POINT('',#9133);
#1536=VERTEX_POINT('',#9135);
#1537=VERTEX_POINT('',#9137);
#1538=VERTEX_POINT('',#9139);
#1539=VERTEX_POINT('',#9154);
#1540=VERTEX_POINT('',#9155);
#1541=VERTEX_POINT('',#9157);
#1542=VERTEX_POINT('',#9159);
#1543=VERTEX_POINT('',#9161);
#1544=VERTEX_POINT('',#9163);
#1545=VERTEX_POINT('',#9178);
#1546=VERTEX_POINT('',#9179);
#1547=VERTEX_POINT('',#9181);
#1548=VERTEX_POINT('',#9183);
#1549=VERTEX_POINT('',#9185);
#1550=VERTEX_POINT('',#9187);
#1551=VERTEX_POINT('',#9221);
#1552=VERTEX_POINT('',#9223);
#1553=VERTEX_POINT('',#9323);
#1554=VERTEX_POINT('',#9325);
#1555=VERTEX_POINT('',#9348);
#1556=VERTEX_POINT('',#9465);
#1557=VERTEX_POINT('',#9467);
#1558=VERTEX_POINT('',#9471);
#1559=VERTEX_POINT('',#9473);
#1560=VERTEX_POINT('',#9479);
#1561=VERTEX_POINT('',#9481);
#1562=VERTEX_POINT('',#9485);
#1563=VERTEX_POINT('',#9487);
#1564=VERTEX_POINT('',#9493);
#1565=VERTEX_POINT('',#9495);
#1566=VERTEX_POINT('',#9499);
#1567=VERTEX_POINT('',#9503);
#1568=VERTEX_POINT('',#9507);
#1569=VERTEX_POINT('',#9511);
#1570=VERTEX_POINT('',#9515);
#1571=VERTEX_POINT('',#9519);
#1572=VERTEX_POINT('',#9523);
#1573=VERTEX_POINT('',#9527);
#1574=VERTEX_POINT('',#9531);
#1575=VERTEX_POINT('',#9537);
#1576=VERTEX_POINT('',#9541);
#1577=VERTEX_POINT('',#9545);
#1578=VERTEX_POINT('',#9549);
#1579=VERTEX_POINT('',#9553);
#1580=VERTEX_POINT('',#9557);
#1581=VERTEX_POINT('',#9561);
#1582=VERTEX_POINT('',#9565);
#1583=VERTEX_POINT('',#9569);
#1584=VERTEX_POINT('',#9573);
#1585=VERTEX_POINT('',#9577);
#1586=VERTEX_POINT('',#9581);
#1587=VERTEX_POINT('',#9585);
#1588=VERTEX_POINT('',#9589);
#1589=VERTEX_POINT('',#9593);
#1590=VERTEX_POINT('',#9597);
#1591=VERTEX_POINT('',#9601);
#1592=VERTEX_POINT('',#9605);
#1593=VERTEX_POINT('',#9609);
#1594=VERTEX_POINT('',#9613);
#1595=VERTEX_POINT('',#9617);
#1596=VERTEX_POINT('',#9621);
#1597=VERTEX_POINT('',#9625);
#1598=VERTEX_POINT('',#9629);
#1599=VERTEX_POINT('',#9633);
#1600=EDGE_CURVE('',#1290,#1291,#1200,.T.);
#1601=EDGE_CURVE('',#1290,#1292,#1201,.T.);
#1602=EDGE_CURVE('',#1292,#1293,#1010,.T.);
#1603=EDGE_CURVE('',#1291,#1293,#1011,.T.);
#1604=EDGE_CURVE('',#1290,#1294,#1202,.T.);
#1605=EDGE_CURVE('',#1295,#1294,#1012,.T.);
#1606=EDGE_CURVE('',#1295,#1292,#1013,.T.);
#1607=EDGE_CURVE('',#1290,#1296,#1203,.T.);
#1608=EDGE_CURVE('',#1296,#1297,#1014,.T.);
#1609=EDGE_CURVE('',#1294,#1297,#1015,.T.);
#1610=EDGE_CURVE('',#1290,#1298,#1204,.T.);
#1611=EDGE_CURVE('',#1299,#1298,#1016,.T.);
#1612=EDGE_CURVE('',#1299,#1296,#1017,.T.);
#1613=EDGE_CURVE('',#1290,#1300,#1205,.T.);
#1614=EDGE_CURVE('',#1300,#1301,#1018,.T.);
#1615=EDGE_CURVE('',#1298,#1301,#1019,.T.);
#1616=EDGE_CURVE('',#1302,#1303,#1206,.T.);
#1617=EDGE_CURVE('',#1302,#1304,#1207,.T.);
#1618=EDGE_CURVE('',#1304,#1305,#1020,.T.);
#1619=EDGE_CURVE('',#1303,#1305,#1021,.T.);
#1620=EDGE_CURVE('',#1302,#1306,#1208,.T.);
#1621=EDGE_CURVE('',#1307,#1306,#1022,.T.);
#1622=EDGE_CURVE('',#1307,#1304,#1023,.T.);
#1623=EDGE_CURVE('',#1302,#1308,#1209,.T.);
#1624=EDGE_CURVE('',#1308,#1309,#1024,.T.);
#1625=EDGE_CURVE('',#1306,#1309,#1025,.T.);
#1626=EDGE_CURVE('',#1302,#1310,#1210,.T.);
#1627=EDGE_CURVE('',#1311,#1310,#1026,.T.);
#1628=EDGE_CURVE('',#1311,#1308,#1027,.T.);
#1629=EDGE_CURVE('',#1302,#1312,#1211,.T.);
#1630=EDGE_CURVE('',#1312,#1313,#1028,.T.);
#1631=EDGE_CURVE('',#1310,#1313,#1029,.T.);
#1632=EDGE_CURVE('',#1314,#1315,#1212,.T.);
#1633=EDGE_CURVE('',#1314,#1316,#1213,.T.);
#1634=EDGE_CURVE('',#1316,#1317,#1030,.T.);
#1635=EDGE_CURVE('',#1315,#1317,#1031,.T.);
#1636=EDGE_CURVE('',#1314,#1318,#1214,.T.);
#1637=EDGE_CURVE('',#1319,#1318,#1032,.T.);
#1638=EDGE_CURVE('',#1319,#1316,#1033,.T.);
#1639=EDGE_CURVE('',#1314,#1320,#1215,.T.);
#1640=EDGE_CURVE('',#1320,#1321,#1034,.T.);
#1641=EDGE_CURVE('',#1318,#1321,#1035,.T.);
#1642=EDGE_CURVE('',#1314,#1322,#1216,.T.);
#1643=EDGE_CURVE('',#1323,#1322,#1036,.T.);
#1644=EDGE_CURVE('',#1323,#1320,#1037,.T.);
#1645=EDGE_CURVE('',#1314,#1324,#1217,.T.);
#1646=EDGE_CURVE('',#1324,#1325,#1038,.T.);
#1647=EDGE_CURVE('',#1322,#1325,#1039,.T.);
#1648=EDGE_CURVE('',#1326,#1327,#1218,.T.);
#1649=EDGE_CURVE('',#1326,#1328,#1219,.T.);
#1650=EDGE_CURVE('',#1328,#1329,#1040,.T.);
#1651=EDGE_CURVE('',#1327,#1329,#1041,.T.);
#1652=EDGE_CURVE('',#1326,#1330,#1220,.T.);
#1653=EDGE_CURVE('',#1331,#1330,#1042,.T.);
#1654=EDGE_CURVE('',#1331,#1328,#1043,.T.);
#1655=EDGE_CURVE('',#1326,#1332,#1221,.T.);
#1656=EDGE_CURVE('',#1332,#1333,#1044,.T.);
#1657=EDGE_CURVE('',#1330,#1333,#1045,.T.);
#1658=EDGE_CURVE('',#1326,#1334,#1222,.T.);
#1659=EDGE_CURVE('',#1335,#1334,#1046,.T.);
#1660=EDGE_CURVE('',#1335,#1332,#1047,.T.);
#1661=EDGE_CURVE('',#1326,#1336,#1223,.T.);
#1662=EDGE_CURVE('',#1336,#1337,#1048,.T.);
#1663=EDGE_CURVE('',#1334,#1337,#1049,.T.);
#1664=EDGE_CURVE('',#1338,#1339,#1224,.T.);
#1665=EDGE_CURVE('',#1338,#1340,#1225,.T.);
#1666=EDGE_CURVE('',#1340,#1341,#1050,.T.);
#1667=EDGE_CURVE('',#1339,#1341,#1051,.T.);
#1668=EDGE_CURVE('',#1338,#1342,#1226,.T.);
#1669=EDGE_CURVE('',#1343,#1342,#1052,.T.);
#1670=EDGE_CURVE('',#1343,#1340,#1053,.T.);
#1671=EDGE_CURVE('',#1338,#1344,#1227,.T.);
#1672=EDGE_CURVE('',#1344,#1345,#1054,.T.);
#1673=EDGE_CURVE('',#1342,#1345,#1055,.T.);
#1674=EDGE_CURVE('',#1338,#1346,#1228,.T.);
#1675=EDGE_CURVE('',#1347,#1346,#1056,.T.);
#1676=EDGE_CURVE('',#1347,#1344,#1057,.T.);
#1677=EDGE_CURVE('',#1338,#1348,#1229,.T.);
#1678=EDGE_CURVE('',#1348,#1349,#1058,.T.);
#1679=EDGE_CURVE('',#1346,#1349,#1059,.T.);
#1680=EDGE_CURVE('',#1350,#1351,#1230,.T.);
#1681=EDGE_CURVE('',#1350,#1352,#1231,.T.);
#1682=EDGE_CURVE('',#1352,#1353,#1060,.T.);
#1683=EDGE_CURVE('',#1351,#1353,#1061,.T.);
#1684=EDGE_CURVE('',#1350,#1354,#1232,.T.);
#1685=EDGE_CURVE('',#1355,#1354,#1062,.T.);
#1686=EDGE_CURVE('',#1355,#1352,#1063,.T.);
#1687=EDGE_CURVE('',#1350,#1356,#1233,.T.);
#1688=EDGE_CURVE('',#1356,#1357,#1064,.T.);
#1689=EDGE_CURVE('',#1354,#1357,#1065,.T.);
#1690=EDGE_CURVE('',#1350,#1358,#1234,.T.);
#1691=EDGE_CURVE('',#1359,#1358,#1066,.T.);
#1692=EDGE_CURVE('',#1359,#1356,#1067,.T.);
#1693=EDGE_CURVE('',#1350,#1360,#1235,.T.);
#1694=EDGE_CURVE('',#1360,#1361,#1068,.T.);
#1695=EDGE_CURVE('',#1358,#1361,#1069,.T.);
#1696=EDGE_CURVE('',#1362,#1363,#1236,.T.);
#1697=EDGE_CURVE('',#1362,#1364,#1237,.T.);
#1698=EDGE_CURVE('',#1364,#1365,#1070,.T.);
#1699=EDGE_CURVE('',#1363,#1365,#1071,.T.);
#1700=EDGE_CURVE('',#1362,#1366,#1238,.T.);
#1701=EDGE_CURVE('',#1367,#1366,#1072,.T.);
#1702=EDGE_CURVE('',#1367,#1364,#1073,.T.);
#1703=EDGE_CURVE('',#1362,#1368,#1239,.T.);
#1704=EDGE_CURVE('',#1368,#1369,#1240,.T.);
#1705=EDGE_CURVE('',#1366,#1369,#1074,.T.);
#1706=EDGE_CURVE('',#1362,#1370,#1241,.T.);
#1707=EDGE_CURVE('',#1371,#1370,#1075,.T.);
#1708=EDGE_CURVE('',#1371,#1368,#1242,.T.);
#1709=EDGE_CURVE('',#1362,#1372,#1243,.T.);
#1710=EDGE_CURVE('',#1372,#1373,#1244,.T.);
#1711=EDGE_CURVE('',#1370,#1373,#1076,.T.);
#1712=EDGE_CURVE('',#1374,#1375,#1245,.T.);
#1713=EDGE_CURVE('',#1374,#1376,#1246,.T.);
#1714=EDGE_CURVE('',#1376,#1377,#1077,.T.);
#1715=EDGE_CURVE('',#1375,#1377,#1078,.T.);
#1716=EDGE_CURVE('',#1374,#1378,#1247,.T.);
#1717=EDGE_CURVE('',#1379,#1378,#1079,.T.);
#1718=EDGE_CURVE('',#1379,#1376,#1080,.T.);
#1719=EDGE_CURVE('',#1374,#1380,#1248,.T.);
#1720=EDGE_CURVE('',#1380,#1381,#1081,.T.);
#1721=EDGE_CURVE('',#1378,#1381,#1082,.T.);
#1722=EDGE_CURVE('',#1374,#1382,#1249,.T.);
#1723=EDGE_CURVE('',#1383,#1382,#1083,.T.);
#1724=EDGE_CURVE('',#1383,#1380,#1084,.T.);
#1725=EDGE_CURVE('',#1374,#1384,#1250,.T.);
#1726=EDGE_CURVE('',#1384,#1385,#1085,.T.);
#1727=EDGE_CURVE('',#1382,#1385,#1086,.T.);
#1728=EDGE_CURVE('',#1386,#1387,#1251,.T.);
#1729=EDGE_CURVE('',#1386,#1388,#1252,.T.);
#1730=EDGE_CURVE('',#1388,#1389,#1253,.T.);
#1731=EDGE_CURVE('',#1387,#1389,#1087,.T.);
#1732=EDGE_CURVE('',#1386,#1390,#1254,.T.);
#1733=EDGE_CURVE('',#1391,#1390,#1088,.T.);
#1734=EDGE_CURVE('',#1391,#1388,#1255,.T.);
#1735=EDGE_CURVE('',#1386,#1392,#1256,.T.);
#1736=EDGE_CURVE('',#1392,#1393,#1089,.T.);
#1737=EDGE_CURVE('',#1390,#1393,#1090,.T.);
#1738=EDGE_CURVE('',#1386,#1394,#1257,.T.);
#1739=EDGE_CURVE('',#1395,#1394,#1091,.T.);
#1740=EDGE_CURVE('',#1395,#1392,#1092,.T.);
#1741=EDGE_CURVE('',#1386,#1396,#1258,.T.);
#1742=EDGE_CURVE('',#1396,#1397,#1259,.T.);
#1743=EDGE_CURVE('',#1394,#1397,#1093,.T.);
#1744=EDGE_CURVE('',#1398,#1399,#1260,.T.);
#1745=EDGE_CURVE('',#1398,#1400,#1261,.T.);
#1746=EDGE_CURVE('',#1400,#1401,#1094,.T.);
#1747=EDGE_CURVE('',#1399,#1401,#1095,.T.);
#1748=EDGE_CURVE('',#1398,#1402,#1262,.T.);
#1749=EDGE_CURVE('',#1403,#1402,#1096,.T.);
#1750=EDGE_CURVE('',#1403,#1400,#1097,.T.);
#1751=EDGE_CURVE('',#1398,#1404,#1263,.T.);
#1752=EDGE_CURVE('',#1404,#1405,#1098,.T.);
#1753=EDGE_CURVE('',#1402,#1405,#1099,.T.);
#1754=EDGE_CURVE('',#1398,#1406,#1264,.T.);
#1755=EDGE_CURVE('',#1407,#1406,#1100,.T.);
#1756=EDGE_CURVE('',#1407,#1404,#1101,.T.);
#1757=EDGE_CURVE('',#1398,#1408,#1265,.T.);
#1758=EDGE_CURVE('',#1408,#1409,#1102,.T.);
#1759=EDGE_CURVE('',#1406,#1409,#1103,.T.);
#1760=EDGE_CURVE('',#1410,#1411,#1266,.T.);
#1761=EDGE_CURVE('',#1410,#1412,#1267,.T.);
#1762=EDGE_CURVE('',#1412,#1413,#1104,.T.);
#1763=EDGE_CURVE('',#1411,#1413,#1105,.T.);
#1764=EDGE_CURVE('',#1410,#1414,#1268,.T.);
#1765=EDGE_CURVE('',#1415,#1414,#1106,.T.);
#1766=EDGE_CURVE('',#1415,#1412,#1107,.T.);
#1767=EDGE_CURVE('',#1410,#1416,#1269,.T.);
#1768=EDGE_CURVE('',#1416,#1417,#1108,.T.);
#1769=EDGE_CURVE('',#1414,#1417,#1109,.T.);
#1770=EDGE_CURVE('',#1410,#1418,#1270,.T.);
#1771=EDGE_CURVE('',#1419,#1418,#1110,.T.);
#1772=EDGE_CURVE('',#1419,#1416,#1111,.T.);
#1773=EDGE_CURVE('',#1410,#1420,#1271,.T.);
#1774=EDGE_CURVE('',#1420,#1421,#1112,.T.);
#1775=EDGE_CURVE('',#1418,#1421,#1113,.T.);
#1776=EDGE_CURVE('',#1422,#1423,#1272,.T.);
#1777=EDGE_CURVE('',#1422,#1424,#1273,.T.);
#1778=EDGE_CURVE('',#1424,#1425,#1114,.T.);
#1779=EDGE_CURVE('',#1423,#1425,#1115,.T.);
#1780=EDGE_CURVE('',#1422,#1426,#1274,.T.);
#1781=EDGE_CURVE('',#1427,#1426,#1116,.T.);
#1782=EDGE_CURVE('',#1427,#1424,#1117,.T.);
#1783=EDGE_CURVE('',#1422,#1428,#1275,.T.);
#1784=EDGE_CURVE('',#1428,#1429,#1118,.T.);
#1785=EDGE_CURVE('',#1426,#1429,#1119,.T.);
#1786=EDGE_CURVE('',#1422,#1430,#1276,.T.);
#1787=EDGE_CURVE('',#1431,#1430,#1120,.T.);
#1788=EDGE_CURVE('',#1431,#1428,#1121,.T.);
#1789=EDGE_CURVE('',#1422,#1432,#1277,.T.);
#1790=EDGE_CURVE('',#1432,#1433,#1122,.T.);
#1791=EDGE_CURVE('',#1430,#1433,#1123,.T.);
#1792=EDGE_CURVE('',#1434,#1435,#1278,.T.);
#1793=EDGE_CURVE('',#1434,#1436,#1279,.T.);
#1794=EDGE_CURVE('',#1436,#1437,#1124,.T.);
#1795=EDGE_CURVE('',#1435,#1437,#1125,.T.);
#1796=EDGE_CURVE('',#1434,#1438,#1280,.T.);
#1797=EDGE_CURVE('',#1439,#1438,#1126,.T.);
#1798=EDGE_CURVE('',#1439,#1436,#1127,.T.);
#1799=EDGE_CURVE('',#1434,#1440,#1281,.T.);
#1800=EDGE_CURVE('',#1440,#1441,#1128,.T.);
#1801=EDGE_CURVE('',#1438,#1441,#1129,.T.);
#1802=EDGE_CURVE('',#1434,#1442,#1282,.T.);
#1803=EDGE_CURVE('',#1443,#1442,#1130,.T.);
#1804=EDGE_CURVE('',#1443,#1440,#1131,.T.);
#1805=EDGE_CURVE('',#1434,#1444,#1283,.T.);
#1806=EDGE_CURVE('',#1444,#1445,#1132,.T.);
#1807=EDGE_CURVE('',#1442,#1445,#1133,.T.);
#1808=EDGE_CURVE('',#1446,#1446,#1134,.T.);
#1809=EDGE_CURVE('',#1446,#1447,#91,.T.);
#1810=EDGE_CURVE('',#1447,#1447,#1135,.T.);
#1811=EDGE_CURVE('',#1448,#1449,#92,.T.);
#1812=EDGE_CURVE('',#1450,#1448,#93,.T.);
#1813=EDGE_CURVE('',#1451,#1450,#94,.T.);
#1814=EDGE_CURVE('',#1449,#1451,#95,.T.);
#1815=EDGE_CURVE('',#1452,#1453,#96,.T.);
#1816=EDGE_CURVE('',#1454,#1452,#97,.T.);
#1817=EDGE_CURVE('',#1455,#1454,#98,.T.);
#1818=EDGE_CURVE('',#1455,#1453,#99,.T.);
#1819=EDGE_CURVE('',#1453,#1456,#100,.T.);
#1820=EDGE_CURVE('',#1457,#1455,#101,.T.);
#1821=EDGE_CURVE('',#1457,#1456,#102,.T.);
#1822=EDGE_CURVE('',#1456,#1458,#103,.T.);
#1823=EDGE_CURVE('',#1459,#1457,#104,.T.);
#1824=EDGE_CURVE('',#1459,#1458,#105,.T.);
#1825=EDGE_CURVE('',#1429,#1439,#106,.T.);
#1826=EDGE_CURVE('',#1401,#1431,#107,.T.);
#1827=EDGE_CURVE('',#1377,#1403,#108,.T.);
#1828=EDGE_CURVE('',#1357,#1379,#109,.T.);
#1829=EDGE_CURVE('',#1333,#1359,#110,.T.);
#1830=EDGE_CURVE('',#1305,#1335,#111,.T.);
#1831=EDGE_CURVE('',#1293,#1307,#112,.T.);
#1832=EDGE_CURVE('',#1317,#1295,#113,.T.);
#1833=EDGE_CURVE('',#1341,#1319,#114,.T.);
#1834=EDGE_CURVE('',#1369,#1343,#115,.T.);
#1835=EDGE_CURVE('',#1389,#1371,#116,.T.);
#1836=EDGE_CURVE('',#1413,#1391,#117,.T.);
#1837=EDGE_CURVE('',#1437,#1415,#118,.T.);
#1838=EDGE_CURVE('',#1460,#1461,#1136,.T.);
#1839=EDGE_CURVE('',#1460,#1299,#119,.T.);
#1840=EDGE_CURVE('',#1301,#1461,#120,.T.);
#1841=EDGE_CURVE('',#1462,#1463,#1137,.T.);
#1842=EDGE_CURVE('',#1462,#1311,#121,.T.);
#1843=EDGE_CURVE('',#1313,#1463,#122,.T.);
#1844=EDGE_CURVE('',#1464,#1465,#1138,.T.);
#1845=EDGE_CURVE('',#1464,#1466,#123,.T.);
#1846=EDGE_CURVE('',#1466,#1327,#1139,.T.);
#1847=EDGE_CURVE('',#1329,#1465,#124,.T.);
#1848=EDGE_CURVE('',#1467,#1468,#1140,.T.);
#1849=EDGE_CURVE('',#1467,#1469,#125,.T.);
#1850=EDGE_CURVE('',#1469,#1351,#1141,.T.);
#1851=EDGE_CURVE('',#1353,#1468,#126,.T.);
#1852=EDGE_CURVE('',#1417,#1470,#127,.T.);
#1853=EDGE_CURVE('',#1470,#1435,#1142,.T.);
#1854=EDGE_CURVE('',#1441,#1427,#128,.T.);
#1855=EDGE_CURVE('',#1470,#1444,#1143,.T.);
#1856=EDGE_CURVE('',#1433,#1471,#129,.T.);
#1857=EDGE_CURVE('',#1471,#1399,#1144,.T.);
#1858=EDGE_CURVE('',#1472,#1423,#1145,.T.);
#1859=EDGE_CURVE('',#1472,#1432,#1146,.T.);
#1860=EDGE_CURVE('',#1393,#1473,#130,.T.);
#1861=EDGE_CURVE('',#1473,#1411,#1147,.T.);
#1862=EDGE_CURVE('',#1473,#1420,#1148,.T.);
#1863=EDGE_CURVE('',#1405,#1474,#131,.T.);
#1864=EDGE_CURVE('',#1474,#1375,#1149,.T.);
#1865=EDGE_CURVE('',#1471,#1408,#1150,.T.);
#1866=EDGE_CURVE('',#1373,#1475,#132,.T.);
#1867=EDGE_CURVE('',#1475,#1387,#1151,.T.);
#1868=EDGE_CURVE('',#1475,#1396,#1284,.T.);
#1869=EDGE_CURVE('',#1381,#1355,#133,.T.);
#1870=EDGE_CURVE('',#1474,#1384,#1152,.T.);
#1871=EDGE_CURVE('',#1476,#1477,#1153,.T.);
#1872=EDGE_CURVE('',#1476,#1478,#134,.T.);
#1873=EDGE_CURVE('',#1478,#1363,#1154,.T.);
#1874=EDGE_CURVE('',#1365,#1477,#135,.T.);
#1875=EDGE_CURVE('',#1345,#1367,#136,.T.);
#1876=EDGE_CURVE('',#1478,#1372,#1285,.T.);
#1877=EDGE_CURVE('',#1361,#1331,#137,.T.);
#1878=EDGE_CURVE('',#1469,#1360,#1155,.T.);
#1879=EDGE_CURVE('',#1479,#1480,#1156,.T.);
#1880=EDGE_CURVE('',#1479,#1347,#138,.T.);
#1881=EDGE_CURVE('',#1349,#1480,#139,.T.);
#1882=EDGE_CURVE('',#1321,#1481,#140,.T.);
#1883=EDGE_CURVE('',#1481,#1339,#1157,.T.);
#1884=EDGE_CURVE('',#1481,#1348,#1158,.T.);
#1885=EDGE_CURVE('',#1337,#1482,#141,.T.);
#1886=EDGE_CURVE('',#1482,#1303,#1159,.T.);
#1887=EDGE_CURVE('',#1466,#1336,#1160,.T.);
#1888=EDGE_CURVE('',#1483,#1484,#1161,.T.);
#1889=EDGE_CURVE('',#1483,#1323,#142,.T.);
#1890=EDGE_CURVE('',#1325,#1484,#143,.T.);
#1891=EDGE_CURVE('',#1297,#1485,#144,.T.);
#1892=EDGE_CURVE('',#1485,#1315,#1162,.T.);
#1893=EDGE_CURVE('',#1485,#1324,#1163,.T.);
#1894=EDGE_CURVE('',#1309,#1486,#145,.T.);
#1895=EDGE_CURVE('',#1486,#1291,#1164,.T.);
#1896=EDGE_CURVE('',#1482,#1312,#1165,.T.);
#1897=EDGE_CURVE('',#1486,#1300,#1166,.T.);
#1898=EDGE_CURVE('',#1487,#1488,#146,.T.);
#1899=EDGE_CURVE('',#1488,#1489,#147,.T.);
#1900=EDGE_CURVE('',#1489,#1490,#148,.T.);
#1901=EDGE_CURVE('',#1490,#1491,#149,.T.);
#1902=EDGE_CURVE('',#1491,#1492,#150,.T.);
#1903=EDGE_CURVE('',#1492,#1493,#151,.T.);
#1904=EDGE_CURVE('',#1493,#1494,#152,.T.);
#1905=EDGE_CURVE('',#1494,#1495,#153,.T.);
#1906=EDGE_CURVE('',#1495,#1459,#154,.T.);
#1907=EDGE_CURVE('',#1496,#1454,#155,.F.);
#1908=EDGE_CURVE('',#1487,#1496,#1286,.F.);
#1909=EDGE_CURVE('',#1497,#1450,#15,.T.);
#1910=EDGE_CURVE('',#1498,#1497,#16,.T.);
#1911=EDGE_CURVE('',#1451,#1498,#17,.T.);
#1912=EDGE_CURVE('',#1449,#1499,#1167,.T.);
#1913=EDGE_CURVE('',#1498,#1499,#156,.T.);
#1914=EDGE_CURVE('',#1499,#1452,#157,.T.);
#1915=EDGE_CURVE('',#1497,#1496,#1287,.T.);
#1916=EDGE_CURVE('',#1500,#1501,#158,.T.);
#1917=EDGE_CURVE('',#1488,#1500,#159,.T.);
#1918=EDGE_CURVE('',#1502,#1487,#18,.T.);
#1919=EDGE_CURVE('',#1501,#1502,#160,.T.);
#1920=EDGE_CURVE('',#1502,#1450,#1168,.T.);
#1921=EDGE_CURVE('',#1501,#1448,#1169,.T.);
#1922=EDGE_CURVE('',#1383,#1503,#161,.T.);
#1923=EDGE_CURVE('',#1503,#1504,#1170,.T.);
#1924=EDGE_CURVE('',#1381,#1504,#162,.T.);
#1925=EDGE_CURVE('',#1504,#1505,#163,.T.);
#1926=EDGE_CURVE('',#1355,#1505,#164,.T.);
#1927=EDGE_CURVE('',#1505,#1506,#1171,.T.);
#1928=EDGE_CURVE('',#1353,#1506,#165,.T.);
#1929=EDGE_CURVE('',#1407,#1507,#166,.T.);
#1930=EDGE_CURVE('',#1507,#1508,#1172,.T.);
#1931=EDGE_CURVE('',#1405,#1508,#167,.T.);
#1932=EDGE_CURVE('',#1508,#1509,#168,.T.);
#1933=EDGE_CURVE('',#1474,#1509,#169,.T.);
#1934=EDGE_CURVE('',#1509,#1510,#1173,.T.);
#1935=EDGE_CURVE('',#1385,#1510,#170,.T.);
#1936=EDGE_CURVE('',#1472,#1511,#171,.T.);
#1937=EDGE_CURVE('',#1511,#1512,#1174,.T.);
#1938=EDGE_CURVE('',#1433,#1512,#172,.T.);
#1939=EDGE_CURVE('',#1512,#1513,#173,.T.);
#1940=EDGE_CURVE('',#1471,#1513,#174,.T.);
#1941=EDGE_CURVE('',#1513,#1514,#1175,.T.);
#1942=EDGE_CURVE('',#1409,#1514,#175,.T.);
#1943=EDGE_CURVE('',#1515,#1516,#176,.T.);
#1944=EDGE_CURVE('',#1517,#1515,#177,.T.);
#1945=EDGE_CURVE('',#1518,#1517,#1176,.T.);
#1946=EDGE_CURVE('',#1519,#1518,#178,.T.);
#1947=EDGE_CURVE('',#1520,#1519,#1177,.T.);
#1948=EDGE_CURVE('',#1516,#1520,#179,.T.);
#1949=EDGE_CURVE('',#1469,#1520,#180,.T.);
#1950=EDGE_CURVE('',#1361,#1519,#181,.T.);
#1951=EDGE_CURVE('',#1331,#1518,#182,.T.);
#1952=EDGE_CURVE('',#1329,#1517,#183,.T.);
#1953=EDGE_CURVE('',#1465,#1515,#184,.T.);
#1954=EDGE_CURVE('',#1516,#1467,#185,.T.);
#1955=EDGE_CURVE('',#1521,#1522,#186,.T.);
#1956=EDGE_CURVE('',#1523,#1521,#187,.T.);
#1957=EDGE_CURVE('',#1524,#1523,#1178,.T.);
#1958=EDGE_CURVE('',#1525,#1524,#188,.T.);
#1959=EDGE_CURVE('',#1526,#1525,#1179,.T.);
#1960=EDGE_CURVE('',#1522,#1526,#189,.T.);
#1961=EDGE_CURVE('',#1466,#1526,#190,.T.);
#1962=EDGE_CURVE('',#1337,#1525,#191,.T.);
#1963=EDGE_CURVE('',#1482,#1524,#192,.T.);
#1964=EDGE_CURVE('',#1313,#1523,#193,.T.);
#1965=EDGE_CURVE('',#1463,#1521,#194,.T.);
#1966=EDGE_CURVE('',#1522,#1464,#195,.T.);
#1967=EDGE_CURVE('',#1527,#1528,#196,.T.);
#1968=EDGE_CURVE('',#1529,#1527,#197,.T.);
#1969=EDGE_CURVE('',#1530,#1529,#1180,.T.);
#1970=EDGE_CURVE('',#1531,#1530,#198,.T.);
#1971=EDGE_CURVE('',#1532,#1531,#1181,.T.);
#1972=EDGE_CURVE('',#1528,#1532,#199,.T.);
#1973=EDGE_CURVE('',#1311,#1532,#200,.T.);
#1974=EDGE_CURVE('',#1309,#1531,#201,.T.);
#1975=EDGE_CURVE('',#1486,#1530,#202,.T.);
#1976=EDGE_CURVE('',#1301,#1529,#203,.T.);
#1977=EDGE_CURVE('',#1461,#1527,#204,.T.);
#1978=EDGE_CURVE('',#1528,#1462,#205,.T.);
#1979=EDGE_CURVE('',#1533,#1534,#206,.T.);
#1980=EDGE_CURVE('',#1535,#1533,#207,.T.);
#1981=EDGE_CURVE('',#1536,#1535,#1182,.T.);
#1982=EDGE_CURVE('',#1537,#1536,#208,.T.);
#1983=EDGE_CURVE('',#1538,#1537,#1183,.T.);
#1984=EDGE_CURVE('',#1534,#1538,#209,.T.);
#1985=EDGE_CURVE('',#1485,#1536,#210,.T.);
#1986=EDGE_CURVE('',#1325,#1535,#211,.T.);
#1987=EDGE_CURVE('',#1484,#1533,#212,.T.);
#1988=EDGE_CURVE('',#1534,#1460,#213,.T.);
#1989=EDGE_CURVE('',#1299,#1538,#214,.T.);
#1990=EDGE_CURVE('',#1297,#1537,#215,.T.);
#1991=EDGE_CURVE('',#1539,#1540,#216,.T.);
#1992=EDGE_CURVE('',#1541,#1539,#217,.T.);
#1993=EDGE_CURVE('',#1542,#1541,#1184,.T.);
#1994=EDGE_CURVE('',#1543,#1542,#218,.T.);
#1995=EDGE_CURVE('',#1544,#1543,#1185,.T.);
#1996=EDGE_CURVE('',#1540,#1544,#219,.T.);
#1997=EDGE_CURVE('',#1481,#1542,#220,.T.);
#1998=EDGE_CURVE('',#1349,#1541,#221,.T.);
#1999=EDGE_CURVE('',#1480,#1539,#222,.T.);
#2000=EDGE_CURVE('',#1540,#1483,#223,.T.);
#2001=EDGE_CURVE('',#1323,#1544,#224,.T.);
#2002=EDGE_CURVE('',#1321,#1543,#225,.T.);
#2003=EDGE_CURVE('',#1545,#1546,#226,.T.);
#2004=EDGE_CURVE('',#1547,#1545,#227,.T.);
#2005=EDGE_CURVE('',#1548,#1547,#1186,.T.);
#2006=EDGE_CURVE('',#1549,#1548,#228,.T.);
#2007=EDGE_CURVE('',#1550,#1549,#1187,.T.);
#2008=EDGE_CURVE('',#1546,#1550,#229,.T.);
#2009=EDGE_CURVE('',#1367,#1548,#230,.T.);
#2010=EDGE_CURVE('',#1365,#1547,#231,.T.);
#2011=EDGE_CURVE('',#1477,#1545,#232,.T.);
#2012=EDGE_CURVE('',#1546,#1479,#233,.T.);
#2013=EDGE_CURVE('',#1347,#1550,#234,.T.);
#2014=EDGE_CURVE('',#1345,#1549,#235,.T.);
#2015=EDGE_CURVE('',#1475,#1551,#236,.T.);
#2016=EDGE_CURVE('',#1551,#1552,#1288,.T.);
#2017=EDGE_CURVE('',#1397,#1552,#237,.T.);
#2018=EDGE_CURVE('',#1553,#1476,#238,.T.);
#2019=EDGE_CURVE('',#1553,#1554,#239,.T.);
#2020=EDGE_CURVE('',#1478,#1554,#240,.T.);
#2021=EDGE_CURVE('',#1554,#1555,#1289,.T.);
#2022=EDGE_CURVE('',#1373,#1555,#241,.T.);
#2023=EDGE_CURVE('',#1555,#1551,#242,.T.);
#2024=EDGE_CURVE('',#1473,#1556,#243,.T.);
#2025=EDGE_CURVE('',#1556,#1557,#1188,.T.);
#2026=EDGE_CURVE('',#1421,#1557,#244,.T.);
#2027=EDGE_CURVE('',#1395,#1558,#245,.T.);
#2028=EDGE_CURVE('',#1558,#1559,#1189,.T.);
#2029=EDGE_CURVE('',#1393,#1559,#246,.T.);
#2030=EDGE_CURVE('',#1559,#1556,#247,.T.);
#2031=EDGE_CURVE('',#1470,#1560,#248,.T.);
#2032=EDGE_CURVE('',#1560,#1561,#1190,.T.);
#2033=EDGE_CURVE('',#1445,#1561,#249,.T.);
#2034=EDGE_CURVE('',#1419,#1562,#250,.T.);
#2035=EDGE_CURVE('',#1562,#1563,#1191,.T.);
#2036=EDGE_CURVE('',#1417,#1563,#251,.T.);
#2037=EDGE_CURVE('',#1563,#1560,#252,.T.);
#2038=EDGE_CURVE('',#1443,#1564,#253,.T.);
#2039=EDGE_CURVE('',#1564,#1565,#1192,.T.);
#2040=EDGE_CURVE('',#1441,#1565,#254,.T.);
#2041=EDGE_CURVE('',#1565,#1566,#255,.T.);
#2042=EDGE_CURVE('',#1427,#1566,#256,.T.);
#2043=EDGE_CURVE('',#1566,#1567,#1193,.T.);
#2044=EDGE_CURVE('',#1425,#1567,#257,.T.);
#2045=EDGE_CURVE('',#1458,#1568,#258,.T.);
#2046=EDGE_CURVE('',#1568,#1495,#259,.T.);
#2047=EDGE_CURVE('',#1568,#1569,#260,.T.);
#2048=EDGE_CURVE('',#1494,#1569,#261,.T.);
#2049=EDGE_CURVE('',#1569,#1570,#262,.T.);
#2050=EDGE_CURVE('',#1493,#1570,#263,.T.);
#2051=EDGE_CURVE('',#1570,#1571,#264,.T.);
#2052=EDGE_CURVE('',#1492,#1571,#265,.T.);
#2053=EDGE_CURVE('',#1571,#1572,#266,.T.);
#2054=EDGE_CURVE('',#1491,#1572,#267,.T.);
#2055=EDGE_CURVE('',#1572,#1573,#268,.T.);
#2056=EDGE_CURVE('',#1490,#1573,#269,.T.);
#2057=EDGE_CURVE('',#1573,#1574,#270,.T.);
#2058=EDGE_CURVE('',#1489,#1574,#271,.T.);
#2059=EDGE_CURVE('',#1574,#1500,#272,.T.);
#2060=EDGE_CURVE('',#1468,#1575,#273,.T.);
#2061=EDGE_CURVE('',#1506,#1575,#274,.T.);
#2062=EDGE_CURVE('',#1575,#1576,#275,.T.);
#2063=EDGE_CURVE('',#1576,#1503,#276,.T.);
#2064=EDGE_CURVE('',#1576,#1577,#277,.T.);
#2065=EDGE_CURVE('',#1577,#1383,#278,.T.);
#2066=EDGE_CURVE('',#1577,#1578,#1194,.T.);
#2067=EDGE_CURVE('',#1385,#1578,#279,.T.);
#2068=EDGE_CURVE('',#1578,#1579,#280,.T.);
#2069=EDGE_CURVE('',#1510,#1579,#281,.T.);
#2070=EDGE_CURVE('',#1579,#1580,#282,.T.);
#2071=EDGE_CURVE('',#1580,#1507,#283,.T.);
#2072=EDGE_CURVE('',#1580,#1581,#284,.T.);
#2073=EDGE_CURVE('',#1581,#1407,#285,.T.);
#2074=EDGE_CURVE('',#1581,#1582,#1195,.T.);
#2075=EDGE_CURVE('',#1409,#1582,#286,.T.);
#2076=EDGE_CURVE('',#1582,#1583,#287,.T.);
#2077=EDGE_CURVE('',#1514,#1583,#288,.T.);
#2078=EDGE_CURVE('',#1583,#1584,#289,.T.);
#2079=EDGE_CURVE('',#1584,#1511,#290,.T.);
#2080=EDGE_CURVE('',#1584,#1585,#291,.T.);
#2081=EDGE_CURVE('',#1585,#1472,#292,.T.);
#2082=EDGE_CURVE('',#1585,#1586,#1196,.T.);
#2083=EDGE_CURVE('',#1425,#1586,#293,.T.);
#2084=EDGE_CURVE('',#1586,#1587,#294,.T.);
#2085=EDGE_CURVE('',#1567,#1587,#295,.T.);
#2086=EDGE_CURVE('',#1587,#1588,#296,.T.);
#2087=EDGE_CURVE('',#1588,#1564,#297,.T.);
#2088=EDGE_CURVE('',#1588,#1589,#298,.T.);
#2089=EDGE_CURVE('',#1589,#1443,#299,.T.);
#2090=EDGE_CURVE('',#1589,#1590,#1197,.T.);
#2091=EDGE_CURVE('',#1445,#1590,#300,.T.);
#2092=EDGE_CURVE('',#1590,#1591,#301,.T.);
#2093=EDGE_CURVE('',#1561,#1591,#302,.T.);
#2094=EDGE_CURVE('',#1591,#1592,#303,.T.);
#2095=EDGE_CURVE('',#1592,#1562,#304,.T.);
#2096=EDGE_CURVE('',#1592,#1593,#305,.T.);
#2097=EDGE_CURVE('',#1593,#1419,#306,.T.);
#2098=EDGE_CURVE('',#1593,#1594,#1198,.T.);
#2099=EDGE_CURVE('',#1421,#1594,#307,.T.);
#2100=EDGE_CURVE('',#1594,#1595,#308,.T.);
#2101=EDGE_CURVE('',#1557,#1595,#309,.T.);
#2102=EDGE_CURVE('',#1595,#1596,#310,.T.);
#2103=EDGE_CURVE('',#1596,#1558,#311,.T.);
#2104=EDGE_CURVE('',#1596,#1597,#312,.T.);
#2105=EDGE_CURVE('',#1597,#1395,#313,.T.);
#2106=EDGE_CURVE('',#1597,#1598,#1199,.T.);
#2107=EDGE_CURVE('',#1397,#1598,#314,.T.);
#2108=EDGE_CURVE('',#1598,#1599,#315,.T.);
#2109=EDGE_CURVE('',#1552,#1599,#316,.T.);
#2110=EDGE_CURVE('',#1599,#1553,#317,.T.);
#2111=ORIENTED_EDGE('',*,*,#1600,.F.);
#2112=ORIENTED_EDGE('',*,*,#1601,.T.);
#2113=ORIENTED_EDGE('',*,*,#1602,.T.);
#2114=ORIENTED_EDGE('',*,*,#1603,.F.);
#2115=ORIENTED_EDGE('',*,*,#1601,.F.);
#2116=ORIENTED_EDGE('',*,*,#1604,.T.);
#2117=ORIENTED_EDGE('',*,*,#1605,.F.);
#2118=ORIENTED_EDGE('',*,*,#1606,.T.);
#2119=ORIENTED_EDGE('',*,*,#1604,.F.);
#2120=ORIENTED_EDGE('',*,*,#1607,.T.);
#2121=ORIENTED_EDGE('',*,*,#1608,.T.);
#2122=ORIENTED_EDGE('',*,*,#1609,.F.);
#2123=ORIENTED_EDGE('',*,*,#1607,.F.);
#2124=ORIENTED_EDGE('',*,*,#1610,.T.);
#2125=ORIENTED_EDGE('',*,*,#1611,.F.);
#2126=ORIENTED_EDGE('',*,*,#1612,.T.);
#2127=ORIENTED_EDGE('',*,*,#1610,.F.);
#2128=ORIENTED_EDGE('',*,*,#1613,.T.);
#2129=ORIENTED_EDGE('',*,*,#1614,.T.);
#2130=ORIENTED_EDGE('',*,*,#1615,.F.);
#2131=ORIENTED_EDGE('',*,*,#1616,.F.);
#2132=ORIENTED_EDGE('',*,*,#1617,.T.);
#2133=ORIENTED_EDGE('',*,*,#1618,.T.);
#2134=ORIENTED_EDGE('',*,*,#1619,.F.);
#2135=ORIENTED_EDGE('',*,*,#1617,.F.);
#2136=ORIENTED_EDGE('',*,*,#1620,.T.);
#2137=ORIENTED_EDGE('',*,*,#1621,.F.);
#2138=ORIENTED_EDGE('',*,*,#1622,.T.);
#2139=ORIENTED_EDGE('',*,*,#1620,.F.);
#2140=ORIENTED_EDGE('',*,*,#1623,.T.);
#2141=ORIENTED_EDGE('',*,*,#1624,.T.);
#2142=ORIENTED_EDGE('',*,*,#1625,.F.);
#2143=ORIENTED_EDGE('',*,*,#1623,.F.);
#2144=ORIENTED_EDGE('',*,*,#1626,.T.);
#2145=ORIENTED_EDGE('',*,*,#1627,.F.);
#2146=ORIENTED_EDGE('',*,*,#1628,.T.);
#2147=ORIENTED_EDGE('',*,*,#1626,.F.);
#2148=ORIENTED_EDGE('',*,*,#1629,.T.);
#2149=ORIENTED_EDGE('',*,*,#1630,.T.);
#2150=ORIENTED_EDGE('',*,*,#1631,.F.);
#2151=ORIENTED_EDGE('',*,*,#1632,.F.);
#2152=ORIENTED_EDGE('',*,*,#1633,.T.);
#2153=ORIENTED_EDGE('',*,*,#1634,.T.);
#2154=ORIENTED_EDGE('',*,*,#1635,.F.);
#2155=ORIENTED_EDGE('',*,*,#1633,.F.);
#2156=ORIENTED_EDGE('',*,*,#1636,.T.);
#2157=ORIENTED_EDGE('',*,*,#1637,.F.);
#2158=ORIENTED_EDGE('',*,*,#1638,.T.);
#2159=ORIENTED_EDGE('',*,*,#1636,.F.);
#2160=ORIENTED_EDGE('',*,*,#1639,.T.);
#2161=ORIENTED_EDGE('',*,*,#1640,.T.);
#2162=ORIENTED_EDGE('',*,*,#1641,.F.);
#2163=ORIENTED_EDGE('',*,*,#1639,.F.);
#2164=ORIENTED_EDGE('',*,*,#1642,.T.);
#2165=ORIENTED_EDGE('',*,*,#1643,.F.);
#2166=ORIENTED_EDGE('',*,*,#1644,.T.);
#2167=ORIENTED_EDGE('',*,*,#1642,.F.);
#2168=ORIENTED_EDGE('',*,*,#1645,.T.);
#2169=ORIENTED_EDGE('',*,*,#1646,.T.);
#2170=ORIENTED_EDGE('',*,*,#1647,.F.);
#2171=ORIENTED_EDGE('',*,*,#1648,.F.);
#2172=ORIENTED_EDGE('',*,*,#1649,.T.);
#2173=ORIENTED_EDGE('',*,*,#1650,.T.);
#2174=ORIENTED_EDGE('',*,*,#1651,.F.);
#2175=ORIENTED_EDGE('',*,*,#1649,.F.);
#2176=ORIENTED_EDGE('',*,*,#1652,.T.);
#2177=ORIENTED_EDGE('',*,*,#1653,.F.);
#2178=ORIENTED_EDGE('',*,*,#1654,.T.);
#2179=ORIENTED_EDGE('',*,*,#1652,.F.);
#2180=ORIENTED_EDGE('',*,*,#1655,.T.);
#2181=ORIENTED_EDGE('',*,*,#1656,.T.);
#2182=ORIENTED_EDGE('',*,*,#1657,.F.);
#2183=ORIENTED_EDGE('',*,*,#1655,.F.);
#2184=ORIENTED_EDGE('',*,*,#1658,.T.);
#2185=ORIENTED_EDGE('',*,*,#1659,.F.);
#2186=ORIENTED_EDGE('',*,*,#1660,.T.);
#2187=ORIENTED_EDGE('',*,*,#1658,.F.);
#2188=ORIENTED_EDGE('',*,*,#1661,.T.);
#2189=ORIENTED_EDGE('',*,*,#1662,.T.);
#2190=ORIENTED_EDGE('',*,*,#1663,.F.);
#2191=ORIENTED_EDGE('',*,*,#1664,.F.);
#2192=ORIENTED_EDGE('',*,*,#1665,.T.);
#2193=ORIENTED_EDGE('',*,*,#1666,.T.);
#2194=ORIENTED_EDGE('',*,*,#1667,.F.);
#2195=ORIENTED_EDGE('',*,*,#1665,.F.);
#2196=ORIENTED_EDGE('',*,*,#1668,.T.);
#2197=ORIENTED_EDGE('',*,*,#1669,.F.);
#2198=ORIENTED_EDGE('',*,*,#1670,.T.);
#2199=ORIENTED_EDGE('',*,*,#1668,.F.);
#2200=ORIENTED_EDGE('',*,*,#1671,.T.);
#2201=ORIENTED_EDGE('',*,*,#1672,.T.);
#2202=ORIENTED_EDGE('',*,*,#1673,.F.);
#2203=ORIENTED_EDGE('',*,*,#1671,.F.);
#2204=ORIENTED_EDGE('',*,*,#1674,.T.);
#2205=ORIENTED_EDGE('',*,*,#1675,.F.);
#2206=ORIENTED_EDGE('',*,*,#1676,.T.);
#2207=ORIENTED_EDGE('',*,*,#1674,.F.);
#2208=ORIENTED_EDGE('',*,*,#1677,.T.);
#2209=ORIENTED_EDGE('',*,*,#1678,.T.);
#2210=ORIENTED_EDGE('',*,*,#1679,.F.);
#2211=ORIENTED_EDGE('',*,*,#1680,.F.);
#2212=ORIENTED_EDGE('',*,*,#1681,.T.);
#2213=ORIENTED_EDGE('',*,*,#1682,.T.);
#2214=ORIENTED_EDGE('',*,*,#1683,.F.);
#2215=ORIENTED_EDGE('',*,*,#1681,.F.);
#2216=ORIENTED_EDGE('',*,*,#1684,.T.);
#2217=ORIENTED_EDGE('',*,*,#1685,.F.);
#2218=ORIENTED_EDGE('',*,*,#1686,.T.);
#2219=ORIENTED_EDGE('',*,*,#1684,.F.);
#2220=ORIENTED_EDGE('',*,*,#1687,.T.);
#2221=ORIENTED_EDGE('',*,*,#1688,.T.);
#2222=ORIENTED_EDGE('',*,*,#1689,.F.);
#2223=ORIENTED_EDGE('',*,*,#1687,.F.);
#2224=ORIENTED_EDGE('',*,*,#1690,.T.);
#2225=ORIENTED_EDGE('',*,*,#1691,.F.);
#2226=ORIENTED_EDGE('',*,*,#1692,.T.);
#2227=ORIENTED_EDGE('',*,*,#1690,.F.);
#2228=ORIENTED_EDGE('',*,*,#1693,.T.);
#2229=ORIENTED_EDGE('',*,*,#1694,.T.);
#2230=ORIENTED_EDGE('',*,*,#1695,.F.);
#2231=ORIENTED_EDGE('',*,*,#1696,.F.);
#2232=ORIENTED_EDGE('',*,*,#1697,.T.);
#2233=ORIENTED_EDGE('',*,*,#1698,.T.);
#2234=ORIENTED_EDGE('',*,*,#1699,.F.);
#2235=ORIENTED_EDGE('',*,*,#1697,.F.);
#2236=ORIENTED_EDGE('',*,*,#1700,.T.);
#2237=ORIENTED_EDGE('',*,*,#1701,.F.);
#2238=ORIENTED_EDGE('',*,*,#1702,.T.);
#2239=ORIENTED_EDGE('',*,*,#1700,.F.);
#2240=ORIENTED_EDGE('',*,*,#1703,.T.);
#2241=ORIENTED_EDGE('',*,*,#1704,.T.);
#2242=ORIENTED_EDGE('',*,*,#1705,.F.);
#2243=ORIENTED_EDGE('',*,*,#1703,.F.);
#2244=ORIENTED_EDGE('',*,*,#1706,.T.);
#2245=ORIENTED_EDGE('',*,*,#1707,.F.);
#2246=ORIENTED_EDGE('',*,*,#1708,.T.);
#2247=ORIENTED_EDGE('',*,*,#1706,.F.);
#2248=ORIENTED_EDGE('',*,*,#1709,.T.);
#2249=ORIENTED_EDGE('',*,*,#1710,.T.);
#2250=ORIENTED_EDGE('',*,*,#1711,.F.);
#2251=ORIENTED_EDGE('',*,*,#1712,.F.);
#2252=ORIENTED_EDGE('',*,*,#1713,.T.);
#2253=ORIENTED_EDGE('',*,*,#1714,.T.);
#2254=ORIENTED_EDGE('',*,*,#1715,.F.);
#2255=ORIENTED_EDGE('',*,*,#1713,.F.);
#2256=ORIENTED_EDGE('',*,*,#1716,.T.);
#2257=ORIENTED_EDGE('',*,*,#1717,.F.);
#2258=ORIENTED_EDGE('',*,*,#1718,.T.);
#2259=ORIENTED_EDGE('',*,*,#1716,.F.);
#2260=ORIENTED_EDGE('',*,*,#1719,.T.);
#2261=ORIENTED_EDGE('',*,*,#1720,.T.);
#2262=ORIENTED_EDGE('',*,*,#1721,.F.);
#2263=ORIENTED_EDGE('',*,*,#1719,.F.);
#2264=ORIENTED_EDGE('',*,*,#1722,.T.);
#2265=ORIENTED_EDGE('',*,*,#1723,.F.);
#2266=ORIENTED_EDGE('',*,*,#1724,.T.);
#2267=ORIENTED_EDGE('',*,*,#1722,.F.);
#2268=ORIENTED_EDGE('',*,*,#1725,.T.);
#2269=ORIENTED_EDGE('',*,*,#1726,.T.);
#2270=ORIENTED_EDGE('',*,*,#1727,.F.);
#2271=ORIENTED_EDGE('',*,*,#1728,.F.);
#2272=ORIENTED_EDGE('',*,*,#1729,.T.);
#2273=ORIENTED_EDGE('',*,*,#1730,.T.);
#2274=ORIENTED_EDGE('',*,*,#1731,.F.);
#2275=ORIENTED_EDGE('',*,*,#1729,.F.);
#2276=ORIENTED_EDGE('',*,*,#1732,.T.);
#2277=ORIENTED_EDGE('',*,*,#1733,.F.);
#2278=ORIENTED_EDGE('',*,*,#1734,.T.);
#2279=ORIENTED_EDGE('',*,*,#1732,.F.);
#2280=ORIENTED_EDGE('',*,*,#1735,.T.);
#2281=ORIENTED_EDGE('',*,*,#1736,.T.);
#2282=ORIENTED_EDGE('',*,*,#1737,.F.);
#2283=ORIENTED_EDGE('',*,*,#1735,.F.);
#2284=ORIENTED_EDGE('',*,*,#1738,.T.);
#2285=ORIENTED_EDGE('',*,*,#1739,.F.);
#2286=ORIENTED_EDGE('',*,*,#1740,.T.);
#2287=ORIENTED_EDGE('',*,*,#1738,.F.);
#2288=ORIENTED_EDGE('',*,*,#1741,.T.);
#2289=ORIENTED_EDGE('',*,*,#1742,.T.);
#2290=ORIENTED_EDGE('',*,*,#1743,.F.);
#2291=ORIENTED_EDGE('',*,*,#1744,.F.);
#2292=ORIENTED_EDGE('',*,*,#1745,.T.);
#2293=ORIENTED_EDGE('',*,*,#1746,.T.);
#2294=ORIENTED_EDGE('',*,*,#1747,.F.);
#2295=ORIENTED_EDGE('',*,*,#1745,.F.);
#2296=ORIENTED_EDGE('',*,*,#1748,.T.);
#2297=ORIENTED_EDGE('',*,*,#1749,.F.);
#2298=ORIENTED_EDGE('',*,*,#1750,.T.);
#2299=ORIENTED_EDGE('',*,*,#1748,.F.);
#2300=ORIENTED_EDGE('',*,*,#1751,.T.);
#2301=ORIENTED_EDGE('',*,*,#1752,.T.);
#2302=ORIENTED_EDGE('',*,*,#1753,.F.);
#2303=ORIENTED_EDGE('',*,*,#1751,.F.);
#2304=ORIENTED_EDGE('',*,*,#1754,.T.);
#2305=ORIENTED_EDGE('',*,*,#1755,.F.);
#2306=ORIENTED_EDGE('',*,*,#1756,.T.);
#2307=ORIENTED_EDGE('',*,*,#1754,.F.);
#2308=ORIENTED_EDGE('',*,*,#1757,.T.);
#2309=ORIENTED_EDGE('',*,*,#1758,.T.);
#2310=ORIENTED_EDGE('',*,*,#1759,.F.);
#2311=ORIENTED_EDGE('',*,*,#1760,.F.);
#2312=ORIENTED_EDGE('',*,*,#1761,.T.);
#2313=ORIENTED_EDGE('',*,*,#1762,.T.);
#2314=ORIENTED_EDGE('',*,*,#1763,.F.);
#2315=ORIENTED_EDGE('',*,*,#1761,.F.);
#2316=ORIENTED_EDGE('',*,*,#1764,.T.);
#2317=ORIENTED_EDGE('',*,*,#1765,.F.);
#2318=ORIENTED_EDGE('',*,*,#1766,.T.);
#2319=ORIENTED_EDGE('',*,*,#1764,.F.);
#2320=ORIENTED_EDGE('',*,*,#1767,.T.);
#2321=ORIENTED_EDGE('',*,*,#1768,.T.);
#2322=ORIENTED_EDGE('',*,*,#1769,.F.);
#2323=ORIENTED_EDGE('',*,*,#1767,.F.);
#2324=ORIENTED_EDGE('',*,*,#1770,.T.);
#2325=ORIENTED_EDGE('',*,*,#1771,.F.);
#2326=ORIENTED_EDGE('',*,*,#1772,.T.);
#2327=ORIENTED_EDGE('',*,*,#1770,.F.);
#2328=ORIENTED_EDGE('',*,*,#1773,.T.);
#2329=ORIENTED_EDGE('',*,*,#1774,.T.);
#2330=ORIENTED_EDGE('',*,*,#1775,.F.);
#2331=ORIENTED_EDGE('',*,*,#1776,.F.);
#2332=ORIENTED_EDGE('',*,*,#1777,.T.);
#2333=ORIENTED_EDGE('',*,*,#1778,.T.);
#2334=ORIENTED_EDGE('',*,*,#1779,.F.);
#2335=ORIENTED_EDGE('',*,*,#1777,.F.);
#2336=ORIENTED_EDGE('',*,*,#1780,.T.);
#2337=ORIENTED_EDGE('',*,*,#1781,.F.);
#2338=ORIENTED_EDGE('',*,*,#1782,.T.);
#2339=ORIENTED_EDGE('',*,*,#1780,.F.);
#2340=ORIENTED_EDGE('',*,*,#1783,.T.);
#2341=ORIENTED_EDGE('',*,*,#1784,.T.);
#2342=ORIENTED_EDGE('',*,*,#1785,.F.);
#2343=ORIENTED_EDGE('',*,*,#1783,.F.);
#2344=ORIENTED_EDGE('',*,*,#1786,.T.);
#2345=ORIENTED_EDGE('',*,*,#1787,.F.);
#2346=ORIENTED_EDGE('',*,*,#1788,.T.);
#2347=ORIENTED_EDGE('',*,*,#1786,.F.);
#2348=ORIENTED_EDGE('',*,*,#1789,.T.);
#2349=ORIENTED_EDGE('',*,*,#1790,.T.);
#2350=ORIENTED_EDGE('',*,*,#1791,.F.);
#2351=ORIENTED_EDGE('',*,*,#1792,.F.);
#2352=ORIENTED_EDGE('',*,*,#1793,.T.);
#2353=ORIENTED_EDGE('',*,*,#1794,.T.);
#2354=ORIENTED_EDGE('',*,*,#1795,.F.);
#2355=ORIENTED_EDGE('',*,*,#1793,.F.);
#2356=ORIENTED_EDGE('',*,*,#1796,.T.);
#2357=ORIENTED_EDGE('',*,*,#1797,.F.);
#2358=ORIENTED_EDGE('',*,*,#1798,.T.);
#2359=ORIENTED_EDGE('',*,*,#1796,.F.);
#2360=ORIENTED_EDGE('',*,*,#1799,.T.);
#2361=ORIENTED_EDGE('',*,*,#1800,.T.);
#2362=ORIENTED_EDGE('',*,*,#1801,.F.);
#2363=ORIENTED_EDGE('',*,*,#1799,.F.);
#2364=ORIENTED_EDGE('',*,*,#1802,.T.);
#2365=ORIENTED_EDGE('',*,*,#1803,.F.);
#2366=ORIENTED_EDGE('',*,*,#1804,.T.);
#2367=ORIENTED_EDGE('',*,*,#1802,.F.);
#2368=ORIENTED_EDGE('',*,*,#1805,.T.);
#2369=ORIENTED_EDGE('',*,*,#1806,.T.);
#2370=ORIENTED_EDGE('',*,*,#1807,.F.);
#2371=ORIENTED_EDGE('',*,*,#1808,.F.);
#2372=ORIENTED_EDGE('',*,*,#1809,.T.);
#2373=ORIENTED_EDGE('',*,*,#1810,.F.);
#2374=ORIENTED_EDGE('',*,*,#1809,.F.);
#2375=ORIENTED_EDGE('',*,*,#1811,.F.);
#2376=ORIENTED_EDGE('',*,*,#1812,.F.);
#2377=ORIENTED_EDGE('',*,*,#1813,.F.);
#2378=ORIENTED_EDGE('',*,*,#1814,.F.);
#2379=ORIENTED_EDGE('',*,*,#1815,.F.);
#2380=ORIENTED_EDGE('',*,*,#1816,.F.);
#2381=ORIENTED_EDGE('',*,*,#1817,.F.);
#2382=ORIENTED_EDGE('',*,*,#1818,.T.);
#2383=ORIENTED_EDGE('',*,*,#1819,.F.);
#2384=ORIENTED_EDGE('',*,*,#1818,.F.);
#2385=ORIENTED_EDGE('',*,*,#1820,.F.);
#2386=ORIENTED_EDGE('',*,*,#1821,.T.);
#2387=ORIENTED_EDGE('',*,*,#1822,.F.);
#2388=ORIENTED_EDGE('',*,*,#1821,.F.);
#2389=ORIENTED_EDGE('',*,*,#1823,.F.);
#2390=ORIENTED_EDGE('',*,*,#1824,.T.);
#2391=ORIENTED_EDGE('',*,*,#1798,.F.);
#2392=ORIENTED_EDGE('',*,*,#1825,.F.);
#2393=ORIENTED_EDGE('',*,*,#1784,.F.);
#2394=ORIENTED_EDGE('',*,*,#1788,.F.);
#2395=ORIENTED_EDGE('',*,*,#1826,.F.);
#2396=ORIENTED_EDGE('',*,*,#1746,.F.);
#2397=ORIENTED_EDGE('',*,*,#1750,.F.);
#2398=ORIENTED_EDGE('',*,*,#1827,.F.);
#2399=ORIENTED_EDGE('',*,*,#1714,.F.);
#2400=ORIENTED_EDGE('',*,*,#1718,.F.);
#2401=ORIENTED_EDGE('',*,*,#1828,.F.);
#2402=ORIENTED_EDGE('',*,*,#1688,.F.);
#2403=ORIENTED_EDGE('',*,*,#1692,.F.);
#2404=ORIENTED_EDGE('',*,*,#1829,.F.);
#2405=ORIENTED_EDGE('',*,*,#1656,.F.);
#2406=ORIENTED_EDGE('',*,*,#1660,.F.);
#2407=ORIENTED_EDGE('',*,*,#1830,.F.);
#2408=ORIENTED_EDGE('',*,*,#1618,.F.);
#2409=ORIENTED_EDGE('',*,*,#1622,.F.);
#2410=ORIENTED_EDGE('',*,*,#1831,.F.);
#2411=ORIENTED_EDGE('',*,*,#1602,.F.);
#2412=ORIENTED_EDGE('',*,*,#1606,.F.);
#2413=ORIENTED_EDGE('',*,*,#1832,.F.);
#2414=ORIENTED_EDGE('',*,*,#1634,.F.);
#2415=ORIENTED_EDGE('',*,*,#1638,.F.);
#2416=ORIENTED_EDGE('',*,*,#1833,.F.);
#2417=ORIENTED_EDGE('',*,*,#1666,.F.);
#2418=ORIENTED_EDGE('',*,*,#1670,.F.);
#2419=ORIENTED_EDGE('',*,*,#1834,.F.);
#2420=ORIENTED_EDGE('',*,*,#1704,.F.);
#2421=ORIENTED_EDGE('',*,*,#1708,.F.);
#2422=ORIENTED_EDGE('',*,*,#1835,.F.);
#2423=ORIENTED_EDGE('',*,*,#1730,.F.);
#2424=ORIENTED_EDGE('',*,*,#1734,.F.);
#2425=ORIENTED_EDGE('',*,*,#1836,.F.);
#2426=ORIENTED_EDGE('',*,*,#1762,.F.);
#2427=ORIENTED_EDGE('',*,*,#1766,.F.);
#2428=ORIENTED_EDGE('',*,*,#1837,.F.);
#2429=ORIENTED_EDGE('',*,*,#1794,.F.);
#2430=ORIENTED_EDGE('',*,*,#1808,.T.);
#2431=ORIENTED_EDGE('',*,*,#1838,.F.);
#2432=ORIENTED_EDGE('',*,*,#1839,.T.);
#2433=ORIENTED_EDGE('',*,*,#1611,.T.);
#2434=ORIENTED_EDGE('',*,*,#1615,.T.);
#2435=ORIENTED_EDGE('',*,*,#1840,.T.);
#2436=ORIENTED_EDGE('',*,*,#1841,.F.);
#2437=ORIENTED_EDGE('',*,*,#1842,.T.);
#2438=ORIENTED_EDGE('',*,*,#1627,.T.);
#2439=ORIENTED_EDGE('',*,*,#1631,.T.);
#2440=ORIENTED_EDGE('',*,*,#1843,.T.);
#2441=ORIENTED_EDGE('',*,*,#1844,.F.);
#2442=ORIENTED_EDGE('',*,*,#1845,.T.);
#2443=ORIENTED_EDGE('',*,*,#1846,.T.);
#2444=ORIENTED_EDGE('',*,*,#1651,.T.);
#2445=ORIENTED_EDGE('',*,*,#1847,.T.);
#2446=ORIENTED_EDGE('',*,*,#1848,.F.);
#2447=ORIENTED_EDGE('',*,*,#1849,.T.);
#2448=ORIENTED_EDGE('',*,*,#1850,.T.);
#2449=ORIENTED_EDGE('',*,*,#1683,.T.);
#2450=ORIENTED_EDGE('',*,*,#1851,.T.);
#2451=ORIENTED_EDGE('',*,*,#1765,.T.);
#2452=ORIENTED_EDGE('',*,*,#1769,.T.);
#2453=ORIENTED_EDGE('',*,*,#1852,.T.);
#2454=ORIENTED_EDGE('',*,*,#1853,.T.);
#2455=ORIENTED_EDGE('',*,*,#1795,.T.);
#2456=ORIENTED_EDGE('',*,*,#1837,.T.);
#2457=ORIENTED_EDGE('',*,*,#1797,.T.);
#2458=ORIENTED_EDGE('',*,*,#1801,.T.);
#2459=ORIENTED_EDGE('',*,*,#1854,.T.);
#2460=ORIENTED_EDGE('',*,*,#1781,.T.);
#2461=ORIENTED_EDGE('',*,*,#1785,.T.);
#2462=ORIENTED_EDGE('',*,*,#1825,.T.);
#2463=ORIENTED_EDGE('',*,*,#1792,.T.);
#2464=ORIENTED_EDGE('',*,*,#1853,.F.);
#2465=ORIENTED_EDGE('',*,*,#1855,.T.);
#2466=ORIENTED_EDGE('',*,*,#1805,.F.);
#2467=ORIENTED_EDGE('',*,*,#1787,.T.);
#2468=ORIENTED_EDGE('',*,*,#1791,.T.);
#2469=ORIENTED_EDGE('',*,*,#1856,.T.);
#2470=ORIENTED_EDGE('',*,*,#1857,.T.);
#2471=ORIENTED_EDGE('',*,*,#1747,.T.);
#2472=ORIENTED_EDGE('',*,*,#1826,.T.);
#2473=ORIENTED_EDGE('',*,*,#1776,.T.);
#2474=ORIENTED_EDGE('',*,*,#1858,.F.);
#2475=ORIENTED_EDGE('',*,*,#1859,.T.);
#2476=ORIENTED_EDGE('',*,*,#1789,.F.);
#2477=ORIENTED_EDGE('',*,*,#1733,.T.);
#2478=ORIENTED_EDGE('',*,*,#1737,.T.);
#2479=ORIENTED_EDGE('',*,*,#1860,.T.);
#2480=ORIENTED_EDGE('',*,*,#1861,.T.);
#2481=ORIENTED_EDGE('',*,*,#1763,.T.);
#2482=ORIENTED_EDGE('',*,*,#1836,.T.);
#2483=ORIENTED_EDGE('',*,*,#1760,.T.);
#2484=ORIENTED_EDGE('',*,*,#1861,.F.);
#2485=ORIENTED_EDGE('',*,*,#1862,.T.);
#2486=ORIENTED_EDGE('',*,*,#1773,.F.);
#2487=ORIENTED_EDGE('',*,*,#1749,.T.);
#2488=ORIENTED_EDGE('',*,*,#1753,.T.);
#2489=ORIENTED_EDGE('',*,*,#1863,.T.);
#2490=ORIENTED_EDGE('',*,*,#1864,.T.);
#2491=ORIENTED_EDGE('',*,*,#1715,.T.);
#2492=ORIENTED_EDGE('',*,*,#1827,.T.);
#2493=ORIENTED_EDGE('',*,*,#1744,.T.);
#2494=ORIENTED_EDGE('',*,*,#1857,.F.);
#2495=ORIENTED_EDGE('',*,*,#1865,.T.);
#2496=ORIENTED_EDGE('',*,*,#1757,.F.);
#2497=ORIENTED_EDGE('',*,*,#1707,.T.);
#2498=ORIENTED_EDGE('',*,*,#1711,.T.);
#2499=ORIENTED_EDGE('',*,*,#1866,.T.);
#2500=ORIENTED_EDGE('',*,*,#1867,.T.);
#2501=ORIENTED_EDGE('',*,*,#1731,.T.);
#2502=ORIENTED_EDGE('',*,*,#1835,.T.);
#2503=ORIENTED_EDGE('',*,*,#1728,.T.);
#2504=ORIENTED_EDGE('',*,*,#1867,.F.);
#2505=ORIENTED_EDGE('',*,*,#1868,.T.);
#2506=ORIENTED_EDGE('',*,*,#1741,.F.);
#2507=ORIENTED_EDGE('',*,*,#1717,.T.);
#2508=ORIENTED_EDGE('',*,*,#1721,.T.);
#2509=ORIENTED_EDGE('',*,*,#1869,.T.);
#2510=ORIENTED_EDGE('',*,*,#1685,.T.);
#2511=ORIENTED_EDGE('',*,*,#1689,.T.);
#2512=ORIENTED_EDGE('',*,*,#1828,.T.);
#2513=ORIENTED_EDGE('',*,*,#1712,.T.);
#2514=ORIENTED_EDGE('',*,*,#1864,.F.);
#2515=ORIENTED_EDGE('',*,*,#1870,.T.);
#2516=ORIENTED_EDGE('',*,*,#1725,.F.);
#2517=ORIENTED_EDGE('',*,*,#1871,.F.);
#2518=ORIENTED_EDGE('',*,*,#1872,.T.);
#2519=ORIENTED_EDGE('',*,*,#1873,.T.);
#2520=ORIENTED_EDGE('',*,*,#1699,.T.);
#2521=ORIENTED_EDGE('',*,*,#1874,.T.);
#2522=ORIENTED_EDGE('',*,*,#1669,.T.);
#2523=ORIENTED_EDGE('',*,*,#1673,.T.);
#2524=ORIENTED_EDGE('',*,*,#1875,.T.);
#2525=ORIENTED_EDGE('',*,*,#1701,.T.);
#2526=ORIENTED_EDGE('',*,*,#1705,.T.);
#2527=ORIENTED_EDGE('',*,*,#1834,.T.);
#2528=ORIENTED_EDGE('',*,*,#1696,.T.);
#2529=ORIENTED_EDGE('',*,*,#1873,.F.);
#2530=ORIENTED_EDGE('',*,*,#1876,.T.);
#2531=ORIENTED_EDGE('',*,*,#1709,.F.);
#2532=ORIENTED_EDGE('',*,*,#1691,.T.);
#2533=ORIENTED_EDGE('',*,*,#1695,.T.);
#2534=ORIENTED_EDGE('',*,*,#1877,.T.);
#2535=ORIENTED_EDGE('',*,*,#1653,.T.);
#2536=ORIENTED_EDGE('',*,*,#1657,.T.);
#2537=ORIENTED_EDGE('',*,*,#1829,.T.);
#2538=ORIENTED_EDGE('',*,*,#1680,.T.);
#2539=ORIENTED_EDGE('',*,*,#1850,.F.);
#2540=ORIENTED_EDGE('',*,*,#1878,.T.);
#2541=ORIENTED_EDGE('',*,*,#1693,.F.);
#2542=ORIENTED_EDGE('',*,*,#1879,.F.);
#2543=ORIENTED_EDGE('',*,*,#1880,.T.);
#2544=ORIENTED_EDGE('',*,*,#1675,.T.);
#2545=ORIENTED_EDGE('',*,*,#1679,.T.);
#2546=ORIENTED_EDGE('',*,*,#1881,.T.);
#2547=ORIENTED_EDGE('',*,*,#1637,.T.);
#2548=ORIENTED_EDGE('',*,*,#1641,.T.);
#2549=ORIENTED_EDGE('',*,*,#1882,.T.);
#2550=ORIENTED_EDGE('',*,*,#1883,.T.);
#2551=ORIENTED_EDGE('',*,*,#1667,.T.);
#2552=ORIENTED_EDGE('',*,*,#1833,.T.);
#2553=ORIENTED_EDGE('',*,*,#1664,.T.);
#2554=ORIENTED_EDGE('',*,*,#1883,.F.);
#2555=ORIENTED_EDGE('',*,*,#1884,.T.);
#2556=ORIENTED_EDGE('',*,*,#1677,.F.);
#2557=ORIENTED_EDGE('',*,*,#1659,.T.);
#2558=ORIENTED_EDGE('',*,*,#1663,.T.);
#2559=ORIENTED_EDGE('',*,*,#1885,.T.);
#2560=ORIENTED_EDGE('',*,*,#1886,.T.);
#2561=ORIENTED_EDGE('',*,*,#1619,.T.);
#2562=ORIENTED_EDGE('',*,*,#1830,.T.);
#2563=ORIENTED_EDGE('',*,*,#1648,.T.);
#2564=ORIENTED_EDGE('',*,*,#1846,.F.);
#2565=ORIENTED_EDGE('',*,*,#1887,.T.);
#2566=ORIENTED_EDGE('',*,*,#1661,.F.);
#2567=ORIENTED_EDGE('',*,*,#1888,.F.);
#2568=ORIENTED_EDGE('',*,*,#1889,.T.);
#2569=ORIENTED_EDGE('',*,*,#1643,.T.);
#2570=ORIENTED_EDGE('',*,*,#1647,.T.);
#2571=ORIENTED_EDGE('',*,*,#1890,.T.);
#2572=ORIENTED_EDGE('',*,*,#1605,.T.);
#2573=ORIENTED_EDGE('',*,*,#1609,.T.);
#2574=ORIENTED_EDGE('',*,*,#1891,.T.);
#2575=ORIENTED_EDGE('',*,*,#1892,.T.);
#2576=ORIENTED_EDGE('',*,*,#1635,.T.);
#2577=ORIENTED_EDGE('',*,*,#1832,.T.);
#2578=ORIENTED_EDGE('',*,*,#1632,.T.);
#2579=ORIENTED_EDGE('',*,*,#1892,.F.);
#2580=ORIENTED_EDGE('',*,*,#1893,.T.);
#2581=ORIENTED_EDGE('',*,*,#1645,.F.);
#2582=ORIENTED_EDGE('',*,*,#1621,.T.);
#2583=ORIENTED_EDGE('',*,*,#1625,.T.);
#2584=ORIENTED_EDGE('',*,*,#1894,.T.);
#2585=ORIENTED_EDGE('',*,*,#1895,.T.);
#2586=ORIENTED_EDGE('',*,*,#1603,.T.);
#2587=ORIENTED_EDGE('',*,*,#1831,.T.);
#2588=ORIENTED_EDGE('',*,*,#1616,.T.);
#2589=ORIENTED_EDGE('',*,*,#1886,.F.);
#2590=ORIENTED_EDGE('',*,*,#1896,.T.);
#2591=ORIENTED_EDGE('',*,*,#1629,.F.);
#2592=ORIENTED_EDGE('',*,*,#1600,.T.);
#2593=ORIENTED_EDGE('',*,*,#1895,.F.);
#2594=ORIENTED_EDGE('',*,*,#1897,.T.);
#2595=ORIENTED_EDGE('',*,*,#1613,.F.);
#2596=ORIENTED_EDGE('',*,*,#1898,.T.);
#2597=ORIENTED_EDGE('',*,*,#1899,.T.);
#2598=ORIENTED_EDGE('',*,*,#1900,.T.);
#2599=ORIENTED_EDGE('',*,*,#1901,.T.);
#2600=ORIENTED_EDGE('',*,*,#1902,.T.);
#2601=ORIENTED_EDGE('',*,*,#1903,.T.);
#2602=ORIENTED_EDGE('',*,*,#1904,.T.);
#2603=ORIENTED_EDGE('',*,*,#1905,.T.);
#2604=ORIENTED_EDGE('',*,*,#1906,.T.);
#2605=ORIENTED_EDGE('',*,*,#1823,.T.);
#2606=ORIENTED_EDGE('',*,*,#1820,.T.);
#2607=ORIENTED_EDGE('',*,*,#1817,.T.);
#2608=ORIENTED_EDGE('',*,*,#1907,.F.);
#2609=ORIENTED_EDGE('',*,*,#1908,.F.);
#2610=ORIENTED_EDGE('',*,*,#1810,.T.);
#2611=ORIENTED_EDGE('',*,*,#1909,.F.);
#2612=ORIENTED_EDGE('',*,*,#1910,.F.);
#2613=ORIENTED_EDGE('',*,*,#1911,.F.);
#2614=ORIENTED_EDGE('',*,*,#1813,.T.);
#2615=ORIENTED_EDGE('',*,*,#1912,.F.);
#2616=ORIENTED_EDGE('',*,*,#1814,.T.);
#2617=ORIENTED_EDGE('',*,*,#1911,.T.);
#2618=ORIENTED_EDGE('',*,*,#1913,.T.);
#2619=ORIENTED_EDGE('',*,*,#1914,.F.);
#2620=ORIENTED_EDGE('',*,*,#1913,.F.);
#2621=ORIENTED_EDGE('',*,*,#1910,.T.);
#2622=ORIENTED_EDGE('',*,*,#1915,.T.);
#2623=ORIENTED_EDGE('',*,*,#1907,.T.);
#2624=ORIENTED_EDGE('',*,*,#1816,.T.);
#2625=ORIENTED_EDGE('',*,*,#1916,.F.);
#2626=ORIENTED_EDGE('',*,*,#1917,.F.);
#2627=ORIENTED_EDGE('',*,*,#1898,.F.);
#2628=ORIENTED_EDGE('',*,*,#1918,.F.);
#2629=ORIENTED_EDGE('',*,*,#1919,.F.);
#2630=ORIENTED_EDGE('',*,*,#1915,.F.);
#2631=ORIENTED_EDGE('',*,*,#1909,.T.);
#2632=ORIENTED_EDGE('',*,*,#1920,.F.);
#2633=ORIENTED_EDGE('',*,*,#1918,.T.);
#2634=ORIENTED_EDGE('',*,*,#1908,.T.);
#2635=ORIENTED_EDGE('',*,*,#1921,.F.);
#2636=ORIENTED_EDGE('',*,*,#1919,.T.);
#2637=ORIENTED_EDGE('',*,*,#1920,.T.);
#2638=ORIENTED_EDGE('',*,*,#1812,.T.);
#2639=ORIENTED_EDGE('',*,*,#1724,.F.);
#2640=ORIENTED_EDGE('',*,*,#1922,.T.);
#2641=ORIENTED_EDGE('',*,*,#1923,.T.);
#2642=ORIENTED_EDGE('',*,*,#1924,.F.);
#2643=ORIENTED_EDGE('',*,*,#1720,.F.);
#2644=ORIENTED_EDGE('',*,*,#1869,.F.);
#2645=ORIENTED_EDGE('',*,*,#1924,.T.);
#2646=ORIENTED_EDGE('',*,*,#1925,.T.);
#2647=ORIENTED_EDGE('',*,*,#1926,.F.);
#2648=ORIENTED_EDGE('',*,*,#1686,.F.);
#2649=ORIENTED_EDGE('',*,*,#1926,.T.);
#2650=ORIENTED_EDGE('',*,*,#1927,.T.);
#2651=ORIENTED_EDGE('',*,*,#1928,.F.);
#2652=ORIENTED_EDGE('',*,*,#1682,.F.);
#2653=ORIENTED_EDGE('',*,*,#1756,.F.);
#2654=ORIENTED_EDGE('',*,*,#1929,.T.);
#2655=ORIENTED_EDGE('',*,*,#1930,.T.);
#2656=ORIENTED_EDGE('',*,*,#1931,.F.);
#2657=ORIENTED_EDGE('',*,*,#1752,.F.);
#2658=ORIENTED_EDGE('',*,*,#1863,.F.);
#2659=ORIENTED_EDGE('',*,*,#1931,.T.);
#2660=ORIENTED_EDGE('',*,*,#1932,.T.);
#2661=ORIENTED_EDGE('',*,*,#1933,.F.);
#2662=ORIENTED_EDGE('',*,*,#1870,.F.);
#2663=ORIENTED_EDGE('',*,*,#1933,.T.);
#2664=ORIENTED_EDGE('',*,*,#1934,.T.);
#2665=ORIENTED_EDGE('',*,*,#1935,.F.);
#2666=ORIENTED_EDGE('',*,*,#1726,.F.);
#2667=ORIENTED_EDGE('',*,*,#1859,.F.);
#2668=ORIENTED_EDGE('',*,*,#1936,.T.);
#2669=ORIENTED_EDGE('',*,*,#1937,.T.);
#2670=ORIENTED_EDGE('',*,*,#1938,.F.);
#2671=ORIENTED_EDGE('',*,*,#1790,.F.);
#2672=ORIENTED_EDGE('',*,*,#1856,.F.);
#2673=ORIENTED_EDGE('',*,*,#1938,.T.);
#2674=ORIENTED_EDGE('',*,*,#1939,.T.);
#2675=ORIENTED_EDGE('',*,*,#1940,.F.);
#2676=ORIENTED_EDGE('',*,*,#1865,.F.);
#2677=ORIENTED_EDGE('',*,*,#1940,.T.);
#2678=ORIENTED_EDGE('',*,*,#1941,.T.);
#2679=ORIENTED_EDGE('',*,*,#1942,.F.);
#2680=ORIENTED_EDGE('',*,*,#1758,.F.);
#2681=ORIENTED_EDGE('',*,*,#1943,.F.);
#2682=ORIENTED_EDGE('',*,*,#1944,.F.);
#2683=ORIENTED_EDGE('',*,*,#1945,.F.);
#2684=ORIENTED_EDGE('',*,*,#1946,.F.);
#2685=ORIENTED_EDGE('',*,*,#1947,.F.);
#2686=ORIENTED_EDGE('',*,*,#1948,.F.);
#2687=ORIENTED_EDGE('',*,*,#1878,.F.);
#2688=ORIENTED_EDGE('',*,*,#1949,.T.);
#2689=ORIENTED_EDGE('',*,*,#1947,.T.);
#2690=ORIENTED_EDGE('',*,*,#1950,.F.);
#2691=ORIENTED_EDGE('',*,*,#1694,.F.);
#2692=ORIENTED_EDGE('',*,*,#1877,.F.);
#2693=ORIENTED_EDGE('',*,*,#1950,.T.);
#2694=ORIENTED_EDGE('',*,*,#1946,.T.);
#2695=ORIENTED_EDGE('',*,*,#1951,.F.);
#2696=ORIENTED_EDGE('',*,*,#1654,.F.);
#2697=ORIENTED_EDGE('',*,*,#1951,.T.);
#2698=ORIENTED_EDGE('',*,*,#1945,.T.);
#2699=ORIENTED_EDGE('',*,*,#1952,.F.);
#2700=ORIENTED_EDGE('',*,*,#1650,.F.);
#2701=ORIENTED_EDGE('',*,*,#1953,.F.);
#2702=ORIENTED_EDGE('',*,*,#1847,.F.);
#2703=ORIENTED_EDGE('',*,*,#1952,.T.);
#2704=ORIENTED_EDGE('',*,*,#1944,.T.);
#2705=ORIENTED_EDGE('',*,*,#1954,.F.);
#2706=ORIENTED_EDGE('',*,*,#1948,.T.);
#2707=ORIENTED_EDGE('',*,*,#1949,.F.);
#2708=ORIENTED_EDGE('',*,*,#1849,.F.);
#2709=ORIENTED_EDGE('',*,*,#1955,.F.);
#2710=ORIENTED_EDGE('',*,*,#1956,.F.);
#2711=ORIENTED_EDGE('',*,*,#1957,.F.);
#2712=ORIENTED_EDGE('',*,*,#1958,.F.);
#2713=ORIENTED_EDGE('',*,*,#1959,.F.);
#2714=ORIENTED_EDGE('',*,*,#1960,.F.);
#2715=ORIENTED_EDGE('',*,*,#1887,.F.);
#2716=ORIENTED_EDGE('',*,*,#1961,.T.);
#2717=ORIENTED_EDGE('',*,*,#1959,.T.);
#2718=ORIENTED_EDGE('',*,*,#1962,.F.);
#2719=ORIENTED_EDGE('',*,*,#1662,.F.);
#2720=ORIENTED_EDGE('',*,*,#1885,.F.);
#2721=ORIENTED_EDGE('',*,*,#1962,.T.);
#2722=ORIENTED_EDGE('',*,*,#1958,.T.);
#2723=ORIENTED_EDGE('',*,*,#1963,.F.);
#2724=ORIENTED_EDGE('',*,*,#1896,.F.);
#2725=ORIENTED_EDGE('',*,*,#1963,.T.);
#2726=ORIENTED_EDGE('',*,*,#1957,.T.);
#2727=ORIENTED_EDGE('',*,*,#1964,.F.);
#2728=ORIENTED_EDGE('',*,*,#1630,.F.);
#2729=ORIENTED_EDGE('',*,*,#1965,.F.);
#2730=ORIENTED_EDGE('',*,*,#1843,.F.);
#2731=ORIENTED_EDGE('',*,*,#1964,.T.);
#2732=ORIENTED_EDGE('',*,*,#1956,.T.);
#2733=ORIENTED_EDGE('',*,*,#1966,.F.);
#2734=ORIENTED_EDGE('',*,*,#1960,.T.);
#2735=ORIENTED_EDGE('',*,*,#1961,.F.);
#2736=ORIENTED_EDGE('',*,*,#1845,.F.);
#2737=ORIENTED_EDGE('',*,*,#1967,.F.);
#2738=ORIENTED_EDGE('',*,*,#1968,.F.);
#2739=ORIENTED_EDGE('',*,*,#1969,.F.);
#2740=ORIENTED_EDGE('',*,*,#1970,.F.);
#2741=ORIENTED_EDGE('',*,*,#1971,.F.);
#2742=ORIENTED_EDGE('',*,*,#1972,.F.);
#2743=ORIENTED_EDGE('',*,*,#1628,.F.);
#2744=ORIENTED_EDGE('',*,*,#1973,.T.);
#2745=ORIENTED_EDGE('',*,*,#1971,.T.);
#2746=ORIENTED_EDGE('',*,*,#1974,.F.);
#2747=ORIENTED_EDGE('',*,*,#1624,.F.);
#2748=ORIENTED_EDGE('',*,*,#1894,.F.);
#2749=ORIENTED_EDGE('',*,*,#1974,.T.);
#2750=ORIENTED_EDGE('',*,*,#1970,.T.);
#2751=ORIENTED_EDGE('',*,*,#1975,.F.);
#2752=ORIENTED_EDGE('',*,*,#1897,.F.);
#2753=ORIENTED_EDGE('',*,*,#1975,.T.);
#2754=ORIENTED_EDGE('',*,*,#1969,.T.);
#2755=ORIENTED_EDGE('',*,*,#1976,.F.);
#2756=ORIENTED_EDGE('',*,*,#1614,.F.);
#2757=ORIENTED_EDGE('',*,*,#1977,.F.);
#2758=ORIENTED_EDGE('',*,*,#1840,.F.);
#2759=ORIENTED_EDGE('',*,*,#1976,.T.);
#2760=ORIENTED_EDGE('',*,*,#1968,.T.);
#2761=ORIENTED_EDGE('',*,*,#1978,.F.);
#2762=ORIENTED_EDGE('',*,*,#1972,.T.);
#2763=ORIENTED_EDGE('',*,*,#1973,.F.);
#2764=ORIENTED_EDGE('',*,*,#1842,.F.);
#2765=ORIENTED_EDGE('',*,*,#1979,.F.);
#2766=ORIENTED_EDGE('',*,*,#1980,.F.);
#2767=ORIENTED_EDGE('',*,*,#1981,.F.);
#2768=ORIENTED_EDGE('',*,*,#1982,.F.);
#2769=ORIENTED_EDGE('',*,*,#1983,.F.);
#2770=ORIENTED_EDGE('',*,*,#1984,.F.);
#2771=ORIENTED_EDGE('',*,*,#1893,.F.);
#2772=ORIENTED_EDGE('',*,*,#1985,.T.);
#2773=ORIENTED_EDGE('',*,*,#1981,.T.);
#2774=ORIENTED_EDGE('',*,*,#1986,.F.);
#2775=ORIENTED_EDGE('',*,*,#1646,.F.);
#2776=ORIENTED_EDGE('',*,*,#1987,.F.);
#2777=ORIENTED_EDGE('',*,*,#1890,.F.);
#2778=ORIENTED_EDGE('',*,*,#1986,.T.);
#2779=ORIENTED_EDGE('',*,*,#1980,.T.);
#2780=ORIENTED_EDGE('',*,*,#1988,.F.);
#2781=ORIENTED_EDGE('',*,*,#1984,.T.);
#2782=ORIENTED_EDGE('',*,*,#1989,.F.);
#2783=ORIENTED_EDGE('',*,*,#1839,.F.);
#2784=ORIENTED_EDGE('',*,*,#1612,.F.);
#2785=ORIENTED_EDGE('',*,*,#1989,.T.);
#2786=ORIENTED_EDGE('',*,*,#1983,.T.);
#2787=ORIENTED_EDGE('',*,*,#1990,.F.);
#2788=ORIENTED_EDGE('',*,*,#1608,.F.);
#2789=ORIENTED_EDGE('',*,*,#1891,.F.);
#2790=ORIENTED_EDGE('',*,*,#1990,.T.);
#2791=ORIENTED_EDGE('',*,*,#1982,.T.);
#2792=ORIENTED_EDGE('',*,*,#1985,.F.);
#2793=ORIENTED_EDGE('',*,*,#1991,.F.);
#2794=ORIENTED_EDGE('',*,*,#1992,.F.);
#2795=ORIENTED_EDGE('',*,*,#1993,.F.);
#2796=ORIENTED_EDGE('',*,*,#1994,.F.);
#2797=ORIENTED_EDGE('',*,*,#1995,.F.);
#2798=ORIENTED_EDGE('',*,*,#1996,.F.);
#2799=ORIENTED_EDGE('',*,*,#1884,.F.);
#2800=ORIENTED_EDGE('',*,*,#1997,.T.);
#2801=ORIENTED_EDGE('',*,*,#1993,.T.);
#2802=ORIENTED_EDGE('',*,*,#1998,.F.);
#2803=ORIENTED_EDGE('',*,*,#1678,.F.);
#2804=ORIENTED_EDGE('',*,*,#1999,.F.);
#2805=ORIENTED_EDGE('',*,*,#1881,.F.);
#2806=ORIENTED_EDGE('',*,*,#1998,.T.);
#2807=ORIENTED_EDGE('',*,*,#1992,.T.);
#2808=ORIENTED_EDGE('',*,*,#2000,.F.);
#2809=ORIENTED_EDGE('',*,*,#1996,.T.);
#2810=ORIENTED_EDGE('',*,*,#2001,.F.);
#2811=ORIENTED_EDGE('',*,*,#1889,.F.);
#2812=ORIENTED_EDGE('',*,*,#1644,.F.);
#2813=ORIENTED_EDGE('',*,*,#2001,.T.);
#2814=ORIENTED_EDGE('',*,*,#1995,.T.);
#2815=ORIENTED_EDGE('',*,*,#2002,.F.);
#2816=ORIENTED_EDGE('',*,*,#1640,.F.);
#2817=ORIENTED_EDGE('',*,*,#1882,.F.);
#2818=ORIENTED_EDGE('',*,*,#2002,.T.);
#2819=ORIENTED_EDGE('',*,*,#1994,.T.);
#2820=ORIENTED_EDGE('',*,*,#1997,.F.);
#2821=ORIENTED_EDGE('',*,*,#2003,.F.);
#2822=ORIENTED_EDGE('',*,*,#2004,.F.);
#2823=ORIENTED_EDGE('',*,*,#2005,.F.);
#2824=ORIENTED_EDGE('',*,*,#2006,.F.);
#2825=ORIENTED_EDGE('',*,*,#2007,.F.);
#2826=ORIENTED_EDGE('',*,*,#2008,.F.);
#2827=ORIENTED_EDGE('',*,*,#1702,.F.);
#2828=ORIENTED_EDGE('',*,*,#2009,.T.);
#2829=ORIENTED_EDGE('',*,*,#2005,.T.);
#2830=ORIENTED_EDGE('',*,*,#2010,.F.);
#2831=ORIENTED_EDGE('',*,*,#1698,.F.);
#2832=ORIENTED_EDGE('',*,*,#2011,.F.);
#2833=ORIENTED_EDGE('',*,*,#1874,.F.);
#2834=ORIENTED_EDGE('',*,*,#2010,.T.);
#2835=ORIENTED_EDGE('',*,*,#2004,.T.);
#2836=ORIENTED_EDGE('',*,*,#2012,.F.);
#2837=ORIENTED_EDGE('',*,*,#2008,.T.);
#2838=ORIENTED_EDGE('',*,*,#2013,.F.);
#2839=ORIENTED_EDGE('',*,*,#1880,.F.);
#2840=ORIENTED_EDGE('',*,*,#1676,.F.);
#2841=ORIENTED_EDGE('',*,*,#2013,.T.);
#2842=ORIENTED_EDGE('',*,*,#2007,.T.);
#2843=ORIENTED_EDGE('',*,*,#2014,.F.);
#2844=ORIENTED_EDGE('',*,*,#1672,.F.);
#2845=ORIENTED_EDGE('',*,*,#1875,.F.);
#2846=ORIENTED_EDGE('',*,*,#2014,.T.);
#2847=ORIENTED_EDGE('',*,*,#2006,.T.);
#2848=ORIENTED_EDGE('',*,*,#2009,.F.);
#2849=ORIENTED_EDGE('',*,*,#1868,.F.);
#2850=ORIENTED_EDGE('',*,*,#2015,.T.);
#2851=ORIENTED_EDGE('',*,*,#2016,.T.);
#2852=ORIENTED_EDGE('',*,*,#2017,.F.);
#2853=ORIENTED_EDGE('',*,*,#1742,.F.);
#2854=ORIENTED_EDGE('',*,*,#2018,.F.);
#2855=ORIENTED_EDGE('',*,*,#2019,.T.);
#2856=ORIENTED_EDGE('',*,*,#2020,.F.);
#2857=ORIENTED_EDGE('',*,*,#1872,.F.);
#2858=ORIENTED_EDGE('',*,*,#1876,.F.);
#2859=ORIENTED_EDGE('',*,*,#2020,.T.);
#2860=ORIENTED_EDGE('',*,*,#2021,.T.);
#2861=ORIENTED_EDGE('',*,*,#2022,.F.);
#2862=ORIENTED_EDGE('',*,*,#1710,.F.);
#2863=ORIENTED_EDGE('',*,*,#1866,.F.);
#2864=ORIENTED_EDGE('',*,*,#2022,.T.);
#2865=ORIENTED_EDGE('',*,*,#2023,.T.);
#2866=ORIENTED_EDGE('',*,*,#2015,.F.);
#2867=ORIENTED_EDGE('',*,*,#1862,.F.);
#2868=ORIENTED_EDGE('',*,*,#2024,.T.);
#2869=ORIENTED_EDGE('',*,*,#2025,.T.);
#2870=ORIENTED_EDGE('',*,*,#2026,.F.);
#2871=ORIENTED_EDGE('',*,*,#1774,.F.);
#2872=ORIENTED_EDGE('',*,*,#1740,.F.);
#2873=ORIENTED_EDGE('',*,*,#2027,.T.);
#2874=ORIENTED_EDGE('',*,*,#2028,.T.);
#2875=ORIENTED_EDGE('',*,*,#2029,.F.);
#2876=ORIENTED_EDGE('',*,*,#1736,.F.);
#2877=ORIENTED_EDGE('',*,*,#1860,.F.);
#2878=ORIENTED_EDGE('',*,*,#2029,.T.);
#2879=ORIENTED_EDGE('',*,*,#2030,.T.);
#2880=ORIENTED_EDGE('',*,*,#2024,.F.);
#2881=ORIENTED_EDGE('',*,*,#1855,.F.);
#2882=ORIENTED_EDGE('',*,*,#2031,.T.);
#2883=ORIENTED_EDGE('',*,*,#2032,.T.);
#2884=ORIENTED_EDGE('',*,*,#2033,.F.);
#2885=ORIENTED_EDGE('',*,*,#1806,.F.);
#2886=ORIENTED_EDGE('',*,*,#1772,.F.);
#2887=ORIENTED_EDGE('',*,*,#2034,.T.);
#2888=ORIENTED_EDGE('',*,*,#2035,.T.);
#2889=ORIENTED_EDGE('',*,*,#2036,.F.);
#2890=ORIENTED_EDGE('',*,*,#1768,.F.);
#2891=ORIENTED_EDGE('',*,*,#1852,.F.);
#2892=ORIENTED_EDGE('',*,*,#2036,.T.);
#2893=ORIENTED_EDGE('',*,*,#2037,.T.);
#2894=ORIENTED_EDGE('',*,*,#2031,.F.);
#2895=ORIENTED_EDGE('',*,*,#1804,.F.);
#2896=ORIENTED_EDGE('',*,*,#2038,.T.);
#2897=ORIENTED_EDGE('',*,*,#2039,.T.);
#2898=ORIENTED_EDGE('',*,*,#2040,.F.);
#2899=ORIENTED_EDGE('',*,*,#1800,.F.);
#2900=ORIENTED_EDGE('',*,*,#1854,.F.);
#2901=ORIENTED_EDGE('',*,*,#2040,.T.);
#2902=ORIENTED_EDGE('',*,*,#2041,.T.);
#2903=ORIENTED_EDGE('',*,*,#2042,.F.);
#2904=ORIENTED_EDGE('',*,*,#1782,.F.);
#2905=ORIENTED_EDGE('',*,*,#2042,.T.);
#2906=ORIENTED_EDGE('',*,*,#2043,.T.);
#2907=ORIENTED_EDGE('',*,*,#2044,.F.);
#2908=ORIENTED_EDGE('',*,*,#1778,.F.);
#2909=ORIENTED_EDGE('',*,*,#2045,.F.);
#2910=ORIENTED_EDGE('',*,*,#1824,.F.);
#2911=ORIENTED_EDGE('',*,*,#1906,.F.);
#2912=ORIENTED_EDGE('',*,*,#2046,.F.);
#2913=ORIENTED_EDGE('',*,*,#2047,.F.);
#2914=ORIENTED_EDGE('',*,*,#2046,.T.);
#2915=ORIENTED_EDGE('',*,*,#1905,.F.);
#2916=ORIENTED_EDGE('',*,*,#2048,.T.);
#2917=ORIENTED_EDGE('',*,*,#2049,.F.);
#2918=ORIENTED_EDGE('',*,*,#2048,.F.);
#2919=ORIENTED_EDGE('',*,*,#1904,.F.);
#2920=ORIENTED_EDGE('',*,*,#2050,.T.);
#2921=ORIENTED_EDGE('',*,*,#2051,.F.);
#2922=ORIENTED_EDGE('',*,*,#2050,.F.);
#2923=ORIENTED_EDGE('',*,*,#1903,.F.);
#2924=ORIENTED_EDGE('',*,*,#2052,.T.);
#2925=ORIENTED_EDGE('',*,*,#2053,.F.);
#2926=ORIENTED_EDGE('',*,*,#2052,.F.);
#2927=ORIENTED_EDGE('',*,*,#1902,.F.);
#2928=ORIENTED_EDGE('',*,*,#2054,.T.);
#2929=ORIENTED_EDGE('',*,*,#2055,.F.);
#2930=ORIENTED_EDGE('',*,*,#2054,.F.);
#2931=ORIENTED_EDGE('',*,*,#1901,.F.);
#2932=ORIENTED_EDGE('',*,*,#2056,.T.);
#2933=ORIENTED_EDGE('',*,*,#2057,.F.);
#2934=ORIENTED_EDGE('',*,*,#2056,.F.);
#2935=ORIENTED_EDGE('',*,*,#1900,.F.);
#2936=ORIENTED_EDGE('',*,*,#2058,.T.);
#2937=ORIENTED_EDGE('',*,*,#2059,.F.);
#2938=ORIENTED_EDGE('',*,*,#2058,.F.);
#2939=ORIENTED_EDGE('',*,*,#1899,.F.);
#2940=ORIENTED_EDGE('',*,*,#1917,.T.);
#2941=ORIENTED_EDGE('',*,*,#2060,.F.);
#2942=ORIENTED_EDGE('',*,*,#1851,.F.);
#2943=ORIENTED_EDGE('',*,*,#1928,.T.);
#2944=ORIENTED_EDGE('',*,*,#2061,.T.);
#2945=ORIENTED_EDGE('',*,*,#2062,.F.);
#2946=ORIENTED_EDGE('',*,*,#2061,.F.);
#2947=ORIENTED_EDGE('',*,*,#1927,.F.);
#2948=ORIENTED_EDGE('',*,*,#1925,.F.);
#2949=ORIENTED_EDGE('',*,*,#1923,.F.);
#2950=ORIENTED_EDGE('',*,*,#2063,.F.);
#2951=ORIENTED_EDGE('',*,*,#2064,.F.);
#2952=ORIENTED_EDGE('',*,*,#2063,.T.);
#2953=ORIENTED_EDGE('',*,*,#1922,.F.);
#2954=ORIENTED_EDGE('',*,*,#2065,.F.);
#2955=ORIENTED_EDGE('',*,*,#2066,.F.);
#2956=ORIENTED_EDGE('',*,*,#2065,.T.);
#2957=ORIENTED_EDGE('',*,*,#1723,.T.);
#2958=ORIENTED_EDGE('',*,*,#1727,.T.);
#2959=ORIENTED_EDGE('',*,*,#2067,.T.);
#2960=ORIENTED_EDGE('',*,*,#2068,.F.);
#2961=ORIENTED_EDGE('',*,*,#2067,.F.);
#2962=ORIENTED_EDGE('',*,*,#1935,.T.);
#2963=ORIENTED_EDGE('',*,*,#2069,.T.);
#2964=ORIENTED_EDGE('',*,*,#2070,.F.);
#2965=ORIENTED_EDGE('',*,*,#2069,.F.);
#2966=ORIENTED_EDGE('',*,*,#1934,.F.);
#2967=ORIENTED_EDGE('',*,*,#1932,.F.);
#2968=ORIENTED_EDGE('',*,*,#1930,.F.);
#2969=ORIENTED_EDGE('',*,*,#2071,.F.);
#2970=ORIENTED_EDGE('',*,*,#2072,.F.);
#2971=ORIENTED_EDGE('',*,*,#2071,.T.);
#2972=ORIENTED_EDGE('',*,*,#1929,.F.);
#2973=ORIENTED_EDGE('',*,*,#2073,.F.);
#2974=ORIENTED_EDGE('',*,*,#2074,.F.);
#2975=ORIENTED_EDGE('',*,*,#2073,.T.);
#2976=ORIENTED_EDGE('',*,*,#1755,.T.);
#2977=ORIENTED_EDGE('',*,*,#1759,.T.);
#2978=ORIENTED_EDGE('',*,*,#2075,.T.);
#2979=ORIENTED_EDGE('',*,*,#2076,.F.);
#2980=ORIENTED_EDGE('',*,*,#2075,.F.);
#2981=ORIENTED_EDGE('',*,*,#1942,.T.);
#2982=ORIENTED_EDGE('',*,*,#2077,.T.);
#2983=ORIENTED_EDGE('',*,*,#2078,.F.);
#2984=ORIENTED_EDGE('',*,*,#2077,.F.);
#2985=ORIENTED_EDGE('',*,*,#1941,.F.);
#2986=ORIENTED_EDGE('',*,*,#1939,.F.);
#2987=ORIENTED_EDGE('',*,*,#1937,.F.);
#2988=ORIENTED_EDGE('',*,*,#2079,.F.);
#2989=ORIENTED_EDGE('',*,*,#2080,.F.);
#2990=ORIENTED_EDGE('',*,*,#2079,.T.);
#2991=ORIENTED_EDGE('',*,*,#1936,.F.);
#2992=ORIENTED_EDGE('',*,*,#2081,.F.);
#2993=ORIENTED_EDGE('',*,*,#2082,.F.);
#2994=ORIENTED_EDGE('',*,*,#2081,.T.);
#2995=ORIENTED_EDGE('',*,*,#1858,.T.);
#2996=ORIENTED_EDGE('',*,*,#1779,.T.);
#2997=ORIENTED_EDGE('',*,*,#2083,.T.);
#2998=ORIENTED_EDGE('',*,*,#2084,.F.);
#2999=ORIENTED_EDGE('',*,*,#2083,.F.);
#3000=ORIENTED_EDGE('',*,*,#2044,.T.);
#3001=ORIENTED_EDGE('',*,*,#2085,.T.);
#3002=ORIENTED_EDGE('',*,*,#2086,.F.);
#3003=ORIENTED_EDGE('',*,*,#2085,.F.);
#3004=ORIENTED_EDGE('',*,*,#2043,.F.);
#3005=ORIENTED_EDGE('',*,*,#2041,.F.);
#3006=ORIENTED_EDGE('',*,*,#2039,.F.);
#3007=ORIENTED_EDGE('',*,*,#2087,.F.);
#3008=ORIENTED_EDGE('',*,*,#2088,.F.);
#3009=ORIENTED_EDGE('',*,*,#2087,.T.);
#3010=ORIENTED_EDGE('',*,*,#2038,.F.);
#3011=ORIENTED_EDGE('',*,*,#2089,.F.);
#3012=ORIENTED_EDGE('',*,*,#2090,.F.);
#3013=ORIENTED_EDGE('',*,*,#2089,.T.);
#3014=ORIENTED_EDGE('',*,*,#1803,.T.);
#3015=ORIENTED_EDGE('',*,*,#1807,.T.);
#3016=ORIENTED_EDGE('',*,*,#2091,.T.);
#3017=ORIENTED_EDGE('',*,*,#2092,.F.);
#3018=ORIENTED_EDGE('',*,*,#2091,.F.);
#3019=ORIENTED_EDGE('',*,*,#2033,.T.);
#3020=ORIENTED_EDGE('',*,*,#2093,.T.);
#3021=ORIENTED_EDGE('',*,*,#2094,.F.);
#3022=ORIENTED_EDGE('',*,*,#2093,.F.);
#3023=ORIENTED_EDGE('',*,*,#2032,.F.);
#3024=ORIENTED_EDGE('',*,*,#2037,.F.);
#3025=ORIENTED_EDGE('',*,*,#2035,.F.);
#3026=ORIENTED_EDGE('',*,*,#2095,.F.);
#3027=ORIENTED_EDGE('',*,*,#2096,.F.);
#3028=ORIENTED_EDGE('',*,*,#2095,.T.);
#3029=ORIENTED_EDGE('',*,*,#2034,.F.);
#3030=ORIENTED_EDGE('',*,*,#2097,.F.);
#3031=ORIENTED_EDGE('',*,*,#2098,.F.);
#3032=ORIENTED_EDGE('',*,*,#2097,.T.);
#3033=ORIENTED_EDGE('',*,*,#1771,.T.);
#3034=ORIENTED_EDGE('',*,*,#1775,.T.);
#3035=ORIENTED_EDGE('',*,*,#2099,.T.);
#3036=ORIENTED_EDGE('',*,*,#2100,.F.);
#3037=ORIENTED_EDGE('',*,*,#2099,.F.);
#3038=ORIENTED_EDGE('',*,*,#2026,.T.);
#3039=ORIENTED_EDGE('',*,*,#2101,.T.);
#3040=ORIENTED_EDGE('',*,*,#2102,.F.);
#3041=ORIENTED_EDGE('',*,*,#2101,.F.);
#3042=ORIENTED_EDGE('',*,*,#2025,.F.);
#3043=ORIENTED_EDGE('',*,*,#2030,.F.);
#3044=ORIENTED_EDGE('',*,*,#2028,.F.);
#3045=ORIENTED_EDGE('',*,*,#2103,.F.);
#3046=ORIENTED_EDGE('',*,*,#2104,.F.);
#3047=ORIENTED_EDGE('',*,*,#2103,.T.);
#3048=ORIENTED_EDGE('',*,*,#2027,.F.);
#3049=ORIENTED_EDGE('',*,*,#2105,.F.);
#3050=ORIENTED_EDGE('',*,*,#2106,.F.);
#3051=ORIENTED_EDGE('',*,*,#2105,.T.);
#3052=ORIENTED_EDGE('',*,*,#1739,.T.);
#3053=ORIENTED_EDGE('',*,*,#1743,.T.);
#3054=ORIENTED_EDGE('',*,*,#2107,.T.);
#3055=ORIENTED_EDGE('',*,*,#2108,.F.);
#3056=ORIENTED_EDGE('',*,*,#2107,.F.);
#3057=ORIENTED_EDGE('',*,*,#2017,.T.);
#3058=ORIENTED_EDGE('',*,*,#2109,.T.);
#3059=ORIENTED_EDGE('',*,*,#2110,.F.);
#3060=ORIENTED_EDGE('',*,*,#2109,.F.);
#3061=ORIENTED_EDGE('',*,*,#2016,.F.);
#3062=ORIENTED_EDGE('',*,*,#2023,.F.);
#3063=ORIENTED_EDGE('',*,*,#2021,.F.);
#3064=ORIENTED_EDGE('',*,*,#2019,.F.);
#3065=ORIENTED_EDGE('',*,*,#2060,.T.);
#3066=ORIENTED_EDGE('',*,*,#2062,.T.);
#3067=ORIENTED_EDGE('',*,*,#2064,.T.);
#3068=ORIENTED_EDGE('',*,*,#2066,.T.);
#3069=ORIENTED_EDGE('',*,*,#2068,.T.);
#3070=ORIENTED_EDGE('',*,*,#2070,.T.);
#3071=ORIENTED_EDGE('',*,*,#2072,.T.);
#3072=ORIENTED_EDGE('',*,*,#2074,.T.);
#3073=ORIENTED_EDGE('',*,*,#2076,.T.);
#3074=ORIENTED_EDGE('',*,*,#2078,.T.);
#3075=ORIENTED_EDGE('',*,*,#2080,.T.);
#3076=ORIENTED_EDGE('',*,*,#2082,.T.);
#3077=ORIENTED_EDGE('',*,*,#2084,.T.);
#3078=ORIENTED_EDGE('',*,*,#2086,.T.);
#3079=ORIENTED_EDGE('',*,*,#2088,.T.);
#3080=ORIENTED_EDGE('',*,*,#2090,.T.);
#3081=ORIENTED_EDGE('',*,*,#2092,.T.);
#3082=ORIENTED_EDGE('',*,*,#2094,.T.);
#3083=ORIENTED_EDGE('',*,*,#2096,.T.);
#3084=ORIENTED_EDGE('',*,*,#2098,.T.);
#3085=ORIENTED_EDGE('',*,*,#2100,.T.);
#3086=ORIENTED_EDGE('',*,*,#2102,.T.);
#3087=ORIENTED_EDGE('',*,*,#2104,.T.);
#3088=ORIENTED_EDGE('',*,*,#2106,.T.);
#3089=ORIENTED_EDGE('',*,*,#2108,.T.);
#3090=ORIENTED_EDGE('',*,*,#2110,.T.);
#3091=ORIENTED_EDGE('',*,*,#2018,.T.);
#3092=ORIENTED_EDGE('',*,*,#1871,.T.);
#3093=ORIENTED_EDGE('',*,*,#2011,.T.);
#3094=ORIENTED_EDGE('',*,*,#2003,.T.);
#3095=ORIENTED_EDGE('',*,*,#2012,.T.);
#3096=ORIENTED_EDGE('',*,*,#1879,.T.);
#3097=ORIENTED_EDGE('',*,*,#1999,.T.);
#3098=ORIENTED_EDGE('',*,*,#1991,.T.);
#3099=ORIENTED_EDGE('',*,*,#2000,.T.);
#3100=ORIENTED_EDGE('',*,*,#1888,.T.);
#3101=ORIENTED_EDGE('',*,*,#1987,.T.);
#3102=ORIENTED_EDGE('',*,*,#1979,.T.);
#3103=ORIENTED_EDGE('',*,*,#1988,.T.);
#3104=ORIENTED_EDGE('',*,*,#1838,.T.);
#3105=ORIENTED_EDGE('',*,*,#1977,.T.);
#3106=ORIENTED_EDGE('',*,*,#1967,.T.);
#3107=ORIENTED_EDGE('',*,*,#1978,.T.);
#3108=ORIENTED_EDGE('',*,*,#1841,.T.);
#3109=ORIENTED_EDGE('',*,*,#1965,.T.);
#3110=ORIENTED_EDGE('',*,*,#1955,.T.);
#3111=ORIENTED_EDGE('',*,*,#1966,.T.);
#3112=ORIENTED_EDGE('',*,*,#1844,.T.);
#3113=ORIENTED_EDGE('',*,*,#1953,.T.);
#3114=ORIENTED_EDGE('',*,*,#1943,.T.);
#3115=ORIENTED_EDGE('',*,*,#1954,.T.);
#3116=ORIENTED_EDGE('',*,*,#1848,.T.);
#3117=ORIENTED_EDGE('',*,*,#2045,.T.);
#3118=ORIENTED_EDGE('',*,*,#2047,.T.);
#3119=ORIENTED_EDGE('',*,*,#2049,.T.);
#3120=ORIENTED_EDGE('',*,*,#2051,.T.);
#3121=ORIENTED_EDGE('',*,*,#2053,.T.);
#3122=ORIENTED_EDGE('',*,*,#2055,.T.);
#3123=ORIENTED_EDGE('',*,*,#2057,.T.);
#3124=ORIENTED_EDGE('',*,*,#2059,.T.);
#3125=ORIENTED_EDGE('',*,*,#1916,.T.);
#3126=ORIENTED_EDGE('',*,*,#1921,.T.);
#3127=ORIENTED_EDGE('',*,*,#1811,.T.);
#3128=ORIENTED_EDGE('',*,*,#1912,.T.);
#3129=ORIENTED_EDGE('',*,*,#1914,.T.);
#3130=ORIENTED_EDGE('',*,*,#1815,.T.);
#3131=ORIENTED_EDGE('',*,*,#1819,.T.);
#3132=ORIENTED_EDGE('',*,*,#1822,.T.);
#3133=B_SPLINE_SURFACE_WITH_KNOTS('',3,3,((#4601,#4602,#4603,#4604,#4605,
#4606),(#4607,#4608,#4609,#4610,#4611,#4612),(#4613,#4614,#4615,#4616,#4617,
#4618),(#4619,#4620,#4621,#4622,#4623,#4624),(#4625,#4626,#4627,#4628,#4629,
#4630),(#4631,#4632,#4633,#4634,#4635,#4636)),.UNSPECIFIED.,.F.,.F.,.F.,
(4,1,1,4),(4,1,1,4),(0.,0.333333333333333,0.666666666666667,1.),(0.,0.333333333333333,
0.666666666666667,1.),.UNSPECIFIED.);
#3134=B_SPLINE_SURFACE_WITH_KNOTS('',3,3,((#4655,#4656,#4657,#4658,#4659,
#4660),(#4661,#4662,#4663,#4664,#4665,#4666),(#4667,#4668,#4669,#4670,#4671,
#4672),(#4673,#4674,#4675,#4676,#4677,#4678),(#4679,#4680,#4681,#4682,#4683,
#4684),(#4685,#4686,#4687,#4688,#4689,#4690)),.UNSPECIFIED.,.F.,.F.,.F.,
(4,1,1,4),(4,1,1,4),(0.,0.333333333333333,0.666666666666667,1.),(0.,0.333333333333333,
0.666666666666667,1.),.UNSPECIFIED.);
#3135=B_SPLINE_SURFACE_WITH_KNOTS('',3,3,((#4701,#4702,#4703,#4704,#4705,
#4706),(#4707,#4708,#4709,#4710,#4711,#4712),(#4713,#4714,#4715,#4716,#4717,
#4718),(#4719,#4720,#4721,#4722,#4723,#4724),(#4725,#4726,#4727,#4728,#4729,
#4730),(#4731,#4732,#4733,#4734,#4735,#4736)),.UNSPECIFIED.,.F.,.F.,.F.,
(4,1,1,4),(4,1,1,4),(0.,0.333333333333333,0.666666666666667,1.),(0.,0.333333333333333,
0.666666666666667,1.),.UNSPECIFIED.);
#3136=B_SPLINE_SURFACE_WITH_KNOTS('',3,3,((#4747,#4748,#4749,#4750,#4751,
#4752),(#4753,#4754,#4755,#4756,#4757,#4758),(#4759,#4760,#4761,#4762,#4763,
#4764),(#4765,#4766,#4767,#4768,#4769,#4770),(#4771,#4772,#4773,#4774,#4775,
#4776),(#4777,#4778,#4779,#4780,#4781,#4782)),.UNSPECIFIED.,.F.,.F.,.F.,
(4,1,1,4),(4,1,1,4),(0.,0.333333333333333,0.666666666666667,1.),(0.,0.333333333333333,
0.666666666666667,1.),.UNSPECIFIED.);
#3137=B_SPLINE_SURFACE_WITH_KNOTS('',3,3,((#4793,#4794,#4795,#4796,#4797,
#4798),(#4799,#4800,#4801,#4802,#4803,#4804),(#4805,#4806,#4807,#4808,#4809,
#4810),(#4811,#4812,#4813,#4814,#4815,#4816),(#4817,#4818,#4819,#4820,#4821,
#4822),(#4823,#4824,#4825,#4826,#4827,#4828)),.UNSPECIFIED.,.F.,.F.,.F.,
(4,1,1,4),(4,1,1,4),(0.,0.333333333333333,0.666666666666667,1.),(0.,0.333333333333333,
0.666666666666667,1.),.UNSPECIFIED.);
#3138=B_SPLINE_SURFACE_WITH_KNOTS('',3,3,((#4839,#4840,#4841,#4842,#4843,
#4844),(#4845,#4846,#4847,#4848,#4849,#4850),(#4851,#4852,#4853,#4854,#4855,
#4856),(#4857,#4858,#4859,#4860,#4861,#4862),(#4863,#4864,#4865,#4866,#4867,
#4868),(#4869,#4870,#4871,#4872,#4873,#4874)),.UNSPECIFIED.,.F.,.F.,.F.,
(4,1,1,4),(4,1,1,4),(0.,0.333333333333333,0.666666666666667,1.),(0.,0.333333333333333,
0.666666666666667,1.),.UNSPECIFIED.);
#3139=B_SPLINE_SURFACE_WITH_KNOTS('',3,3,((#4893,#4894,#4895,#4896,#4897,
#4898),(#4899,#4900,#4901,#4902,#4903,#4904),(#4905,#4906,#4907,#4908,#4909,
#4910),(#4911,#4912,#4913,#4914,#4915,#4916),(#4917,#4918,#4919,#4920,#4921,
#4922),(#4923,#4924,#4925,#4926,#4927,#4928)),.UNSPECIFIED.,.F.,.F.,.F.,
(4,1,1,4),(4,1,1,4),(0.,0.333333333333333,0.666666666666667,1.),(0.,0.333333333333333,
0.666666666666667,1.),.UNSPECIFIED.);
#3140=B_SPLINE_SURFACE_WITH_KNOTS('',3,3,((#4939,#4940,#4941,#4942,#4943,
#4944),(#4945,#4946,#4947,#4948,#4949,#4950),(#4951,#4952,#4953,#4954,#4955,
#4956),(#4957,#4958,#4959,#4960,#4961,#4962),(#4963,#4964,#4965,#4966,#4967,
#4968),(#4969,#4970,#4971,#4972,#4973,#4974)),.UNSPECIFIED.,.F.,.F.,.F.,
(4,1,1,4),(4,1,1,4),(0.,0.333333333333333,0.666666666666667,1.),(0.,0.333333333333333,
0.666666666666667,1.),.UNSPECIFIED.);
#3141=B_SPLINE_SURFACE_WITH_KNOTS('',3,3,((#4985,#4986,#4987,#4988,#4989,
#4990),(#4991,#4992,#4993,#4994,#4995,#4996),(#4997,#4998,#4999,#5000,#5001,
#5002),(#5003,#5004,#5005,#5006,#5007,#5008),(#5009,#5010,#5011,#5012,#5013,
#5014),(#5015,#5016,#5017,#5018,#5019,#5020)),.UNSPECIFIED.,.F.,.F.,.F.,
(4,1,1,4),(4,1,1,4),(0.,0.333333333333333,0.666666666666667,1.),(0.,0.333333333333333,
0.666666666666667,1.),.UNSPECIFIED.);
#3142=B_SPLINE_SURFACE_WITH_KNOTS('',3,3,((#5031,#5032,#5033,#5034,#5035,
#5036),(#5037,#5038,#5039,#5040,#5041,#5042),(#5043,#5044,#5045,#5046,#5047,
#5048),(#5049,#5050,#5051,#5052,#5053,#5054),(#5055,#5056,#5057,#5058,#5059,
#5060),(#5061,#5062,#5063,#5064,#5065,#5066)),.UNSPECIFIED.,.F.,.F.,.F.,
(4,1,1,4),(4,1,1,4),(0.,0.333333333333333,0.666666666666667,1.),(0.,0.333333333333333,
0.666666666666667,1.),.UNSPECIFIED.);
#3143=B_SPLINE_SURFACE_WITH_KNOTS('',3,3,((#5077,#5078,#5079,#5080,#5081,
#5082),(#5083,#5084,#5085,#5086,#5087,#5088),(#5089,#5090,#5091,#5092,#5093,
#5094),(#5095,#5096,#5097,#5098,#5099,#5100),(#5101,#5102,#5103,#5104,#5105,
#5106),(#5107,#5108,#5109,#5110,#5111,#5112)),.UNSPECIFIED.,.F.,.F.,.F.,
(4,1,1,4),(4,1,1,4),(0.,0.333333333333333,0.666666666666667,1.),(0.,0.333333333333333,
0.666666666666667,1.),.UNSPECIFIED.);
#3144=B_SPLINE_SURFACE_WITH_KNOTS('',3,3,((#5131,#5132,#5133,#5134,#5135,
#5136),(#5137,#5138,#5139,#5140,#5141,#5142),(#5143,#5144,#5145,#5146,#5147,
#5148),(#5149,#5150,#5151,#5152,#5153,#5154),(#5155,#5156,#5157,#5158,#5159,
#5160),(#5161,#5162,#5163,#5164,#5165,#5166)),.UNSPECIFIED.,.F.,.F.,.F.,
(4,1,1,4),(4,1,1,4),(0.,0.333333333333333,0.666666666666667,1.),(0.,0.333333333333333,
0.666666666666667,1.),.UNSPECIFIED.);
#3145=B_SPLINE_SURFACE_WITH_KNOTS('',3,3,((#5177,#5178,#5179,#5180,#5181,
#5182),(#5183,#5184,#5185,#5186,#5187,#5188),(#5189,#5190,#5191,#5192,#5193,
#5194),(#5195,#5196,#5197,#5198,#5199,#5200),(#5201,#5202,#5203,#5204,#5205,
#5206),(#5207,#5208,#5209,#5210,#5211,#5212)),.UNSPECIFIED.,.F.,.F.,.F.,
(4,1,1,4),(4,1,1,4),(0.,0.333333333333333,0.666666666666667,1.),(0.,0.333333333333333,
0.666666666666667,1.),.UNSPECIFIED.);
#3146=B_SPLINE_SURFACE_WITH_KNOTS('',3,3,((#5223,#5224,#5225,#5226,#5227,
#5228),(#5229,#5230,#5231,#5232,#5233,#5234),(#5235,#5236,#5237,#5238,#5239,
#5240),(#5241,#5242,#5243,#5244,#5245,#5246),(#5247,#5248,#5249,#5250,#5251,
#5252),(#5253,#5254,#5255,#5256,#5257,#5258)),.UNSPECIFIED.,.F.,.F.,.F.,
(4,1,1,4),(4,1,1,4),(0.,0.333333333333333,0.666666666666667,1.),(0.,0.333333333333333,
0.666666666666667,1.),.UNSPECIFIED.);
#3147=B_SPLINE_SURFACE_WITH_KNOTS('',3,3,((#5269,#5270,#5271,#5272,#5273,
#5274),(#5275,#5276,#5277,#5278,#5279,#5280),(#5281,#5282,#5283,#5284,#5285,
#5286),(#5287,#5288,#5289,#5290,#5291,#5292),(#5293,#5294,#5295,#5296,#5297,
#5298),(#5299,#5300,#5301,#5302,#5303,#5304)),.UNSPECIFIED.,.F.,.F.,.F.,
(4,1,1,4),(4,1,1,4),(0.,0.333333333333333,0.666666666666667,1.),(0.,0.333333333333333,
0.666666666666667,1.),.UNSPECIFIED.);
#3148=B_SPLINE_SURFACE_WITH_KNOTS('',3,3,((#5315,#5316,#5317,#5318,#5319,
#5320),(#5321,#5322,#5323,#5324,#5325,#5326),(#5327,#5328,#5329,#5330,#5331,
#5332),(#5333,#5334,#5335,#5336,#5337,#5338),(#5339,#5340,#5341,#5342,#5343,
#5344),(#5345,#5346,#5347,#5348,#5349,#5350)),.UNSPECIFIED.,.F.,.F.,.F.,
(4,1,1,4),(4,1,1,4),(0.,0.333333333333333,0.666666666666667,1.),(0.,0.333333333333333,
0.666666666666667,1.),.UNSPECIFIED.);
#3149=B_SPLINE_SURFACE_WITH_KNOTS('',3,3,((#5369,#5370,#5371,#5372,#5373,
#5374),(#5375,#5376,#5377,#5378,#5379,#5380),(#5381,#5382,#5383,#5384,#5385,
#5386),(#5387,#5388,#5389,#5390,#5391,#5392),(#5393,#5394,#5395,#5396,#5397,
#5398),(#5399,#5400,#5401,#5402,#5403,#5404)),.UNSPECIFIED.,.F.,.F.,.F.,
(4,1,1,4),(4,1,1,4),(0.,0.333333333333333,0.666666666666667,1.),(0.,0.333333333333333,
0.666666666666667,1.),.UNSPECIFIED.);
#3150=B_SPLINE_SURFACE_WITH_KNOTS('',3,3,((#5415,#5416,#5417,#5418,#5419,
#5420),(#5421,#5422,#5423,#5424,#5425,#5426),(#5427,#5428,#5429,#5430,#5431,
#5432),(#5433,#5434,#5435,#5436,#5437,#5438),(#5439,#5440,#5441,#5442,#5443,
#5444),(#5445,#5446,#5447,#5448,#5449,#5450)),.UNSPECIFIED.,.F.,.F.,.F.,
(4,1,1,4),(4,1,1,4),(0.,0.333333333333333,0.666666666666667,1.),(0.,0.333333333333333,
0.666666666666667,1.),.UNSPECIFIED.);
#3151=B_SPLINE_SURFACE_WITH_KNOTS('',3,3,((#5461,#5462,#5463,#5464,#5465,
#5466),(#5467,#5468,#5469,#5470,#5471,#5472),(#5473,#5474,#5475,#5476,#5477,
#5478),(#5479,#5480,#5481,#5482,#5483,#5484),(#5485,#5486,#5487,#5488,#5489,
#5490),(#5491,#5492,#5493,#5494,#5495,#5496)),.UNSPECIFIED.,.F.,.F.,.F.,
(4,1,1,4),(4,1,1,4),(0.,0.333333333333333,0.666666666666667,1.),(0.,0.333333333333333,
0.666666666666667,1.),.UNSPECIFIED.);
#3152=B_SPLINE_SURFACE_WITH_KNOTS('',3,3,((#5507,#5508,#5509,#5510,#5511,
#5512),(#5513,#5514,#5515,#5516,#5517,#5518),(#5519,#5520,#5521,#5522,#5523,
#5524),(#5525,#5526,#5527,#5528,#5529,#5530),(#5531,#5532,#5533,#5534,#5535,
#5536),(#5537,#5538,#5539,#5540,#5541,#5542)),.UNSPECIFIED.,.F.,.F.,.F.,
(4,1,1,4),(4,1,1,4),(0.,0.333333333333333,0.666666666666667,1.),(0.,0.333333333333333,
0.666666666666667,1.),.UNSPECIFIED.);
#3153=B_SPLINE_SURFACE_WITH_KNOTS('',3,3,((#5553,#5554,#5555,#5556,#5557,
#5558),(#5559,#5560,#5561,#5562,#5563,#5564),(#5565,#5566,#5567,#5568,#5569,
#5570),(#5571,#5572,#5573,#5574,#5575,#5576),(#5577,#5578,#5579,#5580,#5581,
#5582),(#5583,#5584,#5585,#5586,#5587,#5588)),.UNSPECIFIED.,.F.,.F.,.F.,
(4,1,1,4),(4,1,1,4),(0.,0.333333333333333,0.666666666666667,1.),(0.,0.333333333333333,
0.666666666666667,1.),.UNSPECIFIED.);
#3154=B_SPLINE_SURFACE_WITH_KNOTS('',3,3,((#5607,#5608,#5609,#5610,#5611,
#5612),(#5613,#5614,#5615,#5616,#5617,#5618),(#5619,#5620,#5621,#5622,#5623,
#5624),(#5625,#5626,#5627,#5628,#5629,#5630),(#5631,#5632,#5633,#5634,#5635,
#5636),(#5637,#5638,#5639,#5640,#5641,#5642)),.UNSPECIFIED.,.F.,.F.,.F.,
(4,1,1,4),(4,1,1,4),(0.,0.333333333333333,0.666666666666667,1.),(0.,0.333333333333333,
0.666666666666667,1.),.UNSPECIFIED.);
#3155=B_SPLINE_SURFACE_WITH_KNOTS('',3,3,((#5653,#5654,#5655,#5656,#5657,
#5658),(#5659,#5660,#5661,#5662,#5663,#5664),(#5665,#5666,#5667,#5668,#5669,
#5670),(#5671,#5672,#5673,#5674,#5675,#5676),(#5677,#5678,#5679,#5680,#5681,
#5682),(#5683,#5684,#5685,#5686,#5687,#5688)),.UNSPECIFIED.,.F.,.F.,.F.,
(4,1,1,4),(4,1,1,4),(0.,0.333333333333333,0.666666666666667,1.),(0.,0.333333333333333,
0.666666666666667,1.),.UNSPECIFIED.);
#3156=B_SPLINE_SURFACE_WITH_KNOTS('',3,3,((#5699,#5700,#5701,#5702,#5703,
#5704),(#5705,#5706,#5707,#5708,#5709,#5710),(#5711,#5712,#5713,#5714,#5715,
#5716),(#5717,#5718,#5719,#5720,#5721,#5722),(#5723,#5724,#5725,#5726,#5727,
#5728),(#5729,#5730,#5731,#5732,#5733,#5734)),.UNSPECIFIED.,.F.,.F.,.F.,
(4,1,1,4),(4,1,1,4),(0.,0.333333333333333,0.666666666666667,1.),(0.,0.333333333333333,
0.666666666666667,1.),.UNSPECIFIED.);
#3157=B_SPLINE_SURFACE_WITH_KNOTS('',3,3,((#5745,#5746,#5747,#5748,#5749,
#5750),(#5751,#5752,#5753,#5754,#5755,#5756),(#5757,#5758,#5759,#5760,#5761,
#5762),(#5763,#5764,#5765,#5766,#5767,#5768),(#5769,#5770,#5771,#5772,#5773,
#5774),(#5775,#5776,#5777,#5778,#5779,#5780)),.UNSPECIFIED.,.F.,.F.,.F.,
(4,1,1,4),(4,1,1,4),(0.,0.333333333333333,0.666666666666667,1.),(0.,0.333333333333333,
0.666666666666667,1.),.UNSPECIFIED.);
#3158=B_SPLINE_SURFACE_WITH_KNOTS('',3,3,((#5791,#5792,#5793,#5794,#5795,
#5796),(#5797,#5798,#5799,#5800,#5801,#5802),(#5803,#5804,#5805,#5806,#5807,
#5808),(#5809,#5810,#5811,#5812,#5813,#5814),(#5815,#5816,#5817,#5818,#5819,
#5820),(#5821,#5822,#5823,#5824,#5825,#5826)),.UNSPECIFIED.,.F.,.F.,.F.,
(4,1,1,4),(4,1,1,4),(0.,0.333333333333333,0.666666666666667,1.),(0.,0.333333333333333,
0.666666666666667,1.),.UNSPECIFIED.);
#3159=B_SPLINE_SURFACE_WITH_KNOTS('',3,3,((#5845,#5846,#5847,#5848,#5849,
#5850),(#5851,#5852,#5853,#5854,#5855,#5856),(#5857,#5858,#5859,#5860,#5861,
#5862),(#5863,#5864,#5865,#5866,#5867,#5868),(#5869,#5870,#5871,#5872,#5873,
#5874),(#5875,#5876,#5877,#5878,#5879,#5880)),.UNSPECIFIED.,.F.,.F.,.F.,
(4,1,1,4),(4,1,1,4),(0.,0.333333333333333,0.666666666666667,1.),(0.,0.333333333333333,
0.666666666666667,1.),.UNSPECIFIED.);
#3160=B_SPLINE_SURFACE_WITH_KNOTS('',3,3,((#5891,#5892,#5893,#5894,#5895,
#5896),(#5897,#5898,#5899,#5900,#5901,#5902),(#5903,#5904,#5905,#5906,#5907,
#5908),(#5909,#5910,#5911,#5912,#5913,#5914),(#5915,#5916,#5917,#5918,#5919,
#5920),(#5921,#5922,#5923,#5924,#5925,#5926)),.UNSPECIFIED.,.F.,.F.,.F.,
(4,1,1,4),(4,1,1,4),(0.,0.333333333333333,0.666666666666667,1.),(0.,0.333333333333333,
0.666666666666667,1.),.UNSPECIFIED.);
#3161=B_SPLINE_SURFACE_WITH_KNOTS('',3,3,((#5937,#5938,#5939,#5940,#5941,
#5942),(#5943,#5944,#5945,#5946,#5947,#5948),(#5949,#5950,#5951,#5952,#5953,
#5954),(#5955,#5956,#5957,#5958,#5959,#5960),(#5961,#5962,#5963,#5964,#5965,
#5966),(#5967,#5968,#5969,#5970,#5971,#5972)),.UNSPECIFIED.,.F.,.F.,.F.,
(4,1,1,4),(4,1,1,4),(0.,0.333333333333333,0.666666666666667,1.),(0.,0.333333333333333,
0.666666666666667,1.),.UNSPECIFIED.);
#3162=B_SPLINE_SURFACE_WITH_KNOTS('',3,3,((#5983,#5984,#5985,#5986,#5987,
#5988),(#5989,#5990,#5991,#5992,#5993,#5994),(#5995,#5996,#5997,#5998,#5999,
#6000),(#6001,#6002,#6003,#6004,#6005,#6006),(#6007,#6008,#6009,#6010,#6011,
#6012),(#6013,#6014,#6015,#6016,#6017,#6018)),.UNSPECIFIED.,.F.,.F.,.F.,
(4,1,1,4),(4,1,1,4),(0.,0.333333333333333,0.666666666666667,1.),(0.,0.333333333333333,
0.666666666666667,1.),.UNSPECIFIED.);
#3163=B_SPLINE_SURFACE_WITH_KNOTS('',3,3,((#6029,#6030,#6031,#6032,#6033,
#6034,#6035,#6036,#6037),(#6038,#6039,#6040,#6041,#6042,#6043,#6044,#6045,
#6046),(#6047,#6048,#6049,#6050,#6051,#6052,#6053,#6054,#6055),(#6056,#6057,
#6058,#6059,#6060,#6061,#6062,#6063,#6064),(#6065,#6066,#6067,#6068,#6069,
#6070,#6071,#6072,#6073),(#6074,#6075,#6076,#6077,#6078,#6079,#6080,#6081,
#6082)),.UNSPECIFIED.,.F.,.F.,.F.,(4,1,1,4),(4,1,1,1,1,1,4),(0.,0.333333333333333,
0.666666666666667,1.),(0.,0.166666666666667,0.333333333333333,0.5,0.666666666666667,
0.833333333333333,1.),.UNSPECIFIED.);
#3164=B_SPLINE_SURFACE_WITH_KNOTS('',3,3,((#6104,#6105,#6106,#6107,#6108,
#6109),(#6110,#6111,#6112,#6113,#6114,#6115),(#6116,#6117,#6118,#6119,#6120,
#6121),(#6122,#6123,#6124,#6125,#6126,#6127),(#6128,#6129,#6130,#6131,#6132,
#6133),(#6134,#6135,#6136,#6137,#6138,#6139),(#6140,#6141,#6142,#6143,#6144,
#6145),(#6146,#6147,#6148,#6149,#6150,#6151),(#6152,#6153,#6154,#6155,#6156,
#6157)),.UNSPECIFIED.,.F.,.F.,.F.,(4,1,1,1,1,1,4),(4,1,1,4),(0.,0.166666666666667,
0.333333333333333,0.5,0.666666666666667,0.833333333333333,1.),(0.,0.333333333333333,
0.666666666666667,1.),.UNSPECIFIED.);
#3165=B_SPLINE_SURFACE_WITH_KNOTS('',3,3,((#6171,#6172,#6173,#6174,#6175,
#6176,#6177,#6178,#6179),(#6180,#6181,#6182,#6183,#6184,#6185,#6186,#6187,
#6188),(#6189,#6190,#6191,#6192,#6193,#6194,#6195,#6196,#6197),(#6198,#6199,
#6200,#6201,#6202,#6203,#6204,#6205,#6206),(#6207,#6208,#6209,#6210,#6211,
#6212,#6213,#6214,#6215),(#6216,#6217,#6218,#6219,#6220,#6221,#6222,#6223,
#6224)),.UNSPECIFIED.,.F.,.F.,.F.,(4,1,1,4),(4,1,1,1,1,1,4),(0.,0.333333333333333,
0.666666666666667,1.),(0.,0.166666666666667,0.333333333333333,0.5,0.666666666666667,
0.833333333333333,1.),.UNSPECIFIED.);
#3166=B_SPLINE_SURFACE_WITH_KNOTS('',3,3,((#6322,#6323,#6324,#6325,#6326,
#6327),(#6328,#6329,#6330,#6331,#6332,#6333),(#6334,#6335,#6336,#6337,#6338,
#6339),(#6340,#6341,#6342,#6343,#6344,#6345),(#6346,#6347,#6348,#6349,#6350,
#6351),(#6352,#6353,#6354,#6355,#6356,#6357),(#6358,#6359,#6360,#6361,#6362,
#6363),(#6364,#6365,#6366,#6367,#6368,#6369),(#6370,#6371,#6372,#6373,#6374,
#6375)),.UNSPECIFIED.,.F.,.F.,.F.,(4,1,1,1,1,1,4),(4,1,1,4),(0.,0.166666666666667,
0.333333333333333,0.5,0.666666666666667,0.833333333333333,1.),(0.,0.333333333333333,
0.666666666666667,1.),.UNSPECIFIED.);
#3167=B_SPLINE_SURFACE_WITH_KNOTS('',3,3,((#6467,#6468,#6469,#6470,#6471,
#6472,#6473,#6474,#6475),(#6476,#6477,#6478,#6479,#6480,#6481,#6482,#6483,
#6484),(#6485,#6486,#6487,#6488,#6489,#6490,#6491,#6492,#6493),(#6494,#6495,
#6496,#6497,#6498,#6499,#6500,#6501,#6502),(#6503,#6504,#6505,#6506,#6507,
#6508,#6509,#6510,#6511),(#6512,#6513,#6514,#6515,#6516,#6517,#6518,#6519,
#6520)),.UNSPECIFIED.,.F.,.F.,.F.,(4,1,1,4),(4,1,1,1,1,1,4),(0.,0.333333333333333,
0.666666666666667,1.),(0.,0.166666666666667,0.333333333333333,0.5,0.666666666666667,
0.833333333333333,1.),.UNSPECIFIED.);
#3168=B_SPLINE_SURFACE_WITH_KNOTS('',3,3,((#6537,#6538,#6539,#6540,#6541,
#6542),(#6543,#6544,#6545,#6546,#6547,#6548),(#6549,#6550,#6551,#6552,#6553,
#6554),(#6555,#6556,#6557,#6558,#6559,#6560),(#6561,#6562,#6563,#6564,#6565,
#6566),(#6567,#6568,#6569,#6570,#6571,#6572)),.UNSPECIFIED.,.F.,.F.,.F.,
(4,1,1,4),(4,1,1,4),(0.,0.333333333333333,0.666666666666667,1.),(0.,0.333333333333333,
0.666666666666667,1.),.UNSPECIFIED.);
#3169=B_SPLINE_SURFACE_WITH_KNOTS('',3,3,((#6591,#6592,#6593,#6594,#6595,
#6596),(#6597,#6598,#6599,#6600,#6601,#6602),(#6603,#6604,#6605,#6606,#6607,
#6608),(#6609,#6610,#6611,#6612,#6613,#6614),(#6615,#6616,#6617,#6618,#6619,
#6620),(#6621,#6622,#6623,#6624,#6625,#6626)),.UNSPECIFIED.,.F.,.F.,.F.,
(4,1,1,4),(4,1,1,4),(0.,0.333333333333333,0.666666666666667,1.),(0.,0.333333333333333,
0.666666666666667,1.),.UNSPECIFIED.);
#3170=B_SPLINE_SURFACE_WITH_KNOTS('',3,3,((#6637,#6638,#6639,#6640,#6641,
#6642),(#6643,#6644,#6645,#6646,#6647,#6648),(#6649,#6650,#6651,#6652,#6653,
#6654),(#6655,#6656,#6657,#6658,#6659,#6660),(#6661,#6662,#6663,#6664,#6665,
#6666),(#6667,#6668,#6669,#6670,#6671,#6672)),.UNSPECIFIED.,.F.,.F.,.F.,
(4,1,1,4),(4,1,1,4),(0.,0.333333333333333,0.666666666666667,1.),(0.,0.333333333333333,
0.666666666666667,1.),.UNSPECIFIED.);
#3171=B_SPLINE_SURFACE_WITH_KNOTS('',3,3,((#6683,#6684,#6685,#6686,#6687,
#6688),(#6689,#6690,#6691,#6692,#6693,#6694),(#6695,#6696,#6697,#6698,#6699,
#6700),(#6701,#6702,#6703,#6704,#6705,#6706),(#6707,#6708,#6709,#6710,#6711,
#6712),(#6713,#6714,#6715,#6716,#6717,#6718)),.UNSPECIFIED.,.F.,.F.,.F.,
(4,1,1,4),(4,1,1,4),(0.,0.333333333333333,0.666666666666667,1.),(0.,0.333333333333333,
0.666666666666667,1.),.UNSPECIFIED.);
#3172=B_SPLINE_SURFACE_WITH_KNOTS('',3,3,((#6729,#6730,#6731,#6732,#6733,
#6734),(#6735,#6736,#6737,#6738,#6739,#6740),(#6741,#6742,#6743,#6744,#6745,
#6746),(#6747,#6748,#6749,#6750,#6751,#6752),(#6753,#6754,#6755,#6756,#6757,
#6758),(#6759,#6760,#6761,#6762,#6763,#6764)),.UNSPECIFIED.,.F.,.F.,.F.,
(4,1,1,4),(4,1,1,4),(0.,0.333333333333333,0.666666666666667,1.),(0.,0.333333333333333,
0.666666666666667,1.),.UNSPECIFIED.);
#3173=B_SPLINE_SURFACE_WITH_KNOTS('',3,3,((#6775,#6776,#6777,#6778,#6779,
#6780,#6781,#6782),(#6783,#6784,#6785,#6786,#6787,#6788,#6789,#6790),(#6791,
#6792,#6793,#6794,#6795,#6796,#6797,#6798),(#6799,#6800,#6801,#6802,#6803,
#6804,#6805,#6806),(#6807,#6808,#6809,#6810,#6811,#6812,#6813,#6814),(#6815,
#6816,#6817,#6818,#6819,#6820,#6821,#6822)),.UNSPECIFIED.,.F.,.F.,.F.,(4,
1,1,4),(4,1,1,1,1,4),(0.,0.333333333333333,0.666666666666667,1.),(0.,0.2,
0.4,0.6,0.8,1.),.UNSPECIFIED.);
#3174=B_SPLINE_SURFACE_WITH_KNOTS('',3,3,((#6939,#6940,#6941,#6942,#6943,
#6944),(#6945,#6946,#6947,#6948,#6949,#6950),(#6951,#6952,#6953,#6954,#6955,
#6956),(#6957,#6958,#6959,#6960,#6961,#6962),(#6963,#6964,#6965,#6966,#6967,
#6968),(#6969,#6970,#6971,#6972,#6973,#6974),(#6975,#6976,#6977,#6978,#6979,
#6980),(#6981,#6982,#6983,#6984,#6985,#6986)),.UNSPECIFIED.,.F.,.F.,.F.,
(4,1,1,1,1,4),(4,1,1,4),(0.,0.2,0.4,0.6,0.8,1.),(0.,0.333333333333333,0.666666666666667,
1.),.UNSPECIFIED.);
#3175=B_SPLINE_SURFACE_WITH_KNOTS('',3,3,((#7074,#7075,#7076,#7077,#7078,
#7079,#7080,#7081),(#7082,#7083,#7084,#7085,#7086,#7087,#7088,#7089),(#7090,
#7091,#7092,#7093,#7094,#7095,#7096,#7097),(#7098,#7099,#7100,#7101,#7102,
#7103,#7104,#7105),(#7106,#7107,#7108,#7109,#7110,#7111,#7112,#7113),(#7114,
#7115,#7116,#7117,#7118,#7119,#7120,#7121)),.UNSPECIFIED.,.F.,.F.,.F.,(4,
1,1,4),(4,1,1,1,1,4),(0.,0.333333333333333,0.666666666666667,1.),(0.,0.2,
0.4,0.6,0.8,1.),.UNSPECIFIED.);
#3176=B_SPLINE_SURFACE_WITH_KNOTS('',3,3,((#7132,#7133,#7134,#7135,#7136,
#7137),(#7138,#7139,#7140,#7141,#7142,#7143),(#7144,#7145,#7146,#7147,#7148,
#7149),(#7150,#7151,#7152,#7153,#7154,#7155),(#7156,#7157,#7158,#7159,#7160,
#7161),(#7162,#7163,#7164,#7165,#7166,#7167),(#7168,#7169,#7170,#7171,#7172,
#7173),(#7174,#7175,#7176,#7177,#7178,#7179)),.UNSPECIFIED.,.F.,.F.,.F.,
(4,1,1,1,1,4),(4,1,1,4),(0.,0.2,0.4,0.6,0.8,1.),(0.,0.333333333333333,0.666666666666667,
1.),.UNSPECIFIED.);
#3177=B_SPLINE_SURFACE_WITH_KNOTS('',3,3,((#7192,#7193,#7194,#7195,#7196,
#7197,#7198,#7199),(#7200,#7201,#7202,#7203,#7204,#7205,#7206,#7207),(#7208,
#7209,#7210,#7211,#7212,#7213,#7214,#7215),(#7216,#7217,#7218,#7219,#7220,
#7221,#7222,#7223),(#7224,#7225,#7226,#7227,#7228,#7229,#7230,#7231),(#7232,
#7233,#7234,#7235,#7236,#7237,#7238,#7239)),.UNSPECIFIED.,.F.,.F.,.F.,(4,
1,1,4),(4,1,1,1,1,4),(0.,0.333333333333333,0.666666666666667,1.),(0.,0.2,
0.4,0.6,0.8,1.),.UNSPECIFIED.);
#3178=B_SPLINE_SURFACE_WITH_KNOTS('',3,3,((#7301,#7302,#7303,#7304,#7305,
#7306),(#7307,#7308,#7309,#7310,#7311,#7312),(#7313,#7314,#7315,#7316,#7317,
#7318),(#7319,#7320,#7321,#7322,#7323,#7324),(#7325,#7326,#7327,#7328,#7329,
#7330),(#7331,#7332,#7333,#7334,#7335,#7336)),.UNSPECIFIED.,.F.,.F.,.F.,
(4,1,1,4),(4,1,1,4),(0.,0.333333333333333,0.666666666666667,1.),(0.,0.333333333333333,
0.666666666666667,1.),.UNSPECIFIED.);
#3179=B_SPLINE_SURFACE_WITH_KNOTS('',3,3,((#7355,#7356,#7357,#7358,#7359,
#7360),(#7361,#7362,#7363,#7364,#7365,#7366),(#7367,#7368,#7369,#7370,#7371,
#7372),(#7373,#7374,#7375,#7376,#7377,#7378),(#7379,#7380,#7381,#7382,#7383,
#7384),(#7385,#7386,#7387,#7388,#7389,#7390)),.UNSPECIFIED.,.F.,.F.,.F.,
(4,1,1,4),(4,1,1,4),(0.,0.333333333333333,0.666666666666667,1.),(0.,0.333333333333333,
0.666666666666667,1.),.UNSPECIFIED.);
#3180=B_SPLINE_SURFACE_WITH_KNOTS('',3,3,((#7401,#7402,#7403,#7404,#7405,
#7406),(#7407,#7408,#7409,#7410,#7411,#7412),(#7413,#7414,#7415,#7416,#7417,
#7418),(#7419,#7420,#7421,#7422,#7423,#7424),(#7425,#7426,#7427,#7428,#7429,
#7430),(#7431,#7432,#7433,#7434,#7435,#7436)),.UNSPECIFIED.,.F.,.F.,.F.,
(4,1,1,4),(4,1,1,4),(0.,0.333333333333333,0.666666666666667,1.),(0.,0.333333333333333,
0.666666666666667,1.),.UNSPECIFIED.);
#3181=B_SPLINE_SURFACE_WITH_KNOTS('',3,3,((#7447,#7448,#7449,#7450,#7451,
#7452),(#7453,#7454,#7455,#7456,#7457,#7458),(#7459,#7460,#7461,#7462,#7463,
#7464),(#7465,#7466,#7467,#7468,#7469,#7470),(#7471,#7472,#7473,#7474,#7475,
#7476),(#7477,#7478,#7479,#7480,#7481,#7482)),.UNSPECIFIED.,.F.,.F.,.F.,
(4,1,1,4),(4,1,1,4),(0.,0.333333333333333,0.666666666666667,1.),(0.,0.333333333333333,
0.666666666666667,1.),.UNSPECIFIED.);
#3182=B_SPLINE_SURFACE_WITH_KNOTS('',3,3,((#7493,#7494,#7495,#7496,#7497,
#7498),(#7499,#7500,#7501,#7502,#7503,#7504),(#7505,#7506,#7507,#7508,#7509,
#7510),(#7511,#7512,#7513,#7514,#7515,#7516),(#7517,#7518,#7519,#7520,#7521,
#7522),(#7523,#7524,#7525,#7526,#7527,#7528)),.UNSPECIFIED.,.F.,.F.,.F.,
(4,1,1,4),(4,1,1,4),(0.,0.333333333333333,0.666666666666667,1.),(0.,0.333333333333333,
0.666666666666667,1.),.UNSPECIFIED.);
#3183=B_SPLINE_SURFACE_WITH_KNOTS('',3,3,((#7539,#7540,#7541,#7542,#7543,
#7544),(#7545,#7546,#7547,#7548,#7549,#7550),(#7551,#7552,#7553,#7554,#7555,
#7556),(#7557,#7558,#7559,#7560,#7561,#7562),(#7563,#7564,#7565,#7566,#7567,
#7568),(#7569,#7570,#7571,#7572,#7573,#7574)),.UNSPECIFIED.,.F.,.F.,.F.,
(4,1,1,4),(4,1,1,4),(0.,0.333333333333333,0.666666666666667,1.),(0.,0.333333333333333,
0.666666666666667,1.),.UNSPECIFIED.);
#3184=B_SPLINE_SURFACE_WITH_KNOTS('',3,3,((#7593,#7594,#7595,#7596,#7597,
#7598),(#7599,#7600,#7601,#7602,#7603,#7604),(#7605,#7606,#7607,#7608,#7609,
#7610),(#7611,#7612,#7613,#7614,#7615,#7616),(#7617,#7618,#7619,#7620,#7621,
#7622),(#7623,#7624,#7625,#7626,#7627,#7628)),.UNSPECIFIED.,.F.,.F.,.F.,
(4,1,1,4),(4,1,1,4),(0.,0.333333333333333,0.666666666666667,1.),(0.,0.333333333333333,
0.666666666666667,1.),.UNSPECIFIED.);
#3185=B_SPLINE_SURFACE_WITH_KNOTS('',3,3,((#7639,#7640,#7641,#7642,#7643,
#7644),(#7645,#7646,#7647,#7648,#7649,#7650),(#7651,#7652,#7653,#7654,#7655,
#7656),(#7657,#7658,#7659,#7660,#7661,#7662),(#7663,#7664,#7665,#7666,#7667,
#7668),(#7669,#7670,#7671,#7672,#7673,#7674)),.UNSPECIFIED.,.F.,.F.,.F.,
(4,1,1,4),(4,1,1,4),(0.,0.333333333333333,0.666666666666667,1.),(0.,0.333333333333333,
0.666666666666667,1.),.UNSPECIFIED.);
#3186=B_SPLINE_SURFACE_WITH_KNOTS('',3,3,((#7685,#7686,#7687,#7688,#7689,
#7690),(#7691,#7692,#7693,#7694,#7695,#7696),(#7697,#7698,#7699,#7700,#7701,
#7702),(#7703,#7704,#7705,#7706,#7707,#7708),(#7709,#7710,#7711,#7712,#7713,
#7714),(#7715,#7716,#7717,#7718,#7719,#7720)),.UNSPECIFIED.,.F.,.F.,.F.,
(4,1,1,4),(4,1,1,4),(0.,0.333333333333333,0.666666666666667,1.),(0.,0.333333333333333,
0.666666666666667,1.),.UNSPECIFIED.);
#3187=B_SPLINE_SURFACE_WITH_KNOTS('',3,3,((#7731,#7732,#7733,#7734,#7735,
#7736),(#7737,#7738,#7739,#7740,#7741,#7742),(#7743,#7744,#7745,#7746,#7747,
#7748),(#7749,#7750,#7751,#7752,#7753,#7754),(#7755,#7756,#7757,#7758,#7759,
#7760),(#7761,#7762,#7763,#7764,#7765,#7766)),.UNSPECIFIED.,.F.,.F.,.F.,
(4,1,1,4),(4,1,1,4),(0.,0.333333333333333,0.666666666666667,1.),(0.,0.333333333333333,
0.666666666666667,1.),.UNSPECIFIED.);
#3188=B_SPLINE_SURFACE_WITH_KNOTS('',3,3,((#7777,#7778,#7779,#7780,#7781,
#7782),(#7783,#7784,#7785,#7786,#7787,#7788),(#7789,#7790,#7791,#7792,#7793,
#7794),(#7795,#7796,#7797,#7798,#7799,#7800),(#7801,#7802,#7803,#7804,#7805,
#7806),(#7807,#7808,#7809,#7810,#7811,#7812)),.UNSPECIFIED.,.F.,.F.,.F.,
(4,1,1,4),(4,1,1,4),(0.,0.333333333333333,0.666666666666667,1.),(0.,0.333333333333333,
0.666666666666667,1.),.UNSPECIFIED.);
#3189=B_SPLINE_SURFACE_WITH_KNOTS('',3,3,((#7831,#7832,#7833,#7834,#7835,
#7836),(#7837,#7838,#7839,#7840,#7841,#7842),(#7843,#7844,#7845,#7846,#7847,
#7848),(#7849,#7850,#7851,#7852,#7853,#7854),(#7855,#7856,#7857,#7858,#7859,
#7860),(#7861,#7862,#7863,#7864,#7865,#7866)),.UNSPECIFIED.,.F.,.F.,.F.,
(4,1,1,4),(4,1,1,4),(0.,0.333333333333333,0.666666666666667,1.),(0.,0.333333333333333,
0.666666666666667,1.),.UNSPECIFIED.);
#3190=B_SPLINE_SURFACE_WITH_KNOTS('',3,3,((#7877,#7878,#7879,#7880,#7881,
#7882),(#7883,#7884,#7885,#7886,#7887,#7888),(#7889,#7890,#7891,#7892,#7893,
#7894),(#7895,#7896,#7897,#7898,#7899,#7900),(#7901,#7902,#7903,#7904,#7905,
#7906),(#7907,#7908,#7909,#7910,#7911,#7912)),.UNSPECIFIED.,.F.,.F.,.F.,
(4,1,1,4),(4,1,1,4),(0.,0.333333333333333,0.666666666666667,1.),(0.,0.333333333333333,
0.666666666666667,1.),.UNSPECIFIED.);
#3191=B_SPLINE_SURFACE_WITH_KNOTS('',3,3,((#7923,#7924,#7925,#7926,#7927,
#7928),(#7929,#7930,#7931,#7932,#7933,#7934),(#7935,#7936,#7937,#7938,#7939,
#7940),(#7941,#7942,#7943,#7944,#7945,#7946),(#7947,#7948,#7949,#7950,#7951,
#7952),(#7953,#7954,#7955,#7956,#7957,#7958)),.UNSPECIFIED.,.F.,.F.,.F.,
(4,1,1,4),(4,1,1,4),(0.,0.333333333333333,0.666666666666667,1.),(0.,0.333333333333333,
0.666666666666667,1.),.UNSPECIFIED.);
#3192=B_SPLINE_SURFACE_WITH_KNOTS('',3,3,((#7969,#7970,#7971,#7972,#7973,
#7974),(#7975,#7976,#7977,#7978,#7979,#7980),(#7981,#7982,#7983,#7984,#7985,
#7986),(#7987,#7988,#7989,#7990,#7991,#7992),(#7993,#7994,#7995,#7996,#7997,
#7998),(#7999,#8000,#8001,#8002,#8003,#8004)),.UNSPECIFIED.,.F.,.F.,.F.,
(4,1,1,4),(4,1,1,4),(0.,0.333333333333333,0.666666666666667,1.),(0.,0.333333333333333,
0.666666666666667,1.),.UNSPECIFIED.);
#3193=B_SPLINE_SURFACE_WITH_KNOTS('',3,3,((#8015,#8016,#8017,#8018,#8019,
#8020),(#8021,#8022,#8023,#8024,#8025,#8026),(#8027,#8028,#8029,#8030,#8031,
#8032),(#8033,#8034,#8035,#8036,#8037,#8038),(#8039,#8040,#8041,#8042,#8043,
#8044),(#8045,#8046,#8047,#8048,#8049,#8050)),.UNSPECIFIED.,.F.,.F.,.F.,
(4,1,1,4),(4,1,1,4),(0.,0.333333333333333,0.666666666666667,1.),(0.,0.333333333333333,
0.666666666666667,1.),.UNSPECIFIED.);
#3194=B_SPLINE_SURFACE_WITH_KNOTS('',3,3,((#8069,#8070,#8071,#8072,#8073,
#8074),(#8075,#8076,#8077,#8078,#8079,#8080),(#8081,#8082,#8083,#8084,#8085,
#8086),(#8087,#8088,#8089,#8090,#8091,#8092),(#8093,#8094,#8095,#8096,#8097,
#8098),(#8099,#8100,#8101,#8102,#8103,#8104)),.UNSPECIFIED.,.F.,.F.,.F.,
(4,1,1,4),(4,1,1,4),(0.,0.333333333333333,0.666666666666667,1.),(0.,0.333333333333333,
0.666666666666667,1.),.UNSPECIFIED.);
#3195=B_SPLINE_SURFACE_WITH_KNOTS('',3,3,((#8115,#8116,#8117,#8118,#8119,
#8120),(#8121,#8122,#8123,#8124,#8125,#8126),(#8127,#8128,#8129,#8130,#8131,
#8132),(#8133,#8134,#8135,#8136,#8137,#8138),(#8139,#8140,#8141,#8142,#8143,
#8144),(#8145,#8146,#8147,#8148,#8149,#8150)),.UNSPECIFIED.,.F.,.F.,.F.,
(4,1,1,4),(4,1,1,4),(0.,0.333333333333333,0.666666666666667,1.),(0.,0.333333333333333,
0.666666666666667,1.),.UNSPECIFIED.);
#3196=B_SPLINE_SURFACE_WITH_KNOTS('',3,3,((#8161,#8162,#8163,#8164,#8165,
#8166),(#8167,#8168,#8169,#8170,#8171,#8172),(#8173,#8174,#8175,#8176,#8177,
#8178),(#8179,#8180,#8181,#8182,#8183,#8184),(#8185,#8186,#8187,#8188,#8189,
#8190),(#8191,#8192,#8193,#8194,#8195,#8196)),.UNSPECIFIED.,.F.,.F.,.F.,
(4,1,1,4),(4,1,1,4),(0.,0.333333333333333,0.666666666666667,1.),(0.,0.333333333333333,
0.666666666666667,1.),.UNSPECIFIED.);
#3197=B_SPLINE_SURFACE_WITH_KNOTS('',3,3,((#8207,#8208,#8209,#8210,#8211,
#8212),(#8213,#8214,#8215,#8216,#8217,#8218),(#8219,#8220,#8221,#8222,#8223,
#8224),(#8225,#8226,#8227,#8228,#8229,#8230),(#8231,#8232,#8233,#8234,#8235,
#8236),(#8237,#8238,#8239,#8240,#8241,#8242)),.UNSPECIFIED.,.F.,.F.,.F.,
(4,1,1,4),(4,1,1,4),(0.,0.333333333333333,0.666666666666667,1.),(0.,0.333333333333333,
0.666666666666667,1.),.UNSPECIFIED.);
#3198=B_SPLINE_SURFACE_WITH_KNOTS('',3,3,((#8337,#8338,#8339,#8340,#8341,
#8342),(#8343,#8344,#8345,#8346,#8347,#8348),(#8349,#8350,#8351,#8352,#8353,
#8354),(#8355,#8356,#8357,#8358,#8359,#8360),(#8361,#8362,#8363,#8364,#8365,
#8366),(#8367,#8368,#8369,#8370,#8371,#8372)),.UNSPECIFIED.,.F.,.F.,.F.,
(4,1,1,4),(4,1,1,4),(0.,0.333333333333333,0.666666666666667,1.),(0.,0.333333333333333,
0.666666666666667,1.),.UNSPECIFIED.);
#3199=B_SPLINE_SURFACE_WITH_KNOTS('',3,3,((#8378,#8379,#8380,#8381,#8382,
#8383),(#8384,#8385,#8386,#8387,#8388,#8389),(#8390,#8391,#8392,#8393,#8394,
#8395),(#8396,#8397,#8398,#8399,#8400,#8401),(#8402,#8403,#8404,#8405,#8406,
#8407),(#8408,#8409,#8410,#8411,#8412,#8413)),.UNSPECIFIED.,.F.,.F.,.F.,
(4,1,1,4),(4,1,1,4),(0.,0.333333333333333,0.666666666666667,1.),(0.,0.333333333333333,
0.666666666666667,1.),.UNSPECIFIED.);
#3200=B_SPLINE_SURFACE_WITH_KNOTS('',3,3,((#8421,#8422,#8423,#8424,#8425,
#8426),(#8427,#8428,#8429,#8430,#8431,#8432),(#8433,#8434,#8435,#8436,#8437,
#8438),(#8439,#8440,#8441,#8442,#8443,#8444),(#8445,#8446,#8447,#8448,#8449,
#8450),(#8451,#8452,#8453,#8454,#8455,#8456)),.UNSPECIFIED.,.F.,.F.,.F.,
(4,1,1,4),(4,1,1,4),(0.,0.333333333333333,0.666666666666667,1.),(0.,0.333333333333333,
0.666666666666667,1.),.UNSPECIFIED.);
#3201=B_SPLINE_SURFACE_WITH_KNOTS('',3,3,((#8462,#8463,#8464,#8465,#8466,
#8467),(#8468,#8469,#8470,#8471,#8472,#8473),(#8474,#8475,#8476,#8477,#8478,
#8479),(#8480,#8481,#8482,#8483,#8484,#8485),(#8486,#8487,#8488,#8489,#8490,
#8491),(#8492,#8493,#8494,#8495,#8496,#8497)),.UNSPECIFIED.,.F.,.F.,.F.,
(4,1,1,4),(4,1,1,4),(0.,0.333333333333333,0.666666666666667,1.),(0.,0.333333333333333,
0.666666666666667,1.),.UNSPECIFIED.);
#3202=B_SPLINE_SURFACE_WITH_KNOTS('',3,3,((#8503,#8504,#8505,#8506,#8507,
#8508),(#8509,#8510,#8511,#8512,#8513,#8514),(#8515,#8516,#8517,#8518,#8519,
#8520),(#8521,#8522,#8523,#8524,#8525,#8526),(#8527,#8528,#8529,#8530,#8531,
#8532),(#8533,#8534,#8535,#8536,#8537,#8538),(#8539,#8540,#8541,#8542,#8543,
#8544),(#8545,#8546,#8547,#8548,#8549,#8550)),.UNSPECIFIED.,.F.,.F.,.F.,
(4,1,1,1,1,4),(4,1,1,4),(0.,0.2,0.4,0.6,0.8,1.),(0.,0.333333333333333,0.666666666666667,
1.),.UNSPECIFIED.);
#3203=B_SPLINE_SURFACE_WITH_KNOTS('',3,3,((#8560,#8561,#8562,#8563,#8564,
#8565),(#8566,#8567,#8568,#8569,#8570,#8571),(#8572,#8573,#8574,#8575,#8576,
#8577),(#8578,#8579,#8580,#8581,#8582,#8583),(#8584,#8585,#8586,#8587,#8588,
#8589),(#8590,#8591,#8592,#8593,#8594,#8595)),.UNSPECIFIED.,.F.,.F.,.F.,
(4,1,1,4),(4,1,1,4),(0.,0.333333333333333,0.666666666666667,1.),(0.,0.333333333333333,
0.666666666666667,1.),.UNSPECIFIED.);
#3204=B_SPLINE_SURFACE_WITH_KNOTS('',3,3,((#8607,#8608,#8609,#8610,#8611,
#8612),(#8613,#8614,#8615,#8616,#8617,#8618),(#8619,#8620,#8621,#8622,#8623,
#8624),(#8625,#8626,#8627,#8628,#8629,#8630),(#8631,#8632,#8633,#8634,#8635,
#8636),(#8637,#8638,#8639,#8640,#8641,#8642),(#8643,#8644,#8645,#8646,#8647,
#8648),(#8649,#8650,#8651,#8652,#8653,#8654),(#8655,#8656,#8657,#8658,#8659,
#8660)),.UNSPECIFIED.,.F.,.F.,.F.,(4,1,1,1,1,1,4),(4,1,1,4),(0.,0.166666666666667,
0.333333333333333,0.5,0.666666666666667,0.833333333333333,1.),(0.,0.333333333333333,
0.666666666666667,1.),.UNSPECIFIED.);
#3205=B_SPLINE_SURFACE_WITH_KNOTS('',3,3,((#8670,#8671,#8672,#8673,#8674,
#8675),(#8676,#8677,#8678,#8679,#8680,#8681),(#8682,#8683,#8684,#8685,#8686,
#8687),(#8688,#8689,#8690,#8691,#8692,#8693),(#8694,#8695,#8696,#8697,#8698,
#8699),(#8700,#8701,#8702,#8703,#8704,#8705)),.UNSPECIFIED.,.F.,.F.,.F.,
(4,1,1,4),(4,1,1,4),(0.,0.333333333333333,0.666666666666667,1.),(0.,0.333333333333333,
0.666666666666667,1.),.UNSPECIFIED.);
#3206=B_SPLINE_SURFACE_WITH_KNOTS('',3,3,((#8717,#8718,#8719,#8720,#8721,
#8722),(#8723,#8724,#8725,#8726,#8727,#8728),(#8729,#8730,#8731,#8732,#8733,
#8734),(#8735,#8736,#8737,#8738,#8739,#8740),(#8741,#8742,#8743,#8744,#8745,
#8746),(#8747,#8748,#8749,#8750,#8751,#8752)),.UNSPECIFIED.,.F.,.F.,.F.,
(4,1,1,4),(4,1,1,4),(0.,0.333333333333333,0.666666666666667,1.),(0.,0.333333333333333,
0.666666666666667,1.),.UNSPECIFIED.);
#3207=B_SPLINE_SURFACE_WITH_KNOTS('',3,3,((#8758,#8759,#8760,#8761,#8762,
#8763),(#8764,#8765,#8766,#8767,#8768,#8769),(#8770,#8771,#8772,#8773,#8774,
#8775),(#8776,#8777,#8778,#8779,#8780,#8781),(#8782,#8783,#8784,#8785,#8786,
#8787),(#8788,#8789,#8790,#8791,#8792,#8793)),.UNSPECIFIED.,.F.,.F.,.F.,
(4,1,1,4),(4,1,1,4),(0.,0.333333333333333,0.666666666666667,1.),(0.,0.333333333333333,
0.666666666666667,1.),.UNSPECIFIED.);
#3208=B_SPLINE_SURFACE_WITH_KNOTS('',3,3,((#8805,#8806,#8807,#8808,#8809,
#8810),(#8811,#8812,#8813,#8814,#8815,#8816),(#8817,#8818,#8819,#8820,#8821,
#8822),(#8823,#8824,#8825,#8826,#8827,#8828),(#8829,#8830,#8831,#8832,#8833,
#8834),(#8835,#8836,#8837,#8838,#8839,#8840)),.UNSPECIFIED.,.F.,.F.,.F.,
(4,1,1,4),(4,1,1,4),(0.,0.333333333333333,0.666666666666667,1.),(0.,0.333333333333333,
0.666666666666667,1.),.UNSPECIFIED.);
#3209=B_SPLINE_SURFACE_WITH_KNOTS('',3,3,((#8846,#8847,#8848,#8849,#8850,
#8851),(#8852,#8853,#8854,#8855,#8856,#8857),(#8858,#8859,#8860,#8861,#8862,
#8863),(#8864,#8865,#8866,#8867,#8868,#8869),(#8870,#8871,#8872,#8873,#8874,
#8875),(#8876,#8877,#8878,#8879,#8880,#8881)),.UNSPECIFIED.,.F.,.F.,.F.,
(4,1,1,4),(4,1,1,4),(0.,0.333333333333333,0.666666666666667,1.),(0.,0.333333333333333,
0.666666666666667,1.),.UNSPECIFIED.);
#3210=B_SPLINE_SURFACE_WITH_KNOTS('',3,3,((#8883,#8884,#8885,#8886,#8887,
#8888),(#8889,#8890,#8891,#8892,#8893,#8894),(#8895,#8896,#8897,#8898,#8899,
#8900),(#8901,#8902,#8903,#8904,#8905,#8906),(#8907,#8908,#8909,#8910,#8911,
#8912),(#8913,#8914,#8915,#8916,#8917,#8918)),.UNSPECIFIED.,.F.,.F.,.F.,
(4,1,1,4),(4,1,1,4),(0.,0.333333333333333,0.666666666666667,1.),(0.,0.333333333333333,
0.666666666666667,1.),.UNSPECIFIED.);
#3211=B_SPLINE_SURFACE_WITH_KNOTS('',3,3,((#8977,#8978,#8979,#8980,#8981,
#8982,#8983),(#8984,#8985,#8986,#8987,#8988,#8989,#8990),(#8991,#8992,#8993,
#8994,#8995,#8996,#8997),(#8998,#8999,#9000,#9001,#9002,#9003,#9004),(#9005,
#9006,#9007,#9008,#9009,#9010,#9011)),.UNSPECIFIED.,.F.,.F.,.F.,(4,1,4),
(4,1,1,1,4),(0.,0.571428571428571,1.),(4.11258887100709E-16,0.431243846976118,
0.646865770464177,1.07810961744029,1.50935346441641),.UNSPECIFIED.);
#3212=B_SPLINE_SURFACE_WITH_KNOTS('',3,1,((#9201,#9202),(#9203,#9204),(#9205,
#9206),(#9207,#9208),(#9209,#9210),(#9211,#9212),(#9213,#9214),(#9215,#9216),
(#9217,#9218),(#9219,#9220)),.UNSPECIFIED.,.F.,.F.,.F.,(4,3,3,4),(2,2),
(0.,0.406003423771608,0.858407603210638,1.),(0.,0.0999999999999995),
 .UNSPECIFIED.);
#3213=B_SPLINE_SURFACE_WITH_KNOTS('',3,1,((#9328,#9329),(#9330,#9331),(#9332,
#9333),(#9334,#9335),(#9336,#9337),(#9338,#9339),(#9340,#9341),(#9342,#9343),
(#9344,#9345),(#9346,#9347)),.UNSPECIFIED.,.F.,.F.,.F.,(4,3,3,4),(2,2),
(0.,0.370022673633027,0.804146331342081,1.),(0.,0.0999999999999995),
 .UNSPECIFIED.);
#3214=ADVANCED_FACE('',(#599),#3133,.T.);
#3215=ADVANCED_FACE('',(#600),#3134,.T.);
#3216=ADVANCED_FACE('',(#601),#3135,.T.);
#3217=ADVANCED_FACE('',(#602),#3136,.T.);
#3218=ADVANCED_FACE('',(#603),#3137,.T.);
#3219=ADVANCED_FACE('',(#604),#3138,.T.);
#3220=ADVANCED_FACE('',(#605),#3139,.T.);
#3221=ADVANCED_FACE('',(#606),#3140,.T.);
#3222=ADVANCED_FACE('',(#607),#3141,.T.);
#3223=ADVANCED_FACE('',(#608),#3142,.T.);
#3224=ADVANCED_FACE('',(#609),#3143,.T.);
#3225=ADVANCED_FACE('',(#610),#3144,.T.);
#3226=ADVANCED_FACE('',(#611),#3145,.T.);
#3227=ADVANCED_FACE('',(#612),#3146,.T.);
#3228=ADVANCED_FACE('',(#613),#3147,.T.);
#3229=ADVANCED_FACE('',(#614),#3148,.T.);
#3230=ADVANCED_FACE('',(#615),#3149,.T.);
#3231=ADVANCED_FACE('',(#616),#3150,.T.);
#3232=ADVANCED_FACE('',(#617),#3151,.T.);
#3233=ADVANCED_FACE('',(#618),#3152,.T.);
#3234=ADVANCED_FACE('',(#619),#3153,.T.);
#3235=ADVANCED_FACE('',(#620),#3154,.T.);
#3236=ADVANCED_FACE('',(#621),#3155,.T.);
#3237=ADVANCED_FACE('',(#622),#3156,.T.);
#3238=ADVANCED_FACE('',(#623),#3157,.T.);
#3239=ADVANCED_FACE('',(#624),#3158,.T.);
#3240=ADVANCED_FACE('',(#625),#3159,.T.);
#3241=ADVANCED_FACE('',(#626),#3160,.T.);
#3242=ADVANCED_FACE('',(#627),#3161,.T.);
#3243=ADVANCED_FACE('',(#628),#3162,.T.);
#3244=ADVANCED_FACE('',(#629),#3163,.T.);
#3245=ADVANCED_FACE('',(#630),#3164,.T.);
#3246=ADVANCED_FACE('',(#631),#3165,.T.);
#3247=ADVANCED_FACE('',(#632),#3166,.T.);
#3248=ADVANCED_FACE('',(#633),#3167,.T.);
#3249=ADVANCED_FACE('',(#634),#3168,.T.);
#3250=ADVANCED_FACE('',(#635),#3169,.T.);
#3251=ADVANCED_FACE('',(#636),#3170,.T.);
#3252=ADVANCED_FACE('',(#637),#3171,.T.);
#3253=ADVANCED_FACE('',(#638),#3172,.T.);
#3254=ADVANCED_FACE('',(#639),#3173,.T.);
#3255=ADVANCED_FACE('',(#640),#3174,.T.);
#3256=ADVANCED_FACE('',(#641),#3175,.T.);
#3257=ADVANCED_FACE('',(#642),#3176,.T.);
#3258=ADVANCED_FACE('',(#643),#3177,.T.);
#3259=ADVANCED_FACE('',(#644),#3178,.T.);
#3260=ADVANCED_FACE('',(#645),#3179,.T.);
#3261=ADVANCED_FACE('',(#646),#3180,.T.);
#3262=ADVANCED_FACE('',(#647),#3181,.T.);
#3263=ADVANCED_FACE('',(#648),#3182,.T.);
#3264=ADVANCED_FACE('',(#649),#3183,.T.);
#3265=ADVANCED_FACE('',(#650),#3184,.T.);
#3266=ADVANCED_FACE('',(#651),#3185,.T.);
#3267=ADVANCED_FACE('',(#652),#3186,.T.);
#3268=ADVANCED_FACE('',(#653),#3187,.T.);
#3269=ADVANCED_FACE('',(#654),#3188,.T.);
#3270=ADVANCED_FACE('',(#655),#3189,.T.);
#3271=ADVANCED_FACE('',(#656),#3190,.T.);
#3272=ADVANCED_FACE('',(#657),#3191,.T.);
#3273=ADVANCED_FACE('',(#658),#3192,.T.);
#3274=ADVANCED_FACE('',(#659),#3193,.T.);
#3275=ADVANCED_FACE('',(#660),#3194,.T.);
#3276=ADVANCED_FACE('',(#661),#3195,.T.);
#3277=ADVANCED_FACE('',(#662),#3196,.T.);
#3278=ADVANCED_FACE('',(#663),#3197,.T.);
#3279=ADVANCED_FACE('',(#664),#545,.F.);
#3280=ADVANCED_FACE('',(#665),#22,.T.);
#3281=ADVANCED_FACE('',(#666),#23,.T.);
#3282=ADVANCED_FACE('',(#667),#24,.T.);
#3283=ADVANCED_FACE('',(#668),#25,.T.);
#3284=ADVANCED_FACE('',(#669,#19),#26,.F.);
#3285=ADVANCED_FACE('',(#670),#546,.F.);
#3286=ADVANCED_FACE('',(#671),#547,.T.);
#3287=ADVANCED_FACE('',(#672),#548,.T.);
#3288=ADVANCED_FACE('',(#673),#549,.T.);
#3289=ADVANCED_FACE('',(#674),#550,.T.);
#3290=ADVANCED_FACE('',(#675),#551,.T.);
#3291=ADVANCED_FACE('',(#676),#3198,.T.);
#3292=ADVANCED_FACE('',(#677),#552,.T.);
#3293=ADVANCED_FACE('',(#678),#3199,.T.);
#3294=ADVANCED_FACE('',(#679),#553,.T.);
#3295=ADVANCED_FACE('',(#680),#3200,.T.);
#3296=ADVANCED_FACE('',(#681),#554,.T.);
#3297=ADVANCED_FACE('',(#682),#3201,.T.);
#3298=ADVANCED_FACE('',(#683),#555,.T.);
#3299=ADVANCED_FACE('',(#684),#3202,.T.);
#3300=ADVANCED_FACE('',(#685),#556,.T.);
#3301=ADVANCED_FACE('',(#686),#3203,.T.);
#3302=ADVANCED_FACE('',(#687),#557,.T.);
#3303=ADVANCED_FACE('',(#688),#558,.T.);
#3304=ADVANCED_FACE('',(#689),#3204,.T.);
#3305=ADVANCED_FACE('',(#690),#559,.T.);
#3306=ADVANCED_FACE('',(#691),#3205,.T.);
#3307=ADVANCED_FACE('',(#692),#560,.T.);
#3308=ADVANCED_FACE('',(#693),#561,.T.);
#3309=ADVANCED_FACE('',(#694),#3206,.T.);
#3310=ADVANCED_FACE('',(#695),#562,.T.);
#3311=ADVANCED_FACE('',(#696),#3207,.T.);
#3312=ADVANCED_FACE('',(#697),#563,.T.);
#3313=ADVANCED_FACE('',(#698),#564,.T.);
#3314=ADVANCED_FACE('',(#699),#3208,.T.);
#3315=ADVANCED_FACE('',(#700),#565,.T.);
#3316=ADVANCED_FACE('',(#701),#3209,.T.);
#3317=ADVANCED_FACE('',(#702),#3210,.T.);
#3318=ADVANCED_FACE('',(#703,#20),#27,.F.);
#3319=ADVANCED_FACE('',(#704),#566,.F.);
#3320=ADVANCED_FACE('',(#705),#567,.F.);
#3321=ADVANCED_FACE('',(#706),#28,.T.);
#3322=ADVANCED_FACE('',(#707),#29,.T.);
#3323=ADVANCED_FACE('',(#708),#3211,.F.);
#3324=ADVANCED_FACE('',(#709),#568,.T.);
#3325=ADVANCED_FACE('',(#710),#569,.F.);
#3326=ADVANCED_FACE('',(#711),#30,.F.);
#3327=ADVANCED_FACE('',(#712),#570,.F.);
#3328=ADVANCED_FACE('',(#713),#571,.F.);
#3329=ADVANCED_FACE('',(#714),#31,.F.);
#3330=ADVANCED_FACE('',(#715),#572,.F.);
#3331=ADVANCED_FACE('',(#716),#573,.F.);
#3332=ADVANCED_FACE('',(#717),#32,.F.);
#3333=ADVANCED_FACE('',(#718),#574,.F.);
#3334=ADVANCED_FACE('',(#719),#33,.T.);
#3335=ADVANCED_FACE('',(#720),#575,.F.);
#3336=ADVANCED_FACE('',(#721),#34,.F.);
#3337=ADVANCED_FACE('',(#722),#576,.F.);
#3338=ADVANCED_FACE('',(#723),#35,.F.);
#3339=ADVANCED_FACE('',(#724),#36,.F.);
#3340=ADVANCED_FACE('',(#725),#37,.T.);
#3341=ADVANCED_FACE('',(#726),#577,.F.);
#3342=ADVANCED_FACE('',(#727),#38,.F.);
#3343=ADVANCED_FACE('',(#728),#578,.F.);
#3344=ADVANCED_FACE('',(#729),#39,.F.);
#3345=ADVANCED_FACE('',(#730),#40,.F.);
#3346=ADVANCED_FACE('',(#731),#41,.T.);
#3347=ADVANCED_FACE('',(#732),#579,.F.);
#3348=ADVANCED_FACE('',(#733),#42,.F.);
#3349=ADVANCED_FACE('',(#734),#580,.F.);
#3350=ADVANCED_FACE('',(#735),#43,.F.);
#3351=ADVANCED_FACE('',(#736),#44,.F.);
#3352=ADVANCED_FACE('',(#737),#45,.T.);
#3353=ADVANCED_FACE('',(#738),#581,.F.);
#3354=ADVANCED_FACE('',(#739),#46,.F.);
#3355=ADVANCED_FACE('',(#740),#47,.F.);
#3356=ADVANCED_FACE('',(#741),#582,.F.);
#3357=ADVANCED_FACE('',(#742),#48,.F.);
#3358=ADVANCED_FACE('',(#743),#49,.T.);
#3359=ADVANCED_FACE('',(#744),#583,.F.);
#3360=ADVANCED_FACE('',(#745),#50,.F.);
#3361=ADVANCED_FACE('',(#746),#51,.F.);
#3362=ADVANCED_FACE('',(#747),#584,.F.);
#3363=ADVANCED_FACE('',(#748),#52,.F.);
#3364=ADVANCED_FACE('',(#749),#53,.T.);
#3365=ADVANCED_FACE('',(#750),#585,.F.);
#3366=ADVANCED_FACE('',(#751),#54,.F.);
#3367=ADVANCED_FACE('',(#752),#55,.F.);
#3368=ADVANCED_FACE('',(#753),#586,.F.);
#3369=ADVANCED_FACE('',(#754),#56,.F.);
#3370=ADVANCED_FACE('',(#755),#3212,.F.);
#3371=ADVANCED_FACE('',(#756),#57,.F.);
#3372=ADVANCED_FACE('',(#757),#3213,.F.);
#3373=ADVANCED_FACE('',(#758),#58,.F.);
#3374=ADVANCED_FACE('',(#759),#587,.F.);
#3375=ADVANCED_FACE('',(#760),#588,.F.);
#3376=ADVANCED_FACE('',(#761),#59,.F.);
#3377=ADVANCED_FACE('',(#762),#589,.F.);
#3378=ADVANCED_FACE('',(#763),#590,.F.);
#3379=ADVANCED_FACE('',(#764),#60,.F.);
#3380=ADVANCED_FACE('',(#765),#591,.F.);
#3381=ADVANCED_FACE('',(#766),#61,.F.);
#3382=ADVANCED_FACE('',(#767),#592,.F.);
#3383=ADVANCED_FACE('',(#768),#62,.T.);
#3384=ADVANCED_FACE('',(#769),#63,.T.);
#3385=ADVANCED_FACE('',(#770),#64,.T.);
#3386=ADVANCED_FACE('',(#771),#65,.T.);
#3387=ADVANCED_FACE('',(#772),#66,.T.);
#3388=ADVANCED_FACE('',(#773),#67,.T.);
#3389=ADVANCED_FACE('',(#774),#68,.T.);
#3390=ADVANCED_FACE('',(#775),#69,.T.);
#3391=ADVANCED_FACE('',(#776),#70,.F.);
#3392=ADVANCED_FACE('',(#777),#71,.T.);
#3393=ADVANCED_FACE('',(#778),#72,.F.);
#3394=ADVANCED_FACE('',(#779),#593,.T.);
#3395=ADVANCED_FACE('',(#780),#73,.F.);
#3396=ADVANCED_FACE('',(#781),#74,.T.);
#3397=ADVANCED_FACE('',(#782),#75,.F.);
#3398=ADVANCED_FACE('',(#783),#594,.T.);
#3399=ADVANCED_FACE('',(#784),#76,.F.);
#3400=ADVANCED_FACE('',(#785),#77,.T.);
#3401=ADVANCED_FACE('',(#786),#78,.F.);
#3402=ADVANCED_FACE('',(#787),#595,.T.);
#3403=ADVANCED_FACE('',(#788),#79,.F.);
#3404=ADVANCED_FACE('',(#789),#80,.T.);
#3405=ADVANCED_FACE('',(#790),#81,.F.);
#3406=ADVANCED_FACE('',(#791),#596,.T.);
#3407=ADVANCED_FACE('',(#792),#82,.F.);
#3408=ADVANCED_FACE('',(#793),#83,.T.);
#3409=ADVANCED_FACE('',(#794),#84,.F.);
#3410=ADVANCED_FACE('',(#795),#597,.T.);
#3411=ADVANCED_FACE('',(#796),#85,.F.);
#3412=ADVANCED_FACE('',(#797),#86,.T.);
#3413=ADVANCED_FACE('',(#798),#87,.F.);
#3414=ADVANCED_FACE('',(#799),#598,.F.);
#3415=ADVANCED_FACE('',(#800),#88,.F.);
#3416=ADVANCED_FACE('',(#801),#89,.T.);
#3417=ADVANCED_FACE('',(#802,#21),#90,.T.);
#3418=CLOSED_SHELL('',(#3214,#3215,#3216,#3217,#3218,#3219,#3220,#3221,
#3222,#3223,#3224,#3225,#3226,#3227,#3228,#3229,#3230,#3231,#3232,#3233,
#3234,#3235,#3236,#3237,#3238,#3239,#3240,#3241,#3242,#3243,#3244,#3245,
#3246,#3247,#3248,#3249,#3250,#3251,#3252,#3253,#3254,#3255,#3256,#3257,
#3258,#3259,#3260,#3261,#3262,#3263,#3264,#3265,#3266,#3267,#3268,#3269,
#3270,#3271,#3272,#3273,#3274,#3275,#3276,#3277,#3278,#3279,#3280,#3281,
#3282,#3283,#3284,#3285,#3286,#3287,#3288,#3289,#3290,#3291,#3292,#3293,
#3294,#3295,#3296,#3297,#3298,#3299,#3300,#3301,#3302,#3303,#3304,#3305,
#3306,#3307,#3308,#3309,#3310,#3311,#3312,#3313,#3314,#3315,#3316,#3317,
#3318,#3319,#3320,#3321,#3322,#3323,#3324,#3325,#3326,#3327,#3328,#3329,
#3330,#3331,#3332,#3333,#3334,#3335,#3336,#3337,#3338,#3339,#3340,#3341,
#3342,#3343,#3344,#3345,#3346,#3347,#3348,#3349,#3350,#3351,#3352,#3353,
#3354,#3355,#3356,#3357,#3358,#3359,#3360,#3361,#3362,#3363,#3364,#3365,
#3366,#3367,#3368,#3369,#3370,#3371,#3372,#3373,#3374,#3375,#3376,#3377,
#3378,#3379,#3380,#3381,#3382,#3383,#3384,#3385,#3386,#3387,#3388,#3389,
#3390,#3391,#3392,#3393,#3394,#3395,#3396,#3397,#3398,#3399,#3400,#3401,
#3402,#3403,#3404,#3405,#3406,#3407,#3408,#3409,#3410,#3411,#3412,#3413,
#3414,#3415,#3416,#3417));
#3419=AXIS2_PLACEMENT_3D('',#4600,#3737,#3738);
#3420=AXIS2_PLACEMENT_3D('',#4653,#3739,#3740);
#3421=AXIS2_PLACEMENT_3D('',#4654,#3741,#3742);
#3422=AXIS2_PLACEMENT_3D('',#4699,#3743,#3744);
#3423=AXIS2_PLACEMENT_3D('',#4700,#3745,#3746);
#3424=AXIS2_PLACEMENT_3D('',#4745,#3747,#3748);
#3425=AXIS2_PLACEMENT_3D('',#4746,#3749,#3750);
#3426=AXIS2_PLACEMENT_3D('',#4791,#3751,#3752);
#3427=AXIS2_PLACEMENT_3D('',#4792,#3753,#3754);
#3428=AXIS2_PLACEMENT_3D('',#4837,#3755,#3756);
#3429=AXIS2_PLACEMENT_3D('',#4838,#3757,#3758);
#3430=AXIS2_PLACEMENT_3D('',#4891,#3759,#3760);
#3431=AXIS2_PLACEMENT_3D('',#4892,#3761,#3762);
#3432=AXIS2_PLACEMENT_3D('',#4937,#3763,#3764);
#3433=AXIS2_PLACEMENT_3D('',#4938,#3765,#3766);
#3434=AXIS2_PLACEMENT_3D('',#4983,#3767,#3768);
#3435=AXIS2_PLACEMENT_3D('',#4984,#3769,#3770);
#3436=AXIS2_PLACEMENT_3D('',#5029,#3771,#3772);
#3437=AXIS2_PLACEMENT_3D('',#5030,#3773,#3774);
#3438=AXIS2_PLACEMENT_3D('',#5075,#3775,#3776);
#3439=AXIS2_PLACEMENT_3D('',#5076,#3777,#3778);
#3440=AXIS2_PLACEMENT_3D('',#5129,#3779,#3780);
#3441=AXIS2_PLACEMENT_3D('',#5130,#3781,#3782);
#3442=AXIS2_PLACEMENT_3D('',#5175,#3783,#3784);
#3443=AXIS2_PLACEMENT_3D('',#5176,#3785,#3786);
#3444=AXIS2_PLACEMENT_3D('',#5221,#3787,#3788);
#3445=AXIS2_PLACEMENT_3D('',#5222,#3789,#3790);
#3446=AXIS2_PLACEMENT_3D('',#5267,#3791,#3792);
#3447=AXIS2_PLACEMENT_3D('',#5268,#3793,#3794);
#3448=AXIS2_PLACEMENT_3D('',#5313,#3795,#3796);
#3449=AXIS2_PLACEMENT_3D('',#5314,#3797,#3798);
#3450=AXIS2_PLACEMENT_3D('',#5367,#3799,#3800);
#3451=AXIS2_PLACEMENT_3D('',#5368,#3801,#3802);
#3452=AXIS2_PLACEMENT_3D('',#5413,#3803,#3804);
#3453=AXIS2_PLACEMENT_3D('',#5414,#3805,#3806);
#3454=AXIS2_PLACEMENT_3D('',#5459,#3807,#3808);
#3455=AXIS2_PLACEMENT_3D('',#5460,#3809,#3810);
#3456=AXIS2_PLACEMENT_3D('',#5505,#3811,#3812);
#3457=AXIS2_PLACEMENT_3D('',#5506,#3813,#3814);
#3458=AXIS2_PLACEMENT_3D('',#5551,#3815,#3816);
#3459=AXIS2_PLACEMENT_3D('',#5552,#3817,#3818);
#3460=AXIS2_PLACEMENT_3D('',#5605,#3819,#3820);
#3461=AXIS2_PLACEMENT_3D('',#5606,#3821,#3822);
#3462=AXIS2_PLACEMENT_3D('',#5651,#3823,#3824);
#3463=AXIS2_PLACEMENT_3D('',#5652,#3825,#3826);
#3464=AXIS2_PLACEMENT_3D('',#5697,#3827,#3828);
#3465=AXIS2_PLACEMENT_3D('',#5698,#3829,#3830);
#3466=AXIS2_PLACEMENT_3D('',#5743,#3831,#3832);
#3467=AXIS2_PLACEMENT_3D('',#5744,#3833,#3834);
#3468=AXIS2_PLACEMENT_3D('',#5789,#3835,#3836);
#3469=AXIS2_PLACEMENT_3D('',#5790,#3837,#3838);
#3470=AXIS2_PLACEMENT_3D('',#5843,#3839,#3840);
#3471=AXIS2_PLACEMENT_3D('',#5844,#3841,#3842);
#3472=AXIS2_PLACEMENT_3D('',#5889,#3843,#3844);
#3473=AXIS2_PLACEMENT_3D('',#5890,#3845,#3846);
#3474=AXIS2_PLACEMENT_3D('',#5935,#3847,#3848);
#3475=AXIS2_PLACEMENT_3D('',#5936,#3849,#3850);
#3476=AXIS2_PLACEMENT_3D('',#5981,#3851,#3852);
#3477=AXIS2_PLACEMENT_3D('',#5982,#3853,#3854);
#3478=AXIS2_PLACEMENT_3D('',#6027,#3855,#3856);
#3479=AXIS2_PLACEMENT_3D('',#6028,#3857,#3858);
#3480=AXIS2_PLACEMENT_3D('',#6102,#3859,#3860);
#3481=AXIS2_PLACEMENT_3D('',#6103,#3861,#3862);
#3482=AXIS2_PLACEMENT_3D('',#6169,#3863,#3864);
#3483=AXIS2_PLACEMENT_3D('',#6170,#3865,#3866);
#3484=AXIS2_PLACEMENT_3D('',#6321,#3867,#3868);
#3485=AXIS2_PLACEMENT_3D('',#6387,#3869,#3870);
#3486=AXIS2_PLACEMENT_3D('',#6536,#3871,#3872);
#3487=AXIS2_PLACEMENT_3D('',#6589,#3873,#3874);
#3488=AXIS2_PLACEMENT_3D('',#6590,#3875,#3876);
#3489=AXIS2_PLACEMENT_3D('',#6635,#3877,#3878);
#3490=AXIS2_PLACEMENT_3D('',#6636,#3879,#3880);
#3491=AXIS2_PLACEMENT_3D('',#6681,#3881,#3882);
#3492=AXIS2_PLACEMENT_3D('',#6682,#3883,#3884);
#3493=AXIS2_PLACEMENT_3D('',#6727,#3885,#3886);
#3494=AXIS2_PLACEMENT_3D('',#6728,#3887,#3888);
#3495=AXIS2_PLACEMENT_3D('',#6773,#3889,#3890);
#3496=AXIS2_PLACEMENT_3D('',#6774,#3891,#3892);
#3497=AXIS2_PLACEMENT_3D('',#6938,#3893,#3894);
#3498=AXIS2_PLACEMENT_3D('',#6997,#3895,#3896);
#3499=AXIS2_PLACEMENT_3D('',#7130,#3897,#3898);
#3500=AXIS2_PLACEMENT_3D('',#7131,#3899,#3900);
#3501=AXIS2_PLACEMENT_3D('',#7190,#3901,#3902);
#3502=AXIS2_PLACEMENT_3D('',#7191,#3903,#3904);
#3503=AXIS2_PLACEMENT_3D('',#7300,#3905,#3906);
#3504=AXIS2_PLACEMENT_3D('',#7353,#3907,#3908);
#3505=AXIS2_PLACEMENT_3D('',#7354,#3909,#3910);
#3506=AXIS2_PLACEMENT_3D('',#7399,#3911,#3912);
#3507=AXIS2_PLACEMENT_3D('',#7400,#3913,#3914);
#3508=AXIS2_PLACEMENT_3D('',#7445,#3915,#3916);
#3509=AXIS2_PLACEMENT_3D('',#7446,#3917,#3918);
#3510=AXIS2_PLACEMENT_3D('',#7491,#3919,#3920);
#3511=AXIS2_PLACEMENT_3D('',#7492,#3921,#3922);
#3512=AXIS2_PLACEMENT_3D('',#7537,#3923,#3924);
#3513=AXIS2_PLACEMENT_3D('',#7538,#3925,#3926);
#3514=AXIS2_PLACEMENT_3D('',#7591,#3927,#3928);
#3515=AXIS2_PLACEMENT_3D('',#7592,#3929,#3930);
#3516=AXIS2_PLACEMENT_3D('',#7637,#3931,#3932);
#3517=AXIS2_PLACEMENT_3D('',#7638,#3933,#3934);
#3518=AXIS2_PLACEMENT_3D('',#7683,#3935,#3936);
#3519=AXIS2_PLACEMENT_3D('',#7684,#3937,#3938);
#3520=AXIS2_PLACEMENT_3D('',#7729,#3939,#3940);
#3521=AXIS2_PLACEMENT_3D('',#7730,#3941,#3942);
#3522=AXIS2_PLACEMENT_3D('',#7775,#3943,#3944);
#3523=AXIS2_PLACEMENT_3D('',#7776,#3945,#3946);
#3524=AXIS2_PLACEMENT_3D('',#7829,#3947,#3948);
#3525=AXIS2_PLACEMENT_3D('',#7830,#3949,#3950);
#3526=AXIS2_PLACEMENT_3D('',#7875,#3951,#3952);
#3527=AXIS2_PLACEMENT_3D('',#7876,#3953,#3954);
#3528=AXIS2_PLACEMENT_3D('',#7921,#3955,#3956);
#3529=AXIS2_PLACEMENT_3D('',#7922,#3957,#3958);
#3530=AXIS2_PLACEMENT_3D('',#7967,#3959,#3960);
#3531=AXIS2_PLACEMENT_3D('',#7968,#3961,#3962);
#3532=AXIS2_PLACEMENT_3D('',#8013,#3963,#3964);
#3533=AXIS2_PLACEMENT_3D('',#8014,#3965,#3966);
#3534=AXIS2_PLACEMENT_3D('',#8067,#3967,#3968);
#3535=AXIS2_PLACEMENT_3D('',#8068,#3969,#3970);
#3536=AXIS2_PLACEMENT_3D('',#8113,#3971,#3972);
#3537=AXIS2_PLACEMENT_3D('',#8114,#3973,#3974);
#3538=AXIS2_PLACEMENT_3D('',#8159,#3975,#3976);
#3539=AXIS2_PLACEMENT_3D('',#8160,#3977,#3978);
#3540=AXIS2_PLACEMENT_3D('',#8205,#3979,#3980);
#3541=AXIS2_PLACEMENT_3D('',#8206,#3981,#3982);
#3542=AXIS2_PLACEMENT_3D('',#8251,#3983,#3984);
#3543=AXIS2_PLACEMENT_3D('',#8252,#3985,#3986);
#3544=AXIS2_PLACEMENT_3D('',#8253,#3987,#3988);
#3545=AXIS2_PLACEMENT_3D('',#8255,#3989,#3990);
#3546=AXIS2_PLACEMENT_3D('',#8258,#3992,#3993);
#3547=AXIS2_PLACEMENT_3D('',#8259,#3994,#3995);
#3548=AXIS2_PLACEMENT_3D('',#8268,#4000,#4001);
#3549=AXIS2_PLACEMENT_3D('',#8277,#4006,#4007);
#3550=AXIS2_PLACEMENT_3D('',#8283,#4011,#4012);
#3551=AXIS2_PLACEMENT_3D('',#8289,#4016,#4017);
#3552=AXIS2_PLACEMENT_3D('',#8303,#4031,#4032);
#3553=AXIS2_PLACEMENT_3D('',#8306,#4033,#4034);
#3554=AXIS2_PLACEMENT_3D('',#8309,#4037,#4038);
#3555=AXIS2_PLACEMENT_3D('',#8312,#4039,#4040);
#3556=AXIS2_PLACEMENT_3D('',#8315,#4043,#4044);
#3557=AXIS2_PLACEMENT_3D('',#8318,#4045,#4046);
#3558=AXIS2_PLACEMENT_3D('',#8321,#4048,#4049);
#3559=AXIS2_PLACEMENT_3D('',#8323,#4051,#4052);
#3560=AXIS2_PLACEMENT_3D('',#8326,#4053,#4054);
#3561=AXIS2_PLACEMENT_3D('',#8329,#4056,#4057);
#3562=AXIS2_PLACEMENT_3D('',#8331,#4059,#4060);
#3563=AXIS2_PLACEMENT_3D('',#8334,#4062,#4063);
#3564=AXIS2_PLACEMENT_3D('',#8335,#4064,#4065);
#3565=AXIS2_PLACEMENT_3D('',#8373,#4067,#4068);
#3566=AXIS2_PLACEMENT_3D('',#8374,#4069,#4070);
#3567=AXIS2_PLACEMENT_3D('',#8377,#4072,#4073);
#3568=AXIS2_PLACEMENT_3D('',#8415,#4074,#4075);
#3569=AXIS2_PLACEMENT_3D('',#8416,#4076,#4077);
#3570=AXIS2_PLACEMENT_3D('',#8417,#4078,#4079);
#3571=AXIS2_PLACEMENT_3D('',#8420,#4081,#4082);
#3572=AXIS2_PLACEMENT_3D('',#8457,#4083,#4084);
#3573=AXIS2_PLACEMENT_3D('',#8458,#4085,#4086);
#3574=AXIS2_PLACEMENT_3D('',#8461,#4088,#4089);
#3575=AXIS2_PLACEMENT_3D('',#8498,#4090,#4091);
#3576=AXIS2_PLACEMENT_3D('',#8499,#4092,#4093);
#3577=AXIS2_PLACEMENT_3D('',#8502,#4095,#4096);
#3578=AXIS2_PLACEMENT_3D('',#8558,#4097,#4098);
#3579=AXIS2_PLACEMENT_3D('',#8596,#4100,#4101);
#3580=AXIS2_PLACEMENT_3D('',#8597,#4102,#4103);
#3581=AXIS2_PLACEMENT_3D('',#8600,#4104,#4105);
#3582=AXIS2_PLACEMENT_3D('',#8603,#4107,#4108);
#3583=AXIS2_PLACEMENT_3D('',#8605,#4110,#4111);
#3584=AXIS2_PLACEMENT_3D('',#8668,#4113,#4114);
#3585=AXIS2_PLACEMENT_3D('',#8706,#4116,#4117);
#3586=AXIS2_PLACEMENT_3D('',#8707,#4118,#4119);
#3587=AXIS2_PLACEMENT_3D('',#8710,#4120,#4121);
#3588=AXIS2_PLACEMENT_3D('',#8713,#4124,#4125);
#3589=AXIS2_PLACEMENT_3D('',#8716,#4127,#4128);
#3590=AXIS2_PLACEMENT_3D('',#8753,#4129,#4130);
#3591=AXIS2_PLACEMENT_3D('',#8754,#4131,#4132);
#3592=AXIS2_PLACEMENT_3D('',#8757,#4134,#4135);
#3593=AXIS2_PLACEMENT_3D('',#8794,#4136,#4137);
#3594=AXIS2_PLACEMENT_3D('',#8795,#4138,#4139);
#3595=AXIS2_PLACEMENT_3D('',#8798,#4140,#4141);
#3596=AXIS2_PLACEMENT_3D('',#8801,#4144,#4145);
#3597=AXIS2_PLACEMENT_3D('',#8804,#4147,#4148);
#3598=AXIS2_PLACEMENT_3D('',#8841,#4149,#4150);
#3599=AXIS2_PLACEMENT_3D('',#8842,#4151,#4152);
#3600=AXIS2_PLACEMENT_3D('',#8845,#4154,#4155);
#3601=AXIS2_PLACEMENT_3D('',#8882,#4156,#4157);
#3602=AXIS2_PLACEMENT_3D('',#8919,#4158,#4159);
#3603=AXIS2_PLACEMENT_3D('',#8920,#4160,#4161);
#3604=AXIS2_PLACEMENT_3D('',#8953,#4172,#4173);
#3605=AXIS2_PLACEMENT_3D('',#8955,#4174,#4175);
#3606=AXIS2_PLACEMENT_3D('',#8957,#4176,#4177);
#3607=AXIS2_PLACEMENT_3D('',#8958,#4178,#4179);
#3608=AXIS2_PLACEMENT_3D('',#8959,#4180,#4181);
#3609=AXIS2_PLACEMENT_3D('',#8961,#4182,#4183);
#3610=AXIS2_PLACEMENT_3D('',#8963,#4185,#4186);
#3611=AXIS2_PLACEMENT_3D('',#8969,#4188,#4189);
#3612=AXIS2_PLACEMENT_3D('',#8975,#4192,#4193);
#3613=AXIS2_PLACEMENT_3D('',#9012,#4195,#4196);
#3614=AXIS2_PLACEMENT_3D('',#9013,#4197,#4198);
#3615=AXIS2_PLACEMENT_3D('',#9014,#4199,#4200);
#3616=AXIS2_PLACEMENT_3D('',#9015,#4201,#4202);
#3617=AXIS2_PLACEMENT_3D('',#9019,#4204,#4205);
#3618=AXIS2_PLACEMENT_3D('',#9021,#4207,#4208);
#3619=AXIS2_PLACEMENT_3D('',#9025,#4211,#4212);
#3620=AXIS2_PLACEMENT_3D('',#9027,#4213,#4214);
#3621=AXIS2_PLACEMENT_3D('',#9029,#4216,#4217);
#3622=AXIS2_PLACEMENT_3D('',#9033,#4219,#4220);
#3623=AXIS2_PLACEMENT_3D('',#9035,#4222,#4223);
#3624=AXIS2_PLACEMENT_3D('',#9039,#4226,#4227);
#3625=AXIS2_PLACEMENT_3D('',#9041,#4228,#4229);
#3626=AXIS2_PLACEMENT_3D('',#9043,#4231,#4232);
#3627=AXIS2_PLACEMENT_3D('',#9047,#4234,#4235);
#3628=AXIS2_PLACEMENT_3D('',#9049,#4237,#4238);
#3629=AXIS2_PLACEMENT_3D('',#9053,#4241,#4242);
#3630=AXIS2_PLACEMENT_3D('',#9055,#4243,#4244);
#3631=AXIS2_PLACEMENT_3D('',#9057,#4246,#4247);
#3632=AXIS2_PLACEMENT_3D('',#9064,#4250,#4251);
#3633=AXIS2_PLACEMENT_3D('',#9068,#4253,#4254);
#3634=AXIS2_PLACEMENT_3D('',#9070,#4256,#4257);
#3635=AXIS2_PLACEMENT_3D('',#9073,#4260,#4261);
#3636=AXIS2_PLACEMENT_3D('',#9075,#4263,#4264);
#3637=AXIS2_PLACEMENT_3D('',#9077,#4266,#4267);
#3638=AXIS2_PLACEMENT_3D('',#9079,#4269,#4270);
#3639=AXIS2_PLACEMENT_3D('',#9081,#4272,#4273);
#3640=AXIS2_PLACEMENT_3D('',#9088,#4276,#4277);
#3641=AXIS2_PLACEMENT_3D('',#9092,#4279,#4280);
#3642=AXIS2_PLACEMENT_3D('',#9094,#4282,#4283);
#3643=AXIS2_PLACEMENT_3D('',#9097,#4286,#4287);
#3644=AXIS2_PLACEMENT_3D('',#9099,#4289,#4290);
#3645=AXIS2_PLACEMENT_3D('',#9101,#4292,#4293);
#3646=AXIS2_PLACEMENT_3D('',#9103,#4295,#4296);
#3647=AXIS2_PLACEMENT_3D('',#9105,#4298,#4299);
#3648=AXIS2_PLACEMENT_3D('',#9112,#4302,#4303);
#3649=AXIS2_PLACEMENT_3D('',#9116,#4305,#4306);
#3650=AXIS2_PLACEMENT_3D('',#9118,#4308,#4309);
#3651=AXIS2_PLACEMENT_3D('',#9121,#4312,#4313);
#3652=AXIS2_PLACEMENT_3D('',#9123,#4315,#4316);
#3653=AXIS2_PLACEMENT_3D('',#9125,#4318,#4319);
#3654=AXIS2_PLACEMENT_3D('',#9127,#4321,#4322);
#3655=AXIS2_PLACEMENT_3D('',#9129,#4324,#4325);
#3656=AXIS2_PLACEMENT_3D('',#9136,#4328,#4329);
#3657=AXIS2_PLACEMENT_3D('',#9140,#4331,#4332);
#3658=AXIS2_PLACEMENT_3D('',#9142,#4334,#4335);
#3659=AXIS2_PLACEMENT_3D('',#9145,#4338,#4339);
#3660=AXIS2_PLACEMENT_3D('',#9147,#4341,#4342);
#3661=AXIS2_PLACEMENT_3D('',#9150,#4345,#4346);
#3662=AXIS2_PLACEMENT_3D('',#9152,#4348,#4349);
#3663=AXIS2_PLACEMENT_3D('',#9153,#4350,#4351);
#3664=AXIS2_PLACEMENT_3D('',#9160,#4354,#4355);
#3665=AXIS2_PLACEMENT_3D('',#9164,#4357,#4358);
#3666=AXIS2_PLACEMENT_3D('',#9166,#4360,#4361);
#3667=AXIS2_PLACEMENT_3D('',#9169,#4364,#4365);
#3668=AXIS2_PLACEMENT_3D('',#9171,#4367,#4368);
#3669=AXIS2_PLACEMENT_3D('',#9174,#4371,#4372);
#3670=AXIS2_PLACEMENT_3D('',#9176,#4374,#4375);
#3671=AXIS2_PLACEMENT_3D('',#9177,#4376,#4377);
#3672=AXIS2_PLACEMENT_3D('',#9184,#4380,#4381);
#3673=AXIS2_PLACEMENT_3D('',#9188,#4383,#4384);
#3674=AXIS2_PLACEMENT_3D('',#9190,#4386,#4387);
#3675=AXIS2_PLACEMENT_3D('',#9193,#4390,#4391);
#3676=AXIS2_PLACEMENT_3D('',#9195,#4393,#4394);
#3677=AXIS2_PLACEMENT_3D('',#9198,#4397,#4398);
#3678=AXIS2_PLACEMENT_3D('',#9200,#4400,#4401);
#3679=AXIS2_PLACEMENT_3D('',#9322,#4404,#4405);
#3680=AXIS2_PLACEMENT_3D('',#9462,#4410,#4411);
#3681=AXIS2_PLACEMENT_3D('',#9464,#4413,#4414);
#3682=AXIS2_PLACEMENT_3D('',#9468,#4416,#4417);
#3683=AXIS2_PLACEMENT_3D('',#9470,#4419,#4420);
#3684=AXIS2_PLACEMENT_3D('',#9474,#4422,#4423);
#3685=AXIS2_PLACEMENT_3D('',#9476,#4425,#4426);
#3686=AXIS2_PLACEMENT_3D('',#9478,#4428,#4429);
#3687=AXIS2_PLACEMENT_3D('',#9482,#4431,#4432);
#3688=AXIS2_PLACEMENT_3D('',#9484,#4434,#4435);
#3689=AXIS2_PLACEMENT_3D('',#9488,#4437,#4438);
#3690=AXIS2_PLACEMENT_3D('',#9490,#4440,#4441);
#3691=AXIS2_PLACEMENT_3D('',#9492,#4443,#4444);
#3692=AXIS2_PLACEMENT_3D('',#9496,#4446,#4447);
#3693=AXIS2_PLACEMENT_3D('',#9498,#4449,#4450);
#3694=AXIS2_PLACEMENT_3D('',#9502,#4453,#4454);
#3695=AXIS2_PLACEMENT_3D('',#9504,#4455,#4456);
#3696=AXIS2_PLACEMENT_3D('',#9506,#4458,#4459);
#3697=AXIS2_PLACEMENT_3D('',#9510,#4462,#4463);
#3698=AXIS2_PLACEMENT_3D('',#9514,#4466,#4467);
#3699=AXIS2_PLACEMENT_3D('',#9518,#4470,#4471);
#3700=AXIS2_PLACEMENT_3D('',#9522,#4474,#4475);
#3701=AXIS2_PLACEMENT_3D('',#9526,#4478,#4479);
#3702=AXIS2_PLACEMENT_3D('',#9530,#4482,#4483);
#3703=AXIS2_PLACEMENT_3D('',#9534,#4486,#4487);
#3704=AXIS2_PLACEMENT_3D('',#9536,#4489,#4490);
#3705=AXIS2_PLACEMENT_3D('',#9540,#4493,#4494);
#3706=AXIS2_PLACEMENT_3D('',#9544,#4497,#4498);
#3707=AXIS2_PLACEMENT_3D('',#9548,#4501,#4502);
#3708=AXIS2_PLACEMENT_3D('',#9550,#4503,#4504);
#3709=AXIS2_PLACEMENT_3D('',#9552,#4506,#4507);
#3710=AXIS2_PLACEMENT_3D('',#9556,#4510,#4511);
#3711=AXIS2_PLACEMENT_3D('',#9560,#4514,#4515);
#3712=AXIS2_PLACEMENT_3D('',#9564,#4518,#4519);
#3713=AXIS2_PLACEMENT_3D('',#9566,#4520,#4521);
#3714=AXIS2_PLACEMENT_3D('',#9568,#4523,#4524);
#3715=AXIS2_PLACEMENT_3D('',#9572,#4527,#4528);
#3716=AXIS2_PLACEMENT_3D('',#9576,#4531,#4532);
#3717=AXIS2_PLACEMENT_3D('',#9580,#4535,#4536);
#3718=AXIS2_PLACEMENT_3D('',#9582,#4537,#4538);
#3719=AXIS2_PLACEMENT_3D('',#9584,#4540,#4541);
#3720=AXIS2_PLACEMENT_3D('',#9588,#4544,#4545);
#3721=AXIS2_PLACEMENT_3D('',#9592,#4548,#4549);
#3722=AXIS2_PLACEMENT_3D('',#9596,#4552,#4553);
#3723=AXIS2_PLACEMENT_3D('',#9598,#4554,#4555);
#3724=AXIS2_PLACEMENT_3D('',#9600,#4557,#4558);
#3725=AXIS2_PLACEMENT_3D('',#9604,#4561,#4562);
#3726=AXIS2_PLACEMENT_3D('',#9608,#4565,#4566);
#3727=AXIS2_PLACEMENT_3D('',#9612,#4569,#4570);
#3728=AXIS2_PLACEMENT_3D('',#9614,#4571,#4572);
#3729=AXIS2_PLACEMENT_3D('',#9616,#4574,#4575);
#3730=AXIS2_PLACEMENT_3D('',#9620,#4578,#4579);
#3731=AXIS2_PLACEMENT_3D('',#9624,#4582,#4583);
#3732=AXIS2_PLACEMENT_3D('',#9628,#4586,#4587);
#3733=AXIS2_PLACEMENT_3D('',#9630,#4588,#4589);
#3734=AXIS2_PLACEMENT_3D('',#9632,#4591,#4592);
#3735=AXIS2_PLACEMENT_3D('',#9636,#4595,#4596);
#3736=AXIS2_PLACEMENT_3D('',#9638,#4598,#4599);
#3737=DIRECTION('axis',(0.,0.,1.));
#3738=DIRECTION('refdir',(1.,0.,0.));
#3739=DIRECTION('center_axis',(0.,0.,-1.));
#3740=DIRECTION('ref_axis',(-0.584140748733897,-0.811652379820698,0.));
#3741=DIRECTION('center_axis',(-0.276649521091693,0.960970885344471,0.));
#3742=DIRECTION('ref_axis',(0.960970885344471,0.276649521091693,0.));
#3743=DIRECTION('center_axis',(0.999082142901792,0.0428354028201382,0.));
#3744=DIRECTION('ref_axis',(0.,0.,-1.));
#3745=DIRECTION('center_axis',(0.,0.,-1.));
#3746=DIRECTION('ref_axis',(-0.584140748733897,-0.811652379820698,0.));
#3747=DIRECTION('center_axis',(0.0428354028201355,-0.999082142901792,0.));
#3748=DIRECTION('ref_axis',(-0.706457758208246,-0.0302892038089748,-0.707106781186546));
#3749=DIRECTION('center_axis',(0.999082142901792,0.0428354028201382,0.));
#3750=DIRECTION('ref_axis',(0.,0.,-1.));
#3751=DIRECTION('center_axis',(0.,0.,-1.));
#3752=DIRECTION('ref_axis',(0.0428354028201378,-0.999082142901792,0.));
#3753=DIRECTION('center_axis',(0.0428354028201355,-0.999082142901792,0.));
#3754=DIRECTION('ref_axis',(-0.706457758208246,-0.0302892038089748,-0.707106781186546));
#3755=DIRECTION('center_axis',(-0.960970885344471,-0.276649521091695,0.));
#3756=DIRECTION('ref_axis',(0.195620752375934,-0.679509029549917,-0.70710678118655));
#3757=DIRECTION('center_axis',(0.,0.,-1.));
#3758=DIRECTION('ref_axis',(0.0428354028201378,-0.999082142901792,0.));
#3759=DIRECTION('center_axis',(0.,0.,1.));
#3760=DIRECTION('ref_axis',(0.907953090774747,0.41907181359832,0.));
#3761=DIRECTION('center_axis',(-0.551815644269693,0.833966123256349,-1.72093220722379E-14));
#3762=DIRECTION('ref_axis',(0.833966123256349,0.551815644269693,0.));
#3763=DIRECTION('center_axis',(0.276649521091693,-0.960970885344471,0.));
#3764=DIRECTION('ref_axis',(0.,0.,-1.));
#3765=DIRECTION('center_axis',(0.,0.,1.));
#3766=DIRECTION('ref_axis',(0.907953090774747,0.41907181359832,0.));
#3767=DIRECTION('center_axis',(-0.960970885344471,-0.276649521091695,0.));
#3768=DIRECTION('ref_axis',(-0.195620752375961,0.67950902954996,-0.707106781186501));
#3769=DIRECTION('center_axis',(0.276649521091693,-0.960970885344471,0.));
#3770=DIRECTION('ref_axis',(0.,0.,-1.));
#3771=DIRECTION('center_axis',(0.,0.,1.));
#3772=DIRECTION('ref_axis',(0.960970885344472,0.276649521091692,0.));
#3773=DIRECTION('center_axis',(-0.960970885344471,-0.276649521091695,0.));
#3774=DIRECTION('ref_axis',(-0.195620752375961,0.67950902954996,-0.707106781186501));
#3775=DIRECTION('center_axis',(-0.833966123256347,-0.551815644269696,0.));
#3776=DIRECTION('ref_axis',(0.390192584027914,-0.589703101034427,-0.707106781186547));
#3777=DIRECTION('center_axis',(0.,0.,1.));
#3778=DIRECTION('ref_axis',(0.960970885344472,0.276649521091692,0.));
#3779=DIRECTION('center_axis',(0.,0.,1.));
#3780=DIRECTION('ref_axis',(0.278894715755436,0.960321684397314,0.));
#3781=DIRECTION('center_axis',(-0.999082142901792,-0.0428354028201382,0.));
#3782=DIRECTION('ref_axis',(-0.0428354028201382,0.999082142901792,0.));
#3783=DIRECTION('center_axis',(0.820715308315827,-0.571337363294277,0.));
#3784=DIRECTION('ref_axis',(0.,0.,-1.));
#3785=DIRECTION('center_axis',(0.,0.,1.));
#3786=DIRECTION('ref_axis',(0.278894715755436,0.960321684397314,0.));
#3787=DIRECTION('center_axis',(-0.571337363294275,-0.820715308315829,0.));
#3788=DIRECTION('ref_axis',(-0.58033335993374,0.403996523930618,-0.707106781186543));
#3789=DIRECTION('center_axis',(0.820715308315827,-0.571337363294277,0.));
#3790=DIRECTION('ref_axis',(0.,0.,-1.));
#3791=DIRECTION('center_axis',(0.,0.,1.));
#3792=DIRECTION('ref_axis',(0.571337363294273,0.82071530831583,0.));
#3793=DIRECTION('center_axis',(-0.571337363294275,-0.820715308315829,0.));
#3794=DIRECTION('ref_axis',(-0.58033335993374,0.403996523930618,-0.707106781186543));
#3795=DIRECTION('center_axis',(0.0428354028201355,-0.999082142901792,0.));
#3796=DIRECTION('ref_axis',(0.706457758208244,0.030289203808991,-0.707106781186547));
#3797=DIRECTION('center_axis',(0.,0.,1.));
#3798=DIRECTION('ref_axis',(0.571337363294273,0.82071530831583,0.));
#3799=DIRECTION('center_axis',(0.488091392631037,-0.872792525426,0.));
#3800=DIRECTION('ref_axis',(0.61715751329766,0.345132733568191,-0.707106781186545));
#3801=DIRECTION('center_axis',(0.,0.,1.));
#3802=DIRECTION('ref_axis',(0.833966123256347,0.551815644269696,0.));
#3803=DIRECTION('center_axis',(-0.872792525425997,-0.488091392631042,0.));
#3804=DIRECTION('ref_axis',(-0.488091392631042,0.872792525425997,0.));
#3805=DIRECTION('center_axis',(0.488091392631037,-0.872792525426,0.));
#3806=DIRECTION('ref_axis',(0.61715751329766,0.345132733568191,-0.707106781186545));
#3807=DIRECTION('center_axis',(0.,0.,1.));
#3808=DIRECTION('ref_axis',(0.23593192213113,0.971769585920197,0.));
#3809=DIRECTION('center_axis',(-0.872792525425997,-0.488091392631042,0.));
#3810=DIRECTION('ref_axis',(-0.488091392631042,0.872792525425997,0.));
#3811=DIRECTION('center_axis',(0.551815644269696,-0.833966123256347,0.));
#3812=DIRECTION('ref_axis',(0.,0.,-1.));
#3813=DIRECTION('center_axis',(0.,0.,1.));
#3814=DIRECTION('ref_axis',(0.23593192213113,0.971769585920197,0.));
#3815=DIRECTION('center_axis',(-0.833966123256347,-0.551815644269696,0.));
#3816=DIRECTION('ref_axis',(-0.390192584027922,0.589703101034423,-0.707106781186546));
#3817=DIRECTION('center_axis',(0.551815644269696,-0.833966123256347,0.));
#3818=DIRECTION('ref_axis',(0.,0.,-1.));
#3819=DIRECTION('center_axis',(0.,0.,1.));
#3820=DIRECTION('ref_axis',(0.86152037247949,0.507723003027045,0.));
#3821=DIRECTION('center_axis',(-0.820715308315827,0.571337363294277,0.));
#3822=DIRECTION('ref_axis',(0.571337363294277,0.820715308315827,0.));
#3823=DIRECTION('center_axis',(0.102238614486287,-0.994759903548552,0.));
#3824=DIRECTION('ref_axis',(0.,0.,-1.));
#3825=DIRECTION('center_axis',(0.,0.,1.));
#3826=DIRECTION('ref_axis',(0.86152037247949,0.507723003027045,0.));
#3827=DIRECTION('center_axis',(-0.994759903548552,-0.102238614486291,0.));
#3828=DIRECTION('ref_axis',(-0.07229361760238,0.70340147345166,-0.707106781186544));
#3829=DIRECTION('center_axis',(0.102238614486287,-0.994759903548552,0.));
#3830=DIRECTION('ref_axis',(0.,0.,-1.));
#3831=DIRECTION('center_axis',(0.,0.,1.));
#3832=DIRECTION('ref_axis',(0.994759903548551,0.102238614486294,0.));
#3833=DIRECTION('center_axis',(-0.994759903548552,-0.102238614486291,0.));
#3834=DIRECTION('ref_axis',(-0.07229361760238,0.70340147345166,-0.707106781186544));
#3835=DIRECTION('center_axis',(-0.571337363294275,-0.820715308315829,0.));
#3836=DIRECTION('ref_axis',(0.580333359933734,-0.403996523930613,-0.707106781186551));
#3837=DIRECTION('center_axis',(0.,0.,1.));
#3838=DIRECTION('ref_axis',(0.994759903548551,0.102238614486294,0.));
#3839=DIRECTION('center_axis',(0.993805867652012,-0.111130092326209,0.));
#3840=DIRECTION('ref_axis',(0.0785808418777695,0.702726868199718,-0.707106781186545));
#3841=DIRECTION('center_axis',(0.,0.,1.));
#3842=DIRECTION('ref_axis',(-0.48809139263104,0.872792525425998,0.));
#3843=DIRECTION('center_axis',(-0.11113009232621,-0.993805867652012,0.));
#3844=DIRECTION('ref_axis',(-0.993805867652012,0.11113009232621,0.));
#3845=DIRECTION('center_axis',(0.993805867652012,-0.111130092326209,0.));
#3846=DIRECTION('ref_axis',(0.0785808418777695,0.702726868199718,-0.707106781186545));
#3847=DIRECTION('center_axis',(0.,0.,1.));
#3848=DIRECTION('ref_axis',(-0.833089003652955,0.553138962641873,0.));
#3849=DIRECTION('center_axis',(-0.11113009232621,-0.993805867652012,0.));
#3850=DIRECTION('ref_axis',(-0.993805867652012,0.11113009232621,0.));
#3851=DIRECTION('center_axis',(0.872792525425997,0.488091392631042,0.));
#3852=DIRECTION('ref_axis',(0.,0.,-1.));
#3853=DIRECTION('center_axis',(0.,0.,1.));
#3854=DIRECTION('ref_axis',(-0.833089003652955,0.553138962641873,0.));
#3855=DIRECTION('center_axis',(0.488091392631037,-0.872792525426,0.));
#3856=DIRECTION('ref_axis',(-0.617157513297642,-0.34513273356819,-0.707106781186562));
#3857=DIRECTION('center_axis',(0.872792525425997,0.488091392631042,0.));
#3858=DIRECTION('ref_axis',(0.,0.,-1.));
#3859=DIRECTION('center_axis',(-0.994759903548552,-0.102238614486291,0.));
#3860=DIRECTION('ref_axis',(0.0722936176023623,-0.703401473451659,-0.707106781186546));
#3861=DIRECTION('center_axis',(0.,0.,1.));
#3862=DIRECTION('ref_axis',(0.661896703902633,-0.74959505959073,0.));
#3863=DIRECTION('center_axis',(-0.102238614486287,0.994759903548552,0.));
#3864=DIRECTION('ref_axis',(0.994759903548552,0.102238614486287,0.));
#3865=DIRECTION('center_axis',(-0.994759903548552,-0.102238614486291,0.));
#3866=DIRECTION('ref_axis',(0.0722936176023623,-0.703401473451659,-0.707106781186546));
#3867=DIRECTION('center_axis',(-0.102238614486287,0.994759903548552,0.));
#3868=DIRECTION('ref_axis',(0.994759903548552,0.102238614486287,0.));
#3869=DIRECTION('center_axis',(-0.74959505959073,-0.661896703902633,0.));
#3870=DIRECTION('ref_axis',(0.,0.,-1.));
#3871=DIRECTION('center_axis',(-0.74959505959073,-0.661896703902633,0.));
#3872=DIRECTION('ref_axis',(0.,0.,-1.));
#3873=DIRECTION('center_axis',(0.,0.,1.));
#3874=DIRECTION('ref_axis',(-0.999841392525634,-0.0178098229188518,0.));
#3875=DIRECTION('center_axis',(0.146452992153527,-0.989217630801877,0.));
#3876=DIRECTION('ref_axis',(-0.989217630801877,-0.146452992153527,0.));
#3877=DIRECTION('center_axis',(0.11113009232621,0.993805867652012,0.));
#3878=DIRECTION('ref_axis',(0.,0.,-1.));
#3879=DIRECTION('center_axis',(0.,0.,1.));
#3880=DIRECTION('ref_axis',(-0.999841392525634,-0.0178098229188518,0.));
#3881=DIRECTION('center_axis',(0.993805867652012,-0.111130092326209,0.));
#3882=DIRECTION('ref_axis',(-0.0785808418777361,-0.702726868199738,-0.70710678118653));
#3883=DIRECTION('center_axis',(0.11113009232621,0.993805867652012,0.));
#3884=DIRECTION('ref_axis',(0.,0.,-1.));
#3885=DIRECTION('center_axis',(0.,0.,1.));
#3886=DIRECTION('ref_axis',(-0.993805867652012,0.111130092326208,0.));
#3887=DIRECTION('center_axis',(0.993805867652012,-0.111130092326209,0.));
#3888=DIRECTION('ref_axis',(-0.0785808418777361,-0.702726868199738,-0.70710678118653));
#3889=DIRECTION('center_axis',(0.989217630801878,0.146452992153524,0.));
#3890=DIRECTION('ref_axis',(-0.103557903876827,0.699482494809297,-0.707106781186547));
#3891=DIRECTION('center_axis',(0.,0.,1.));
#3892=DIRECTION('ref_axis',(-0.993805867652012,0.111130092326208,0.));
#3893=DIRECTION('center_axis',(0.74959505959073,0.661896703902633,0.));
#3894=DIRECTION('ref_axis',(0.661896703902633,-0.74959505959073,0.));
#3895=DIRECTION('center_axis',(-0.653210910906798,-0.757176007195362,0.));
#3896=DIRECTION('ref_axis',(0.,0.,-1.));
#3897=DIRECTION('center_axis',(-0.757176007195366,0.653210910906793,0.));
#3898=DIRECTION('ref_axis',(0.46188986464723,0.535404289239596,-0.707106781186552));
#3899=DIRECTION('center_axis',(-0.653210910906798,-0.757176007195362,0.));
#3900=DIRECTION('ref_axis',(0.,0.,-1.));
#3901=DIRECTION('center_axis',(0.,0.,-1.));
#3902=DIRECTION('ref_axis',(-0.75717600719537,0.65321091090679,0.));
#3903=DIRECTION('center_axis',(-0.757176007195366,0.653210910906793,0.));
#3904=DIRECTION('ref_axis',(0.46188986464723,0.535404289239596,-0.707106781186552));
#3905=DIRECTION('center_axis',(0.,0.,-1.));
#3906=DIRECTION('ref_axis',(-0.75717600719537,0.65321091090679,0.));
#3907=DIRECTION('center_axis',(0.,0.,1.));
#3908=DIRECTION('ref_axis',(-0.914057027036861,-0.405585689250169,0.));
#3909=DIRECTION('center_axis',(0.635192206050134,-0.772354103616447,0.));
#3910=DIRECTION('ref_axis',(-0.772354103616447,-0.635192206050134,0.));
#3911=DIRECTION('center_axis',(-0.146452992153527,0.989217630801877,0.));
#3912=DIRECTION('ref_axis',(0.,0.,-1.));
#3913=DIRECTION('center_axis',(0.,0.,1.));
#3914=DIRECTION('ref_axis',(-0.914057027036861,-0.405585689250169,0.));
#3915=DIRECTION('center_axis',(0.989217630801878,0.146452992153524,0.));
#3916=DIRECTION('ref_axis',(0.103557903876804,-0.699482494809302,-0.707106781186546));
#3917=DIRECTION('center_axis',(-0.146452992153527,0.989217630801877,0.));
#3918=DIRECTION('ref_axis',(0.,0.,-1.));
#3919=DIRECTION('center_axis',(0.,0.,1.));
#3920=DIRECTION('ref_axis',(-0.989217630801877,-0.146452992153527,0.));
#3921=DIRECTION('center_axis',(0.989217630801878,0.146452992153524,0.));
#3922=DIRECTION('ref_axis',(0.103557903876804,-0.699482494809302,-0.707106781186546));
#3923=DIRECTION('center_axis',(0.772354103616447,0.635192206050133,0.));
#3924=DIRECTION('ref_axis',(-0.449148716254879,0.546136824144453,-0.707106781186551));
#3925=DIRECTION('center_axis',(0.,0.,1.));
#3926=DIRECTION('ref_axis',(-0.989217630801877,-0.146452992153527,0.));
#3927=DIRECTION('center_axis',(0.,0.,1.));
#3928=DIRECTION('ref_axis',(0.504887325758248,-0.863185257223897,0.));
#3929=DIRECTION('center_axis',(0.653210910906793,0.757176007195366,0.));
#3930=DIRECTION('ref_axis',(0.757176007195366,-0.653210910906793,0.));
#3931=DIRECTION('center_axis',(-0.980161055526807,-0.198202687238531,0.));
#3932=DIRECTION('ref_axis',(0.,0.,-1.));
#3933=DIRECTION('center_axis',(0.,0.,1.));
#3934=DIRECTION('ref_axis',(0.504887325758248,-0.863185257223897,0.));
#3935=DIRECTION('center_axis',(-0.198202687238533,0.980161055526807,0.));
#3936=DIRECTION('ref_axis',(0.693078529017968,0.140150464195758,-0.70710678118655));
#3937=DIRECTION('center_axis',(-0.980161055526807,-0.198202687238531,0.));
#3938=DIRECTION('ref_axis',(0.,0.,-1.));
#3939=DIRECTION('center_axis',(0.,0.,1.));
#3940=DIRECTION('ref_axis',(0.198202687238531,-0.980161055526807,0.));
#3941=DIRECTION('center_axis',(-0.198202687238533,0.980161055526807,0.));
#3942=DIRECTION('ref_axis',(0.693078529017968,0.140150464195758,-0.70710678118655));
#3943=DIRECTION('center_axis',(-0.757176007195366,0.653210910906793,0.));
#3944=DIRECTION('ref_axis',(-0.461889864647222,-0.535404289239607,-0.707106781186548));
#3945=DIRECTION('center_axis',(0.,0.,1.));
#3946=DIRECTION('ref_axis',(0.198202687238531,-0.980161055526807,0.));
#3947=DIRECTION('center_axis',(-0.0312347523777216,0.999512076087079,0.));
#3948=DIRECTION('ref_axis',(-0.706761766879009,-0.022086305214978,-0.707106781186556));
#3949=DIRECTION('center_axis',(0.,0.,1.));
#3950=DIRECTION('ref_axis',(-0.772354103616447,-0.635192206050134,0.));
#3951=DIRECTION('center_axis',(0.999512076087079,0.0312347523777135,0.));
#3952=DIRECTION('ref_axis',(0.0312347523777134,-0.999512076087079,0.));
#3953=DIRECTION('center_axis',(-0.0312347523777216,0.999512076087079,0.));
#3954=DIRECTION('ref_axis',(-0.706761766879009,-0.022086305214978,-0.707106781186556));
#3955=DIRECTION('center_axis',(0.,0.,1.));
#3956=DIRECTION('ref_axis',(-0.412912478766454,-0.910770709278105,0.));
#3957=DIRECTION('center_axis',(0.999512076087079,0.0312347523777135,0.));
#3958=DIRECTION('ref_axis',(0.0312347523777134,-0.999512076087079,0.));
#3959=DIRECTION('center_axis',(-0.635192206050134,0.772354103616447,0.));
#3960=DIRECTION('ref_axis',(0.,0.,-1.));
#3961=DIRECTION('center_axis',(0.,0.,1.));
#3962=DIRECTION('ref_axis',(-0.412912478766454,-0.910770709278105,0.));
#3963=DIRECTION('center_axis',(0.772354103616447,0.635192206050133,0.));
#3964=DIRECTION('ref_axis',(0.449148716254894,-0.546136824144447,-0.707106781186546));
#3965=DIRECTION('center_axis',(-0.635192206050134,0.772354103616447,0.));
#3966=DIRECTION('ref_axis',(0.,0.,-1.));
#3967=DIRECTION('center_axis',(0.,0.,1.));
#3968=DIRECTION('ref_axis',(0.115126018664753,-0.993350894611971,0.));
#3969=DIRECTION('center_axis',(0.980161055526807,0.198202687238531,0.));
#3970=DIRECTION('ref_axis',(0.198202687238531,-0.980161055526807,0.));
#3971=DIRECTION('center_axis',(-0.999512076087079,-0.0312347523777135,0.));
#3972=DIRECTION('ref_axis',(0.,0.,-1.));
#3973=DIRECTION('center_axis',(0.,0.,1.));
#3974=DIRECTION('ref_axis',(0.115126018664753,-0.993350894611971,0.));
#3975=DIRECTION('center_axis',(-0.0312347523777216,0.999512076087079,0.));
#3976=DIRECTION('ref_axis',(0.706761766879036,0.0220863052149688,-0.707106781186529));
#3977=DIRECTION('center_axis',(-0.999512076087079,-0.0312347523777135,0.));
#3978=DIRECTION('ref_axis',(0.,0.,-1.));
#3979=DIRECTION('center_axis',(0.,0.,1.));
#3980=DIRECTION('ref_axis',(0.0312347523777132,-0.999512076087079,0.));
#3981=DIRECTION('center_axis',(-0.0312347523777216,0.999512076087079,0.));
#3982=DIRECTION('ref_axis',(0.706761766879036,0.0220863052149688,-0.707106781186529));
#3983=DIRECTION('center_axis',(-0.198202687238533,0.980161055526807,0.));
#3984=DIRECTION('ref_axis',(-0.693078529017957,-0.140150464195768,-0.707106781186558));
#3985=DIRECTION('center_axis',(0.,0.,1.));
#3986=DIRECTION('ref_axis',(0.0312347523777132,-0.999512076087079,0.));
#3987=DIRECTION('center_axis',(0.,0.,1.));
#3988=DIRECTION('ref_axis',(-1.,0.,0.));
#3989=DIRECTION('center_axis',(0.,0.,1.));
#3990=DIRECTION('ref_axis',(-1.,0.,0.));
#3991=DIRECTION('',(0.,0.,1.));
#3992=DIRECTION('center_axis',(0.,0.,-1.));
#3993=DIRECTION('ref_axis',(-1.,0.,0.));
#3994=DIRECTION('center_axis',(-0.757176007195367,0.653210910906793,0.));
#3995=DIRECTION('ref_axis',(-0.653210910906793,-0.757176007195366,0.));
#3996=DIRECTION('',(-0.653210910906793,-0.757176007195366,0.));
#3997=DIRECTION('',(0.,0.,1.));
#3998=DIRECTION('',(0.653210910906793,0.757176007195366,0.));
#3999=DIRECTION('',(0.,0.,-1.));
#4000=DIRECTION('center_axis',(-0.0312347523777212,0.999512076087079,0.));
#4001=DIRECTION('ref_axis',(-0.999512076087079,-0.0312347523777212,0.));
#4002=DIRECTION('',(-0.999512076087079,-0.0312347523777212,0.));
#4003=DIRECTION('',(0.,0.,1.));
#4004=DIRECTION('',(0.999512076087079,0.0312347523777212,0.));
#4005=DIRECTION('',(0.,0.,1.));
#4006=DIRECTION('center_axis',(0.772354103616446,0.635192206050134,0.));
#4007=DIRECTION('ref_axis',(-0.635192206050134,0.772354103616446,0.));
#4008=DIRECTION('',(-0.635192206050134,0.772354103616446,0.));
#4009=DIRECTION('',(0.635192206050134,-0.772354103616446,0.));
#4010=DIRECTION('',(0.,0.,1.));
#4011=DIRECTION('center_axis',(0.989217630801878,0.146452992153523,0.));
#4012=DIRECTION('ref_axis',(-0.146452992153523,0.989217630801878,0.));
#4013=DIRECTION('',(-0.146452992153523,0.989217630801878,0.));
#4014=DIRECTION('',(0.146452992153523,-0.989217630801878,0.));
#4015=DIRECTION('',(0.,0.,1.));
#4016=DIRECTION('center_axis',(0.,0.,1.));
#4017=DIRECTION('ref_axis',(1.,0.,0.));
#4018=DIRECTION('',(0.999512076087079,0.0312347523777216,0.));
#4019=DIRECTION('',(0.635192206050133,-0.772354103616447,0.));
#4020=DIRECTION('',(0.146452992153524,-0.989217630801878,0.));
#4021=DIRECTION('',(-0.111130092326209,-0.993805867652012,0.));
#4022=DIRECTION('',(-0.872792525426,-0.488091392631037,0.));
#4023=DIRECTION('',(-0.551815644269696,0.833966123256347,0.));
#4024=DIRECTION('',(-0.276649521091695,0.960970885344471,0.));
#4025=DIRECTION('',(-0.999082142901792,-0.0428354028201355,0.));
#4026=DIRECTION('',(-0.820715308315829,0.571337363294275,0.));
#4027=DIRECTION('',(-0.102238614486291,0.994759903548551,0.));
#4028=DIRECTION('',(0.749595059590732,0.661896703902631,0.));
#4029=DIRECTION('',(0.653210910906793,0.757176007195366,0.));
#4030=DIRECTION('',(0.980161055526807,0.198202687238533,0.));
#4031=DIRECTION('center_axis',(0.,0.,1.));
#4032=DIRECTION('ref_axis',(-0.584140748733892,-0.811652379820702,0.));
#4033=DIRECTION('center_axis',(0.,0.,-1.));
#4034=DIRECTION('ref_axis',(-0.584140748733892,-0.811652379820702,0.));
#4035=DIRECTION('',(0.,0.,-1.));
#4036=DIRECTION('',(0.,0.,1.));
#4037=DIRECTION('center_axis',(0.,0.,1.));
#4038=DIRECTION('ref_axis',(0.907953090774748,0.419071813598316,0.));
#4039=DIRECTION('center_axis',(0.,0.,1.));
#4040=DIRECTION('ref_axis',(0.907953090774748,0.419071813598316,0.));
#4041=DIRECTION('',(0.,0.,-1.));
#4042=DIRECTION('',(0.,0.,1.));
#4043=DIRECTION('center_axis',(0.,0.,-1.));
#4044=DIRECTION('ref_axis',(0.235931922131123,0.971769585920198,0.));
#4045=DIRECTION('center_axis',(0.,0.,1.));
#4046=DIRECTION('ref_axis',(0.235931922131123,0.971769585920198,0.));
#4047=DIRECTION('',(0.,0.,-1.));
#4048=DIRECTION('center_axis',(0.,0.,1.));
#4049=DIRECTION('ref_axis',(0.833966123256347,0.551815644269696,0.));
#4050=DIRECTION('',(0.,0.,1.));
#4051=DIRECTION('center_axis',(0.,0.,1.));
#4052=DIRECTION('ref_axis',(-0.833089003652957,0.55313896264187,0.));
#4053=DIRECTION('center_axis',(0.,0.,1.));
#4054=DIRECTION('ref_axis',(-0.833089003652957,0.55313896264187,0.));
#4055=DIRECTION('',(0.,0.,-1.));
#4056=DIRECTION('center_axis',(0.,0.,1.));
#4057=DIRECTION('ref_axis',(-0.48809139263104,0.872792525425998,0.));
#4058=DIRECTION('',(0.,0.,1.));
#4059=DIRECTION('center_axis',(0.980161055526807,0.198202687238533,0.));
#4060=DIRECTION('ref_axis',(0.140150464195749,-0.69307852901797,-0.707106781186549));
#4061=DIRECTION('',(-0.980161055526807,-0.198202687238533,0.));
#4062=DIRECTION('center_axis',(0.980161055526807,0.198202687238531,0.));
#4063=DIRECTION('ref_axis',(0.198202687238531,-0.980161055526807,0.));
#4064=DIRECTION('center_axis',(0.999512076087079,0.0312347523777216,0.));
#4065=DIRECTION('ref_axis',(0.0220863052149638,-0.706761766879018,-0.707106781186548));
#4066=DIRECTION('',(-0.999512076087079,-0.0312347523777216,0.));
#4067=DIRECTION('center_axis',(-0.198202687238533,0.980161055526807,0.));
#4068=DIRECTION('ref_axis',(-0.693078529017957,-0.140150464195768,-0.707106781186558));
#4069=DIRECTION('center_axis',(0.635192206050133,-0.772354103616447,0.));
#4070=DIRECTION('ref_axis',(-0.546136824144446,-0.449148716254898,-0.707106781186544));
#4071=DIRECTION('',(-0.635192206050133,0.772354103616447,0.));
#4072=DIRECTION('center_axis',(0.635192206050134,-0.772354103616447,0.));
#4073=DIRECTION('ref_axis',(-0.772354103616447,-0.635192206050134,0.));
#4074=DIRECTION('center_axis',(0.,0.,1.));
#4075=DIRECTION('ref_axis',(-0.772354103616447,-0.635192206050134,0.));
#4076=DIRECTION('center_axis',(0.772354103616447,0.635192206050133,0.));
#4077=DIRECTION('ref_axis',(0.449148716254894,-0.546136824144447,-0.707106781186546));
#4078=DIRECTION('center_axis',(0.653210910906793,0.757176007195366,0.));
#4079=DIRECTION('ref_axis',(0.535404289239592,-0.461889864647235,-0.707106781186552));
#4080=DIRECTION('',(-0.653210910906793,-0.757176007195366,0.));
#4081=DIRECTION('center_axis',(0.653210910906793,0.757176007195366,0.));
#4082=DIRECTION('ref_axis',(0.757176007195366,-0.653210910906793,0.));
#4083=DIRECTION('center_axis',(-0.757176007195366,0.653210910906793,0.));
#4084=DIRECTION('ref_axis',(-0.461889864647222,-0.535404289239607,-0.707106781186548));
#4085=DIRECTION('center_axis',(0.146452992153524,-0.989217630801878,0.));
#4086=DIRECTION('ref_axis',(-0.699482494809299,-0.103557903876819,-0.707106781186546));
#4087=DIRECTION('',(-0.146452992153524,0.989217630801878,0.));
#4088=DIRECTION('center_axis',(0.146452992153527,-0.989217630801877,0.));
#4089=DIRECTION('ref_axis',(-0.989217630801877,-0.146452992153527,0.));
#4090=DIRECTION('center_axis',(0.772354103616447,0.635192206050133,0.));
#4091=DIRECTION('ref_axis',(-0.449148716254879,0.546136824144453,-0.707106781186551));
#4092=DIRECTION('center_axis',(0.749595059590732,0.661896703902631,0.));
#4093=DIRECTION('ref_axis',(0.468031647774568,-0.530043749780544,-0.707106781186549));
#4094=DIRECTION('',(-0.749595059590732,-0.661896703902631,0.));
#4095=DIRECTION('center_axis',(0.74959505959073,0.661896703902633,0.));
#4096=DIRECTION('ref_axis',(0.661896703902633,-0.74959505959073,0.));
#4097=DIRECTION('center_axis',(-0.111130092326209,-0.993805867652012,0.));
#4098=DIRECTION('ref_axis',(-0.702726868199713,0.0785808418777556,-0.707106781186552));
#4099=DIRECTION('',(0.111130092326209,0.993805867652012,0.));
#4100=DIRECTION('center_axis',(0.989217630801878,0.146452992153524,0.));
#4101=DIRECTION('ref_axis',(-0.103557903876827,0.699482494809297,-0.707106781186547));
#4102=DIRECTION('center_axis',(0.,0.,1.));
#4103=DIRECTION('ref_axis',(0.931414478535631,-0.363960257685092,0.));
#4104=DIRECTION('center_axis',(0.,0.,1.));
#4105=DIRECTION('ref_axis',(0.931414478535631,-0.363960257685092,0.));
#4106=DIRECTION('',(0.,0.,-1.));
#4107=DIRECTION('center_axis',(0.,0.,1.));
#4108=DIRECTION('ref_axis',(0.661896703902633,-0.74959505959073,0.));
#4109=DIRECTION('',(0.,0.,1.));
#4110=DIRECTION('center_axis',(-0.102238614486291,0.994759903548552,0.));
#4111=DIRECTION('ref_axis',(0.703401473451653,0.0722936176023652,-0.707106781186552));
#4112=DIRECTION('',(0.102238614486291,-0.994759903548551,0.));
#4113=DIRECTION('center_axis',(-0.872792525426,-0.488091392631037,0.));
#4114=DIRECTION('ref_axis',(-0.345132733568207,0.617157513297656,-0.707106781186541));
#4115=DIRECTION('',(0.872792525426,0.488091392631037,0.));
#4116=DIRECTION('center_axis',(0.488091392631037,-0.872792525426,0.));
#4117=DIRECTION('ref_axis',(-0.617157513297642,-0.34513273356819,-0.707106781186562));
#4118=DIRECTION('center_axis',(0.,0.,1.));
#4119=DIRECTION('ref_axis',(0.861520372479492,0.507723003027042,0.));
#4120=DIRECTION('center_axis',(0.,0.,1.));
#4121=DIRECTION('ref_axis',(0.861520372479492,0.507723003027042,0.));
#4122=DIRECTION('',(0.,0.,-1.));
#4123=DIRECTION('',(0.,0.,1.));
#4124=DIRECTION('center_axis',(-0.820715308315829,0.571337363294275,0.));
#4125=DIRECTION('ref_axis',(0.403996523930614,0.580333359933738,-0.707106781186547));
#4126=DIRECTION('',(0.820715308315829,-0.571337363294275,0.));
#4127=DIRECTION('center_axis',(-0.820715308315827,0.571337363294277,0.));
#4128=DIRECTION('ref_axis',(0.571337363294277,0.820715308315827,0.));
#4129=DIRECTION('center_axis',(-0.571337363294275,-0.820715308315829,0.));
#4130=DIRECTION('ref_axis',(0.580333359933734,-0.403996523930613,-0.707106781186551));
#4131=DIRECTION('center_axis',(-0.551815644269696,0.833966123256347,0.));
#4132=DIRECTION('ref_axis',(0.589703101034407,0.390192584027933,-0.707106781186553));
#4133=DIRECTION('',(0.551815644269696,-0.833966123256347,0.));
#4134=DIRECTION('center_axis',(-0.551815644269693,0.833966123256349,-1.72093220722379E-14));
#4135=DIRECTION('ref_axis',(0.833966123256349,0.551815644269693,0.));
#4136=DIRECTION('center_axis',(-0.833966123256347,-0.551815644269696,0.));
#4137=DIRECTION('ref_axis',(-0.390192584027922,0.589703101034423,-0.707106781186546));
#4138=DIRECTION('center_axis',(0.,0.,1.));
#4139=DIRECTION('ref_axis',(0.278894715755445,0.960321684397311,0.));
#4140=DIRECTION('center_axis',(0.,0.,1.));
#4141=DIRECTION('ref_axis',(0.278894715755445,0.960321684397311,0.));
#4142=DIRECTION('',(0.,0.,-1.));
#4143=DIRECTION('',(0.,0.,1.));
#4144=DIRECTION('center_axis',(-0.999082142901792,-0.0428354028201355,0.));
#4145=DIRECTION('ref_axis',(-0.0302892038089771,0.706457758208245,-0.707106781186547));
#4146=DIRECTION('',(0.999082142901792,0.0428354028201355,0.));
#4147=DIRECTION('center_axis',(-0.999082142901792,-0.0428354028201382,0.));
#4148=DIRECTION('ref_axis',(-0.0428354028201382,0.999082142901792,0.));
#4149=DIRECTION('center_axis',(0.0428354028201355,-0.999082142901792,0.));
#4150=DIRECTION('ref_axis',(0.706457758208244,0.030289203808991,-0.707106781186547));
#4151=DIRECTION('center_axis',(-0.276649521091695,0.960970885344471,0.));
#4152=DIRECTION('ref_axis',(0.67950902954991,0.195620752375952,-0.707106781186552));
#4153=DIRECTION('',(0.276649521091695,-0.960970885344471,0.));
#4154=DIRECTION('center_axis',(-0.276649521091693,0.960970885344471,0.));
#4155=DIRECTION('ref_axis',(0.960970885344471,0.276649521091693,0.));
#4156=DIRECTION('center_axis',(-0.833966123256347,-0.551815644269696,0.));
#4157=DIRECTION('ref_axis',(0.390192584027914,-0.589703101034427,-0.707106781186547));
#4158=DIRECTION('center_axis',(-0.960970885344471,-0.276649521091695,0.));
#4159=DIRECTION('ref_axis',(0.195620752375934,-0.679509029549917,-0.70710678118655));
#4160=DIRECTION('center_axis',(0.,0.,-1.));
#4161=DIRECTION('ref_axis',(-1.,0.,0.));
#4162=DIRECTION('',(0.749595059590731,0.661896703902631,0.));
#4163=DIRECTION('',(-0.10223861448629,0.994759903548552,0.));
#4164=DIRECTION('',(-0.82071530831583,0.571337363294273,0.));
#4165=DIRECTION('',(-0.999082142901792,-0.0428354028201356,0.));
#4166=DIRECTION('',(-0.999999992485345,0.000122594090043713,0.));
#4167=DIRECTION('',(-0.276649521091699,0.96097088534447,0.));
#4168=DIRECTION('',(-0.551815644269695,0.833966123256348,0.));
#4169=DIRECTION('',(-0.872792525426,-0.488091392631037,0.));
#4170=DIRECTION('',(-0.111130092326209,-0.993805867652012,0.));
#4171=DIRECTION('',(0.980161055526807,0.198202687238533,0.));
#4172=DIRECTION('center_axis',(0.653210910906793,0.757176007195367,0.));
#4173=DIRECTION('ref_axis',(0.535404289239593,-0.461889864647235,-0.707106781186551));
#4174=DIRECTION('center_axis',(0.710950775322183,-0.703241775685139,0.));
#4175=DIRECTION('ref_axis',(0.703241775685138,0.710950775322183,1.88951621705065E-17));
#4176=DIRECTION('center_axis',(-0.198202687238533,0.980161055526807,0.));
#4177=DIRECTION('ref_axis',(0.980161055526807,0.198202687238533,2.12568253470424E-16));
#4178=DIRECTION('center_axis',(0.46188986464723,0.535404289239591,-0.707106781186556));
#4179=DIRECTION('ref_axis',(-0.461889864647241,-0.535404289239604,-0.707106781186539));
#4180=DIRECTION('center_axis',(0.,0.,1.));
#4181=DIRECTION('ref_axis',(0.504887325758253,-0.863185257223894,0.));
#4182=DIRECTION('center_axis',(0.,0.,-1.));
#4183=DIRECTION('ref_axis',(0.504887325758253,-0.863185257223894,0.));
#4184=DIRECTION('',(0.,0.,1.));
#4185=DIRECTION('center_axis',(-0.198202687238533,0.980161055526807,0.));
#4186=DIRECTION('ref_axis',(-0.980161055526807,-0.198202687238533,0.));
#4187=DIRECTION('',(-0.980161055526807,-0.198202687238533,0.));
#4188=DIRECTION('center_axis',(-0.661896703902631,0.749595059590731,0.));
#4189=DIRECTION('ref_axis',(-0.749595059590731,-0.661896703902631,0.));
#4190=DIRECTION('',(-0.749595059590731,-0.661896703902631,0.));
#4191=DIRECTION('',(0.,0.,1.));
#4192=DIRECTION('center_axis',(-0.661896703902631,0.749595059590731,0.));
#4193=DIRECTION('ref_axis',(0.749595059590732,0.661896703902631,3.75303247790007E-17));
#4194=DIRECTION('',(0.,0.,-1.));
#4195=DIRECTION('center_axis',(0.,0.,1.));
#4196=DIRECTION('ref_axis',(-0.661896703902633,0.74959505959073,0.));
#4197=DIRECTION('center_axis',(0.,0.,1.));
#4198=DIRECTION('ref_axis',(-0.711171087625996,0.703018978495501,0.));
#4199=DIRECTION('center_axis',(0.,0.,1.));
#4200=DIRECTION('ref_axis',(-0.711171087625996,0.703018978495501,0.));
#4201=DIRECTION('center_axis',(0.993805867652011,-0.111130092326218,0.));
#4202=DIRECTION('ref_axis',(-0.078580841877758,-0.702726868199735,-0.70710678118653));
#4203=DIRECTION('',(0.993805867652011,-0.111130092326218,0.));
#4204=DIRECTION('center_axis',(0.993805867652012,-0.111130092326209,0.));
#4205=DIRECTION('ref_axis',(-0.0785808418777361,-0.702726868199738,-0.70710678118653));
#4206=DIRECTION('',(0.993805867652011,-0.111130092326218,0.));
#4207=DIRECTION('center_axis',(0.,0.,-1.));
#4208=DIRECTION('ref_axis',(0.111130092326209,0.993805867652012,0.));
#4209=DIRECTION('',(0.111130092326209,0.993805867652012,0.));
#4210=DIRECTION('',(0.993805867652011,-0.111130092326218,0.));
#4211=DIRECTION('center_axis',(0.993805867652011,-0.111130092326218,0.));
#4212=DIRECTION('ref_axis',(0.0785808418777563,0.70272686819972,-0.707106781186545));
#4213=DIRECTION('center_axis',(0.993805867652012,-0.111130092326209,0.));
#4214=DIRECTION('ref_axis',(0.0785808418777695,0.702726868199718,-0.707106781186545));
#4215=DIRECTION('',(0.993805867652011,-0.111130092326218,0.));
#4216=DIRECTION('center_axis',(0.989217630801877,0.146452992153527,0.));
#4217=DIRECTION('ref_axis',(0.103557903876819,-0.699482494809299,-0.707106781186546));
#4218=DIRECTION('',(0.989217630801877,0.146452992153527,0.));
#4219=DIRECTION('center_axis',(0.989217630801878,0.146452992153524,0.));
#4220=DIRECTION('ref_axis',(0.103557903876804,-0.699482494809302,-0.707106781186546));
#4221=DIRECTION('',(0.989217630801877,0.146452992153527,0.));
#4222=DIRECTION('center_axis',(0.,0.,-1.));
#4223=DIRECTION('ref_axis',(-0.146452992153524,0.989217630801878,0.));
#4224=DIRECTION('',(-0.146452992153524,0.989217630801878,0.));
#4225=DIRECTION('',(0.989217630801877,0.146452992153527,0.));
#4226=DIRECTION('center_axis',(0.989217630801877,0.146452992153527,0.));
#4227=DIRECTION('ref_axis',(-0.103557903876819,0.699482494809298,-0.707106781186547));
#4228=DIRECTION('center_axis',(0.989217630801878,0.146452992153524,0.));
#4229=DIRECTION('ref_axis',(-0.103557903876827,0.699482494809297,-0.707106781186547));
#4230=DIRECTION('',(0.989217630801877,0.146452992153527,0.));
#4231=DIRECTION('center_axis',(0.772354103616451,0.635192206050128,0.));
#4232=DIRECTION('ref_axis',(0.44914871625489,-0.546136824144451,-0.707106781186546));
#4233=DIRECTION('',(0.772354103616451,0.635192206050128,0.));
#4234=DIRECTION('center_axis',(0.772354103616447,0.635192206050133,0.));
#4235=DIRECTION('ref_axis',(0.449148716254894,-0.546136824144448,-0.707106781186546));
#4236=DIRECTION('',(0.772354103616451,0.635192206050128,0.));
#4237=DIRECTION('center_axis',(0.,0.,-1.));
#4238=DIRECTION('ref_axis',(-0.635192206050133,0.772354103616447,0.));
#4239=DIRECTION('',(-0.635192206050133,0.772354103616447,0.));
#4240=DIRECTION('',(0.772354103616451,0.635192206050128,0.));
#4241=DIRECTION('center_axis',(0.772354103616451,0.635192206050128,0.));
#4242=DIRECTION('ref_axis',(-0.449148716254886,0.546136824144447,-0.707106781186551));
#4243=DIRECTION('center_axis',(0.772354103616447,0.635192206050133,0.));
#4244=DIRECTION('ref_axis',(-0.449148716254879,0.546136824144453,-0.707106781186551));
#4245=DIRECTION('',(0.772354103616451,0.635192206050128,0.));
#4246=DIRECTION('center_axis',(-0.488091392631037,0.872792525426,0.));
#4247=DIRECTION('ref_axis',(-0.872792525426,-0.488091392631037,0.));
#4248=DIRECTION('',(-0.872792525426,-0.488091392631037,0.));
#4249=DIRECTION('',(0.,0.,1.));
#4250=DIRECTION('center_axis',(0.488091392631037,-0.872792525426,0.));
#4251=DIRECTION('ref_axis',(0.61715751329766,0.345132733568191,-0.707106781186545));
#4252=DIRECTION('',(0.872792525426,0.488091392631037,0.));
#4253=DIRECTION('center_axis',(0.488091392631037,-0.872792525426,0.));
#4254=DIRECTION('ref_axis',(-0.617157513297642,-0.34513273356819,-0.707106781186562));
#4255=DIRECTION('',(0.,0.,-1.));
#4256=DIRECTION('center_axis',(0.48809139263103,-0.872792525426004,0.));
#4257=DIRECTION('ref_axis',(-0.617157513297647,-0.34513273356818,-0.707106781186562));
#4258=DIRECTION('',(0.48809139263103,-0.872792525426004,0.));
#4259=DIRECTION('',(0.48809139263103,-0.872792525426004,0.));
#4260=DIRECTION('center_axis',(0.,0.,-1.));
#4261=DIRECTION('ref_axis',(0.872792525426,0.488091392631037,0.));
#4262=DIRECTION('',(0.48809139263103,-0.872792525426004,0.));
#4263=DIRECTION('center_axis',(0.48809139263103,-0.872792525426004,0.));
#4264=DIRECTION('ref_axis',(0.617157513297662,0.345132733568188,-0.707106781186545));
#4265=DIRECTION('',(0.48809139263103,-0.872792525426004,0.));
#4266=DIRECTION('center_axis',(0.872792525426004,0.48809139263103,0.));
#4267=DIRECTION('ref_axis',(0.,0.,1.));
#4268=DIRECTION('',(0.48809139263103,-0.872792525426004,0.));
#4269=DIRECTION('center_axis',(-0.872792525426004,-0.48809139263103,0.));
#4270=DIRECTION('ref_axis',(0.,0.,-1.));
#4271=DIRECTION('',(-0.48809139263103,0.872792525426004,0.));
#4272=DIRECTION('center_axis',(0.833966123256347,0.551815644269696,0.));
#4273=DIRECTION('ref_axis',(-0.551815644269696,0.833966123256347,0.));
#4274=DIRECTION('',(-0.551815644269696,0.833966123256347,0.));
#4275=DIRECTION('',(0.,0.,1.));
#4276=DIRECTION('center_axis',(-0.833966123256347,-0.551815644269696,0.));
#4277=DIRECTION('ref_axis',(0.390192584027914,-0.589703101034427,-0.707106781186547));
#4278=DIRECTION('',(0.551815644269696,-0.833966123256347,0.));
#4279=DIRECTION('center_axis',(-0.833966123256347,-0.551815644269696,0.));
#4280=DIRECTION('ref_axis',(-0.390192584027922,0.589703101034423,-0.707106781186546));
#4281=DIRECTION('',(0.,0.,-1.));
#4282=DIRECTION('center_axis',(-0.833966123256352,-0.551815644269688,0.));
#4283=DIRECTION('ref_axis',(-0.390192584027921,0.589703101034424,-0.707106781186546));
#4284=DIRECTION('',(-0.833966123256352,-0.551815644269688,0.));
#4285=DIRECTION('',(-0.833966123256352,-0.551815644269688,0.));
#4286=DIRECTION('center_axis',(0.,0.,-1.));
#4287=DIRECTION('ref_axis',(0.551815644269696,-0.833966123256347,0.));
#4288=DIRECTION('',(-0.833966123256352,-0.551815644269688,0.));
#4289=DIRECTION('center_axis',(-0.833966123256352,-0.551815644269688,0.));
#4290=DIRECTION('ref_axis',(0.39019258402792,-0.589703101034423,-0.707106781186547));
#4291=DIRECTION('',(-0.833966123256352,-0.551815644269688,0.));
#4292=DIRECTION('center_axis',(0.551815644269688,-0.833966123256352,0.));
#4293=DIRECTION('ref_axis',(0.,0.,1.));
#4294=DIRECTION('',(-0.833966123256352,-0.551815644269688,0.));
#4295=DIRECTION('center_axis',(-0.551815644269688,0.833966123256352,0.));
#4296=DIRECTION('ref_axis',(0.,0.,-1.));
#4297=DIRECTION('',(0.833966123256352,0.551815644269688,0.));
#4298=DIRECTION('center_axis',(0.960970885344471,0.276649521091695,0.));
#4299=DIRECTION('ref_axis',(-0.276649521091695,0.960970885344471,0.));
#4300=DIRECTION('',(-0.276649521091695,0.960970885344471,0.));
#4301=DIRECTION('',(0.,0.,1.));
#4302=DIRECTION('center_axis',(-0.960970885344471,-0.276649521091695,0.));
#4303=DIRECTION('ref_axis',(0.195620752375934,-0.679509029549917,-0.70710678118655));
#4304=DIRECTION('',(0.276649521091695,-0.960970885344471,0.));
#4305=DIRECTION('center_axis',(-0.960970885344471,-0.276649521091695,0.));
#4306=DIRECTION('ref_axis',(-0.195620752375961,0.67950902954996,-0.707106781186501));
#4307=DIRECTION('',(0.,0.,-1.));
#4308=DIRECTION('center_axis',(-0.960970885344469,-0.276649521091701,0.));
#4309=DIRECTION('ref_axis',(-0.195620752375966,0.679509029549958,-0.707106781186501));
#4310=DIRECTION('',(-0.960970885344469,-0.276649521091701,0.));
#4311=DIRECTION('',(-0.960970885344469,-0.276649521091701,0.));
#4312=DIRECTION('center_axis',(0.,0.,-1.));
#4313=DIRECTION('ref_axis',(0.276649521091695,-0.960970885344471,0.));
#4314=DIRECTION('',(-0.960970885344469,-0.276649521091701,0.));
#4315=DIRECTION('center_axis',(-0.960970885344469,-0.276649521091701,0.));
#4316=DIRECTION('ref_axis',(0.195620752375952,-0.679509029549912,-0.70710678118655));
#4317=DIRECTION('',(-0.960970885344469,-0.276649521091701,0.));
#4318=DIRECTION('center_axis',(0.276649521091701,-0.960970885344469,0.));
#4319=DIRECTION('ref_axis',(0.,0.,1.));
#4320=DIRECTION('',(-0.960970885344469,-0.276649521091701,0.));
#4321=DIRECTION('center_axis',(-0.276649521091701,0.960970885344469,0.));
#4322=DIRECTION('ref_axis',(0.,0.,-1.));
#4323=DIRECTION('',(0.960970885344469,0.276649521091701,0.));
#4324=DIRECTION('center_axis',(-0.0428354028201355,0.999082142901792,0.));
#4325=DIRECTION('ref_axis',(-0.999082142901792,-0.0428354028201355,0.));
#4326=DIRECTION('',(-0.999082142901792,-0.0428354028201355,0.));
#4327=DIRECTION('',(0.,0.,1.));
#4328=DIRECTION('center_axis',(0.0428354028201355,-0.999082142901792,0.));
#4329=DIRECTION('ref_axis',(0.706457758208244,0.030289203808991,-0.707106781186547));
#4330=DIRECTION('',(0.999082142901792,0.0428354028201355,0.));
#4331=DIRECTION('center_axis',(0.0428354028201355,-0.999082142901792,0.));
#4332=DIRECTION('ref_axis',(-0.706457758208246,-0.0302892038089748,-0.707106781186546));
#4333=DIRECTION('',(0.,0.,-1.));
#4334=DIRECTION('center_axis',(0.0428354028201382,-0.999082142901792,0.));
#4335=DIRECTION('ref_axis',(0.706457758208245,0.0302892038089771,-0.707106781186547));
#4336=DIRECTION('',(0.0428354028201382,-0.999082142901792,0.));
#4337=DIRECTION('',(0.0428354028201382,-0.999082142901792,0.));
#4338=DIRECTION('center_axis',(0.999082142901792,0.0428354028201382,0.));
#4339=DIRECTION('ref_axis',(0.,0.,1.));
#4340=DIRECTION('',(0.0428354028201382,-0.999082142901792,0.));
#4341=DIRECTION('center_axis',(-0.999082142901792,-0.0428354028201382,0.));
#4342=DIRECTION('ref_axis',(0.,0.,-1.));
#4343=DIRECTION('',(-0.0428354028201382,0.999082142901792,0.));
#4344=DIRECTION('',(0.0428354028201382,-0.999082142901792,0.));
#4345=DIRECTION('center_axis',(0.0428354028201382,-0.999082142901792,0.));
#4346=DIRECTION('ref_axis',(-0.706457758208246,-0.0302892038089771,-0.707106781186546));
#4347=DIRECTION('',(0.0428354028201382,-0.999082142901792,0.));
#4348=DIRECTION('center_axis',(0.,0.,-1.));
#4349=DIRECTION('ref_axis',(0.999082142901792,0.0428354028201355,0.));
#4350=DIRECTION('center_axis',(0.571337363294275,0.820715308315829,0.));
#4351=DIRECTION('ref_axis',(-0.820715308315829,0.571337363294275,0.));
#4352=DIRECTION('',(-0.820715308315829,0.571337363294275,0.));
#4353=DIRECTION('',(0.,0.,1.));
#4354=DIRECTION('center_axis',(-0.571337363294275,-0.820715308315829,0.));
#4355=DIRECTION('ref_axis',(0.580333359933734,-0.403996523930613,-0.707106781186551));
#4356=DIRECTION('',(0.820715308315829,-0.571337363294275,0.));
#4357=DIRECTION('center_axis',(-0.571337363294275,-0.820715308315829,0.));
#4358=DIRECTION('ref_axis',(-0.58033335993374,0.403996523930618,-0.707106781186543));
#4359=DIRECTION('',(0.,0.,-1.));
#4360=DIRECTION('center_axis',(-0.571337363294269,-0.820715308315833,0.));
#4361=DIRECTION('ref_axis',(0.580333359933731,-0.403996523930618,-0.707106781186551));
#4362=DIRECTION('',(-0.571337363294269,-0.820715308315833,0.));
#4363=DIRECTION('',(-0.571337363294269,-0.820715308315833,0.));
#4364=DIRECTION('center_axis',(0.820715308315833,-0.571337363294269,0.));
#4365=DIRECTION('ref_axis',(0.,0.,1.));
#4366=DIRECTION('',(-0.571337363294269,-0.820715308315833,0.));
#4367=DIRECTION('center_axis',(-0.820715308315833,0.571337363294269,0.));
#4368=DIRECTION('ref_axis',(0.,0.,-1.));
#4369=DIRECTION('',(0.571337363294269,0.820715308315833,0.));
#4370=DIRECTION('',(-0.571337363294269,-0.820715308315833,0.));
#4371=DIRECTION('center_axis',(-0.571337363294269,-0.820715308315833,0.));
#4372=DIRECTION('ref_axis',(-0.580333359933737,0.403996523930622,-0.707106781186543));
#4373=DIRECTION('',(-0.571337363294269,-0.820715308315833,0.));
#4374=DIRECTION('center_axis',(0.,0.,-1.));
#4375=DIRECTION('ref_axis',(0.820715308315829,-0.571337363294275,0.));
#4376=DIRECTION('center_axis',(0.994759903548552,0.102238614486291,0.));
#4377=DIRECTION('ref_axis',(-0.102238614486291,0.994759903548551,0.));
#4378=DIRECTION('',(-0.102238614486291,0.994759903548551,0.));
#4379=DIRECTION('',(0.,0.,1.));
#4380=DIRECTION('center_axis',(-0.994759903548552,-0.102238614486291,0.));
#4381=DIRECTION('ref_axis',(0.0722936176023623,-0.703401473451659,-0.707106781186546));
#4382=DIRECTION('',(0.102238614486291,-0.994759903548551,0.));
#4383=DIRECTION('center_axis',(-0.994759903548552,-0.102238614486291,0.));
#4384=DIRECTION('ref_axis',(-0.07229361760238,0.70340147345166,-0.707106781186544));
#4385=DIRECTION('',(0.,0.,-1.));
#4386=DIRECTION('center_axis',(-0.994759903548551,-0.102238614486297,0.));
#4387=DIRECTION('ref_axis',(0.0722936176023782,-0.703401473451658,-0.707106781186546));
#4388=DIRECTION('',(-0.994759903548551,-0.102238614486297,0.));
#4389=DIRECTION('',(-0.994759903548551,-0.102238614486297,0.));
#4390=DIRECTION('center_axis',(0.102238614486297,-0.994759903548551,0.));
#4391=DIRECTION('ref_axis',(0.,0.,1.));
#4392=DIRECTION('',(-0.994759903548551,-0.102238614486297,0.));
#4393=DIRECTION('center_axis',(-0.102238614486297,0.994759903548551,0.));
#4394=DIRECTION('ref_axis',(0.,0.,-1.));
#4395=DIRECTION('',(0.994759903548551,0.102238614486297,0.));
#4396=DIRECTION('',(-0.994759903548551,-0.102238614486297,0.));
#4397=DIRECTION('center_axis',(-0.994759903548551,-0.102238614486297,0.));
#4398=DIRECTION('ref_axis',(-0.0722936176023784,0.70340147345166,-0.707106781186544));
#4399=DIRECTION('',(-0.994759903548551,-0.102238614486297,0.));
#4400=DIRECTION('center_axis',(0.,0.,-1.));
#4401=DIRECTION('ref_axis',(0.102238614486291,-0.994759903548551,0.));
#4402=DIRECTION('',(-0.661896703902623,0.749595059590739,0.));
#4403=DIRECTION('',(-0.661896703902623,0.749595059590739,0.));
#4404=DIRECTION('center_axis',(0.749595059590739,0.661896703902623,0.));
#4405=DIRECTION('ref_axis',(0.,0.,-1.));
#4406=DIRECTION('',(0.661896703902623,-0.749595059590739,0.));
#4407=DIRECTION('',(0.,0.,-1.));
#4408=DIRECTION('',(-0.661896703902623,0.749595059590739,0.));
#4409=DIRECTION('',(-0.661896703902623,0.749595059590739,0.));
#4410=DIRECTION('center_axis',(0.,0.,-1.));
#4411=DIRECTION('ref_axis',(-0.749595059590732,-0.661896703902631,0.));
#4412=DIRECTION('',(-0.749595059590732,-0.661896703902631,0.));
#4413=DIRECTION('center_axis',(-0.757176007195363,0.653210910906797,0.));
#4414=DIRECTION('ref_axis',(-0.461889864647237,-0.535404289239595,-0.707106781186548));
#4415=DIRECTION('',(-0.757176007195363,0.653210910906797,0.));
#4416=DIRECTION('center_axis',(-0.757176007195366,0.653210910906793,0.));
#4417=DIRECTION('ref_axis',(-0.461889864647222,-0.535404289239607,-0.707106781186548));
#4418=DIRECTION('',(-0.757176007195363,0.653210910906797,0.));
#4419=DIRECTION('center_axis',(-0.757176007195363,0.653210910906797,0.));
#4420=DIRECTION('ref_axis',(0.461889864647235,0.535404289239592,-0.707106781186552));
#4421=DIRECTION('',(-0.757176007195363,0.653210910906797,0.));
#4422=DIRECTION('center_axis',(-0.757176007195366,0.653210910906793,0.));
#4423=DIRECTION('ref_axis',(0.46188986464723,0.535404289239596,-0.707106781186552));
#4424=DIRECTION('',(-0.757176007195363,0.653210910906797,0.));
#4425=DIRECTION('center_axis',(0.,0.,-1.));
#4426=DIRECTION('ref_axis',(-0.653210910906793,-0.757176007195366,0.));
#4427=DIRECTION('',(-0.653210910906793,-0.757176007195366,0.));
#4428=DIRECTION('center_axis',(-0.198202687238548,0.980161055526804,0.));
#4429=DIRECTION('ref_axis',(-0.693078529017957,-0.140150464195772,-0.707106781186558));
#4430=DIRECTION('',(-0.198202687238548,0.980161055526804,0.));
#4431=DIRECTION('center_axis',(-0.198202687238533,0.980161055526807,0.));
#4432=DIRECTION('ref_axis',(-0.693078529017957,-0.140150464195768,-0.707106781186558));
#4433=DIRECTION('',(-0.198202687238548,0.980161055526804,0.));
#4434=DIRECTION('center_axis',(-0.198202687238548,0.980161055526804,0.));
#4435=DIRECTION('ref_axis',(0.693078529017965,0.140150464195773,-0.70710678118655));
#4436=DIRECTION('',(-0.198202687238548,0.980161055526804,0.));
#4437=DIRECTION('center_axis',(-0.198202687238533,0.980161055526807,0.));
#4438=DIRECTION('ref_axis',(0.693078529017968,0.140150464195758,-0.70710678118655));
#4439=DIRECTION('',(-0.198202687238548,0.980161055526804,0.));
#4440=DIRECTION('center_axis',(0.,0.,-1.));
#4441=DIRECTION('ref_axis',(-0.980161055526807,-0.198202687238533,0.));
#4442=DIRECTION('',(-0.980161055526807,-0.198202687238533,0.));
#4443=DIRECTION('center_axis',(-0.0312347523777134,0.999512076087079,0.));
#4444=DIRECTION('ref_axis',(0.706761766879036,0.0220863052149644,-0.707106781186529));
#4445=DIRECTION('',(-0.0312347523777134,0.999512076087079,0.));
#4446=DIRECTION('center_axis',(-0.0312347523777216,0.999512076087079,0.));
#4447=DIRECTION('ref_axis',(0.706761766879036,0.0220863052149688,-0.707106781186529));
#4448=DIRECTION('',(-0.0312347523777134,0.999512076087079,0.));
#4449=DIRECTION('center_axis',(0.,0.,-1.));
#4450=DIRECTION('ref_axis',(-0.999512076087079,-0.0312347523777216,0.));
#4451=DIRECTION('',(-0.999512076087079,-0.0312347523777216,0.));
#4452=DIRECTION('',(-0.0312347523777134,0.999512076087079,0.));
#4453=DIRECTION('center_axis',(-0.0312347523777134,0.999512076087079,0.));
#4454=DIRECTION('ref_axis',(-0.70676176687901,-0.0220863052149636,-0.707106781186556));
#4455=DIRECTION('center_axis',(-0.0312347523777216,0.999512076087079,0.));
#4456=DIRECTION('ref_axis',(-0.706761766879009,-0.022086305214978,-0.707106781186556));
#4457=DIRECTION('',(-0.0312347523777134,0.999512076087079,0.));
#4458=DIRECTION('center_axis',(0.993805867652012,-0.111130092326209,0.));
#4459=DIRECTION('ref_axis',(0.111130092326209,0.993805867652012,0.));
#4460=DIRECTION('',(0.111130092326209,0.993805867652012,0.));
#4461=DIRECTION('',(0.,0.,-1.));
#4462=DIRECTION('center_axis',(0.488091392631037,-0.872792525426,0.));
#4463=DIRECTION('ref_axis',(0.872792525426,0.488091392631037,0.));
#4464=DIRECTION('',(0.872792525426,0.488091392631037,0.));
#4465=DIRECTION('',(0.,0.,1.));
#4466=DIRECTION('center_axis',(-0.833966123256347,-0.551815644269695,0.));
#4467=DIRECTION('ref_axis',(0.551815644269695,-0.833966123256348,0.));
#4468=DIRECTION('',(0.551815644269695,-0.833966123256348,0.));
#4469=DIRECTION('',(0.,0.,1.));
#4470=DIRECTION('center_axis',(-0.96097088534447,-0.276649521091699,0.));
#4471=DIRECTION('ref_axis',(0.276649521091699,-0.96097088534447,0.));
#4472=DIRECTION('',(0.276649521091699,-0.96097088534447,0.));
#4473=DIRECTION('',(0.,0.,1.));
#4474=DIRECTION('center_axis',(-0.000122594090043713,-0.999999992485345,
0.));
#4475=DIRECTION('ref_axis',(0.999999992485345,-0.000122594090043713,0.));
#4476=DIRECTION('',(0.999999992485345,-0.000122594090043713,0.));
#4477=DIRECTION('',(0.,0.,1.));
#4478=DIRECTION('center_axis',(0.0428354028201356,-0.999082142901792,0.));
#4479=DIRECTION('ref_axis',(0.999082142901792,0.0428354028201356,0.));
#4480=DIRECTION('',(0.999082142901792,0.0428354028201356,0.));
#4481=DIRECTION('',(0.,0.,1.));
#4482=DIRECTION('center_axis',(-0.571337363294273,-0.82071530831583,0.));
#4483=DIRECTION('ref_axis',(0.82071530831583,-0.571337363294273,0.));
#4484=DIRECTION('',(0.82071530831583,-0.571337363294273,0.));
#4485=DIRECTION('',(0.,0.,1.));
#4486=DIRECTION('center_axis',(-0.994759903548552,-0.10223861448629,0.));
#4487=DIRECTION('ref_axis',(0.10223861448629,-0.994759903548552,0.));
#4488=DIRECTION('',(0.10223861448629,-0.994759903548552,0.));
#4489=DIRECTION('center_axis',(0.111130092326218,0.993805867652011,0.));
#4490=DIRECTION('ref_axis',(0.,0.,1.));
#4491=DIRECTION('',(0.993805867652011,-0.111130092326218,0.));
#4492=DIRECTION('',(0.,0.,1.));
#4493=DIRECTION('center_axis',(-0.993805867652012,0.111130092326209,0.));
#4494=DIRECTION('ref_axis',(-0.111130092326209,-0.993805867652012,0.));
#4495=DIRECTION('',(-0.111130092326209,-0.993805867652012,0.));
#4496=DIRECTION('',(0.,0.,-1.));
#4497=DIRECTION('center_axis',(-0.111130092326218,-0.993805867652011,0.));
#4498=DIRECTION('ref_axis',(0.,0.,-1.));
#4499=DIRECTION('',(-0.993805867652011,0.111130092326218,0.));
#4500=DIRECTION('',(0.,0.,-1.));
#4501=DIRECTION('center_axis',(0.,0.,1.));
#4502=DIRECTION('ref_axis',(-0.999841392525634,-0.0178098229188583,0.));
#4503=DIRECTION('center_axis',(0.,0.,1.));
#4504=DIRECTION('ref_axis',(-0.999841392525634,-0.0178098229188583,0.));
#4505=DIRECTION('',(0.,0.,1.));
#4506=DIRECTION('center_axis',(-0.146452992153527,0.989217630801877,0.));
#4507=DIRECTION('ref_axis',(0.,0.,1.));
#4508=DIRECTION('',(0.989217630801877,0.146452992153527,0.));
#4509=DIRECTION('',(0.,0.,1.));
#4510=DIRECTION('center_axis',(-0.989217630801878,-0.146452992153524,0.));
#4511=DIRECTION('ref_axis',(0.146452992153524,-0.989217630801878,0.));
#4512=DIRECTION('',(0.146452992153524,-0.989217630801878,0.));
#4513=DIRECTION('',(0.,0.,-1.));
#4514=DIRECTION('center_axis',(0.146452992153527,-0.989217630801877,0.));
#4515=DIRECTION('ref_axis',(0.,0.,-1.));
#4516=DIRECTION('',(-0.989217630801877,-0.146452992153527,0.));
#4517=DIRECTION('',(0.,0.,-1.));
#4518=DIRECTION('center_axis',(0.,0.,1.));
#4519=DIRECTION('ref_axis',(-0.914057027036859,-0.405585689250175,0.));
#4520=DIRECTION('center_axis',(0.,0.,1.));
#4521=DIRECTION('ref_axis',(-0.914057027036859,-0.405585689250175,0.));
#4522=DIRECTION('',(0.,0.,1.));
#4523=DIRECTION('center_axis',(-0.635192206050128,0.772354103616451,0.));
#4524=DIRECTION('ref_axis',(0.,0.,1.));
#4525=DIRECTION('',(0.772354103616451,0.635192206050128,0.));
#4526=DIRECTION('',(0.,0.,1.));
#4527=DIRECTION('center_axis',(-0.772354103616447,-0.635192206050133,0.));
#4528=DIRECTION('ref_axis',(0.635192206050133,-0.772354103616447,0.));
#4529=DIRECTION('',(0.635192206050133,-0.772354103616447,0.));
#4530=DIRECTION('',(0.,0.,-1.));
#4531=DIRECTION('center_axis',(0.635192206050128,-0.772354103616451,0.));
#4532=DIRECTION('ref_axis',(0.,0.,-1.));
#4533=DIRECTION('',(-0.772354103616451,-0.635192206050128,0.));
#4534=DIRECTION('',(0.,0.,-1.));
#4535=DIRECTION('center_axis',(0.,0.,1.));
#4536=DIRECTION('ref_axis',(-0.412912478766466,-0.9107707092781,0.));
#4537=DIRECTION('center_axis',(0.,0.,1.));
#4538=DIRECTION('ref_axis',(-0.412912478766466,-0.9107707092781,0.));
#4539=DIRECTION('',(0.,0.,1.));
#4540=DIRECTION('center_axis',(-0.999512076087079,-0.0312347523777134,0.));
#4541=DIRECTION('ref_axis',(0.,0.,1.));
#4542=DIRECTION('',(-0.0312347523777134,0.999512076087079,0.));
#4543=DIRECTION('',(0.,0.,1.));
#4544=DIRECTION('center_axis',(0.0312347523777216,-0.999512076087079,0.));
#4545=DIRECTION('ref_axis',(0.999512076087079,0.0312347523777216,0.));
#4546=DIRECTION('',(0.999512076087079,0.0312347523777216,0.));
#4547=DIRECTION('',(0.,0.,-1.));
#4548=DIRECTION('center_axis',(0.999512076087079,0.0312347523777134,0.));
#4549=DIRECTION('ref_axis',(0.,0.,-1.));
#4550=DIRECTION('',(0.0312347523777134,-0.999512076087079,0.));
#4551=DIRECTION('',(0.,0.,-1.));
#4552=DIRECTION('center_axis',(0.,0.,1.));
#4553=DIRECTION('ref_axis',(0.115126018664736,-0.993350894611973,0.));
#4554=DIRECTION('center_axis',(0.,0.,1.));
#4555=DIRECTION('ref_axis',(0.115126018664736,-0.993350894611973,0.));
#4556=DIRECTION('',(0.,0.,1.));
#4557=DIRECTION('center_axis',(-0.980161055526804,-0.198202687238548,0.));
#4558=DIRECTION('ref_axis',(0.,0.,1.));
#4559=DIRECTION('',(-0.198202687238548,0.980161055526804,0.));
#4560=DIRECTION('',(0.,0.,1.));
#4561=DIRECTION('center_axis',(0.198202687238533,-0.980161055526807,0.));
#4562=DIRECTION('ref_axis',(0.980161055526807,0.198202687238533,0.));
#4563=DIRECTION('',(0.980161055526807,0.198202687238533,0.));
#4564=DIRECTION('',(0.,0.,-1.));
#4565=DIRECTION('center_axis',(0.980161055526804,0.198202687238548,0.));
#4566=DIRECTION('ref_axis',(0.,0.,-1.));
#4567=DIRECTION('',(0.198202687238548,-0.980161055526804,0.));
#4568=DIRECTION('',(0.,0.,-1.));
#4569=DIRECTION('center_axis',(0.,0.,1.));
#4570=DIRECTION('ref_axis',(0.504887325758249,-0.863185257223896,0.));
#4571=DIRECTION('center_axis',(0.,0.,1.));
#4572=DIRECTION('ref_axis',(0.504887325758249,-0.863185257223896,0.));
#4573=DIRECTION('',(0.,0.,1.));
#4574=DIRECTION('center_axis',(-0.653210910906797,-0.757176007195363,0.));
#4575=DIRECTION('ref_axis',(0.,0.,1.));
#4576=DIRECTION('',(-0.757176007195363,0.653210910906797,0.));
#4577=DIRECTION('',(0.,0.,1.));
#4578=DIRECTION('center_axis',(0.757176007195366,-0.653210910906793,0.));
#4579=DIRECTION('ref_axis',(0.653210910906793,0.757176007195366,0.));
#4580=DIRECTION('',(0.653210910906793,0.757176007195366,0.));
#4581=DIRECTION('',(0.,0.,-1.));
#4582=DIRECTION('center_axis',(0.653210910906797,0.757176007195363,0.));
#4583=DIRECTION('ref_axis',(0.,0.,-1.));
#4584=DIRECTION('',(0.757176007195363,-0.653210910906797,0.));
#4585=DIRECTION('',(0.,0.,-1.));
#4586=DIRECTION('center_axis',(0.,0.,1.));
#4587=DIRECTION('ref_axis',(-0.711171087625991,0.703018978495506,0.));
#4588=DIRECTION('center_axis',(0.,0.,-1.));
#4589=DIRECTION('ref_axis',(-0.711171087625991,0.703018978495506,0.));
#4590=DIRECTION('',(0.,0.,1.));
#4591=DIRECTION('center_axis',(-0.749595059590739,-0.661896703902623,0.));
#4592=DIRECTION('ref_axis',(0.,0.,1.));
#4593=DIRECTION('',(-0.661896703902623,0.749595059590739,0.));
#4594=DIRECTION('',(0.,0.,1.));
#4595=DIRECTION('center_axis',(0.661896703902631,-0.749595059590732,0.));
#4596=DIRECTION('ref_axis',(0.749595059590732,0.661896703902631,0.));
#4597=DIRECTION('',(0.749595059590732,0.661896703902631,0.));
#4598=DIRECTION('center_axis',(0.,0.,1.));
#4599=DIRECTION('ref_axis',(1.,0.,0.));
#4600=CARTESIAN_POINT('',(0.,0.,0.));
#4601=CARTESIAN_POINT('Ctrl Pts',(203.184282451915,-87.0747704166455,-5.84983700271779));
#4602=CARTESIAN_POINT('Ctrl Pts',(203.007460464102,-86.9750391276557,-5.94497589126584));
#4603=CARTESIAN_POINT('Ctrl Pts',(202.664464112837,-86.7169293019452,-6.1061695448296));
#4604=CARTESIAN_POINT('Ctrl Pts',(201.99267432194,-85.7552511210384,-6.35649844915307));
#4605=CARTESIAN_POINT('Ctrl Pts',(201.595895043951,-84.7030321681149,-6.41421356237309));
#4606=CARTESIAN_POINT('Ctrl Pts',(201.444480536642,-84.1770781286193,-6.41421356237309));
#4607=CARTESIAN_POINT('Ctrl Pts',(203.158180951684,-87.1110379511825,-6.0401147798139));
#4608=CARTESIAN_POINT('Ctrl Pts',(202.974133691541,-87.0078687380861,-6.11644361453596));
#4609=CARTESIAN_POINT('Ctrl Pts',(202.609593137587,-86.7388744764747,-6.25164008260859));
#4610=CARTESIAN_POINT('Ctrl Pts',(201.890335717892,-85.753412113507,-6.48078182407725));
#4611=CARTESIAN_POINT('Ctrl Pts',(201.484441042621,-84.7372019861142,-6.53077067649144));
#4612=CARTESIAN_POINT('Ctrl Pts',(201.325883838015,-84.2112203907612,-6.53762697732193));
#4613=CARTESIAN_POINT('Ctrl Pts',(203.09863972338,-87.193769347264,-6.36677474868527));
#4614=CARTESIAN_POINT('Ctrl Pts',(202.890872920583,-87.0794072299512,-6.41842908237341));
#4615=CARTESIAN_POINT('Ctrl Pts',(202.460990249975,-86.7754815934863,-6.52217392084717));
#4616=CARTESIAN_POINT('Ctrl Pts',(201.631792541508,-85.74211663298,-6.71295170565416));
#4617=CARTESIAN_POINT('Ctrl Pts',(201.229084708444,-84.8142785616802,-6.73972481859475));
#4618=CARTESIAN_POINT('Ctrl Pts',(201.057475565207,-84.2884912230641,-6.75194803666999));
#4619=CARTESIAN_POINT('Ctrl Pts',(202.86749913918,-87.5149347609855,-6.84689764944085));
#4620=CARTESIAN_POINT('Ctrl Pts',(202.573930159641,-87.352203570222,-6.86820962385449));
#4621=CARTESIAN_POINT('Ctrl Pts',(201.977287494562,-86.9217265849,-6.91875830318393));
#4622=CARTESIAN_POINT('Ctrl Pts',(201.162177238014,-85.8571724308226,-6.95317306547548));
#4623=CARTESIAN_POINT('Ctrl Pts',(200.761085727507,-84.9416211352969,-6.94893432386134));
#4624=CARTESIAN_POINT('Ctrl Pts',(200.588609942071,-84.4234708068111,-6.95404625108538));
#4625=CARTESIAN_POINT('Ctrl Pts',(202.617231199742,-87.862677268383,-7.));
#4626=CARTESIAN_POINT('Ctrl Pts',(202.271860610635,-87.6266343208284,-7.));
#4627=CARTESIAN_POINT('Ctrl Pts',(201.617999237909,-87.0535532461611,-7.));
#4628=CARTESIAN_POINT('Ctrl Pts',(200.797858759478,-85.9099186903714,-7.));
#4629=CARTESIAN_POINT('Ctrl Pts',(200.401699781346,-85.0008728600016,-7.));
#4630=CARTESIAN_POINT('Ctrl Pts',(200.253183537192,-84.5200351832001,-7.));
#4631=CARTESIAN_POINT('Ctrl Pts',(202.510401285413,-88.0111153877739,-7.));
#4632=CARTESIAN_POINT('Ctrl Pts',(202.123506109594,-87.7326695366892,-7.));
#4633=CARTESIAN_POINT('Ctrl Pts',(201.411866454673,-87.0894603501654,-7.));
#4634=CARTESIAN_POINT('Ctrl Pts',(200.58328581765,-85.9130867896999,-7.));
#4635=CARTESIAN_POINT('Ctrl Pts',(200.217334653074,-85.0263913508764,-7.));
#4636=CARTESIAN_POINT('Ctrl Pts',(200.085462477542,-84.5683196333712,-7.));
#4637=CARTESIAN_POINT('',(203.184282451915,-87.0747704166455,-5.84983700271779));
#4638=CARTESIAN_POINT('',(201.444480536642,-84.1770781286193,-6.41421356237309));
#4639=CARTESIAN_POINT('Ctrl Pts',(203.184282451915,-87.0747704166455,-5.84983700271779));
#4640=CARTESIAN_POINT('Ctrl Pts',(203.007460464102,-86.9750391276557,-5.94497589126584));
#4641=CARTESIAN_POINT('Ctrl Pts',(202.664464112837,-86.7169293019452,-6.1061695448296));
#4642=CARTESIAN_POINT('Ctrl Pts',(201.99267432194,-85.7552511210384,-6.35649844915307));
#4643=CARTESIAN_POINT('Ctrl Pts',(201.595895043951,-84.7030321681149,-6.41421356237309));
#4644=CARTESIAN_POINT('Ctrl Pts',(201.444480536642,-84.1770781286193,-6.41421356237309));
#4645=CARTESIAN_POINT('',(202.510401285413,-88.0111153877739,-7.));
#4646=CARTESIAN_POINT('Ctrl Pts',(203.184282451915,-87.0747704166455,-5.84983700271779));
#4647=CARTESIAN_POINT('Ctrl Pts',(203.158180951684,-87.1110379511825,-6.0401147798139));
#4648=CARTESIAN_POINT('Ctrl Pts',(203.09863972338,-87.193769347264,-6.36677474868527));
#4649=CARTESIAN_POINT('Ctrl Pts',(202.86749913918,-87.5149347609855,-6.84689764944085));
#4650=CARTESIAN_POINT('Ctrl Pts',(202.617231199742,-87.862677268383,-7.));
#4651=CARTESIAN_POINT('Ctrl Pts',(202.510401285413,-88.0111153877739,-7.));
#4652=CARTESIAN_POINT('',(200.085462477542,-84.5683196333712,-7.));
#4653=CARTESIAN_POINT('Origin',(206.269404170916,-82.7880528906201,-7.));
#4654=CARTESIAN_POINT('Origin',(200.085462477542,-84.5683196333712,-5.));
#4655=CARTESIAN_POINT('Ctrl Pts',(203.184282451915,-87.0747704166455,-5.84983700271779));
#4656=CARTESIAN_POINT('Ctrl Pts',(203.158180951684,-87.1110379511825,-6.0401147798139));
#4657=CARTESIAN_POINT('Ctrl Pts',(203.09863972338,-87.193769347264,-6.36677474868527));
#4658=CARTESIAN_POINT('Ctrl Pts',(202.86749913918,-87.5149347609855,-6.84689764944085));
#4659=CARTESIAN_POINT('Ctrl Pts',(202.617231199742,-87.862677268383,-7.));
#4660=CARTESIAN_POINT('Ctrl Pts',(202.510401285413,-88.0111153877739,-7.));
#4661=CARTESIAN_POINT('Ctrl Pts',(203.335002939497,-87.2107692401722,-5.94497589126584));
#4662=CARTESIAN_POINT('Ctrl Pts',(203.314455862613,-87.2527963114705,-6.11644361453596));
#4663=CARTESIAN_POINT('Ctrl Pts',(203.27306053485,-87.354465080707,-6.41842908237341));
#4664=CARTESIAN_POINT('Ctrl Pts',(203.115032634406,-87.7416313752883,-6.86820962385449));
#4665=CARTESIAN_POINT('Ctrl Pts',(202.950731798368,-88.1152133403144,-7.));
#4666=CARTESIAN_POINT('Ctrl Pts',(202.897296461231,-88.2895612388585,-7.));
#4667=CARTESIAN_POINT('Ctrl Pts',(203.688674239631,-87.4540464289333,-6.1061695448296));
#4668=CARTESIAN_POINT('Ctrl Pts',(203.685289762612,-87.5130460893165,-6.2516400826086));
#4669=CARTESIAN_POINT('Ctrl Pts',(203.697767696283,-87.6655819880212,-6.52217392084717));
#4670=CARTESIAN_POINT('Ctrl Pts',(203.712696817358,-88.1706889810946,-6.91875830318394));
#4671=CARTESIAN_POINT('Ctrl Pts',(203.701788988452,-88.5532426887704,-7.));
#4672=CARTESIAN_POINT('Ctrl Pts',(203.733199847359,-88.7601083514243,-7.));
#4673=CARTESIAN_POINT('Ctrl Pts',(204.813907484027,-87.7856736179437,-6.35649844915307));
#4674=CARTESIAN_POINT('Ctrl Pts',(204.84814986399,-87.8821310243032,-6.48078182407725));
#4675=CARTESIAN_POINT('Ctrl Pts',(204.940963429871,-88.1237046236958,-6.71295170565418));
#4676=CARTESIAN_POINT('Ctrl Pts',(204.980993744198,-88.6055489386236,-6.95317306547547));
#4677=CARTESIAN_POINT('Ctrl Pts',(205.04667038654,-88.9677597893029,-7.));
#4678=CARTESIAN_POINT('Ctrl Pts',(205.111805878517,-89.1722321637283,-7.));
#4679=CARTESIAN_POINT('Ctrl Pts',(205.937662859854,-87.827773209804,-6.4142135623731));
#4680=CARTESIAN_POINT('Ctrl Pts',(205.940654964638,-87.9443091192203,-6.53077067649145));
#4681=CARTESIAN_POINT('Ctrl Pts',(205.948658737374,-88.2109241891757,-6.73972481859475));
#4682=CARTESIAN_POINT('Ctrl Pts',(205.976524980338,-88.6951376232272,-6.94893432386134));
#4683=CARTESIAN_POINT('Ctrl Pts',(206.03446651954,-89.0547371271392,-7.));
#4684=CARTESIAN_POINT('Ctrl Pts',(206.068815742467,-89.2376628628451,-7.));
#4685=CARTESIAN_POINT('Ctrl Pts',(206.484475772566,-87.8043287397475,-6.4142135623731));
#4686=CARTESIAN_POINT('Ctrl Pts',(206.489762235909,-87.9276288788174,-6.53762697732194));
#4687=CARTESIAN_POINT('Ctrl Pts',(206.501726569752,-88.2066819869388,-6.75194803667));
#4688=CARTESIAN_POINT('Ctrl Pts',(206.522626316188,-88.6941424070611,-6.95404625108538));
#4689=CARTESIAN_POINT('Ctrl Pts',(206.537577992028,-89.0428715272488,-7.));
#4690=CARTESIAN_POINT('Ctrl Pts',(206.545054180184,-89.217244256164,-7.));
#4691=CARTESIAN_POINT('',(206.484475772566,-87.8043287397475,-6.4142135623731));
#4692=CARTESIAN_POINT('Ctrl Pts',(203.184282451915,-87.0747704166455,-5.84983700271779));
#4693=CARTESIAN_POINT('Ctrl Pts',(203.335002939497,-87.2107692401722,-5.94497589126584));
#4694=CARTESIAN_POINT('Ctrl Pts',(203.688674239631,-87.4540464289333,-6.1061695448296));
#4695=CARTESIAN_POINT('Ctrl Pts',(204.813907484027,-87.7856736179438,-6.35649844915307));
#4696=CARTESIAN_POINT('Ctrl Pts',(205.937662859854,-87.8277732098041,-6.4142135623731));
#4697=CARTESIAN_POINT('Ctrl Pts',(206.484475772566,-87.8043287397475,-6.4142135623731));
#4698=CARTESIAN_POINT('',(206.545054180184,-89.217244256164,-7.));
#4699=CARTESIAN_POINT('Origin',(206.545054180184,-89.217244256164,-5.));
#4700=CARTESIAN_POINT('Origin',(206.269404170916,-82.7880528906201,-7.));
#4701=CARTESIAN_POINT('Ctrl Pts',(203.184282451915,-87.0747704166455,-5.84983700271779));
#4702=CARTESIAN_POINT('Ctrl Pts',(203.335002939497,-87.2107692401722,-5.94497589126584));
#4703=CARTESIAN_POINT('Ctrl Pts',(203.688674239631,-87.4540464289333,-6.1061695448296));
#4704=CARTESIAN_POINT('Ctrl Pts',(204.813907484027,-87.7856736179438,-6.35649844915307));
#4705=CARTESIAN_POINT('Ctrl Pts',(205.937662859854,-87.8277732098041,-6.4142135623731));
#4706=CARTESIAN_POINT('Ctrl Pts',(206.484475772566,-87.8043287397475,-6.4142135623731));
#4707=CARTESIAN_POINT('Ctrl Pts',(203.361104439728,-87.1745017056353,-5.75469811416974));
#4708=CARTESIAN_POINT('Ctrl Pts',(203.514826719626,-87.280742777458,-5.84969110628495));
#4709=CARTESIAN_POINT('Ctrl Pts',(203.871762423333,-87.4717669520405,-6.01318307310939));
#4710=CARTESIAN_POINT('Ctrl Pts',(204.98101223726,-87.7088331159888,-6.25257476918942));
#4711=CARTESIAN_POINT('Ctrl Pts',(205.995427745371,-87.7086323592704,-6.29765644825475));
#4712=CARTESIAN_POINT('Ctrl Pts',(206.479189309223,-87.6810286006776,-6.29080014742426));
#4713=CARTESIAN_POINT('Ctrl Pts',(203.705605342925,-87.2984097045796,-5.54869143339004));
#4714=CARTESIAN_POINT('Ctrl Pts',(203.863232176911,-87.3609834874046,-5.64435013679483));
#4715=CARTESIAN_POINT('Ctrl Pts',(204.231592005332,-87.4695608941574,-5.80879927205183));
#4716=CARTESIAN_POINT('Ctrl Pts',(205.315046380394,-87.5438551565585,-6.00982860237987));
#4717=CARTESIAN_POINT('Ctrl Pts',(206.092463608861,-87.4953258619838,-6.0309432480046));
#4718=CARTESIAN_POINT('Ctrl Pts',(206.470008780313,-87.4669042574352,-6.01149067311925));
#4719=CARTESIAN_POINT('Ctrl Pts',(204.401117595661,-87.331577478604,-5.02621356831704));
#4720=CARTESIAN_POINT('Ctrl Pts',(204.565051798847,-87.3421093687999,-5.13157907346902));
#4721=CARTESIAN_POINT('Ctrl Pts',(204.95879508602,-87.3465731054384,-5.30979943092651));
#4722=CARTESIAN_POINT('Ctrl Pts',(205.725396519755,-87.3089376357636,-5.51860953661593));
#4723=CARTESIAN_POINT('Ctrl Pts',(206.204553190173,-87.2811183424575,-5.54598059094815));
#4724=CARTESIAN_POINT('Ctrl Pts',(206.46135182189,-87.2649915403004,-5.52358242294625));
#4725=CARTESIAN_POINT('Ctrl Pts',(204.88914766455,-87.2864034428476,-4.61763705553536));
#4726=CARTESIAN_POINT('Ctrl Pts',(205.021508003665,-87.2807285256412,-4.73795634718984));
#4727=CARTESIAN_POINT('Ctrl Pts',(205.322612147249,-87.2678187590391,-4.94953367860868));
#4728=CARTESIAN_POINT('Ctrl Pts',(205.871471929993,-87.2442865299299,-5.15296016414959));
#4729=CARTESIAN_POINT('Ctrl Pts',(206.263390525973,-87.2274831158656,-5.18422919882163));
#4730=CARTESIAN_POINT('Ctrl Pts',(206.459383374544,-87.2190799703604,-5.17453292519944));
#4731=CARTESIAN_POINT('Ctrl Pts',(205.105774491203,-87.2771156205727,-4.43880174256742));
#4732=CARTESIAN_POINT('Ctrl Pts',(205.223899150196,-87.272051054674,-4.55703492272378));
#4733=CARTESIAN_POINT('Ctrl Pts',(205.49123910201,-87.2605889195461,-4.76235993080094));
#4734=CARTESIAN_POINT('Ctrl Pts',(205.958238542025,-87.2405664326345,-4.95597514357306));
#4735=CARTESIAN_POINT('Ctrl Pts',(206.292329879746,-87.2262423481419,-5.00000000000001));
#4736=CARTESIAN_POINT('Ctrl Pts',(206.459383374544,-87.2190799703604,-5.00000000000001));
#4737=CARTESIAN_POINT('',(205.105774491203,-87.2771156205727,-4.43880174256742));
#4738=CARTESIAN_POINT('Ctrl Pts',(203.184282451915,-87.0747704166455,-5.84983700271779));
#4739=CARTESIAN_POINT('Ctrl Pts',(203.361104439728,-87.1745017056353,-5.75469811416974));
#4740=CARTESIAN_POINT('Ctrl Pts',(203.705605342925,-87.2984097045796,-5.54869143339004));
#4741=CARTESIAN_POINT('Ctrl Pts',(204.401117595661,-87.331577478604,-5.02621356831704));
#4742=CARTESIAN_POINT('Ctrl Pts',(204.88914766455,-87.2864034428476,-4.61763705553536));
#4743=CARTESIAN_POINT('Ctrl Pts',(205.105774491203,-87.2771156205727,-4.43880174256742));
#4744=CARTESIAN_POINT('',(206.459383374544,-87.2190799703604,-5.));
#4745=CARTESIAN_POINT('Origin',(206.459383374544,-87.2190799703604,-3.08394929829351));
#4746=CARTESIAN_POINT('Origin',(206.545054180184,-89.217244256164,-5.));
#4747=CARTESIAN_POINT('Ctrl Pts',(203.184282451915,-87.0747704166455,-5.84983700271779));
#4748=CARTESIAN_POINT('Ctrl Pts',(203.361104439728,-87.1745017056353,-5.75469811416974));
#4749=CARTESIAN_POINT('Ctrl Pts',(203.705605342925,-87.2984097045796,-5.54869143339004));
#4750=CARTESIAN_POINT('Ctrl Pts',(204.401117595661,-87.331577478604,-5.02621356831704));
#4751=CARTESIAN_POINT('Ctrl Pts',(204.88914766455,-87.2864034428476,-4.61763705553536));
#4752=CARTESIAN_POINT('Ctrl Pts',(205.105774491203,-87.2771156205727,-4.43880174256742));
#4753=CARTESIAN_POINT('Ctrl Pts',(203.210383952146,-87.0385028821085,-5.65955922562169));
#4754=CARTESIAN_POINT('Ctrl Pts',(203.364949298143,-87.1300952281434,-5.56675225848055));
#4755=CARTESIAN_POINT('Ctrl Pts',(203.67930386099,-87.2545496389126,-5.36138840005117));
#4756=CARTESIAN_POINT('Ctrl Pts',(204.331263212993,-87.3121026751811,-4.84239369141445));
#4757=CARTESIAN_POINT('Ctrl Pts',(204.780856972841,-87.2910463798013,-4.47744717355111));
#4758=CARTESIAN_POINT('Ctrl Pts',(204.98764983221,-87.2821801864714,-4.32056856241105));
#4759=CARTESIAN_POINT('Ctrl Pts',(203.248514459481,-86.9855212726434,-5.25155357192397));
#4760=CARTESIAN_POINT('Ctrl Pts',(203.376863860051,-87.0641214890398,-5.15942966587222));
#4761=CARTESIAN_POINT('Ctrl Pts',(203.653371739299,-87.1837443116843,-4.94427468707638));
#4762=CARTESIAN_POINT('Ctrl Pts',(204.228470977939,-87.2828110387097,-4.428292706684));
#4763=CARTESIAN_POINT('Ctrl Pts',(204.596651769041,-87.2989441329164,-4.16994903068442));
#4764=CARTESIAN_POINT('Ctrl Pts',(204.782513283149,-87.2909753659014,-4.05298300529337));
#4765=CARTESIAN_POINT('Ctrl Pts',(203.307148013224,-86.9040510729764,-4.19465265129838));
#4766=CARTESIAN_POINT('Ctrl Pts',(203.419147075456,-86.9840176406517,-4.11847556527019));
#4767=CARTESIAN_POINT('Ctrl Pts',(203.667974676982,-87.1272666017934,-3.9441330761438));
#4768=CARTESIAN_POINT('Ctrl Pts',(204.109592386913,-87.2786055442906,-3.72616297781996));
#4769=CARTESIAN_POINT('Ctrl Pts',(204.422431144103,-87.3064137996518,-3.64031851698022));
#4770=CARTESIAN_POINT('Ctrl Pts',(204.589075781474,-87.2992689515327,-3.58555453273718));
#4771=CARTESIAN_POINT('Ctrl Pts',(203.291139030466,-86.9262952478296,-3.43185197982966));
#4772=CARTESIAN_POINT('Ctrl Pts',(203.404704047504,-87.0080272253752,-3.41252405307765));
#4773=CARTESIAN_POINT('Ctrl Pts',(203.653556404235,-87.1509249927027,-3.37254360472695));
#4774=CARTESIAN_POINT('Ctrl Pts',(204.080437295584,-87.2843091816234,-3.31077606199006));
#4775=CARTESIAN_POINT('Ctrl Pts',(204.388855596625,-87.3078533430481,-3.27085887938228));
#4776=CARTESIAN_POINT('Ctrl Pts',(204.545091333574,-87.3011547739918,-3.25115626519314));
#4777=CARTESIAN_POINT('Ctrl Pts',(203.291139030466,-86.9262952478296,-3.08394929829351));
#4778=CARTESIAN_POINT('Ctrl Pts',(203.411384342624,-87.0128349887602,-3.08394929829351));
#4779=CARTESIAN_POINT('Ctrl Pts',(203.671179423774,-87.159078953461,-3.08394929829351));
#4780=CARTESIAN_POINT('Ctrl Pts',(204.099644090484,-87.2871652144313,-3.08394929829351));
#4781=CARTESIAN_POINT('Ctrl Pts',(204.397078530149,-87.307500786782,-3.08394929829351));
#4782=CARTESIAN_POINT('Ctrl Pts',(204.545091333574,-87.3011547739918,-3.08394929829351));
#4783=CARTESIAN_POINT('',(203.291139030466,-86.9262952478296,-3.08394929829351));
#4784=CARTESIAN_POINT('Ctrl Pts',(203.184282451915,-87.0747704166455,-5.84983700271779));
#4785=CARTESIAN_POINT('Ctrl Pts',(203.210383952146,-87.0385028821085,-5.65955922562169));
#4786=CARTESIAN_POINT('Ctrl Pts',(203.248514459481,-86.9855212726434,-5.25155357192397));
#4787=CARTESIAN_POINT('Ctrl Pts',(203.307148013224,-86.9040510729764,-4.19465265129838));
#4788=CARTESIAN_POINT('Ctrl Pts',(203.291139030466,-86.9262952478296,-3.43185197982966));
#4789=CARTESIAN_POINT('Ctrl Pts',(203.291139030466,-86.9262952478296,-3.08394929829351));
#4790=CARTESIAN_POINT('',(204.545091333574,-87.3011547739918,-3.08394929829351));
#4791=CARTESIAN_POINT('Origin',(204.459420527934,-85.3029904881882,-3.08394929829351));
#4792=CARTESIAN_POINT('Origin',(206.459383374544,-87.2190799703604,-3.08394929829351));
#4793=CARTESIAN_POINT('Ctrl Pts',(203.184282451915,-87.0747704166455,-5.84983700271779));
#4794=CARTESIAN_POINT('Ctrl Pts',(203.210383952146,-87.0385028821085,-5.65955922562169));
#4795=CARTESIAN_POINT('Ctrl Pts',(203.248514459481,-86.9855212726434,-5.25155357192397));
#4796=CARTESIAN_POINT('Ctrl Pts',(203.307148013224,-86.9040510729764,-4.19465265129838));
#4797=CARTESIAN_POINT('Ctrl Pts',(203.291139030466,-86.9262952478296,-3.43185197982966));
#4798=CARTESIAN_POINT('Ctrl Pts',(203.291139030466,-86.9262952478296,-3.08394929829351));
#4799=CARTESIAN_POINT('Ctrl Pts',(203.033561964333,-86.9387715931187,-5.75469811416974));
#4800=CARTESIAN_POINT('Ctrl Pts',(203.07444892401,-86.9210240663106,-5.56675225848055));
#4801=CARTESIAN_POINT('Ctrl Pts',(203.133224182222,-86.8887756545828,-5.15942966587222));
#4802=CARTESIAN_POINT('Ctrl Pts',(203.19575430903,-86.8232433719053,-4.11847556527019));
#4803=CARTESIAN_POINT('Ctrl Pts',(203.177574013429,-86.844563270284,-3.41252405307765));
#4804=CARTESIAN_POINT('Ctrl Pts',(203.170893718309,-86.839755506899,-3.0839492982935));
#4805=CARTESIAN_POINT('Ctrl Pts',(202.806668213171,-86.6514507094548,-5.54869143339004));
#4806=CARTESIAN_POINT('Ctrl Pts',(202.856610291003,-86.6624626200128,-5.36138840005117));
#4807=CARTESIAN_POINT('Ctrl Pts',(202.931985608367,-86.6645675740496,-4.94427468707638));
#4808=CARTESIAN_POINT('Ctrl Pts',(202.9809026481,-86.6327854921906,-3.94413307614379));
#4809=CARTESIAN_POINT('Ctrl Pts',(202.963047506738,-86.6539703919159,-3.37254360472695));
#4810=CARTESIAN_POINT('Ctrl Pts',(202.949719256082,-86.639848932069,-3.0839492982935));
#4811=CARTESIAN_POINT('Ctrl Pts',(202.55435095965,-86.0024719744297,-5.02621356831703));
#4812=CARTESIAN_POINT('Ctrl Pts',(202.595000617087,-86.0625261840785,-4.84239369141444));
#4813=CARTESIAN_POINT('Ctrl Pts',(202.655418690262,-86.1506959067068,-4.42829270668399));
#4814=CARTESIAN_POINT('Ctrl Pts',(202.69715748866,-86.2620856651944,-3.72616297781997));
#4815=CARTESIAN_POINT('Ctrl Pts',(202.701007547035,-86.2915428863756,-3.31077606199006));
#4816=CARTESIAN_POINT('Ctrl Pts',(202.692200053017,-86.2742372242136,-3.0839492982935));
#4817=CARTESIAN_POINT('Ctrl Pts',(202.442208293381,-85.525357665224,-4.61763705553535));
#4818=CARTESIAN_POINT('Ctrl Pts',(202.472194384327,-85.629517470927,-4.4774471735511));
#4819=CARTESIAN_POINT('Ctrl Pts',(202.523201482969,-85.8066959332175,-4.16994903068442));
#4820=CARTESIAN_POINT('Ctrl Pts',(202.571443814989,-85.9742706910905,-3.64031851698022));
#4821=CARTESIAN_POINT('Ctrl Pts',(202.580741007613,-86.0065654566556,-3.27085887938228));
#4822=CARTESIAN_POINT('Ctrl Pts',(202.578464047067,-85.9986561973775,-3.0839492982935));
#4823=CARTESIAN_POINT('Ctrl Pts',(202.382223528089,-85.3169943440728,-4.43880174256741));
#4824=CARTESIAN_POINT('Ctrl Pts',(202.414932680756,-85.4306129878848,-4.32056856241105));
#4825=CARTESIAN_POINT('Ctrl Pts',(202.471735745909,-85.6279243426801,-4.05298300529336));
#4826=CARTESIAN_POINT('Ctrl Pts',(202.525299301798,-85.8139829251138,-3.58555453273717));
#4827=CARTESIAN_POINT('Ctrl Pts',(202.537478757245,-85.8562895303716,-3.25115626519313));
#4828=CARTESIAN_POINT('Ctrl Pts',(202.537478757245,-85.8562895303716,-3.0839492982935));
#4829=CARTESIAN_POINT('',(202.382223528089,-85.3169943440728,-4.43880174256741));
#4830=CARTESIAN_POINT('Ctrl Pts',(203.184282451915,-87.0747704166455,-5.84983700271779));
#4831=CARTESIAN_POINT('Ctrl Pts',(203.033561964333,-86.9387715931187,-5.75469811416974));
#4832=CARTESIAN_POINT('Ctrl Pts',(202.806668213171,-86.6514507094548,-5.54869143339004));
#4833=CARTESIAN_POINT('Ctrl Pts',(202.55435095965,-86.0024719744297,-5.02621356831703));
#4834=CARTESIAN_POINT('Ctrl Pts',(202.442208293381,-85.525357665224,-4.61763705553535));
#4835=CARTESIAN_POINT('Ctrl Pts',(202.382223528089,-85.3169943440728,-4.43880174256741));
#4836=CARTESIAN_POINT('',(202.537478757245,-85.8562895303716,-3.08394929829351));
#4837=CARTESIAN_POINT('Origin',(202.007404248231,-84.0150205911878,-3.08394929829351));
#4838=CARTESIAN_POINT('Origin',(204.459420527934,-85.3029904881882,-3.08394929829351));
#4839=CARTESIAN_POINT('Ctrl Pts',(200.605433914016,-80.7481850209399,-5.94963546700619));
#4840=CARTESIAN_POINT('Ctrl Pts',(200.521338922822,-80.6807970911087,-6.03543044212992));
#4841=CARTESIAN_POINT('Ctrl Pts',(200.346629200086,-80.5346008140459,-6.17659365608086));
#4842=CARTESIAN_POINT('Ctrl Pts',(199.985903434639,-80.1009395106041,-6.37404360684099));
#4843=CARTESIAN_POINT('Ctrl Pts',(199.694218520018,-79.6289334816381,-6.41421356237309));
#4844=CARTESIAN_POINT('Ctrl Pts',(199.540620466713,-79.3967987562371,-6.41421356237309));
#4845=CARTESIAN_POINT('Ctrl Pts',(200.518063539819,-80.7885114007294,-6.12122541725365));
#4846=CARTESIAN_POINT('Ctrl Pts',(200.431139302483,-80.7178867860969,-6.19069229669865));
#4847=CARTESIAN_POINT('Ctrl Pts',(200.251374790124,-80.5662378687585,-6.30982645199787));
#4848=CARTESIAN_POINT('Ctrl Pts',(199.878601783337,-80.1291299273763,-6.49334347040235));
#4849=CARTESIAN_POINT('Ctrl Pts',(199.591677564609,-79.6851867455381,-6.53077067649145));
#4850=CARTESIAN_POINT('Ctrl Pts',(199.43769785949,-79.4649002093186,-6.53762697732194));
#4851=CARTESIAN_POINT('Ctrl Pts',(200.315981558434,-80.8817836890171,-6.41992965863882));
#4852=CARTESIAN_POINT('Ctrl Pts',(200.223669985229,-80.8044055622971,-6.46740299969538));
#4853=CARTESIAN_POINT('Ctrl Pts',(200.029885555988,-80.6397470823717,-6.55917019082796));
#4854=CARTESIAN_POINT('Ctrl Pts',(199.626034322117,-80.1961017677767,-6.71641358835991));
#4855=CARTESIAN_POINT('Ctrl Pts',(199.358309500435,-79.8158320819429,-6.73972481859474));
#4856=CARTESIAN_POINT('Ctrl Pts',(199.204763220015,-79.6190275468329,-6.75194803666999));
#4857=CARTESIAN_POINT('Ctrl Pts',(199.777857793911,-81.1301583068582,-6.85842126645762));
#4858=CARTESIAN_POINT('Ctrl Pts',(199.678725072281,-81.029759706695,-6.87778460266393));
#4859=CARTESIAN_POINT('Ctrl Pts',(199.467889757778,-80.8140585424715,-6.92185914206627));
#4860=CARTESIAN_POINT('Ctrl Pts',(199.154693889405,-80.3732759849089,-6.95094684373586));
#4861=CARTESIAN_POINT('Ctrl Pts',(198.933722084601,-80.0529966807519,-6.94893432386135));
#4862=CARTESIAN_POINT('Ctrl Pts',(198.797864268114,-79.8882629522465,-6.95404625108538));
#4863=CARTESIAN_POINT('Ctrl Pts',(199.295050242679,-81.3530013569782,-7.));
#4864=CARTESIAN_POINT('Ctrl Pts',(199.21928137296,-81.2211817709147,-7.));
#4865=CARTESIAN_POINT('Ctrl Pts',(199.067130557347,-80.950032546582,-7.));
#4866=CARTESIAN_POINT('Ctrl Pts',(198.814044838177,-80.5163302537564,-7.));
#4867=CARTESIAN_POINT('Ctrl Pts',(198.613866947613,-80.2251611427701,-7.));
#4868=CARTESIAN_POINT('Ctrl Pts',(198.506768811653,-80.0808739257277,-7.));
#4869=CARTESIAN_POINT('Ctrl Pts',(199.073556251969,-81.4552333878295,-7.));
#4870=CARTESIAN_POINT('Ctrl Pts',(199.00536054925,-81.30748186398,-7.));
#4871=CARTESIAN_POINT('Ctrl Pts',(198.861475708134,-81.0154374852613,-7.));
#4872=CARTESIAN_POINT('Ctrl Pts',(198.623722889373,-80.5888729026884,-7.));
#4873=CARTESIAN_POINT('Ctrl Pts',(198.451011417331,-80.312895523055,-7.));
#4874=CARTESIAN_POINT('Ctrl Pts',(198.361214264644,-80.1771839242929,-7.));
#4875=CARTESIAN_POINT('',(200.605433914016,-80.7481850209399,-5.94963546700619));
#4876=CARTESIAN_POINT('',(199.540620466713,-79.396798756237,-6.41421356237309));
#4877=CARTESIAN_POINT('Ctrl Pts',(200.605433914016,-80.7481850209399,-5.94963546700619));
#4878=CARTESIAN_POINT('Ctrl Pts',(200.521338922822,-80.6807970911087,-6.03543044212992));
#4879=CARTESIAN_POINT('Ctrl Pts',(200.346629200086,-80.5346008140459,-6.17659365608086));
#4880=CARTESIAN_POINT('Ctrl Pts',(199.985903434639,-80.1009395106041,-6.37404360684099));
#4881=CARTESIAN_POINT('Ctrl Pts',(199.694218520018,-79.6289334816381,-6.41421356237309));
#4882=CARTESIAN_POINT('Ctrl Pts',(199.540620466713,-79.3967987562371,-6.41421356237309));
#4883=CARTESIAN_POINT('',(199.073556251969,-81.4552333878295,-7.));
#4884=CARTESIAN_POINT('Ctrl Pts',(200.605433914016,-80.7481850209399,-5.94963546700619));
#4885=CARTESIAN_POINT('Ctrl Pts',(200.518063539819,-80.7885114007294,-6.12122541725365));
#4886=CARTESIAN_POINT('Ctrl Pts',(200.315981558434,-80.8817836890171,-6.41992965863882));
#4887=CARTESIAN_POINT('Ctrl Pts',(199.777857793911,-81.1301583068582,-6.85842126645762));
#4888=CARTESIAN_POINT('Ctrl Pts',(199.295050242679,-81.3530013569782,-7.));
#4889=CARTESIAN_POINT('Ctrl Pts',(199.073556251969,-81.4552333878295,-7.));
#4890=CARTESIAN_POINT('',(198.361214264644,-80.1771839242929,-7.));
#4891=CARTESIAN_POINT('Origin',(190.331839558153,-85.490031116988,-7.));
#4892=CARTESIAN_POINT('Origin',(198.361214264644,-80.1771839242929,-5.));
#4893=CARTESIAN_POINT('Ctrl Pts',(200.605433914016,-80.7481850209399,-5.94963546700619));
#4894=CARTESIAN_POINT('Ctrl Pts',(200.518063539819,-80.7885114007294,-6.12122541725365));
#4895=CARTESIAN_POINT('Ctrl Pts',(200.315981558434,-80.8817836890171,-6.41992965863882));
#4896=CARTESIAN_POINT('Ctrl Pts',(199.777857793911,-81.1301583068582,-6.85842126645762));
#4897=CARTESIAN_POINT('Ctrl Pts',(199.295050242679,-81.3530013569782,-7.));
#4898=CARTESIAN_POINT('Ctrl Pts',(199.073556251969,-81.4552333878295,-7.));
#4899=CARTESIAN_POINT('Ctrl Pts',(200.602158531013,-80.8558993305606,-6.03543044212993));
#4900=CARTESIAN_POINT('Ctrl Pts',(200.515415763058,-80.9004785767522,-6.19069229669866));
#4901=CARTESIAN_POINT('Ctrl Pts',(200.314978096006,-81.0022319937189,-6.46740299969539));
#4902=CARTESIAN_POINT('Ctrl Pts',(199.789947526814,-81.2707321798603,-6.87778460266393));
#4903=CARTESIAN_POINT('Ctrl Pts',(199.346208668985,-81.4961800575807,-7.));
#4904=CARTESIAN_POINT('Ctrl Pts',(199.141751954689,-81.6029849116791,-7.));
#4905=CARTESIAN_POINT('Ctrl Pts',(200.600068915355,-81.0836985231664,-6.1765936560809));
#4906=CARTESIAN_POINT('Ctrl Pts',(200.514196246578,-81.1356618814599,-6.30982645199791));
#4907=CARTESIAN_POINT('Ctrl Pts',(200.314563264817,-81.2565244394237,-6.55917019082798));
#4908=CARTESIAN_POINT('Ctrl Pts',(199.817314036191,-81.5711145965452,-6.92185914206629));
#4909=CARTESIAN_POINT('Ctrl Pts',(199.453842896656,-81.7878762104208,-7.));
#4910=CARTESIAN_POINT('Ctrl Pts',(199.27064990642,-81.9019465892959,-7.));
#4911=CARTESIAN_POINT('Ctrl Pts',(200.696059448252,-81.6395501414549,-6.37404360684107));
#4912=CARTESIAN_POINT('Ctrl Pts',(200.604993914307,-81.7029174240009,-6.49334347040242));
#4913=CARTESIAN_POINT('Ctrl Pts',(200.390173604557,-81.8516715311459,-6.71641358835997));
#4914=CARTESIAN_POINT('Ctrl Pts',(199.949559191941,-82.0954161641551,-6.95094684373585));
#4915=CARTESIAN_POINT('Ctrl Pts',(199.619696923599,-82.2618408734459,-7.));
#4916=CARTESIAN_POINT('Ctrl Pts',(199.44101950699,-82.3596123463024,-7.));
#4917=CARTESIAN_POINT('Ctrl Pts',(200.866020908024,-82.1677384440424,-6.41421356237319));
#4918=CARTESIAN_POINT('Ctrl Pts',(200.756688222797,-82.2092768741595,-6.53077067649153));
#4919=CARTESIAN_POINT('Ctrl Pts',(200.505868450116,-82.3021116679229,-6.73972481859479));
#4920=CARTESIAN_POINT('Ctrl Pts',(200.049933027617,-82.4713582664811,-6.94893432386134));
#4921=CARTESIAN_POINT('Ctrl Pts',(199.711408255528,-82.6030734490583,-7.));
#4922=CARTESIAN_POINT('Ctrl Pts',(199.538989054434,-82.6700873604624,-7.));
#4923=CARTESIAN_POINT('Ctrl Pts',(200.943026386808,-82.4352249838036,-6.41421356237319));
#4924=CARTESIAN_POINT('Ctrl Pts',(200.824429688181,-82.4693672459455,-6.53762697732202));
#4925=CARTESIAN_POINT('Ctrl Pts',(200.556021415373,-82.5466380782483,-6.75194803667004));
#4926=CARTESIAN_POINT('Ctrl Pts',(200.087155792238,-82.6816176619954,-6.95404625108538));
#4927=CARTESIAN_POINT('Ctrl Pts',(199.751729387359,-82.7781820383843,-7.));
#4928=CARTESIAN_POINT('Ctrl Pts',(199.584008327708,-82.8264664885555,-7.));
#4929=CARTESIAN_POINT('',(200.943026386808,-82.4352249838036,-6.41421356237319));
#4930=CARTESIAN_POINT('Ctrl Pts',(200.605433914016,-80.7481850209399,-5.94963546700619));
#4931=CARTESIAN_POINT('Ctrl Pts',(200.602158531013,-80.8558993305606,-6.03543044212993));
#4932=CARTESIAN_POINT('Ctrl Pts',(200.600068915355,-81.0836985231664,-6.1765936560809));
#4933=CARTESIAN_POINT('Ctrl Pts',(200.696059448253,-81.6395501414549,-6.37404360684107));
#4934=CARTESIAN_POINT('Ctrl Pts',(200.866020908024,-82.1677384440424,-6.41421356237319));
#4935=CARTESIAN_POINT('Ctrl Pts',(200.943026386808,-82.4352249838036,-6.41421356237319));
#4936=CARTESIAN_POINT('',(199.584008327708,-82.8264664885555,-7.));
#4937=CARTESIAN_POINT('Origin',(199.584008327708,-82.8264664885555,-5.));
#4938=CARTESIAN_POINT('Origin',(190.331839558153,-85.490031116988,-7.));
#4939=CARTESIAN_POINT('Ctrl Pts',(200.605433914016,-80.7481850209399,-5.94963546700619));
#4940=CARTESIAN_POINT('Ctrl Pts',(200.602158531013,-80.8558993305606,-6.03543044212993));
#4941=CARTESIAN_POINT('Ctrl Pts',(200.600068915355,-81.0836985231664,-6.1765936560809));
#4942=CARTESIAN_POINT('Ctrl Pts',(200.696059448253,-81.6395501414549,-6.37404360684107));
#4943=CARTESIAN_POINT('Ctrl Pts',(200.866020908024,-82.1677384440424,-6.41421356237319));
#4944=CARTESIAN_POINT('Ctrl Pts',(200.943026386808,-82.4352249838036,-6.41421356237319));
#4945=CARTESIAN_POINT('Ctrl Pts',(200.68952890521,-80.8155729507711,-5.86384049188246));
#4946=CARTESIAN_POINT('Ctrl Pts',(200.688957355076,-80.9141724338475,-5.94706081502054));
#4947=CARTESIAN_POINT('Ctrl Pts',(200.693688579414,-81.1286193516438,-6.08654193491886));
#4948=CARTESIAN_POINT('Ctrl Pts',(200.816352955226,-81.6683604621999,-6.26927392381007));
#4949=CARTESIAN_POINT('Ctrl Pts',(200.98390975756,-82.1559207405655,-6.29765644825485));
#4950=CARTESIAN_POINT('Ctrl Pts',(201.061623085435,-82.4010827216617,-6.29080014742437));
#4951=CARTESIAN_POINT('Ctrl Pts',(200.844311833507,-80.9289579777088,-5.67404089361608));
#4952=CARTESIAN_POINT('Ctrl Pts',(200.85057981333,-81.0179285368832,-5.75353063070568));
#4953=CARTESIAN_POINT('Ctrl Pts',(200.875449702914,-81.2186912803122,-5.88515481787025));
#4954=CARTESIAN_POINT('Ctrl Pts',(201.05169857082,-81.7363350705711,-6.02264541380992));
#4955=CARTESIAN_POINT('Ctrl Pts',(201.195620791205,-82.1360182927216,-6.03094324800474));
#4956=CARTESIAN_POINT('Ctrl Pts',(201.267579383584,-82.3417909032332,-6.0114906731194));
#4957=CARTESIAN_POINT('Ctrl Pts',(201.096353872463,-81.1085446741781,-5.16429882921427));
#4958=CARTESIAN_POINT('Ctrl Pts',(201.118830035696,-81.1958884473381,-5.24508649640633));
#4959=CARTESIAN_POINT('Ctrl Pts',(201.184116439591,-81.4024198920553,-5.3759450530679));
#4960=CARTESIAN_POINT('Ctrl Pts',(201.322192328398,-81.8238185672819,-5.52931519483537));
#4961=CARTESIAN_POINT('Ctrl Pts',(201.41018783025,-82.1251134200936,-5.54598059094833));
#4962=CARTESIAN_POINT('Ctrl Pts',(201.461789883618,-82.2858805290017,-5.52358242294644));
#4963=CARTESIAN_POINT('Ctrl Pts',(201.200458848478,-81.2120118161693,-4.74961403990608));
#4964=CARTESIAN_POINT('Ctrl Pts',(201.225390798638,-81.2986155381773,-4.8438135218058));
#4965=CARTESIAN_POINT('Ctrl Pts',(201.282829548169,-81.4981350087776,-5.00819176298242));
#4966=CARTESIAN_POINT('Ctrl Pts',(201.388854389415,-81.8664233223028,-5.16378866242149));
#4967=CARTESIAN_POINT('Ctrl Pts',(201.466582920884,-82.1364214607699,-5.18422919882182));
#4968=CARTESIAN_POINT('Ctrl Pts',(201.505950098397,-82.2731674463721,-5.17453292519963));
#4969=CARTESIAN_POINT('Ctrl Pts',(201.217218713399,-81.2702289501354,-4.56769686397084));
#4970=CARTESIAN_POINT('Ctrl Pts',(201.242415280009,-81.3577518449071,-4.65877443573337));
#4971=CARTESIAN_POINT('Ctrl Pts',(201.299440197253,-81.5558338260147,-4.81694072317532));
#4972=CARTESIAN_POINT('Ctrl Pts',(201.399053458342,-81.9018508490086,-4.96608670243636));
#4973=CARTESIAN_POINT('Ctrl Pts',(201.470316772171,-82.1493913815679,-5.00000000000019));
#4974=CARTESIAN_POINT('Ctrl Pts',(201.505950098397,-82.2731674463721,-5.00000000000019));
#4975=CARTESIAN_POINT('',(201.217218713399,-81.2702289501354,-4.56769686397084));
#4976=CARTESIAN_POINT('Ctrl Pts',(200.605433914016,-80.7481850209399,-5.94963546700619));
#4977=CARTESIAN_POINT('Ctrl Pts',(200.68952890521,-80.8155729507711,-5.86384049188246));
#4978=CARTESIAN_POINT('Ctrl Pts',(200.844311833507,-80.9289579777088,-5.67404089361608));
#4979=CARTESIAN_POINT('Ctrl Pts',(201.096353872463,-81.1085446741781,-5.16429882921427));
#4980=CARTESIAN_POINT('Ctrl Pts',(201.200458848478,-81.2120118161693,-4.74961403990608));
#4981=CARTESIAN_POINT('Ctrl Pts',(201.217218713399,-81.2702289501354,-4.56769686397084));
#4982=CARTESIAN_POINT('',(201.505950098397,-82.2731674463721,-5.));
#4983=CARTESIAN_POINT('Origin',(201.505950098397,-82.2731674463721,-3.52402476991236));
#4984=CARTESIAN_POINT('Origin',(199.584008327708,-82.8264664885555,-5.));
#4985=CARTESIAN_POINT('Ctrl Pts',(200.605433914016,-80.7481850209399,-5.94963546700619));
#4986=CARTESIAN_POINT('Ctrl Pts',(200.68952890521,-80.8155729507711,-5.86384049188246));
#4987=CARTESIAN_POINT('Ctrl Pts',(200.844311833507,-80.9289579777088,-5.67404089361608));
#4988=CARTESIAN_POINT('Ctrl Pts',(201.096353872463,-81.1085446741781,-5.16429882921427));
#4989=CARTESIAN_POINT('Ctrl Pts',(201.200458848478,-81.2120118161693,-4.74961403990608));
#4990=CARTESIAN_POINT('Ctrl Pts',(201.217218713399,-81.2702289501354,-4.56769686397084));
#4991=CARTESIAN_POINT('Ctrl Pts',(200.692804288213,-80.7078586411504,-5.77804551675873));
#4992=CARTESIAN_POINT('Ctrl Pts',(200.761368895089,-80.770005326918,-5.69498799598377));
#4993=CARTESIAN_POINT('Ctrl Pts',(200.890566585432,-80.8772456651905,-5.50715297898874));
#4994=CARTESIAN_POINT('Ctrl Pts',(201.09915255153,-81.040907316469,-5.00425605651785));
#4995=CARTESIAN_POINT('Ctrl Pts',(201.177389105532,-81.131876664602,-4.63520153845801));
#4996=CARTESIAN_POINT('Ctrl Pts',(201.192022146789,-81.1827060553638,-4.47661929220832));
#4997=CARTESIAN_POINT('Ctrl Pts',(200.831997799556,-80.6436129462658,-5.41317024975816));
#4998=CARTESIAN_POINT('Ctrl Pts',(200.878678865226,-80.6952842861901,-5.33225006911929));
#4999=CARTESIAN_POINT('Ctrl Pts',(200.969306106715,-80.7883781777542,-5.13888878288079));
#5000=CARTESIAN_POINT('Ctrl Pts',(201.101195735986,-80.9190083605787,-4.64629095007127));
#5001=CARTESIAN_POINT('Ctrl Pts',(201.136922030136,-80.9913100693053,-4.38632152196944));
#5002=CARTESIAN_POINT('Ctrl Pts',(201.148265519115,-81.030712858089,-4.2704923594068));
#5003=CARTESIAN_POINT('Ctrl Pts',(200.981482877546,-80.5746171100535,-4.49089619907758));
#5004=CARTESIAN_POINT('Ctrl Pts',(201.002260700258,-80.6118635435497,-4.4247451475118));
#5005=CARTESIAN_POINT('Ctrl Pts',(201.039663251777,-80.6827036033037,-4.26785062389863));
#5006=CARTESIAN_POINT('Ctrl Pts',(201.077828898526,-80.7835507353999,-4.05036463279095));
#5007=CARTESIAN_POINT('Ctrl Pts',(201.096938765407,-80.8524240406795,-3.96244040364221));
#5008=CARTESIAN_POINT('Ctrl Pts',(201.10700435538,-80.887387914353,-3.91042211350137));
#5009=CARTESIAN_POINT('Ctrl Pts',(200.99158666871,-80.5699536377548,-3.82688607113634));
#5010=CARTESIAN_POINT('Ctrl Pts',(201.004965867441,-80.5989407574929,-3.81006044329057));
#5011=CARTESIAN_POINT('Ctrl Pts',(201.030865971806,-80.6586918338414,-3.7719651445753));
#5012=CARTESIAN_POINT('Ctrl Pts',(201.066524476117,-80.7536624817821,-3.7087936598936));
#5013=CARTESIAN_POINT('Ctrl Pts',(201.087750914559,-80.8205090851447,-3.67091061905034));
#5014=CARTESIAN_POINT('Ctrl Pts',(201.09762225785,-80.8547982227681,-3.65282790712693));
#5015=CARTESIAN_POINT('Ctrl Pts',(200.99158666871,-80.5699536377548,-3.52402476991236));
#5016=CARTESIAN_POINT('Ctrl Pts',(201.005752879131,-80.6006458821834,-3.52402476991236));
#5017=CARTESIAN_POINT('Ctrl Pts',(201.032528693944,-80.6627488280286,-3.52402476991236));
#5018=CARTESIAN_POINT('Ctrl Pts',(201.067919363953,-80.7578191793499,-3.52402476991236));
#5019=CARTESIAN_POINT('Ctrl Pts',(201.088270458942,-80.8223137765986,-3.52402476991236));
#5020=CARTESIAN_POINT('Ctrl Pts',(201.09762225785,-80.8547982227681,-3.52402476991236));
#5021=CARTESIAN_POINT('',(200.99158666871,-80.5699536377548,-3.52402476991236));
#5022=CARTESIAN_POINT('Ctrl Pts',(200.605433914016,-80.7481850209399,-5.94963546700619));
#5023=CARTESIAN_POINT('Ctrl Pts',(200.692804288213,-80.7078586411504,-5.77804551675873));
#5024=CARTESIAN_POINT('Ctrl Pts',(200.831997799556,-80.6436129462658,-5.41317024975816));
#5025=CARTESIAN_POINT('Ctrl Pts',(200.981482877546,-80.5746171100535,-4.49089619907758));
#5026=CARTESIAN_POINT('Ctrl Pts',(200.99158666871,-80.5699536377548,-3.82688607113634));
#5027=CARTESIAN_POINT('Ctrl Pts',(200.99158666871,-80.5699536377548,-3.52402476991236));
#5028=CARTESIAN_POINT('',(201.09762225785,-80.8547982227681,-3.52402476991236));
#5029=CARTESIAN_POINT('Origin',(199.175680487161,-81.4080972649515,-3.52402476991236));
#5030=CARTESIAN_POINT('Origin',(201.505950098397,-82.2731674463721,-3.52402476991236));
#5031=CARTESIAN_POINT('Ctrl Pts',(200.605433914016,-80.7481850209399,-5.94963546700619));
#5032=CARTESIAN_POINT('Ctrl Pts',(200.692804288213,-80.7078586411504,-5.77804551675873));
#5033=CARTESIAN_POINT('Ctrl Pts',(200.831997799556,-80.6436129462658,-5.41317024975816));
#5034=CARTESIAN_POINT('Ctrl Pts',(200.981482877546,-80.5746171100535,-4.49089619907758));
#5035=CARTESIAN_POINT('Ctrl Pts',(200.99158666871,-80.5699536377548,-3.82688607113634));
#5036=CARTESIAN_POINT('Ctrl Pts',(200.99158666871,-80.5699536377548,-3.52402476991236));
#5037=CARTESIAN_POINT('Ctrl Pts',(200.608709297019,-80.6404707113192,-5.86384049188245));
#5038=CARTESIAN_POINT('Ctrl Pts',(200.689992776925,-80.6153631749252,-5.69498799598375));
#5039=CARTESIAN_POINT('Ctrl Pts',(200.822960860762,-80.5745667081427,-5.33225006911927));
#5040=CARTESIAN_POINT('Ctrl Pts',(200.966618295303,-80.5346413809227,-4.42474514751179));
#5041=CARTESIAN_POINT('Ctrl Pts',(200.97820746998,-80.5409665180168,-3.81006044329057));
#5042=CARTESIAN_POINT('Ctrl Pts',(200.97742045829,-80.5392613933263,-3.52402476991236));
#5043=CARTESIAN_POINT('Ctrl Pts',(200.622840453207,-80.4491222604487,-5.67404089361605));
#5044=CARTESIAN_POINT('Ctrl Pts',(200.692201392718,-80.447471378345,-5.50715297898871));
#5045=CARTESIAN_POINT('Ctrl Pts',(200.810911980147,-80.4452044492635,-5.13888878288075));
#5046=CARTESIAN_POINT('Ctrl Pts',(200.936974547854,-80.4602201933261,-4.26785062389859));
#5047=CARTESIAN_POINT('Ctrl Pts',(200.949540084175,-80.4824926989008,-3.77196514457529));
#5048=CARTESIAN_POINT('Ctrl Pts',(200.947531435165,-80.4785953695718,-3.52402476991236));
#5049=CARTESIAN_POINT('Ctrl Pts',(200.649690053616,-80.1408112650106,-5.16429882921415));
#5050=CARTESIAN_POINT('Ctrl Pts',(200.702977415594,-80.1825617358563,-5.00425605651773));
#5051=CARTESIAN_POINT('Ctrl Pts',(200.79706745484,-80.260089760238,-4.64629095007116));
#5052=CARTESIAN_POINT('Ctrl Pts',(200.884990629336,-80.3657509768622,-4.0503646327909));
#5053=CARTESIAN_POINT('Ctrl Pts',(200.9004016135,-80.393743819473,-3.70879365989358));
#5054=CARTESIAN_POINT('Ctrl Pts',(200.898143331158,-80.3899856274061,-3.52402476991236));
#5055=CARTESIAN_POINT('Ctrl Pts',(200.638490963399,-79.9944627908771,-4.74961403990594));
#5056=CARTESIAN_POINT('Ctrl Pts',(200.684506749064,-80.0640070431622,-4.63520153845788));
#5057=CARTESIAN_POINT('Ctrl Pts',(200.765223914932,-80.1859959403564,-4.38632152196934));
#5058=CARTESIAN_POINT('Ctrl Pts',(200.844976053665,-80.306526379555,-3.96244040364216));
#5059=CARTESIAN_POINT('Ctrl Pts',(200.86330249,-80.3342233599184,-3.67091061905032));
#5060=CARTESIAN_POINT('Ctrl Pts',(200.862266187035,-80.3326571818391,-3.52402476991236));
#5061=CARTESIAN_POINT('Ctrl Pts',(200.605061100146,-79.9439398059862,-4.5676968639707));
#5062=CARTESIAN_POINT('Ctrl Pts',(200.655319129087,-80.0198954154246,-4.47661929220819));
#5063=CARTESIAN_POINT('Ctrl Pts',(200.742597760893,-80.1518007409924,-4.27049235940671));
#5064=CARTESIAN_POINT('Ctrl Pts',(200.824898845529,-80.276183435116,-3.91042211350132));
#5065=CARTESIAN_POINT('Ctrl Pts',(200.843612733674,-80.3044659764121,-3.65282790712691));
#5066=CARTESIAN_POINT('Ctrl Pts',(200.843612733674,-80.3044659764121,-3.52402476991236));
#5067=CARTESIAN_POINT('',(200.605061100146,-79.9439398059862,-4.5676968639707));
#5068=CARTESIAN_POINT('Ctrl Pts',(200.605433914016,-80.7481850209399,-5.94963546700619));
#5069=CARTESIAN_POINT('Ctrl Pts',(200.608709297019,-80.6404707113192,-5.86384049188245));
#5070=CARTESIAN_POINT('Ctrl Pts',(200.622840453207,-80.4491222604487,-5.67404089361605));
#5071=CARTESIAN_POINT('Ctrl Pts',(200.649690053616,-80.1408112650106,-5.16429882921415));
#5072=CARTESIAN_POINT('Ctrl Pts',(200.638490963399,-79.9944627908771,-4.74961403990594));
#5073=CARTESIAN_POINT('Ctrl Pts',(200.605061100146,-79.9439398059862,-4.5676968639707));
#5074=CARTESIAN_POINT('',(200.843612733674,-80.3044659764121,-3.52402476991236));
#5075=CARTESIAN_POINT('Origin',(200.029146511157,-79.0735526357535,-3.52402476991236));
#5076=CARTESIAN_POINT('Origin',(199.175680487161,-81.4080972649515,-3.52402476991236));
#5077=CARTESIAN_POINT('Ctrl Pts',(236.312945838791,-86.479130484763,-5.93603153559358));
#5078=CARTESIAN_POINT('Ctrl Pts',(236.176322715919,-86.4938489432611,-6.02451184359538));
#5079=CARTESIAN_POINT('Ctrl Pts',(235.889857415462,-86.5312397762371,-6.17045856448015));
#5080=CARTESIAN_POINT('Ctrl Pts',(235.184994082368,-86.5913475415868,-6.3722130458384));
#5081=CARTESIAN_POINT('Ctrl Pts',(234.521168885421,-86.6022623713651,-6.41421356237309));
#5082=CARTESIAN_POINT('Ctrl Pts',(234.189402500996,-86.6164867740531,-6.41421356237309));
#5083=CARTESIAN_POINT('Ctrl Pts',(236.283808078045,-86.5794609030134,-6.11299215159719));
#5084=CARTESIAN_POINT('Ctrl Pts',(236.144234945367,-86.5947153420945,-6.18421200423233));
#5085=CARTESIAN_POINT('Ctrl Pts',(235.852391401676,-86.6330242699068,-6.30653388720279));
#5086=CARTESIAN_POINT('Ctrl Pts',(235.141210126035,-86.7006206372815,-6.49234040940074));
#5087=CARTESIAN_POINT('Ctrl Pts',(234.512083219589,-86.7193161122462,-6.53077067649145));
#5088=CARTESIAN_POINT('Ctrl Pts',(234.194688964339,-86.739786913123,-6.53762697732194));
#5089=CARTESIAN_POINT('Ctrl Pts',(236.216520519731,-86.8111529993077,-6.41893063863686));
#5090=CARTESIAN_POINT('Ctrl Pts',(236.070715755864,-86.8268278872288,-6.46702774919552));
#5091=CARTESIAN_POINT('Ctrl Pts',(235.764043914748,-86.8695958978854,-6.55968793069502));
#5092=CARTESIAN_POINT('Ctrl Pts',(235.037030816142,-86.9578301314829,-6.71630922841335));
#5093=CARTESIAN_POINT('Ctrl Pts',(234.492609232749,-86.9871092844311,-6.73972481859475));
#5094=CARTESIAN_POINT('Ctrl Pts',(234.206653298182,-87.0188400212445,-6.75194803667));
#5095=CARTESIAN_POINT('Ctrl Pts',(236.037308121112,-87.4282373066986,-6.85999465669115));
#5096=CARTESIAN_POINT('Ctrl Pts',(235.872612986407,-87.433881709395,-6.8791535955523));
#5097=CARTESIAN_POINT('Ctrl Pts',(235.519611454885,-87.4580285806633,-6.92247861761754));
#5098=CARTESIAN_POINT('Ctrl Pts',(234.889889863616,-87.4586256477341,-6.95080048250948));
#5099=CARTESIAN_POINT('Ctrl Pts',(234.460048738952,-87.4739135000601,-6.94893432386134));
#5100=CARTESIAN_POINT('Ctrl Pts',(234.227553044617,-87.5063004413667,-6.95404625108538));
#5101=CARTESIAN_POINT('Ctrl Pts',(235.880097371436,-87.9695630594116,-7.));
#5102=CARTESIAN_POINT('Ctrl Pts',(235.713225781519,-87.9360142164626,-7.));
#5103=CARTESIAN_POINT('Ctrl Pts',(235.371388312374,-87.8767143531772,-7.));
#5104=CARTESIAN_POINT('Ctrl Pts',(234.820170386719,-87.8255950401052,-7.));
#5105=CARTESIAN_POINT('Ctrl Pts',(234.436522533373,-87.8370059136285,-7.));
#5106=CARTESIAN_POINT('Ctrl Pts',(234.242504720457,-87.8550295615544,-7.));
#5107=CARTESIAN_POINT('Ctrl Pts',(235.808199814499,-88.2171288219795,-7.));
#5108=CARTESIAN_POINT('Ctrl Pts',(235.639990284122,-88.1682777443415,-7.));
#5109=CARTESIAN_POINT('Ctrl Pts',(235.298266286375,-88.088843885011,-7.));
#5110=CARTESIAN_POINT('Ctrl Pts',(234.775791666532,-88.0258987186967,-7.));
#5111=CARTESIAN_POINT('Ctrl Pts',(234.424979704118,-88.0218992598612,-7.));
#5112=CARTESIAN_POINT('Ctrl Pts',(234.249980908614,-88.0294022904696,-7.));
#5113=CARTESIAN_POINT('',(236.312945838791,-86.479130484763,-5.93603153559358));
#5114=CARTESIAN_POINT('',(234.189402500996,-86.6164867740531,-6.4142135623731));
#5115=CARTESIAN_POINT('Ctrl Pts',(236.312945838791,-86.479130484763,-5.93603153559358));
#5116=CARTESIAN_POINT('Ctrl Pts',(236.176322715919,-86.4938489432611,-6.02451184359538));
#5117=CARTESIAN_POINT('Ctrl Pts',(235.889857415462,-86.5312397762371,-6.17045856448015));
#5118=CARTESIAN_POINT('Ctrl Pts',(235.184994082368,-86.5913475415868,-6.3722130458384));
#5119=CARTESIAN_POINT('Ctrl Pts',(234.521168885421,-86.6022623713651,-6.41421356237309));
#5120=CARTESIAN_POINT('Ctrl Pts',(234.189402500996,-86.6164867740531,-6.41421356237309));
#5121=CARTESIAN_POINT('',(235.808199814499,-88.2171288219795,-7.));
#5122=CARTESIAN_POINT('Ctrl Pts',(236.312945838791,-86.479130484763,-5.93603153559358));
#5123=CARTESIAN_POINT('Ctrl Pts',(236.283808078045,-86.5794609030134,-6.11299215159719));
#5124=CARTESIAN_POINT('Ctrl Pts',(236.216520519731,-86.8111529993077,-6.41893063863686));
#5125=CARTESIAN_POINT('Ctrl Pts',(236.037308121112,-87.4282373066986,-6.85999465669115));
#5126=CARTESIAN_POINT('Ctrl Pts',(235.880097371436,-87.9695630594116,-7.));
#5127=CARTESIAN_POINT('Ctrl Pts',(235.808199814499,-88.2171288219795,-7.));
#5128=CARTESIAN_POINT('',(234.249980908614,-88.0294022904696,-7.));
#5129=CARTESIAN_POINT('Origin',(234.457443407963,-92.8682053546477,-7.));
#5130=CARTESIAN_POINT('Origin',(234.249980908614,-88.0294022904696,-5.));
#5131=CARTESIAN_POINT('Ctrl Pts',(236.312945838791,-86.479130484763,-5.93603153559358));
#5132=CARTESIAN_POINT('Ctrl Pts',(236.283808078045,-86.5794609030134,-6.11299215159719));
#5133=CARTESIAN_POINT('Ctrl Pts',(236.216520519731,-86.8111529993077,-6.41893063863686));
#5134=CARTESIAN_POINT('Ctrl Pts',(236.037308121112,-87.4282373066986,-6.85999465669115));
#5135=CARTESIAN_POINT('Ctrl Pts',(235.880097371436,-87.9695630594116,-7.));
#5136=CARTESIAN_POINT('Ctrl Pts',(235.808199814499,-88.2171288219795,-7.));
#5137=CARTESIAN_POINT('Ctrl Pts',(236.420431200918,-86.5647424445153,-6.02451184359539));
#5138=CARTESIAN_POINT('Ctrl Pts',(236.393497431198,-86.667105658031,-6.18421200423233));
#5139=CARTESIAN_POINT('Ctrl Pts',(236.331246866843,-86.9024908148942,-6.46702774919552));
#5140=CARTESIAN_POINT('Ctrl Pts',(236.173359069993,-87.5212237895115,-6.8791535955523));
#5141=CARTESIAN_POINT('Ctrl Pts',(236.038980343916,-88.0306192093125,-7.));
#5142=CARTESIAN_POINT('Ctrl Pts',(235.976409344876,-88.2659798996174,-7.));
#5143=CARTESIAN_POINT('Ctrl Pts',(236.642303990866,-86.7497638158147,-6.17045856448016));
#5144=CARTESIAN_POINT('Ctrl Pts',(236.619420016337,-86.8557831963557,-6.30653388720279));
#5145=CARTESIAN_POINT('Ctrl Pts',(236.567302452147,-87.1028766465198,-6.55968793069502));
#5146=CARTESIAN_POINT('Ctrl Pts',(236.458511638418,-87.7307021066949,-6.92247861761755));
#5147=CARTESIAN_POINT('Ctrl Pts',(236.359404433414,-88.163652032203,-7.));
#5148=CARTESIAN_POINT('Ctrl Pts',(236.307522536786,-88.3819500802121,-7.));
#5149=CARTESIAN_POINT('Ctrl Pts',(237.205318431911,-87.1780861254949,-6.37221304583841));
#5150=CARTESIAN_POINT('Ctrl Pts',(237.183758227959,-87.2938133992051,-6.49234040940075));
#5151=CARTESIAN_POINT('Ctrl Pts',(237.133954793297,-87.5668146270651,-6.71630922841336));
#5152=CARTESIAN_POINT('Ctrl Pts',(236.989951066161,-88.0685212500816,-6.95080048250948));
#5153=CARTESIAN_POINT('Ctrl Pts',(236.852254836843,-88.4157489690607,-7.));
#5154=CARTESIAN_POINT('Ctrl Pts',(236.782435677574,-88.6086642858755,-7.));
#5155=CARTESIAN_POINT('Ctrl Pts',(237.760029369342,-87.5428857986093,-6.41421356237311));
#5156=CARTESIAN_POINT('Ctrl Pts',(237.705000938681,-87.6465969330012,-6.53077067649146));
#5157=CARTESIAN_POINT('Ctrl Pts',(237.578000100078,-87.8831623705157,-6.73972481859475));
#5158=CARTESIAN_POINT('Ctrl Pts',(237.34473511097,-88.311678385347,-6.94893432386134));
#5159=CARTESIAN_POINT('Ctrl Pts',(237.170108376587,-88.6308884835245,-7.));
#5160=CARTESIAN_POINT('Ctrl Pts',(237.080816082975,-88.79320198478,-7.));
#5161=CARTESIAN_POINT('Ctrl Pts',(238.032565268834,-87.7326104700529,-6.41421356237311));
#5162=CARTESIAN_POINT('Ctrl Pts',(237.962054573742,-87.8338977489529,-6.53762697732195));
#5163=CARTESIAN_POINT('Ctrl Pts',(237.80247463515,-88.0631313102727,-6.75194803667));
#5164=CARTESIAN_POINT('Ctrl Pts',(237.523714421967,-88.4635650802432,-6.95404625108538));
#5165=CARTESIAN_POINT('Ctrl Pts',(237.324289402265,-88.750035346404,-7.));
#5166=CARTESIAN_POINT('Ctrl Pts',(237.224572220973,-88.8932771899203,-7.));
#5167=CARTESIAN_POINT('',(238.032565268834,-87.7326104700529,-6.41421356237311));
#5168=CARTESIAN_POINT('Ctrl Pts',(236.312945838791,-86.479130484763,-5.93603153559358));
#5169=CARTESIAN_POINT('Ctrl Pts',(236.420431200918,-86.5647424445153,-6.02451184359539));
#5170=CARTESIAN_POINT('Ctrl Pts',(236.642303990866,-86.7497638158146,-6.17045856448016));
#5171=CARTESIAN_POINT('Ctrl Pts',(237.205318431911,-87.178086125495,-6.37221304583841));
#5172=CARTESIAN_POINT('Ctrl Pts',(237.760029369342,-87.5428857986093,-6.4142135623731));
#5173=CARTESIAN_POINT('Ctrl Pts',(238.032565268835,-87.7326104700529,-6.4142135623731));
#5174=CARTESIAN_POINT('',(237.224572220973,-88.8932771899203,-7.));
#5175=CARTESIAN_POINT('Origin',(237.224572220973,-88.8932771899203,-5.));
#5176=CARTESIAN_POINT('Origin',(234.457443407963,-92.8682053546477,-7.));
#5177=CARTESIAN_POINT('Ctrl Pts',(236.312945838791,-86.479130484763,-5.93603153559358));
#5178=CARTESIAN_POINT('Ctrl Pts',(236.420431200918,-86.5647424445153,-6.02451184359539));
#5179=CARTESIAN_POINT('Ctrl Pts',(236.642303990866,-86.7497638158146,-6.17045856448016));
#5180=CARTESIAN_POINT('Ctrl Pts',(237.205318431911,-87.178086125495,-6.37221304583841));
#5181=CARTESIAN_POINT('Ctrl Pts',(237.760029369342,-87.5428857986093,-6.4142135623731));
#5182=CARTESIAN_POINT('Ctrl Pts',(238.032565268835,-87.7326104700529,-6.4142135623731));
#5183=CARTESIAN_POINT('Ctrl Pts',(236.449568961664,-86.464412026265,-5.84755122759177));
#5184=CARTESIAN_POINT('Ctrl Pts',(236.548671672956,-86.5451312094384,-5.93386629769312));
#5185=CARTESIAN_POINT('Ctrl Pts',(236.760296276312,-86.7216100237249,-6.07877423335653));
#5186=CARTESIAN_POINT('Ctrl Pts',(237.324399515103,-87.1270283029267,-6.26690701638722));
#5187=CARTESIAN_POINT('Ctrl Pts',(237.845339566613,-87.4602551832666,-6.29765644825475));
#5188=CARTESIAN_POINT('Ctrl Pts',(238.103075963927,-87.6313231911528,-6.29080014742426));
#5189=CARTESIAN_POINT('Ctrl Pts',(236.694114875903,-86.4418578312233,-5.65189422748087));
#5190=CARTESIAN_POINT('Ctrl Pts',(236.785708787937,-86.5156259809349,-5.7353105405025));
#5191=CARTESIAN_POINT('Ctrl Pts',(236.993384427559,-86.6780022802814,-5.87382254626563));
#5192=CARTESIAN_POINT('Ctrl Pts',(237.567342395859,-87.0422570167749,-6.01937560104481));
#5193=CARTESIAN_POINT('Ctrl Pts',(238.002203904562,-87.3148555743454,-6.03094324800461));
#5194=CARTESIAN_POINT('Ctrl Pts',(238.225525592873,-87.4554266168514,-6.01149067311926));
#5195=CARTESIAN_POINT('Ctrl Pts',(237.097806205998,-86.4550398835988,-5.12984904640609));
#5196=CARTESIAN_POINT('Ctrl Pts',(237.192213362786,-86.521608747834,-5.21701989057136));
#5197=CARTESIAN_POINT('Ctrl Pts',(237.419002401775,-86.6718423997172,-5.35933698248111));
#5198=CARTESIAN_POINT('Ctrl Pts',(237.867285543734,-86.9689304635032,-5.52542805898912));
#5199=CARTESIAN_POINT('Ctrl Pts',(238.175335804733,-87.1804694104672,-5.54598059094816));
#5200=CARTESIAN_POINT('Ctrl Pts',(238.340991853823,-87.2895615184974,-5.52358242294627));
#5201=CARTESIAN_POINT('Ctrl Pts',(237.328291779586,-86.5285824886085,-4.70702060580534));
#5202=CARTESIAN_POINT('Ctrl Pts',(237.414596031001,-86.5886628148123,-4.80982315299455));
#5203=CARTESIAN_POINT('Ctrl Pts',(237.611983543096,-86.7260732658727,-4.98926339410903));
#5204=CARTESIAN_POINT('Ctrl Pts',(237.973361298806,-86.9776448059774,-5.15989086681236));
#5205=CARTESIAN_POINT('Ctrl Pts',(238.235209741307,-87.1599294510976,-5.18422919882164));
#5206=CARTESIAN_POINT('Ctrl Pts',(238.367246947562,-87.2518465732887,-5.17453292519945));
#5207=CARTESIAN_POINT('Ctrl Pts',(237.4186498553,-86.5914848668233,-4.52124472778632));
#5208=CARTESIAN_POINT('Ctrl Pts',(237.501430567974,-86.6491122969828,-4.62210882991203));
#5209=CARTESIAN_POINT('Ctrl Pts',(237.688780033582,-86.7795348059952,-4.79727051089082));
#5210=CARTESIAN_POINT('Ctrl Pts',(238.016049096558,-87.0073617292091,-4.96244262728244));
#5211=CARTESIAN_POINT('Ctrl Pts',(238.250177340995,-87.1703490799923,-5.00000000000002));
#5212=CARTESIAN_POINT('Ctrl Pts',(238.367246947562,-87.2518465732887,-5.00000000000002));
#5213=CARTESIAN_POINT('',(237.4186498553,-86.5914848668233,-4.52124472778632));
#5214=CARTESIAN_POINT('Ctrl Pts',(236.312945838791,-86.479130484763,-5.93603153559358));
#5215=CARTESIAN_POINT('Ctrl Pts',(236.449568961664,-86.464412026265,-5.84755122759177));
#5216=CARTESIAN_POINT('Ctrl Pts',(236.694114875903,-86.4418578312233,-5.65189422748087));
#5217=CARTESIAN_POINT('Ctrl Pts',(237.097806205998,-86.4550398835988,-5.12984904640609));
#5218=CARTESIAN_POINT('Ctrl Pts',(237.328291779586,-86.5285824886085,-4.70702060580534));
#5219=CARTESIAN_POINT('Ctrl Pts',(237.4186498553,-86.5914848668233,-4.52124472778632));
#5220=CARTESIAN_POINT('',(238.367246947562,-87.2518465732887,-5.));
#5221=CARTESIAN_POINT('Origin',(238.367246947562,-87.2518465732887,-3.36542725655037));
#5222=CARTESIAN_POINT('Origin',(237.224572220973,-88.8932771899203,-5.));
#5223=CARTESIAN_POINT('Ctrl Pts',(236.312945838791,-86.479130484763,-5.93603153559358));
#5224=CARTESIAN_POINT('Ctrl Pts',(236.449568961664,-86.464412026265,-5.84755122759177));
#5225=CARTESIAN_POINT('Ctrl Pts',(236.694114875903,-86.4418578312233,-5.65189422748087));
#5226=CARTESIAN_POINT('Ctrl Pts',(237.097806205998,-86.4550398835988,-5.12984904640609));
#5227=CARTESIAN_POINT('Ctrl Pts',(237.328291779586,-86.5285824886085,-4.70702060580534));
#5228=CARTESIAN_POINT('Ctrl Pts',(237.4186498553,-86.5914848668233,-4.52124472778632));
#5229=CARTESIAN_POINT('Ctrl Pts',(236.342083599538,-86.3788000665127,-5.75907091958996));
#5230=CARTESIAN_POINT('Ctrl Pts',(236.463478128634,-86.3731397276159,-5.67299244688855));
#5231=CARTESIAN_POINT('Ctrl Pts',(236.685140092806,-86.3658776687266,-5.4787152286177));
#5232=CARTESIAN_POINT('Ctrl Pts',(237.049749239848,-86.3979910977083,-4.96185236146282));
#5233=CARTESIAN_POINT('Ctrl Pts',(237.252027314363,-86.4754913155397,-4.58357629439179));
#5234=CARTESIAN_POINT('Ctrl Pts',(237.335869142625,-86.5338574366637,-4.4203806256606));
#5235=CARTESIAN_POINT('Ctrl Pts',(236.388611402514,-86.2185902970166,-5.38064863313647));
#5236=CARTESIAN_POINT('Ctrl Pts',(236.485936108402,-86.2239524192995,-5.29611627957726));
#5237=CARTESIAN_POINT('Ctrl Pts',(236.670139799312,-86.2379809076683,-5.09485870193553));
#5238=CARTESIAN_POINT('Ctrl Pts',(236.9658516483,-86.3012288826116,-4.58378066865591));
#5239=CARTESIAN_POINT('Ctrl Pts',(237.119549137923,-86.3832672138886,-4.31343871812966));
#5240=CARTESIAN_POINT('Ctrl Pts',(237.192111269616,-86.4337810237031,-4.1921047988175));
#5241=CARTESIAN_POINT('Ctrl Pts',(236.436248193284,-86.0545619358908,-4.41150395295451));
#5242=CARTESIAN_POINT('Ctrl Pts',(236.509164394819,-86.0721526511418,-4.34078340546882));
#5243=CARTESIAN_POINT('Ctrl Pts',(236.65273229176,-86.115358394014,-4.1737149477017));
#5244=CARTESIAN_POINT('Ctrl Pts',(236.861130476551,-86.2123210415275,-3.94325612502374));
#5245=CARTESIAN_POINT('Ctrl Pts',(236.990643490922,-86.293530112941,-3.84920908201077));
#5246=CARTESIAN_POINT('Ctrl Pts',(237.056551985186,-86.3394120222342,-3.79334403529899));
#5247=CARTESIAN_POINT('Ctrl Pts',(236.440842779379,-86.0387413397705,-3.69445962056619));
#5248=CARTESIAN_POINT('Ctrl Pts',(236.506445259745,-86.057793481789,-3.67618004478753));
#5249=CARTESIAN_POINT('Ctrl Pts',(236.638290503566,-86.103354669222,-3.63532507573543));
#5250=CARTESIAN_POINT('Ctrl Pts',(236.834968505686,-86.1957928345784,-3.56821515989065));
#5251=CARTESIAN_POINT('Ctrl Pts',(236.963066581486,-86.2743325683537,-3.52756536911319));
#5252=CARTESIAN_POINT('Ctrl Pts',(237.025728074457,-86.3179540919335,-3.50807063773313));
#5253=CARTESIAN_POINT('Ctrl Pts',(236.440842779379,-86.0387413397705,-3.36542725655037));
#5254=CARTESIAN_POINT('Ctrl Pts',(236.510304229179,-86.0589141960254,-3.36542725655037));
#5255=CARTESIAN_POINT('Ctrl Pts',(236.647036091554,-86.1068036161999,-3.36542725655037));
#5256=CARTESIAN_POINT('Ctrl Pts',(236.843149565112,-86.2004243366203,-3.36542725655037));
#5257=CARTESIAN_POINT('Ctrl Pts',(236.9663645548,-86.2766284380158,-3.36542725655037));
#5258=CARTESIAN_POINT('Ctrl Pts',(237.025728074457,-86.3179540919335,-3.36542725655037));
#5259=CARTESIAN_POINT('',(236.440842779379,-86.0387413397705,-3.36542725655037));
#5260=CARTESIAN_POINT('Ctrl Pts',(236.312945838791,-86.479130484763,-5.93603153559358));
#5261=CARTESIAN_POINT('Ctrl Pts',(236.342083599538,-86.3788000665127,-5.75907091958996));
#5262=CARTESIAN_POINT('Ctrl Pts',(236.388611402514,-86.2185902970166,-5.38064863313647));
#5263=CARTESIAN_POINT('Ctrl Pts',(236.436248193284,-86.0545619358908,-4.41150395295451));
#5264=CARTESIAN_POINT('Ctrl Pts',(236.440842779379,-86.0387413397705,-3.69445962056619));
#5265=CARTESIAN_POINT('Ctrl Pts',(236.440842779379,-86.0387413397705,-3.36542725655037));
#5266=CARTESIAN_POINT('',(237.025728074457,-86.3179540919335,-3.36542725655037));
#5267=CARTESIAN_POINT('Origin',(235.883053347868,-87.9593847085651,-3.36542725655037));
#5268=CARTESIAN_POINT('Origin',(238.367246947562,-87.2518465732887,-3.36542725655037));
#5269=CARTESIAN_POINT('Ctrl Pts',(236.312945838791,-86.479130484763,-5.93603153559358));
#5270=CARTESIAN_POINT('Ctrl Pts',(236.342083599538,-86.3788000665127,-5.75907091958996));
#5271=CARTESIAN_POINT('Ctrl Pts',(236.388611402514,-86.2185902970166,-5.38064863313647));
#5272=CARTESIAN_POINT('Ctrl Pts',(236.436248193284,-86.0545619358908,-4.41150395295451));
#5273=CARTESIAN_POINT('Ctrl Pts',(236.440842779379,-86.0387413397705,-3.69445962056619));
#5274=CARTESIAN_POINT('Ctrl Pts',(236.440842779379,-86.0387413397705,-3.36542725655037));
#5275=CARTESIAN_POINT('Ctrl Pts',(236.205460476665,-86.3935185250108,-5.84755122759177));
#5276=CARTESIAN_POINT('Ctrl Pts',(236.242605754466,-86.3089944115073,-5.67299244688855));
#5277=CARTESIAN_POINT('Ctrl Pts',(236.303554708392,-86.1709855754374,-5.29611627957726));
#5278=CARTESIAN_POINT('Ctrl Pts',(236.365252571205,-86.0303580652306,-4.34078340546882));
#5279=CARTESIAN_POINT('Ctrl Pts',(236.375240299013,-86.019689197752,-3.67618004478753));
#5280=CARTESIAN_POINT('Ctrl Pts',(236.37138132958,-86.0185684835157,-3.36542725655037));
#5281=CARTESIAN_POINT('Ctrl Pts',(236.011038550317,-86.2434801617832,-5.65189422748087));
#5282=CARTESIAN_POINT('Ctrl Pts',(236.059316503209,-86.1841272251311,-5.4787152286177));
#5283=CARTESIAN_POINT('Ctrl Pts',(236.14049211514,-86.0841616794583,-5.09485870193553));
#5284=CARTESIAN_POINT('Ctrl Pts',(236.220875274966,-85.989939337147,-4.17371494770169));
#5285=CARTESIAN_POINT('Ctrl Pts',(236.239500315888,-85.9875388151747,-3.63532507573543));
#5286=CARTESIAN_POINT('Ctrl Pts',(236.230267777562,-85.985766590425,-3.36542725655037));
#5287=CARTESIAN_POINT('Ctrl Pts',(235.663086207811,-86.0383713520178,-5.12984904640607));
#5288=CARTESIAN_POINT('Ctrl Pts',(235.734225812694,-86.0159393974845,-4.96185236146281));
#5289=CARTESIAN_POINT('Ctrl Pts',(235.856903300834,-85.9791703066378,-4.5837806686559));
#5290=CARTESIAN_POINT('Ctrl Pts',(235.992957706143,-85.9601880303048,-3.94325612502373));
#5291=CARTESIAN_POINT('Ctrl Pts',(236.023903256922,-85.9602448763386,-3.56821515989064));
#5292=CARTESIAN_POINT('Ctrl Pts',(236.014513982303,-85.9597736368732,-3.36542725655036));
#5293=CARTESIAN_POINT('Ctrl Pts',(235.429062380752,-85.9770120597112,-4.70702060580532));
#5294=CARTESIAN_POINT('Ctrl Pts',(235.52190147437,-85.9730316062511,-4.58357629439177));
#5295=CARTESIAN_POINT('Ctrl Pts',(235.683171258257,-85.9661172036622,-4.31343871812965));
#5296=CARTESIAN_POINT('Ctrl Pts',(235.840092091503,-85.9593892612695,-3.84920908201077));
#5297=CARTESIAN_POINT('Ctrl Pts',(235.873662316762,-85.9579499460621,-3.52756536911318));
#5298=CARTESIAN_POINT('Ctrl Pts',(235.869647591786,-85.9581220764147,-3.36542725655037));
#5299=CARTESIAN_POINT('Ctrl Pts',(235.319066698939,-85.9817280976991,-4.5212447277863));
#5300=CARTESIAN_POINT('Ctrl Pts',(235.419838222233,-85.9774075432544,-4.42038062566059));
#5301=CARTESIAN_POINT('Ctrl Pts',(235.594839129819,-85.969904422091,-4.19210479881749));
#5302=CARTESIAN_POINT('Ctrl Pts',(235.759859641812,-85.9628292079508,-3.79334403529899));
#5303=CARTESIAN_POINT('Ctrl Pts',(235.797382542228,-85.9612204227615,-3.50807063773313));
#5304=CARTESIAN_POINT('Ctrl Pts',(235.797382542228,-85.9612204227615,-3.36542725655037));
#5305=CARTESIAN_POINT('',(235.319066698939,-85.9817280976991,-4.5212447277863));
#5306=CARTESIAN_POINT('Ctrl Pts',(236.312945838897,-86.4791304843982,-5.93603153494999));
#5307=CARTESIAN_POINT('Ctrl Pts',(236.2054604768,-86.3935185247033,-5.84755122695692));
#5308=CARTESIAN_POINT('Ctrl Pts',(236.011038550493,-86.2434801615674,-5.65189422685104));
#5309=CARTESIAN_POINT('Ctrl Pts',(235.663086208069,-86.0383713519362,-5.12984904579509));
#5310=CARTESIAN_POINT('Ctrl Pts',(235.429062381089,-85.9770120596967,-4.70702060535637));
#5311=CARTESIAN_POINT('Ctrl Pts',(235.319066699306,-85.9817280976833,-4.52124472741947));
#5312=CARTESIAN_POINT('',(235.797382542228,-85.9612204227616,-3.36542725655037));
#5313=CARTESIAN_POINT('Origin',(234.164310102974,-86.031238004666,-3.36542725655037));
#5314=CARTESIAN_POINT('Origin',(235.883053347868,-87.9593847085651,-3.36542725655037));
#5315=CARTESIAN_POINT('Ctrl Pts',(193.272705247353,-70.7579234187462,-5.90499694472426));
#5316=CARTESIAN_POINT('Ctrl Pts',(193.303705346897,-70.6302384763048,-5.71641460304524));
#5317=CARTESIAN_POINT('Ctrl Pts',(193.355019587824,-70.4188825130836,-5.30879954548666));
#5318=CARTESIAN_POINT('Ctrl Pts',(193.423029238751,-70.1387605621279,-4.23909659335232));
#5319=CARTESIAN_POINT('Ctrl Pts',(193.437485762448,-70.0792162244204,-3.40989988003345));
#5320=CARTESIAN_POINT('Ctrl Pts',(193.437485762448,-70.0792162244204,-3.02563599389873));
#5321=CARTESIAN_POINT('Ctrl Pts',(193.097159639951,-70.6476977618764,-5.81070577388475));
#5322=CARTESIAN_POINT('Ctrl Pts',(193.137460744813,-70.5371137117748,-5.62382221289778));
#5323=CARTESIAN_POINT('Ctrl Pts',(193.203883456492,-70.3488404740919,-5.21649226621949));
#5324=CARTESIAN_POINT('Ctrl Pts',(193.274992764122,-70.0922209467658,-4.1586667690519));
#5325=CARTESIAN_POINT('Ctrl Pts',(193.284913805799,-70.0421739095371,-3.3885518863593));
#5326=CARTESIAN_POINT('Ctrl Pts',(193.275938984819,-70.0399949498381,-3.02563599389873));
#5327=CARTESIAN_POINT('Ctrl Pts',(192.759854346399,-70.4820193011443,-5.60250083480677));
#5328=CARTESIAN_POINT('Ctrl Pts',(192.813117359306,-70.39417625424,-5.41575329638223));
#5329=CARTESIAN_POINT('Ctrl Pts',(192.896462971275,-70.2379858189902,-4.99832063650183));
#5330=CARTESIAN_POINT('Ctrl Pts',(192.959165415723,-70.0305767124779,-3.97012907697993));
#5331=CARTESIAN_POINT('Ctrl Pts',(192.964871928399,-70.0025818169221,-3.34196007371878));
#5332=CARTESIAN_POINT('Ctrl Pts',(192.943026979569,-70.0020475289816,-3.02563599389872));
#5333=CARTESIAN_POINT('Ctrl Pts',(192.081539752306,-70.3738062786045,-5.05474792452398));
#5334=CARTESIAN_POINT('Ctrl Pts',(192.159578623972,-70.308682029272,-4.86965823724435));
#5335=CARTESIAN_POINT('Ctrl Pts',(192.28432054205,-70.1924103263922,-4.4484982019497));
#5336=CARTESIAN_POINT('Ctrl Pts',(192.43897198833,-70.0769144419732,-3.71295711588181));
#5337=CARTESIAN_POINT('Ctrl Pts',(192.465944541888,-70.0637461381792,-3.26678749921762));
#5338=CARTESIAN_POINT('Ctrl Pts',(192.445044492602,-70.0701238488079,-3.02563599389872));
#5339=CARTESIAN_POINT('Ctrl Pts',(191.648094737398,-70.4680602264806,-4.61534555587945));
#5340=CARTESIAN_POINT('Ctrl Pts',(191.753309900465,-70.4092207956066,-4.47252902383355));
#5341=CARTESIAN_POINT('Ctrl Pts',(191.937058514863,-70.3064631361597,-4.15685882640526));
#5342=CARTESIAN_POINT('Ctrl Pts',(192.113405154564,-70.2078448798729,-3.60637246997896));
#5343=CARTESIAN_POINT('Ctrl Pts',(192.142592698178,-70.1915223422769,-3.22038176029013));
#5344=CARTESIAN_POINT('Ctrl Pts',(192.134531984217,-70.1960301319154,-3.02563599389873));
#5345=CARTESIAN_POINT('Ctrl Pts',(191.484722566278,-70.5594227762229,-4.42172217114357));
#5346=CARTESIAN_POINT('Ctrl Pts',(191.591056190736,-70.4999578686612,-4.29989066897106));
#5347=CARTESIAN_POINT('Ctrl Pts',(191.775716302828,-70.3966904727469,-4.02416138265563));
#5348=CARTESIAN_POINT('Ctrl Pts',(191.949845149713,-70.2993124717931,-3.5425071389449));
#5349=CARTESIAN_POINT('Ctrl Pts',(191.989439132924,-70.2771703454088,-3.19793175659539));
#5350=CARTESIAN_POINT('Ctrl Pts',(191.989439132924,-70.2771703454088,-3.02563599389873));
#5351=CARTESIAN_POINT('',(193.272705247353,-70.7579234187462,-5.90499694472426));
#5352=CARTESIAN_POINT('',(193.437485762448,-70.0792162244204,-3.02563599389873));
#5353=CARTESIAN_POINT('Ctrl Pts',(193.272705247353,-70.7579234187462,-5.90499694472426));
#5354=CARTESIAN_POINT('Ctrl Pts',(193.303705346897,-70.6302384763048,-5.71641460304524));
#5355=CARTESIAN_POINT('Ctrl Pts',(193.355019587824,-70.4188825130836,-5.30879954548666));
#5356=CARTESIAN_POINT('Ctrl Pts',(193.423029238751,-70.1387605621279,-4.23909659335232));
#5357=CARTESIAN_POINT('Ctrl Pts',(193.437485762448,-70.0792162244204,-3.40989988003345));
#5358=CARTESIAN_POINT('Ctrl Pts',(193.437485762448,-70.0792162244204,-3.02563599389873));
#5359=CARTESIAN_POINT('',(191.484722566278,-70.5594227762229,-4.42172217114357));
#5360=CARTESIAN_POINT('Ctrl Pts',(193.272705247353,-70.7579234187462,-5.90499694472426));
#5361=CARTESIAN_POINT('Ctrl Pts',(193.097159639951,-70.6476977618764,-5.81070577388475));
#5362=CARTESIAN_POINT('Ctrl Pts',(192.759854346399,-70.4820193011443,-5.60250083480677));
#5363=CARTESIAN_POINT('Ctrl Pts',(192.081539752306,-70.3738062786045,-5.05474792452398));
#5364=CARTESIAN_POINT('Ctrl Pts',(191.648094737398,-70.4680602264806,-4.61534555587945));
#5365=CARTESIAN_POINT('Ctrl Pts',(191.484722566278,-70.5594227762229,-4.42172217114357));
#5366=CARTESIAN_POINT('',(191.989439132924,-70.2771703454087,-3.02563599389873));
#5367=CARTESIAN_POINT('Origin',(190.266228985929,-71.2408404227073,-3.02563599389873));
#5368=CARTESIAN_POINT('Origin',(192.965621918186,-72.0227553962607,-3.02563599389873));
#5369=CARTESIAN_POINT('Ctrl Pts',(193.272705247353,-70.7579234187462,-5.90499694472426));
#5370=CARTESIAN_POINT('Ctrl Pts',(193.097159639951,-70.6476977618764,-5.81070577388475));
#5371=CARTESIAN_POINT('Ctrl Pts',(192.759854346399,-70.4820193011443,-5.60250083480677));
#5372=CARTESIAN_POINT('Ctrl Pts',(192.081539752306,-70.3738062786045,-5.05474792452398));
#5373=CARTESIAN_POINT('Ctrl Pts',(191.648094737398,-70.4680602264806,-4.61534555587945));
#5374=CARTESIAN_POINT('Ctrl Pts',(191.484722566278,-70.5594227762229,-4.42172217114357));
#5375=CARTESIAN_POINT('Ctrl Pts',(193.066159540407,-70.7753827043179,-5.99928811556378));
#5376=CARTESIAN_POINT('Ctrl Pts',(192.902130601903,-70.6794454527975,-5.90374821022477));
#5377=CARTESIAN_POINT('Ctrl Pts',(192.57801294287,-70.5334207700703,-5.69449023978391));
#5378=CARTESIAN_POINT('Ctrl Pts',(191.915268528191,-70.4477214889692,-5.15580352976197));
#5379=CARTESIAN_POINT('Ctrl Pts',(191.524727110874,-70.5370510517703,-4.73664837851026));
#5380=CARTESIAN_POINT('Ctrl Pts',(191.378388941821,-70.6188876837847,-4.54355367331609));
#5381=CARTESIAN_POINT('Ctrl Pts',(192.642991210596,-70.8506733920932,-6.15568903734321));
#5382=CARTESIAN_POINT('Ctrl Pts',(192.493317074209,-70.775618899853,-6.06055543582924));
#5383=CARTESIAN_POINT('Ctrl Pts',(192.178392022975,-70.6604492010938,-5.84817657231217));
#5384=CARTESIAN_POINT('Ctrl Pts',(191.536039098965,-70.6163721903298,-5.32314402434552));
#5385=CARTESIAN_POINT('Ctrl Pts',(191.251318014097,-70.6899495046283,-4.94852308865224));
#5386=CARTESIAN_POINT('Ctrl Pts',(191.137734481684,-70.7534687751316,-4.75512756597924));
#5387=CARTESIAN_POINT('Ctrl Pts',(191.628922328196,-71.2001990238139,-6.36791171946459));
#5388=CARTESIAN_POINT('Ctrl Pts',(191.499234956371,-71.1339337847953,-6.26152762407737));
#5389=CARTESIAN_POINT('Ctrl Pts',(191.225637175323,-71.029587095597,-6.01225616661814));
#5390=CARTESIAN_POINT('Ctrl Pts',(190.889459898093,-70.949555633656,-5.51710241153642));
#5391=CARTESIAN_POINT('Ctrl Pts',(190.772668513646,-70.957624461106,-5.15153954266866));
#5392=CARTESIAN_POINT('Ctrl Pts',(190.717350257933,-70.9885600657109,-4.95463528609878));
#5393=CARTESIAN_POINT('Ctrl Pts',(190.887708076419,-71.5644543797821,-6.4142135623731));
#5394=CARTESIAN_POINT('Ctrl Pts',(190.811691292016,-71.4734201721768,-6.29765644825475));
#5395=CARTESIAN_POINT('Ctrl Pts',(190.668571157759,-71.3140484630847,-6.0309432480046));
#5396=CARTESIAN_POINT('Ctrl Pts',(190.501151176212,-71.1679733655042,-5.54598059094815));
#5397=CARTESIAN_POINT('Ctrl Pts',(190.436069065585,-71.1458608272261,-5.18422919882162));
#5398=CARTESIAN_POINT('Ctrl Pts',(190.416607439773,-71.1567443439483,-5.));
#5399=CARTESIAN_POINT('Ctrl Pts',(190.552146304054,-71.752110446964,-6.4142135623731));
#5400=CARTESIAN_POINT('Ctrl Pts',(190.491909278483,-71.6443961408594,-6.29080014742425));
#5401=CARTESIAN_POINT('Ctrl Pts',(190.387301014155,-71.457338322219,-6.01149067311925));
#5402=CARTESIAN_POINT('Ctrl Pts',(190.288658615233,-71.2809485112753,-5.52358242294625));
#5403=CARTESIAN_POINT('Ctrl Pts',(190.266228985929,-71.2408404227073,-5.17453292519943));
#5404=CARTESIAN_POINT('Ctrl Pts',(190.266228985929,-71.2408404227073,-5.));
#5405=CARTESIAN_POINT('',(190.552146304054,-71.752110446964,-6.4142135623731));
#5406=CARTESIAN_POINT('Ctrl Pts',(193.272705247353,-70.7579234187462,-5.90499694472426));
#5407=CARTESIAN_POINT('Ctrl Pts',(193.066159540407,-70.7753827043179,-5.99928811556378));
#5408=CARTESIAN_POINT('Ctrl Pts',(192.642991210596,-70.8506733920933,-6.15568903734321));
#5409=CARTESIAN_POINT('Ctrl Pts',(191.628922328196,-71.2001990238139,-6.36791171946459));
#5410=CARTESIAN_POINT('Ctrl Pts',(190.887708076419,-71.5644543797821,-6.4142135623731));
#5411=CARTESIAN_POINT('Ctrl Pts',(190.552146304054,-71.752110446964,-6.4142135623731));
#5412=CARTESIAN_POINT('',(190.266228985929,-71.2408404227073,-5.));
#5413=CARTESIAN_POINT('Origin',(191.242411771191,-72.9864254735593,-5.));
#5414=CARTESIAN_POINT('Origin',(190.266228985929,-71.2408404227073,-3.02563599389873));
#5415=CARTESIAN_POINT('Ctrl Pts',(193.272705247353,-70.7579234187462,-5.90499694472426));
#5416=CARTESIAN_POINT('Ctrl Pts',(193.066159540407,-70.7753827043179,-5.99928811556378));
#5417=CARTESIAN_POINT('Ctrl Pts',(192.642991210596,-70.8506733920933,-6.15568903734321));
#5418=CARTESIAN_POINT('Ctrl Pts',(191.628922328196,-71.2001990238139,-6.36791171946459));
#5419=CARTESIAN_POINT('Ctrl Pts',(190.887708076419,-71.5644543797821,-6.4142135623731));
#5420=CARTESIAN_POINT('Ctrl Pts',(190.552146304054,-71.752110446964,-6.4142135623731));
#5421=CARTESIAN_POINT('Ctrl Pts',(193.241705147809,-70.8856083611877,-6.09357928640329));
#5422=CARTESIAN_POINT('Ctrl Pts',(193.036648387825,-70.9032484007873,-6.16861564441496));
#5423=CARTESIAN_POINT('Ctrl Pts',(192.612740094235,-70.978135606876,-6.29798680555055));
#5424=CARTESIAN_POINT('Ctrl Pts',(191.612740679034,-71.331588883733,-6.48989377148749));
#5425=CARTESIAN_POINT('Ctrl Pts',(190.926440219447,-71.6763392615188,-6.53077067649145));
#5426=CARTESIAN_POINT('Ctrl Pts',(190.612383329626,-71.8598247530687,-6.53762697732194));
#5427=CARTESIAN_POINT('Ctrl Pts',(193.172996345481,-71.168610016005,-6.41525686077851));
#5428=CARTESIAN_POINT('Ctrl Pts',(192.967702519584,-71.1869118365845,-6.46476495278259));
#5429=CARTESIAN_POINT('Ctrl Pts',(192.535465539813,-71.2691753977882,-6.55962747012203));
#5430=CARTESIAN_POINT('Ctrl Pts',(191.574884994929,-71.6393701681004,-6.71598909065338));
#5431=CARTESIAN_POINT('Ctrl Pts',(191.017125829253,-71.9312112135441,-6.73972481859475));
#5432=CARTESIAN_POINT('Ctrl Pts',(190.748711879915,-72.1036039745227,-6.75194803666999));
#5433=CARTESIAN_POINT('Ctrl Pts',(192.992741592353,-71.9110533667213,-6.86288201085817));
#5434=CARTESIAN_POINT('Ctrl Pts',(192.782111545197,-71.9203097579186,-6.88167960180968));
#5435=CARTESIAN_POINT('Ctrl Pts',(192.334989189997,-71.9918763952211,-6.92365913938564));
#5436=CARTESIAN_POINT('Ctrl Pts',(191.599100353602,-72.1933849760127,-6.95056702260938));
#5437=CARTESIAN_POINT('Ctrl Pts',(191.189982713051,-72.3901893649923,-6.94893432386134));
#5438=CARTESIAN_POINT('Ctrl Pts',(190.986855697218,-72.5294466483674,-6.95404625108538));
#5439=CARTESIAN_POINT('Ctrl Pts',(192.847212986788,-72.5104647201809,-7.));
#5440=CARTESIAN_POINT('Ctrl Pts',(192.659436029427,-72.4804878445329,-7.));
#5441=CARTESIAN_POINT('Ctrl Pts',(192.274051932295,-72.4604280097837,-7.));
#5442=CARTESIAN_POINT('Ctrl Pts',(191.686121662494,-72.5634184500129,-7.));
#5443=CARTESIAN_POINT('Ctrl Pts',(191.326370917523,-72.7283928610904,-7.));
#5444=CARTESIAN_POINT('Ctrl Pts',(191.15722375267,-72.8340944410045,-7.));
#5445=CARTESIAN_POINT('Ctrl Pts',(192.782781082064,-72.7758504501352,-7.));
#5446=CARTESIAN_POINT('Ctrl Pts',(192.610934614238,-72.7341285563315,-7.));
#5447=CARTESIAN_POINT('Ctrl Pts',(192.256797236578,-72.6937617329693,-7.));
#5448=CARTESIAN_POINT('Ctrl Pts',(191.727065027245,-72.7661783746158,-7.));
#5449=CARTESIAN_POINT('Ctrl Pts',(191.396755264558,-72.9001120274351,-7.));
#5450=CARTESIAN_POINT('Ctrl Pts',(191.242411771191,-72.9864254735593,-7.));
#5451=CARTESIAN_POINT('',(192.782781082064,-72.7758504501352,-7.));
#5452=CARTESIAN_POINT('Ctrl Pts',(193.272705247353,-70.7579234187462,-5.90499694472426));
#5453=CARTESIAN_POINT('Ctrl Pts',(193.241705147809,-70.8856083611877,-6.09357928640329));
#5454=CARTESIAN_POINT('Ctrl Pts',(193.172996345481,-71.168610016005,-6.41525686077851));
#5455=CARTESIAN_POINT('Ctrl Pts',(192.992741592353,-71.9110533667213,-6.86288201085817));
#5456=CARTESIAN_POINT('Ctrl Pts',(192.847212986788,-72.5104647201809,-7.));
#5457=CARTESIAN_POINT('Ctrl Pts',(192.782781082064,-72.7758504501352,-7.));
#5458=CARTESIAN_POINT('',(191.242411771191,-72.9864254735593,-7.));
#5459=CARTESIAN_POINT('Origin',(192.280832754025,-74.843303275025,-7.));
#5460=CARTESIAN_POINT('Origin',(191.242411771191,-72.9864254735593,-5.));
#5461=CARTESIAN_POINT('Ctrl Pts',(193.272705247353,-70.7579234187462,-5.90499694472426));
#5462=CARTESIAN_POINT('Ctrl Pts',(193.241705147809,-70.8856083611877,-6.09357928640329));
#5463=CARTESIAN_POINT('Ctrl Pts',(193.172996345481,-71.168610016005,-6.41525686077851));
#5464=CARTESIAN_POINT('Ctrl Pts',(192.992741592353,-71.9110533667213,-6.86288201085817));
#5465=CARTESIAN_POINT('Ctrl Pts',(192.847212986788,-72.5104647201809,-7.));
#5466=CARTESIAN_POINT('Ctrl Pts',(192.782781082064,-72.7758504501352,-7.));
#5467=CARTESIAN_POINT('Ctrl Pts',(193.448250854755,-70.8681490756161,-5.99928811556378));
#5468=CARTESIAN_POINT('Ctrl Pts',(193.415844685873,-70.9953119030409,-6.16861564441496));
#5469=CARTESIAN_POINT('Ctrl Pts',(193.347043102454,-71.2790103691541,-6.46476495278259));
#5470=CARTESIAN_POINT('Ctrl Pts',(193.175678218826,-72.0158621842772,-6.88167960180968));
#5471=CARTESIAN_POINT('Ctrl Pts',(193.027830843624,-72.5699288991572,-7.));
#5472=CARTESIAN_POINT('Ctrl Pts',(192.954627549889,-72.8175723439389,-7.));
#5473=CARTESIAN_POINT('Ctrl Pts',(193.789784796411,-71.1290986679088,-6.15568903734321));
#5474=CARTESIAN_POINT('Ctrl Pts',(193.758221226486,-71.256242237514,-6.29798680555055));
#5475=CARTESIAN_POINT('Ctrl Pts',(193.6934387399,-71.5503149259554,-6.55962747012203));
#5476=CARTESIAN_POINT('Ctrl Pts',(193.540207075295,-72.2844862652819,-6.92365913938563));
#5477=CARTESIAN_POINT('Ctrl Pts',(193.379509294193,-72.7288174346077,-7.));
#5478=CARTESIAN_POINT('Ctrl Pts',(193.287849533875,-72.9440866596221,-7.));
#5479=CARTESIAN_POINT('Ctrl Pts',(194.530687169945,-71.9047065188064,-6.3679117194646));
#5480=CARTESIAN_POINT('Ctrl Pts',(194.484819460941,-72.028889022928,-6.48989377148749));
#5481=CARTESIAN_POINT('Ctrl Pts',(194.377329824429,-72.319764167738,-6.71598909065338));
#5482=CARTESIAN_POINT('Ctrl Pts',(194.101770732305,-72.8009979754966,-6.95056702260938));
#5483=CARTESIAN_POINT('Ctrl Pts',(193.854761075081,-73.0899334515464,-7.));
#5484=CARTESIAN_POINT('Ctrl Pts',(193.725401712319,-73.2513462806767,-7.));
#5485=CARTESIAN_POINT('Ctrl Pts',(195.022356992306,-72.568288704499,-6.4142135623731));
#5486=CARTESIAN_POINT('Ctrl Pts',(194.936632789592,-72.6499573443427,-6.53077067649145));
#5487=CARTESIAN_POINT('Ctrl Pts',(194.739173271812,-72.8348717315407,-6.73972481859475));
#5488=CARTESIAN_POINT('Ctrl Pts',(194.375098967339,-73.1634905785447,-6.94893432386134));
#5489=CARTESIAN_POINT('Ctrl Pts',(194.098813731048,-73.4015027952464,-7.));
#5490=CARTESIAN_POINT('Ctrl Pts',(193.957524504454,-73.5218306093465,-7.));
#5491=CARTESIAN_POINT('Ctrl Pts',(195.234513066305,-72.8889229242701,-6.4142135623731));
#5492=CARTESIAN_POINT('Ctrl Pts',(195.131590459082,-72.9570243773516,-6.53762697732194));
#5493=CARTESIAN_POINT('Ctrl Pts',(194.898655819607,-73.1111517148658,-6.75194803666999));
#5494=CARTESIAN_POINT('Ctrl Pts',(194.491756867705,-73.3803871202796,-6.95404625108538));
#5495=CARTESIAN_POINT('Ctrl Pts',(194.200661411245,-73.5729980937607,-7.));
#5496=CARTESIAN_POINT('Ctrl Pts',(194.055106864236,-73.6693080923259,-7.));
#5497=CARTESIAN_POINT('',(195.234513066305,-72.8889229242701,-6.4142135623731));
#5498=CARTESIAN_POINT('Ctrl Pts',(193.272705247353,-70.7579234187462,-5.90499694472426));
#5499=CARTESIAN_POINT('Ctrl Pts',(193.448250854755,-70.8681490756161,-5.99928811556378));
#5500=CARTESIAN_POINT('Ctrl Pts',(193.789784796411,-71.1290986679088,-6.15568903734321));
#5501=CARTESIAN_POINT('Ctrl Pts',(194.530687169945,-71.9047065188064,-6.3679117194646));
#5502=CARTESIAN_POINT('Ctrl Pts',(195.022356992306,-72.568288704499,-6.4142135623731));
#5503=CARTESIAN_POINT('Ctrl Pts',(195.234513066305,-72.8889229242701,-6.4142135623731));
#5504=CARTESIAN_POINT('',(194.055106864236,-73.6693080923259,-7.));
#5505=CARTESIAN_POINT('Origin',(194.055106864236,-73.6693080923259,-5.));
#5506=CARTESIAN_POINT('Origin',(192.280832754025,-74.843303275025,-7.));
#5507=CARTESIAN_POINT('Ctrl Pts',(193.272705247353,-70.7579234187462,-5.90499694472426));
#5508=CARTESIAN_POINT('Ctrl Pts',(193.448250854755,-70.8681490756161,-5.99928811556378));
#5509=CARTESIAN_POINT('Ctrl Pts',(193.789784796411,-71.1290986679088,-6.15568903734321));
#5510=CARTESIAN_POINT('Ctrl Pts',(194.530687169945,-71.9047065188064,-6.3679117194646));
#5511=CARTESIAN_POINT('Ctrl Pts',(195.022356992306,-72.568288704499,-6.4142135623731));
#5512=CARTESIAN_POINT('Ctrl Pts',(195.234513066305,-72.8889229242701,-6.4142135623731));
#5513=CARTESIAN_POINT('Ctrl Pts',(193.479250954299,-70.7404641331746,-5.81070577388475));
#5514=CARTESIAN_POINT('Ctrl Pts',(193.638010170277,-70.8581066123347,-5.90374821022478));
#5515=CARTESIAN_POINT('Ctrl Pts',(193.957211755868,-71.1310318403747,-6.06055543582924));
#5516=CARTESIAN_POINT('Ctrl Pts',(194.676322196296,-71.9052856671288,-6.26152762407738));
#5517=CARTESIAN_POINT('Ctrl Pts',(195.131654092131,-72.5222460890743,-6.29765644825475));
#5518=CARTESIAN_POINT('Ctrl Pts',(195.337435673527,-72.8208214711886,-6.29080014742426));
#5519=CARTESIAN_POINT('Ctrl Pts',(193.854975497807,-70.7478992401356,-5.60250083480677));
#5520=CARTESIAN_POINT('Ctrl Pts',(193.993003127859,-70.8769603899328,-5.69449023978391));
#5521=CARTESIAN_POINT('Ctrl Pts',(194.289887163104,-71.1730903808541,-5.84817657231218));
#5522=CARTESIAN_POINT('Ctrl Pts',(194.967308390549,-71.9380119882686,-6.01225616661814));
#5523=CARTESIAN_POINT('Ctrl Pts',(195.331919755607,-72.4462435988442,-6.0309432480046));
#5524=CARTESIAN_POINT('Ctrl Pts',(195.516172176524,-72.7025557577439,-6.01149067311926));
#5525=CARTESIAN_POINT('Ctrl Pts',(194.507395175274,-70.9627696924071,-5.05474792452399));
#5526=CARTESIAN_POINT('Ctrl Pts',(194.621262501835,-71.1046985838764,-5.15580352976198));
#5527=CARTESIAN_POINT('Ctrl Pts',(194.88093958716,-71.4284667577573,-5.32314402434552));
#5528=CARTESIAN_POINT('Ctrl Pts',(195.302757671256,-72.0210419629728,-5.51710241153642));
#5529=CARTESIAN_POINT('Ctrl Pts',(195.547682951965,-72.3931999616028,-5.54598059094815));
#5530=CARTESIAN_POINT('Ctrl Pts',(195.684715240917,-72.5910348013504,-5.52358242294625));
#5531=CARTESIAN_POINT('Ctrl Pts',(194.849366252964,-71.2452837091603,-4.61534555587946));
#5532=CARTESIAN_POINT('Ctrl Pts',(194.927364384627,-71.3631632947786,-4.73664837851027));
#5533=CARTESIAN_POINT('Ctrl Pts',(195.10022495858,-71.6244097168768,-4.94852308865224));
#5534=CARTESIAN_POINT('Ctrl Pts',(195.402847030581,-72.081766369989,-5.15153954266866));
#5535=CARTESIAN_POINT('Ctrl Pts',(195.615659166205,-72.4033921041835,-5.18422919882163));
#5536=CARTESIAN_POINT('Ctrl Pts',(195.723039110748,-72.5656768037865,-5.17453292519944));
#5537=CARTESIAN_POINT('Ctrl Pts',(194.952656917396,-71.4013882268179,-4.42172217114358));
#5538=CARTESIAN_POINT('Ctrl Pts',(195.01988544626,-71.5029915723752,-4.5435536733161));
#5539=CARTESIAN_POINT('Ctrl Pts',(195.172037180032,-71.7329404563519,-4.75512756597925));
#5540=CARTESIAN_POINT('Ctrl Pts',(195.43782152684,-72.1346237787293,-4.95463528609879));
#5541=CARTESIAN_POINT('Ctrl Pts',(195.627963613451,-72.4219879745169,-5.00000000000001));
#5542=CARTESIAN_POINT('Ctrl Pts',(195.723039110748,-72.5656768037865,-5.00000000000001));
#5543=CARTESIAN_POINT('',(194.952656917396,-71.4013882268179,-4.42172217114358));
#5544=CARTESIAN_POINT('Ctrl Pts',(193.272705247353,-70.7579234187462,-5.90499694472426));
#5545=CARTESIAN_POINT('Ctrl Pts',(193.479250954299,-70.7404641331746,-5.81070577388475));
#5546=CARTESIAN_POINT('Ctrl Pts',(193.854975497807,-70.7478992401356,-5.60250083480677));
#5547=CARTESIAN_POINT('Ctrl Pts',(194.507395175274,-70.9627696924071,-5.05474792452399));
#5548=CARTESIAN_POINT('Ctrl Pts',(194.849366252964,-71.2452837091603,-4.61534555587946));
#5549=CARTESIAN_POINT('Ctrl Pts',(194.952656917396,-71.4013882268179,-4.42172217114358));
#5550=CARTESIAN_POINT('',(195.723039110748,-72.5656768037865,-5.));
#5551=CARTESIAN_POINT('Origin',(195.723039110748,-72.5656768037865,-3.02563599389873));
#5552=CARTESIAN_POINT('Origin',(194.055106864236,-73.6693080923259,-5.));
#5553=CARTESIAN_POINT('Ctrl Pts',(241.343526067889,-90.0960270512272,-5.92811960820807));
#5554=CARTESIAN_POINT('Ctrl Pts',(241.221617811033,-89.9975039649481,-6.0181530242681));
#5555=CARTESIAN_POINT('Ctrl Pts',(240.957776559789,-89.8029444673164,-6.16686919861431));
#5556=CARTESIAN_POINT('Ctrl Pts',(240.301638920792,-89.3380794400517,-6.3711449662136));
#5557=CARTESIAN_POINT('Ctrl Pts',(239.72813408372,-88.9129732659759,-6.4142135623731));
#5558=CARTESIAN_POINT('Ctrl Pts',(239.439836676246,-88.7122762898605,-6.4142135623731));
#5559=CARTESIAN_POINT('Ctrl Pts',(241.248751918174,-90.1518806531145,-6.10818644032814));
#5560=CARTESIAN_POINT('Ctrl Pts',(241.125024362738,-90.0525302434052,-6.18042079222247));
#5561=CARTESIAN_POINT('Ctrl Pts',(240.857566278376,-89.8557203281323,-6.30459050730587));
#5562=CARTESIAN_POINT('Ctrl Pts',(240.195168923837,-89.3952864436361,-6.49175268770299));
#5563=CARTESIAN_POINT('Ctrl Pts',(239.649016546464,-88.9999148744353,-6.53077067649145));
#5564=CARTESIAN_POINT('Ctrl Pts',(239.369325981154,-88.8135635687606,-6.53762697732194));
#5565=CARTESIAN_POINT('Ctrl Pts',(241.03133033142,-90.2800145249024,-6.41831130377028));
#5566=CARTESIAN_POINT('Ctrl Pts',(240.903793975247,-90.1778196891828,-6.46677086297917));
#5567=CARTESIAN_POINT('Ctrl Pts',(240.623391634984,-89.9757412197642,-6.55995493690235));
#5568=CARTESIAN_POINT('Ctrl Pts',(239.943658891328,-89.5289113470968,-6.71624627930278));
#5569=CARTESIAN_POINT('Ctrl Pts',(239.468833383168,-89.199457669803,-6.73972481859475));
#5570=CARTESIAN_POINT('Ctrl Pts',(239.209746042562,-89.0427971300804,-6.75194803667));
#5571=CARTESIAN_POINT('Ctrl Pts',(240.45522410672,-90.6195333474526,-6.8608904419968));
#5572=CARTESIAN_POINT('Ctrl Pts',(240.322786125831,-90.4997682429551,-6.87993338798433));
#5573=CARTESIAN_POINT('Ctrl Pts',(240.02420358247,-90.2594287591214,-6.92283250719785));
#5574=CARTESIAN_POINT('Ctrl Pts',(239.50559467134,-89.8277261217045,-6.95071811905505));
#5575=CARTESIAN_POINT('Ctrl Pts',(239.143300587135,-89.5637418554105,-6.94893432386134));
#5576=CARTESIAN_POINT('Ctrl Pts',(238.930985829378,-89.4432309000509,-6.95404625108538));
#5577=CARTESIAN_POINT('Ctrl Pts',(239.952993348701,-90.9155148666594,-7.));
#5578=CARTESIAN_POINT('Ctrl Pts',(239.849861669105,-90.7696384369678,-7.));
#5579=CARTESIAN_POINT('Ctrl Pts',(239.625831854113,-90.4830614210185,-7.));
#5580=CARTESIAN_POINT('Ctrl Pts',(239.220149903636,-90.0728372443705,-7.));
#5581=CARTESIAN_POINT('Ctrl Pts',(238.901842993337,-89.8364279438398,-7.));
#5582=CARTESIAN_POINT('Ctrl Pts',(238.731560809676,-89.7297011662117,-7.));
#5583=CARTESIAN_POINT('Ctrl Pts',(239.723713457299,-91.0506372371973,-7.));
#5584=CARTESIAN_POINT('Ctrl Pts',(239.632412562953,-90.8957150059103,-7.));
#5585=CARTESIAN_POINT('Ctrl Pts',(239.427561662183,-90.5989844575896,-7.));
#5586=CARTESIAN_POINT('Ctrl Pts',(239.05984032961,-90.2023590731157,-7.));
#5587=CARTESIAN_POINT('Ctrl Pts',(238.779428120728,-89.975683306959,-7.));
#5588=CARTESIAN_POINT('Ctrl Pts',(238.631843628385,-89.872943009728,-7.));
#5589=CARTESIAN_POINT('',(241.343526067889,-90.0960270512272,-5.92811960820807));
#5590=CARTESIAN_POINT('',(239.439836676246,-88.7122762898605,-6.4142135623731));
#5591=CARTESIAN_POINT('Ctrl Pts',(241.343526067889,-90.0960270512272,-5.92811960820807));
#5592=CARTESIAN_POINT('Ctrl Pts',(241.221617811033,-89.9975039649481,-6.0181530242681));
#5593=CARTESIAN_POINT('Ctrl Pts',(240.957776559789,-89.8029444673164,-6.16686919861431));
#5594=CARTESIAN_POINT('Ctrl Pts',(240.301638920792,-89.3380794400517,-6.3711449662136));
#5595=CARTESIAN_POINT('Ctrl Pts',(239.72813408372,-88.9129732659759,-6.4142135623731));
#5596=CARTESIAN_POINT('Ctrl Pts',(239.439836676246,-88.7122762898605,-6.4142135623731));
#5597=CARTESIAN_POINT('',(239.723713457299,-91.0506372371973,-7.));
#5598=CARTESIAN_POINT('Ctrl Pts',(241.343526067889,-90.0960270512272,-5.92811960820807));
#5599=CARTESIAN_POINT('Ctrl Pts',(241.248751918174,-90.1518806531145,-6.10818644032814));
#5600=CARTESIAN_POINT('Ctrl Pts',(241.03133033142,-90.2800145249024,-6.41831130377028));
#5601=CARTESIAN_POINT('Ctrl Pts',(240.45522410672,-90.6195333474526,-6.8608904419968));
#5602=CARTESIAN_POINT('Ctrl Pts',(239.952993348701,-90.9155148666594,-7.));
#5603=CARTESIAN_POINT('Ctrl Pts',(239.723713457299,-91.0506372371973,-7.));
#5604=CARTESIAN_POINT('',(238.631843628385,-89.872943009728,-7.));
#5605=CARTESIAN_POINT('Origin',(236.482076035637,-92.9610434667262,-7.));
#5606=CARTESIAN_POINT('Origin',(238.631843628385,-89.872943009728,-5.));
#5607=CARTESIAN_POINT('Ctrl Pts',(241.343526067889,-90.0960270512272,-5.92811960820807));
#5608=CARTESIAN_POINT('Ctrl Pts',(241.248751918174,-90.1518806531145,-6.10818644032814));
#5609=CARTESIAN_POINT('Ctrl Pts',(241.03133033142,-90.2800145249024,-6.41831130377028));
#5610=CARTESIAN_POINT('Ctrl Pts',(240.45522410672,-90.6195333474526,-6.8608904419968));
#5611=CARTESIAN_POINT('Ctrl Pts',(239.952993348701,-90.9155148666594,-7.));
#5612=CARTESIAN_POINT('Ctrl Pts',(239.723713457299,-91.0506372371973,-7.));
#5613=CARTESIAN_POINT('Ctrl Pts',(241.37066017503,-90.2504037393936,-6.01815302426811));
#5614=CARTESIAN_POINT('Ctrl Pts',(241.275728459169,-90.3082496977482,-6.18042079222247));
#5615=CARTESIAN_POINT('Ctrl Pts',(241.058950139028,-90.4410935515364,-6.46677086297917));
#5616=CARTESIAN_POINT('Ctrl Pts',(240.495840350135,-90.7934120977589,-6.87993338798434));
#5617=CARTESIAN_POINT('Ctrl Pts',(240.030649484807,-91.0764048930775,-7.));
#5618=CARTESIAN_POINT('Ctrl Pts',(239.815014351645,-91.2055594684842,-7.));
#5619=CARTESIAN_POINT('Ctrl Pts',(241.413052300093,-90.5754706735924,-6.16686919861431));
#5620=CARTESIAN_POINT('Ctrl Pts',(241.318337191811,-90.6375709171415,-6.30459050730587));
#5621=CARTESIAN_POINT('Ctrl Pts',(241.099897300526,-90.784291031412,-6.55995493690235));
#5622=CARTESIAN_POINT('Ctrl Pts',(240.5614521749,-91.1710490810383,-6.92283250719786));
#5623=CARTESIAN_POINT('Ctrl Pts',(240.172827099493,-91.4112201704439,-7.));
#5624=CARTESIAN_POINT('Ctrl Pts',(239.975365486514,-91.5285152292303,-7.));
#5625=CARTESIAN_POINT('Ctrl Pts',(241.50187312999,-91.374674624445,-6.37114496621361));
#5626=CARTESIAN_POINT('Ctrl Pts',(241.400249113058,-91.4401044394638,-6.491752687703));
#5627=CARTESIAN_POINT('Ctrl Pts',(241.161510195082,-91.5953997720439,-6.71624627930279));
#5628=CARTESIAN_POINT('Ctrl Pts',(240.687885325429,-91.8338741170044,-6.95071811905505));
#5629=CARTESIAN_POINT('Ctrl Pts',(240.335176042375,-91.9648486928252,-7.));
#5630=CARTESIAN_POINT('Ctrl Pts',(240.144207273818,-92.0423470352701,-7.));
#5631=CARTESIAN_POINT('Ctrl Pts',(241.595942021848,-92.0823285659779,-6.4142135623731));
#5632=CARTESIAN_POINT('Ctrl Pts',(241.481555837937,-92.1094252246869,-6.53077067649146));
#5633=CARTESIAN_POINT('Ctrl Pts',(241.219703351365,-92.1703889417196,-6.73972481859475));
#5634=CARTESIAN_POINT('Ctrl Pts',(240.743318172808,-92.2787020564731,-6.94893432386134));
#5635=CARTESIAN_POINT('Ctrl Pts',(240.387794467149,-92.3578371759844,-7.));
#5636=CARTESIAN_POINT('Ctrl Pts',(240.206668044294,-92.3974689326584,-7.));
#5637=CARTESIAN_POINT('Ctrl Pts',(241.631855970573,-92.4317636238426,-6.4142135623731));
#5638=CARTESIAN_POINT('Ctrl Pts',(241.509089253822,-92.444381240396,-6.53762697732195));
#5639=CARTESIAN_POINT('Ctrl Pts',(241.231243388102,-92.4729374540619,-6.75194803667));
#5640=CARTESIAN_POINT('Ctrl Pts',(240.745891824219,-92.522820517556,-6.95404625108538));
#5641=CARTESIAN_POINT('Ctrl Pts',(240.398671379507,-92.5585068545928,-7.));
#5642=CARTESIAN_POINT('Ctrl Pts',(240.225053023669,-92.5763508590474,-7.));
#5643=CARTESIAN_POINT('',(241.631855970573,-92.4317636238426,-6.4142135623731));
#5644=CARTESIAN_POINT('Ctrl Pts',(241.343526067889,-90.0960270512272,-5.92811960820807));
#5645=CARTESIAN_POINT('Ctrl Pts',(241.37066017503,-90.2504037393936,-6.01815302426811));
#5646=CARTESIAN_POINT('Ctrl Pts',(241.413052300093,-90.5754706735924,-6.16686919861431));
#5647=CARTESIAN_POINT('Ctrl Pts',(241.50187312999,-91.374674624445,-6.3711449662136));
#5648=CARTESIAN_POINT('Ctrl Pts',(241.595942021848,-92.0823285659779,-6.4142135623731));
#5649=CARTESIAN_POINT('Ctrl Pts',(241.631855970573,-92.4317636238426,-6.4142135623731));
#5650=CARTESIAN_POINT('',(240.225053023669,-92.5763508590474,-7.));
#5651=CARTESIAN_POINT('Origin',(240.225053023669,-92.5763508590474,-5.));
#5652=CARTESIAN_POINT('Origin',(236.482076035637,-92.9610434667262,-7.));
#5653=CARTESIAN_POINT('Ctrl Pts',(241.343526067889,-90.0960270512272,-5.92811960820807));
#5654=CARTESIAN_POINT('Ctrl Pts',(241.37066017503,-90.2504037393936,-6.01815302426811));
#5655=CARTESIAN_POINT('Ctrl Pts',(241.413052300093,-90.5754706735924,-6.16686919861431));
#5656=CARTESIAN_POINT('Ctrl Pts',(241.50187312999,-91.374674624445,-6.3711449662136));
#5657=CARTESIAN_POINT('Ctrl Pts',(241.595942021848,-92.0823285659779,-6.4142135623731));
#5658=CARTESIAN_POINT('Ctrl Pts',(241.631855970573,-92.4317636238426,-6.4142135623731));
#5659=CARTESIAN_POINT('Ctrl Pts',(241.465434324745,-90.1945501375062,-5.83808619214804));
#5660=CARTESIAN_POINT('Ctrl Pts',(241.486451440522,-90.3399119428998,-5.92619200146237));
#5661=CARTESIAN_POINT('Ctrl Pts',(241.521989245218,-90.652774802082,-6.07424291559594));
#5662=CARTESIAN_POINT('Ctrl Pts',(241.620702175525,-91.4368960413834,-6.26553099930638));
#5663=CARTESIAN_POINT('Ctrl Pts',(241.714318644507,-92.0940580248094,-6.29765644825475));
#5664=CARTESIAN_POINT('Ctrl Pts',(241.754622687324,-92.4191460072892,-6.29080014742426));
#5665=CARTESIAN_POINT('Ctrl Pts',(241.676371669555,-90.3805686367507,-5.63904495387002));
#5666=CARTESIAN_POINT('Ctrl Pts',(241.691700033435,-90.516293614637,-5.72473436422135));
#5667=CARTESIAN_POINT('Ctrl Pts',(241.725219486207,-90.819324404618,-5.8672374631941));
#5668=CARTESIAN_POINT('Ctrl Pts',(241.847131032315,-91.5796580962691,-6.01748324586757));
#5669=CARTESIAN_POINT('Ctrl Pts',(241.927113503088,-92.1207177258282,-6.03094324800461));
#5670=CARTESIAN_POINT('Ctrl Pts',(241.967820683649,-92.3972341191263,-6.01149067311926));
#5671=CARTESIAN_POINT('Ctrl Pts',(241.970285920307,-90.7578811475616,-5.10990919950889));
#5672=CARTESIAN_POINT('Ctrl Pts',(241.985548137582,-90.8894808984937,-5.2007738417707));
#5673=CARTESIAN_POINT('Ctrl Pts',(242.02695697249,-91.1954056499135,-5.34972443551349));
#5674=CARTESIAN_POINT('Ctrl Pts',(242.100005822484,-91.7780629350703,-5.52318222544625));
#5675=CARTESIAN_POINT('Ctrl Pts',(242.142355539003,-92.1686902227578,-5.54598059094816));
#5676=CARTESIAN_POINT('Ctrl Pts',(242.168859883928,-92.3765718776943,-5.52358242294626));
#5677=CARTESIAN_POINT('Ctrl Pts',(242.076570505178,-91.0291404486686,-4.68239953758344));
#5678=CARTESIAN_POINT('Ctrl Pts',(242.088282373601,-91.1430944293784,-4.79017462426277));
#5679=CARTESIAN_POINT('Ctrl Pts',(242.114815406272,-91.401255175715,-4.97832187329405));
#5680=CARTESIAN_POINT('Ctrl Pts',(242.162756612001,-91.8677128778931,-5.15763879632281));
#5681=CARTESIAN_POINT('Ctrl Pts',(242.197200359528,-92.2028431918116,-5.18422919882164));
#5682=CARTESIAN_POINT('Ctrl Pts',(242.214572830766,-92.3718736300748,-5.17453292519945));
#5683=CARTESIAN_POINT('Ctrl Pts',(242.089779091949,-91.1576571795312,-4.49440571571335));
#5684=CARTESIAN_POINT('Ctrl Pts',(242.10066940009,-91.2636175540005,-4.60092425761612));
#5685=CARTESIAN_POINT('Ctrl Pts',(242.125316366088,-91.5034272740577,-4.78590549932533));
#5686=CARTESIAN_POINT('Ctrl Pts',(242.16837060935,-91.9223358742001,-4.9603371616337));
#5687=CARTESIAN_POINT('Ctrl Pts',(242.199171609295,-92.2220230314261,-5.00000000000002));
#5688=CARTESIAN_POINT('Ctrl Pts',(242.214572830766,-92.3718736300748,-5.00000000000002));
#5689=CARTESIAN_POINT('',(242.089779091949,-91.1576571795312,-4.49440571571335));
#5690=CARTESIAN_POINT('Ctrl Pts',(241.343526067889,-90.0960270512272,-5.92811960820807));
#5691=CARTESIAN_POINT('Ctrl Pts',(241.465434324745,-90.1945501375062,-5.83808619214804));
#5692=CARTESIAN_POINT('Ctrl Pts',(241.676371669555,-90.3805686367507,-5.63904495387002));
#5693=CARTESIAN_POINT('Ctrl Pts',(241.970285920307,-90.7578811475616,-5.10990919950889));
#5694=CARTESIAN_POINT('Ctrl Pts',(242.076570505178,-91.0291404486686,-4.68239953758344));
#5695=CARTESIAN_POINT('Ctrl Pts',(242.089779091949,-91.1576571795312,-4.49440571571335));
#5696=CARTESIAN_POINT('',(242.214572830766,-92.3718736300748,-5.));
#5697=CARTESIAN_POINT('Origin',(242.214572830766,-92.3718736300748,-3.27379313753017));
#5698=CARTESIAN_POINT('Origin',(240.225053023669,-92.5763508590474,-5.));
#5699=CARTESIAN_POINT('Ctrl Pts',(241.343526067889,-90.0960270512272,-5.92811960820807));
#5700=CARTESIAN_POINT('Ctrl Pts',(241.465434324745,-90.1945501375062,-5.83808619214804));
#5701=CARTESIAN_POINT('Ctrl Pts',(241.676371669555,-90.3805686367507,-5.63904495387002));
#5702=CARTESIAN_POINT('Ctrl Pts',(241.970285920307,-90.7578811475616,-5.10990919950889));
#5703=CARTESIAN_POINT('Ctrl Pts',(242.076570505178,-91.0291404486686,-4.68239953758344));
#5704=CARTESIAN_POINT('Ctrl Pts',(242.089779091949,-91.1576571795312,-4.49440571571335));
#5705=CARTESIAN_POINT('Ctrl Pts',(241.438300217603,-90.0401734493398,-5.74805277608801));
#5706=CARTESIAN_POINT('Ctrl Pts',(241.542338627244,-90.1347085096412,-5.6602277216534));
#5707=CARTESIAN_POINT('Ctrl Pts',(241.72618501046,-90.3157851455633,-5.46222863270349));
#5708=CARTESIAN_POINT('Ctrl Pts',(241.980985111166,-90.6777292401701,-4.93731549395707));
#5709=CARTESIAN_POINT('Ctrl Pts',(242.066326257507,-90.9294661047214,-4.55373624847411));
#5710=CARTESIAN_POINT('Ctrl Pts',(242.078888783807,-91.0516968050618,-4.38788717381059));
#5711=CARTESIAN_POINT('Ctrl Pts',(241.590755168407,-89.9503266065707,-5.36179869086225));
#5712=CARTESIAN_POINT('Ctrl Pts',(241.668984055769,-90.0364470888049,-5.27517831692377));
#5713=CARTESIAN_POINT('Ctrl Pts',(241.811518699765,-90.2082461457751,-5.06935853530194));
#5714=CARTESIAN_POINT('Ctrl Pts',(241.99863203707,-90.5414246507725,-4.54762637453532));
#5715=CARTESIAN_POINT('Ctrl Pts',(242.048500167797,-90.7560220555236,-4.27131683356667));
#5716=CARTESIAN_POINT('Ctrl Pts',(242.059976557949,-90.8676848829009,-4.14681420816152));
#5717=CARTESIAN_POINT('Ctrl Pts',(241.751890607416,-89.855364059426,-4.36556938122139));
#5718=CARTESIAN_POINT('Ctrl Pts',(241.804110882941,-89.9355440919325,-4.29221089892658));
#5719=CARTESIAN_POINT('Ctrl Pts',(241.897850598389,-90.1048319342321,-4.11927318303891));
#5720=CARTESIAN_POINT('Ctrl Pts',(241.996402304543,-90.3896345758198,-3.8813486375734));
#5721=CARTESIAN_POINT('Ctrl Pts',(242.031222846375,-90.5879174046749,-3.78377991194745));
#5722=CARTESIAN_POINT('Ctrl Pts',(242.042142906472,-90.6941672593272,-3.72569892330937));
#5723=CARTESIAN_POINT('Ctrl Pts',(241.771608770693,-89.8437434809779,-3.6179235031419));
#5724=CARTESIAN_POINT('Ctrl Pts',(241.817442221667,-89.9215151232316,-3.59880514949681));
#5725=CARTESIAN_POINT('Ctrl Pts',(241.900412645136,-90.0863342411924,-3.55636053031965));
#5726=CARTESIAN_POINT('Ctrl Pts',(241.992334718964,-90.3587380356631,-3.48698538704702));
#5727=CARTESIAN_POINT('Ctrl Pts',(242.027772687456,-90.5543480945787,-3.44474174756741));
#5728=CARTESIAN_POINT('Ctrl Pts',(242.038087832831,-90.6547122580594,-3.42443310413327));
#5729=CARTESIAN_POINT('Ctrl Pts',(241.771608770693,-89.8437434809779,-3.27379313753017));
#5730=CARTESIAN_POINT('Ctrl Pts',(241.820138307018,-89.9260899257171,-3.27379313753017));
#5731=CARTESIAN_POINT('Ctrl Pts',(241.905370398996,-90.0977519169275,-3.27379313753017));
#5732=CARTESIAN_POINT('Ctrl Pts',(241.995115562052,-90.3708710301098,-3.27379313753017));
#5733=CARTESIAN_POINT('Ctrl Pts',(242.028315589844,-90.5596304189724,-3.27379313753017));
#5734=CARTESIAN_POINT('Ctrl Pts',(242.038087832831,-90.6547122580594,-3.27379313753017));
#5735=CARTESIAN_POINT('',(241.771608770693,-89.8437434809779,-3.27379313753017));
#5736=CARTESIAN_POINT('Ctrl Pts',(241.343526067889,-90.0960270512272,-5.92811960820807));
#5737=CARTESIAN_POINT('Ctrl Pts',(241.438300217603,-90.0401734493398,-5.74805277608801));
#5738=CARTESIAN_POINT('Ctrl Pts',(241.590755168407,-89.9503266065707,-5.36179869086225));
#5739=CARTESIAN_POINT('Ctrl Pts',(241.751890607416,-89.855364059426,-4.36556938122139));
#5740=CARTESIAN_POINT('Ctrl Pts',(241.771608770693,-89.8437434809779,-3.6179235031419));
#5741=CARTESIAN_POINT('Ctrl Pts',(241.771608770693,-89.8437434809779,-3.27379313753017));
#5742=CARTESIAN_POINT('',(242.038087832831,-90.6547122580594,-3.27379313753017));
#5743=CARTESIAN_POINT('Origin',(240.048568025734,-90.859189487032,-3.27379313753017));
#5744=CARTESIAN_POINT('Origin',(242.214572830766,-92.3718736300748,-3.27379313753017));
#5745=CARTESIAN_POINT('Ctrl Pts',(241.343526067889,-90.0960270512272,-5.92811960820807));
#5746=CARTESIAN_POINT('Ctrl Pts',(241.438300217603,-90.0401734493398,-5.74805277608801));
#5747=CARTESIAN_POINT('Ctrl Pts',(241.590755168407,-89.9503266065707,-5.36179869086225));
#5748=CARTESIAN_POINT('Ctrl Pts',(241.751890607416,-89.855364059426,-4.36556938122139));
#5749=CARTESIAN_POINT('Ctrl Pts',(241.771608770693,-89.8437434809779,-3.6179235031419));
#5750=CARTESIAN_POINT('Ctrl Pts',(241.771608770693,-89.8437434809779,-3.27379313753017));
#5751=CARTESIAN_POINT('Ctrl Pts',(241.316391960747,-89.9416503630607,-5.83808619214804));
#5752=CARTESIAN_POINT('Ctrl Pts',(241.405998170791,-89.9033617317187,-5.6602277216534));
#5753=CARTESIAN_POINT('Ctrl Pts',(241.553311396931,-89.8401700804099,-5.27517831692377));
#5754=CARTESIAN_POINT('Ctrl Pts',(241.707044230071,-89.7708383400993,-4.29221089892658));
#5755=CARTESIAN_POINT('Ctrl Pts',(241.725775319718,-89.7659718387243,-3.59880514949681));
#5756=CARTESIAN_POINT('Ctrl Pts',(241.723079234367,-89.7613970362388,-3.27379313753017));
#5757=CARTESIAN_POINT('Ctrl Pts',(241.255843247005,-89.6670027729365,-5.63904495387002));
#5758=CARTESIAN_POINT('Ctrl Pts',(241.336648932624,-89.6548080677661,-5.46222863270349));
#5759=CARTESIAN_POINT('Ctrl Pts',(241.472065599059,-89.6322514399689,-5.06935853530194));
#5760=CARTESIAN_POINT('Ctrl Pts',(241.604357354865,-89.6068233607127,-4.1192731830389));
#5761=CARTESIAN_POINT('Ctrl Pts',(241.621780788327,-89.6135429364228,-3.55636053031964));
#5762=CARTESIAN_POINT('Ctrl Pts',(241.614194000531,-89.6036746390286,-3.27379313753016));
#5763=CARTESIAN_POINT('Ctrl Pts',(241.068142179303,-89.2270952522088,-5.10990919950888));
#5764=CARTESIAN_POINT('Ctrl Pts',(241.143444325125,-89.2565636722226,-4.93731549395705));
#5765=CARTESIAN_POINT('Ctrl Pts',(241.271236100922,-89.3071563310114,-4.54762637453531));
#5766=CARTESIAN_POINT('Ctrl Pts',(241.402946060965,-89.3826393422583,-3.8813486375734));
#5767=CARTESIAN_POINT('Ctrl Pts',(241.428004721902,-89.4011651339588,-3.48698538704702));
#5768=CARTESIAN_POINT('Ctrl Pts',(241.418737582556,-89.3928547325928,-3.27379313753016));
#5769=CARTESIAN_POINT('Ctrl Pts',(240.882325045847,-89.0027071635487,-4.68239953758343));
#5770=CARTESIAN_POINT('Ctrl Pts',(240.964560226047,-89.0599548236683,-4.5537362484741));
#5771=CARTESIAN_POINT('Ctrl Pts',(241.107658259859,-89.1595718924647,-4.27131683356666));
#5772=CARTESIAN_POINT('Ctrl Pts',(241.246351083985,-89.2561222938538,-3.78377991194744));
#5773=CARTESIAN_POINT('Ctrl Pts',(241.274047060257,-89.2754027262974,-3.4447417475674));
#5774=CARTESIAN_POINT('Ctrl Pts',(241.269688938787,-89.272368839145,-3.27379313753016));
#5775=CARTESIAN_POINT('Ctrl Pts',(240.776293783411,-88.9288939651194,-4.49440571571334));
#5776=CARTESIAN_POINT('Ctrl Pts',(240.86371518137,-88.9897519879921,-4.38788717381058));
#5777=CARTESIAN_POINT('Ctrl Pts',(241.015532118192,-89.0954386828891,-4.14681420816151));
#5778=CARTESIAN_POINT('Ctrl Pts',(241.158690853704,-89.1950980089074,-3.72569892330936));
#5779=CARTESIAN_POINT('Ctrl Pts',(241.191242752322,-89.2177588704004,-3.42443310413326));
#5780=CARTESIAN_POINT('Ctrl Pts',(241.191242752322,-89.2177588704004,-3.27379313753016));
#5781=CARTESIAN_POINT('',(240.776293783411,-88.9288939651194,-4.49440571571334));
#5782=CARTESIAN_POINT('Ctrl Pts',(241.343526067889,-90.0960270512272,-5.92811960820807));
#5783=CARTESIAN_POINT('Ctrl Pts',(241.316391960747,-89.9416503630607,-5.83808619214804));
#5784=CARTESIAN_POINT('Ctrl Pts',(241.255843247005,-89.6670027729365,-5.63904495387002));
#5785=CARTESIAN_POINT('Ctrl Pts',(241.068142179303,-89.2270952522088,-5.10990919950888));
#5786=CARTESIAN_POINT('Ctrl Pts',(240.882325045847,-89.0027071635487,-4.68239953758343));
#5787=CARTESIAN_POINT('Ctrl Pts',(240.776293783411,-88.9288939651194,-4.49440571571334));
#5788=CARTESIAN_POINT('',(241.191242752322,-89.2177588704004,-3.27379313753017));
#5789=CARTESIAN_POINT('Origin',(239.774518354973,-88.2315123930964,-3.27379313753017));
#5790=CARTESIAN_POINT('Origin',(240.048568025734,-90.859189487032,-3.27379313753017));
#5791=CARTESIAN_POINT('Ctrl Pts',(176.008493390662,-79.9932757023583,-5.92480400066044));
#5792=CARTESIAN_POINT('Ctrl Pts',(175.914774336485,-79.9310498655269,-5.74345129266821));
#5793=CARTESIAN_POINT('Ctrl Pts',(175.763506029139,-79.8306135445109,-5.35395816904138));
#5794=CARTESIAN_POINT('Ctrl Pts',(175.600531565664,-79.7224047873811,-4.34653854953362));
#5795=CARTESIAN_POINT('Ctrl Pts',(175.57875962221,-79.7079490567639,-3.58629049209183));
#5796=CARTESIAN_POINT('Ctrl Pts',(175.57875962221,-79.7079490567639,-3.23594539841945));
#5797=CARTESIAN_POINT('Ctrl Pts',(175.876069197267,-80.091032719737,-5.83412764666433));
#5798=CARTESIAN_POINT('Ctrl Pts',(175.800615216791,-80.0257764685341,-5.65490379411166));
#5799=CARTESIAN_POINT('Ctrl Pts',(175.675787963388,-79.918426603261,-5.26647446948181));
#5800=CARTESIAN_POINT('Ctrl Pts',(175.538893423808,-79.8066681175164,-4.27209255943209));
#5801=CARTESIAN_POINT('Ctrl Pts',(175.523643463187,-79.7909601427776,-3.5668268757767));
#5802=CARTESIAN_POINT('Ctrl Pts',(175.520401336186,-79.7958431478372,-3.23594539841945));
#5803=CARTESIAN_POINT('Ctrl Pts',(175.647800578816,-80.2792702813193,-5.6336886482324));
#5804=CARTESIAN_POINT('Ctrl Pts',(175.599557676162,-80.2104161961152,-5.45536772380089));
#5805=CARTESIAN_POINT('Ctrl Pts',(175.516020820437,-80.0964679492527,-5.05877044574982));
#5806=CARTESIAN_POINT('Ctrl Pts',(175.427481145072,-79.987018831312,-4.09673895263933));
#5807=CARTESIAN_POINT('Ctrl Pts',(175.423612552027,-79.9685037099256,-3.52373012240266));
#5808=CARTESIAN_POINT('Ctrl Pts',(175.417624278054,-79.98088504259,-3.23594539841945));
#5809=CARTESIAN_POINT('Ctrl Pts',(175.330232520967,-80.6782123578115,-5.10164073202238));
#5810=CARTESIAN_POINT('Ctrl Pts',(175.320724399143,-80.5952161590538,-4.92714700116362));
#5811=CARTESIAN_POINT('Ctrl Pts',(175.304420153836,-80.4546665824718,-4.53265925866086));
#5812=CARTESIAN_POINT('Ctrl Pts',(175.30831818096,-80.2968739871791,-3.85575815182401));
#5813=CARTESIAN_POINT('Ctrl Pts',(175.312490203665,-80.2659404565426,-3.45342885708127));
#5814=CARTESIAN_POINT('Ctrl Pts',(175.309127510551,-80.279276464894,-3.23594539841945));
#5815=CARTESIAN_POINT('Ctrl Pts',(175.215167319106,-80.9689793457949,-4.67221966327441));
#5816=CARTESIAN_POINT('Ctrl Pts',(175.22663981151,-80.8663839998477,-4.54140022337667));
#5817=CARTESIAN_POINT('Ctrl Pts',(175.246616331288,-80.6877394747265,-4.25390830990443));
#5818=CARTESIAN_POINT('Ctrl Pts',(175.265948243855,-80.5148594946964,-3.75674953194436));
#5819=CARTESIAN_POINT('Ctrl Pts',(175.269701915518,-80.4812914408411,-3.41053124975413));
#5820=CARTESIAN_POINT('Ctrl Pts',(175.269050545975,-80.4871164596071,-3.23594539841945));
#5821=CARTESIAN_POINT('Ctrl Pts',(175.19990723918,-81.1054460458025,-4.48332036958039));
#5822=CARTESIAN_POINT('Ctrl Pts',(175.212004194391,-80.9972663006243,-4.37446636831175));
#5823=CARTESIAN_POINT('Ctrl Pts',(175.233011896486,-80.8094001954995,-4.12810778660536));
#5824=CARTESIAN_POINT('Ctrl Pts',(175.252821518066,-80.6322481950831,-3.69775938967195));
#5825=CARTESIAN_POINT('Ctrl Pts',(175.257325894212,-80.5919667973952,-3.38988820333214));
#5826=CARTESIAN_POINT('Ctrl Pts',(175.257325894212,-80.5919667973952,-3.23594539841945));
#5827=CARTESIAN_POINT('',(176.008493390662,-79.9932757023583,-5.92480400066044));
#5828=CARTESIAN_POINT('',(175.57875962221,-79.7079490567639,-3.23594539841945));
#5829=CARTESIAN_POINT('Ctrl Pts',(176.008493390662,-79.9932757023583,-5.92480400066044));
#5830=CARTESIAN_POINT('Ctrl Pts',(175.914774336485,-79.9310498655269,-5.74345129266821));
#5831=CARTESIAN_POINT('Ctrl Pts',(175.763506029139,-79.8306135445109,-5.35395816904138));
#5832=CARTESIAN_POINT('Ctrl Pts',(175.600531565664,-79.7224047873811,-4.34653854953362));
#5833=CARTESIAN_POINT('Ctrl Pts',(175.57875962221,-79.7079490567639,-3.58629049209183));
#5834=CARTESIAN_POINT('Ctrl Pts',(175.57875962221,-79.7079490567639,-3.23594539841945));
#5835=CARTESIAN_POINT('',(175.19990723918,-81.1054460458025,-4.48332036958039));
#5836=CARTESIAN_POINT('Ctrl Pts',(176.008493390662,-79.9932757023583,-5.92480400066044));
#5837=CARTESIAN_POINT('Ctrl Pts',(175.876069197267,-80.091032719737,-5.83412764666433));
#5838=CARTESIAN_POINT('Ctrl Pts',(175.647800578816,-80.2792702813193,-5.6336886482324));
#5839=CARTESIAN_POINT('Ctrl Pts',(175.330232520967,-80.6782123578115,-5.10164073202238));
#5840=CARTESIAN_POINT('Ctrl Pts',(175.215167319106,-80.9689793457949,-4.67221966327441));
#5841=CARTESIAN_POINT('Ctrl Pts',(175.19990723918,-81.1054460458025,-4.48332036958039));
#5842=CARTESIAN_POINT('',(175.257325894212,-80.5919667973952,-3.23594539841945));
#5843=CARTESIAN_POINT('Origin',(175.06128634347,-82.3450946113045,-3.23594539841945));
#5844=CARTESIAN_POINT('Origin',(177.244937629516,-80.8142269820476,-3.23594539841945));
#5845=CARTESIAN_POINT('Ctrl Pts',(176.008493390662,-79.9932757023583,-5.92480400066044));
#5846=CARTESIAN_POINT('Ctrl Pts',(175.876069197267,-80.091032719737,-5.83412764666433));
#5847=CARTESIAN_POINT('Ctrl Pts',(175.647800578816,-80.2792702813193,-5.6336886482324));
#5848=CARTESIAN_POINT('Ctrl Pts',(175.330232520967,-80.6782123578115,-5.10164073202238));
#5849=CARTESIAN_POINT('Ctrl Pts',(175.215167319106,-80.9689793457949,-4.67221966327441));
#5850=CARTESIAN_POINT('Ctrl Pts',(175.19990723918,-81.1054460458025,-4.48332036958039));
#5851=CARTESIAN_POINT('Ctrl Pts',(175.969788251445,-80.1532585565684,-6.01548035465656));
#5852=CARTESIAN_POINT('Ctrl Pts',(175.845463083967,-80.2426388241032,-5.9229755374596));
#5853=CARTESIAN_POINT('Ctrl Pts',(175.62567305794,-80.4220153284803,-5.72032097537698));
#5854=CARTESIAN_POINT('Ctrl Pts',(175.311687027489,-80.816624246467,-5.19403630962015));
#5855=CARTESIAN_POINT('Ctrl Pts',(175.201999262266,-81.0867376584097,-4.7820502927617));
#5856=CARTESIAN_POINT('Ctrl Pts',(175.187810283969,-81.2136257909807,-4.59217437084903));
#5857=CARTESIAN_POINT('Ctrl Pts',(175.90671027866,-80.4910461744735,-6.16534559769649));
#5858=CARTESIAN_POINT('Ctrl Pts',(175.792248923582,-80.5692847701966,-6.0723314866238));
#5859=CARTESIAN_POINT('Ctrl Pts',(175.579040924496,-80.7406049736194,-5.86448306910936));
#5860=CARTESIAN_POINT('Ctrl Pts',(175.263675324766,-81.1372608605993,-5.34573872134215));
#5861=CARTESIAN_POINT('Ctrl Pts',(175.172275725715,-81.3525470752281,-4.97379796487298));
#5862=CARTESIAN_POINT('Ctrl Pts',(175.160432432039,-81.4584583950269,-4.78121139632831));
#5863=CARTESIAN_POINT('Ctrl Pts',(175.787948598077,-81.326789205661,-6.37069422618843));
#5864=CARTESIAN_POINT('Ctrl Pts',(175.667436186071,-81.3899080394342,-6.26495486729422));
#5865=CARTESIAN_POINT('Ctrl Pts',(175.437931324205,-81.5360811271064,-6.01669876427777));
#5866=CARTESIAN_POINT('Ctrl Pts',(175.182364763916,-81.7398042773258,-5.52225468820239));
#5867=CARTESIAN_POINT('Ctrl Pts',(175.118844394189,-81.8303687855786,-5.15670861127969));
#5868=CARTESIAN_POINT('Ctrl Pts',(175.112607774955,-81.886141157034,-4.95946753888364));
#5869=CARTESIAN_POINT('Ctrl Pts',(175.683319098609,-82.0536041281796,-6.41421356237309));
#5870=CARTESIAN_POINT('Ctrl Pts',(175.564811517139,-82.0645499996575,-6.29765644825474));
#5871=CARTESIAN_POINT('Ctrl Pts',(175.351687408849,-82.0901942441079,-6.03094324800459));
#5872=CARTESIAN_POINT('Ctrl Pts',(175.135834489077,-82.1379436236084,-5.54598059094813));
#5873=CARTESIAN_POINT('Ctrl Pts',(175.080585055725,-82.1725115325411,-5.18422919882162));
#5874=CARTESIAN_POINT('Ctrl Pts',(175.078394021593,-82.1921053484995,-5.));
#5875=CARTESIAN_POINT('Ctrl Pts',(175.643444342374,-82.4101931122014,-6.41421356237309));
#5876=CARTESIAN_POINT('Ctrl Pts',(175.520795366451,-82.3964781680039,-6.29080014742424));
#5877=CARTESIAN_POINT('Ctrl Pts',(175.30780184011,-82.3726606488911,-6.01149067311925));
#5878=CARTESIAN_POINT('Ctrl Pts',(175.106955448782,-82.3502014556641,-5.52358242294623));
#5879=CARTESIAN_POINT('Ctrl Pts',(175.06128634347,-82.3450946113045,-5.17453292519943));
#5880=CARTESIAN_POINT('Ctrl Pts',(175.06128634347,-82.3450946113045,-5.));
#5881=CARTESIAN_POINT('',(175.643444342374,-82.4101931122014,-6.41421356237309));
#5882=CARTESIAN_POINT('Ctrl Pts',(176.008493390662,-79.9932757023583,-5.92480400066044));
#5883=CARTESIAN_POINT('Ctrl Pts',(175.969788251445,-80.1532585565684,-6.01548035465656));
#5884=CARTESIAN_POINT('Ctrl Pts',(175.90671027866,-80.4910461744735,-6.16534559769649));
#5885=CARTESIAN_POINT('Ctrl Pts',(175.787948598077,-81.326789205661,-6.37069422618844));
#5886=CARTESIAN_POINT('Ctrl Pts',(175.683319098609,-82.0536041281796,-6.41421356237309));
#5887=CARTESIAN_POINT('Ctrl Pts',(175.643444342374,-82.4101931122014,-6.41421356237309));
#5888=CARTESIAN_POINT('',(175.06128634347,-82.3450946113045,-5.));
#5889=CARTESIAN_POINT('Origin',(177.048898078774,-82.5673547959569,-5.));
#5890=CARTESIAN_POINT('Origin',(175.06128634347,-82.3450946113045,-3.23594539841945));
#5891=CARTESIAN_POINT('Ctrl Pts',(176.008493390662,-79.9932757023583,-5.92480400066044));
#5892=CARTESIAN_POINT('Ctrl Pts',(175.969788251445,-80.1532585565684,-6.01548035465656));
#5893=CARTESIAN_POINT('Ctrl Pts',(175.90671027866,-80.4910461744735,-6.16534559769649));
#5894=CARTESIAN_POINT('Ctrl Pts',(175.787948598077,-81.326789205661,-6.37069422618844));
#5895=CARTESIAN_POINT('Ctrl Pts',(175.683319098609,-82.0536041281796,-6.41421356237309));
#5896=CARTESIAN_POINT('Ctrl Pts',(175.643444342374,-82.4101931122014,-6.41421356237309));
#5897=CARTESIAN_POINT('Ctrl Pts',(176.102212444839,-80.0555015391897,-6.10615670865268));
#5898=CARTESIAN_POINT('Ctrl Pts',(176.063727496883,-80.2170341200122,-6.17881161720034));
#5899=CARTESIAN_POINT('Ctrl Pts',(176.000301039888,-80.5585178559271,-6.30375009646809));
#5900=CARTESIAN_POINT('Ctrl Pts',(175.888770669155,-81.3959367162863,-6.49150241783713));
#5901=CARTESIAN_POINT('Ctrl Pts',(175.797396151608,-82.0822792549263,-6.53077067649144));
#5902=CARTESIAN_POINT('Ctrl Pts',(175.766093318297,-82.423908056399,-6.53762697732193));
#5903=CARTESIAN_POINT('Ctrl Pts',(176.316493684634,-80.197776016675,-6.41801673946253));
#5904=CARTESIAN_POINT('Ctrl Pts',(176.277360260457,-80.3633443480568,-6.46662788614915));
#5905=CARTESIAN_POINT('Ctrl Pts',(176.215336608347,-80.7180820447781,-6.56003565215466));
#5906=CARTESIAN_POINT('Ctrl Pts',(176.12549774836,-81.5600321168194,-6.71621783889382));
#5907=CARTESIAN_POINT('Ctrl Pts',(176.058540694799,-82.1469441964512,-6.73972481859474));
#5908=CARTESIAN_POINT('Ctrl Pts',(176.043672712753,-82.4549477440661,-6.75194803666999));
#5909=CARTESIAN_POINT('Ctrl Pts',(176.883279291867,-80.5740997965483,-6.86124820533688));
#5910=CARTESIAN_POINT('Ctrl Pts',(176.83119384279,-80.750456623716,-6.8802451780788));
#5911=CARTESIAN_POINT('Ctrl Pts',(176.744984059135,-81.1357432583372,-6.92297496673156));
#5912=CARTESIAN_POINT('Ctrl Pts',(176.596503056657,-81.8118594695914,-6.95068612546356));
#5913=CARTESIAN_POINT('Ctrl Pts',(176.533662300946,-82.2619806978358,-6.94893432386134));
#5914=CARTESIAN_POINT('Ctrl Pts',(176.52855879465,-82.5091690329545,-6.95404625108538));
#5915=CARTESIAN_POINT('Ctrl Pts',(177.375904019676,-80.9011836131839,-7.));
#5916=CARTESIAN_POINT('Ctrl Pts',(177.288296306129,-81.0602083099107,-7.));
#5917=CARTESIAN_POINT('Ctrl Pts',(177.128740579535,-81.393556818964,-7.));
#5918=CARTESIAN_POINT('Ctrl Pts',(176.947873925039,-81.9496917680993,-7.));
#5919=CARTESIAN_POINT('Ctrl Pts',(176.888316992663,-82.3456077183193,-7.));
#5920=CARTESIAN_POINT('Ctrl Pts',(176.875446233612,-82.5479589358656,-7.));
#5921=CARTESIAN_POINT('Ctrl Pts',(177.600504143448,-81.0503094315868,-7.));
#5922=CARTESIAN_POINT('Ctrl Pts',(177.500356642763,-81.2011427432837,-7.));
#5923=CARTESIAN_POINT('Ctrl Pts',(177.323982965589,-81.5186894799007,-7.));
#5924=CARTESIAN_POINT('Ctrl Pts',(177.137793808262,-82.0307530994054,-7.));
#5925=CARTESIAN_POINT('Ctrl Pts',(177.069018521825,-82.3874232045609,-7.));
#5926=CARTESIAN_POINT('Ctrl Pts',(177.048898078774,-82.5673547959569,-7.));
#5927=CARTESIAN_POINT('',(177.600504143448,-81.0503094315868,-7.));
#5928=CARTESIAN_POINT('Ctrl Pts',(176.008493390662,-79.9932757023583,-5.92480400066044));
#5929=CARTESIAN_POINT('Ctrl Pts',(176.102212444839,-80.0555015391897,-6.10615670865268));
#5930=CARTESIAN_POINT('Ctrl Pts',(176.316493684634,-80.197776016675,-6.41801673946253));
#5931=CARTESIAN_POINT('Ctrl Pts',(176.883279291867,-80.5740997965483,-6.86124820533688));
#5932=CARTESIAN_POINT('Ctrl Pts',(177.375904019676,-80.9011836131839,-7.));
#5933=CARTESIAN_POINT('Ctrl Pts',(177.600504143448,-81.0503094315868,-7.));
#5934=CARTESIAN_POINT('',(177.048898078774,-82.5673547959569,-7.));
#5935=CARTESIAN_POINT('Origin',(180.459799275233,-82.9487711039263,-7.));
#5936=CARTESIAN_POINT('Origin',(177.048898078774,-82.5673547959569,-5.));
#5937=CARTESIAN_POINT('Ctrl Pts',(176.008493390662,-79.9932757023583,-5.92480400066044));
#5938=CARTESIAN_POINT('Ctrl Pts',(176.102212444839,-80.0555015391897,-6.10615670865268));
#5939=CARTESIAN_POINT('Ctrl Pts',(176.316493684634,-80.197776016675,-6.41801673946253));
#5940=CARTESIAN_POINT('Ctrl Pts',(176.883279291867,-80.5740997965483,-6.86124820533688));
#5941=CARTESIAN_POINT('Ctrl Pts',(177.375904019676,-80.9011836131839,-7.));
#5942=CARTESIAN_POINT('Ctrl Pts',(177.600504143448,-81.0503094315868,-7.));
#5943=CARTESIAN_POINT('Ctrl Pts',(176.140917584057,-79.8955186849796,-6.01548035465656));
#5944=CARTESIAN_POINT('Ctrl Pts',(176.236150360264,-79.9573460467393,-6.17881161720034));
#5945=CARTESIAN_POINT('Ctrl Pts',(176.453899403537,-80.0974566982116,-6.46662788614915));
#5946=CARTESIAN_POINT('Ctrl Pts',(177.025601638719,-80.4576567886817,-6.8802451780788));
#5947=CARTESIAN_POINT('Ctrl Pts',(177.488467302532,-80.7587284518351,-7.));
#5948=CARTESIAN_POINT('Ctrl Pts',(177.700651644133,-80.8994761198899,-7.));
#5949=CARTESIAN_POINT('Ctrl Pts',(176.427753144627,-79.7062974740827,-6.16534559769648));
#5950=CARTESIAN_POINT('Ctrl Pts',(176.526257128726,-79.7663692936157,-6.30375009646809));
#5951=CARTESIAN_POINT('Ctrl Pts',(176.756765785963,-79.9026292840923,-6.56003565215465));
#5952=CARTESIAN_POINT('Ctrl Pts',(177.347236754161,-80.2286834930118,-6.92297496673156));
#5953=CARTESIAN_POINT('Ctrl Pts',(177.733771092797,-80.4823133493926,-7.));
#5954=CARTESIAN_POINT('Ctrl Pts',(177.924865459832,-80.6136933898562,-7.));
#5955=CARTESIAN_POINT('Ctrl Pts',(177.151908912855,-79.2725127644689,-6.37069422618842));
#5956=CARTESIAN_POINT('Ctrl Pts',(177.254763675504,-79.3385988147566,-6.49150241783711));
#5957=CARTESIAN_POINT('Ctrl Pts',(177.497866348022,-79.4930918602943,-6.71621783889381));
#5958=CARTESIAN_POINT('Ctrl Pts',(177.912742666408,-79.8294557354212,-6.95068612546356));
#5959=CARTESIAN_POINT('Ctrl Pts',(178.176130869279,-80.0997997463547,-7.));
#5960=CARTESIAN_POINT('Ctrl Pts',(178.324542338023,-80.2433773818767,-7.));
#5961=CARTESIAN_POINT('Ctrl Pts',(177.781157829115,-78.894024897899,-6.41421356237308));
#5962=CARTESIAN_POINT('Ctrl Pts',(177.851856032074,-78.9880334135419,-6.53077067649143));
#5963=CARTESIAN_POINT('Ctrl Pts',(178.012796609033,-79.2036167101791,-6.73972481859474));
#5964=CARTESIAN_POINT('Ctrl Pts',(178.303200082663,-79.59685933221,-6.94893432386134));
#5965=CARTESIAN_POINT('Ctrl Pts',(178.517905553287,-79.8912654968806,-7.));
#5966=CARTESIAN_POINT('Ctrl Pts',(178.626569544491,-80.041577554104,-7.));
#5967=CARTESIAN_POINT('Ctrl Pts',(178.094325833082,-78.7188920882897,-6.41421356237308));
#5968=CARTESIAN_POINT('Ctrl Pts',(178.154562858654,-78.8266063943944,-6.53762697732192));
#5969=CARTESIAN_POINT('Ctrl Pts',(178.290891408943,-79.0703856158484,-6.75194803666998));
#5970=CARTESIAN_POINT('Ctrl Pts',(178.529035226246,-79.4962282896931,-6.95404625108538));
#5971=CARTESIAN_POINT('Ctrl Pts',(178.699403281698,-79.8008760823302,-7.));
#5972=CARTESIAN_POINT('Ctrl Pts',(178.784591300219,-79.953207114885,-7.));
#5973=CARTESIAN_POINT('',(178.094325833082,-78.7188920882897,-6.41421356237308));
#5974=CARTESIAN_POINT('Ctrl Pts',(176.008493390662,-79.9932757023583,-5.92480400066044));
#5975=CARTESIAN_POINT('Ctrl Pts',(176.140917584057,-79.8955186849796,-6.01548035465656));
#5976=CARTESIAN_POINT('Ctrl Pts',(176.427753144627,-79.7062974740827,-6.16534559769648));
#5977=CARTESIAN_POINT('Ctrl Pts',(177.151908912855,-79.2725127644689,-6.37069422618842));
#5978=CARTESIAN_POINT('Ctrl Pts',(177.781157829115,-78.894024897899,-6.41421356237308));
#5979=CARTESIAN_POINT('Ctrl Pts',(178.094325833082,-78.7188920882897,-6.41421356237308));
#5980=CARTESIAN_POINT('',(178.784591300219,-79.953207114885,-7.));
#5981=CARTESIAN_POINT('Origin',(178.784591300219,-79.953207114885,-5.));
#5982=CARTESIAN_POINT('Origin',(180.459799275233,-82.9487711039263,-7.));
#5983=CARTESIAN_POINT('Ctrl Pts',(176.008493390662,-79.9932757023583,-5.92480400066044));
#5984=CARTESIAN_POINT('Ctrl Pts',(176.140917584057,-79.8955186849796,-6.01548035465656));
#5985=CARTESIAN_POINT('Ctrl Pts',(176.427753144627,-79.7062974740827,-6.16534559769648));
#5986=CARTESIAN_POINT('Ctrl Pts',(177.151908912855,-79.2725127644689,-6.37069422618842));
#5987=CARTESIAN_POINT('Ctrl Pts',(177.781157829115,-78.894024897899,-6.41421356237308));
#5988=CARTESIAN_POINT('Ctrl Pts',(178.094325833082,-78.7188920882897,-6.41421356237308));
#5989=CARTESIAN_POINT('Ctrl Pts',(176.04719852988,-79.8332928481482,-5.83412764666433));
#5990=CARTESIAN_POINT('Ctrl Pts',(176.175045502332,-79.7462509232655,-5.92297553745959));
#5991=CARTESIAN_POINT('Ctrl Pts',(176.455440481292,-79.5704442773762,-6.07233148662379));
#5992=CARTESIAN_POINT('Ctrl Pts',(177.163313192587,-79.1369503396298,-6.26495486729421));
#5993=CARTESIAN_POINT('Ctrl Pts',(177.745256071041,-78.7805571811884,-6.29765644825472));
#5994=CARTESIAN_POINT('Ctrl Pts',(178.034088807511,-78.6111777821851,-6.29080014742423));
#5995=CARTESIAN_POINT('Ctrl Pts',(176.13209828517,-79.5498638917734,-5.63368864823239));
#5996=CARTESIAN_POINT('Ctrl Pts',(176.255068985578,-79.4740748258719,-5.72032097537697));
#5997=CARTESIAN_POINT('Ctrl Pts',(176.530593369521,-79.3074608057173,-5.86448306910935));
#5998=CARTESIAN_POINT('Ctrl Pts',(177.208965397348,-78.8687061796185,-6.01669876427775));
#5999=CARTESIAN_POINT('Ctrl Pts',(177.686182476149,-78.5741841616476,-6.03094324800457));
#6000=CARTESIAN_POINT('Ctrl Pts',(177.929480543183,-78.4241199635447,-6.01149067311922));
#6001=CARTESIAN_POINT('Ctrl Pts',(176.37653437368,-79.1023650086505,-5.10164073202236));
#6002=CARTESIAN_POINT('Ctrl Pts',(176.496901607755,-79.0315588280546,-5.19403630962013));
#6003=CARTESIAN_POINT('Ctrl Pts',(176.773777159822,-78.8628789816348,-5.34573872134212));
#6004=CARTESIAN_POINT('Ctrl Pts',(177.297543467124,-78.5541091131543,-5.52225468820237));
#6005=CARTESIAN_POINT('Ctrl Pts',(177.646422609742,-78.3567177521956,-5.5459805909481));
#6006=CARTESIAN_POINT('Ctrl Pts',(177.830838144261,-78.247730152601,-5.5235824229462));
#6007=CARTESIAN_POINT('Ctrl Pts',(176.599859484451,-78.8834784241391,-4.67221966327439));
#6008=CARTESIAN_POINT('Ctrl Pts',(176.703278651516,-78.825643367345,-4.78205029276168));
#6009=CARTESIAN_POINT('Ctrl Pts',(176.936721097107,-78.6950954478244,-4.97379796487295));
#6010=CARTESIAN_POINT('Ctrl Pts',(177.35635961088,-78.4604211803185,-5.15670861127966));
#6011=CARTESIAN_POINT('Ctrl Pts',(177.656840461212,-78.2923834022381,-5.18422919882159));
#6012=CARTESIAN_POINT('Ctrl Pts',(177.808408514957,-78.207622064033,-5.17453292519939));
#6013=CARTESIAN_POINT('Ctrl Pts',(176.719708963724,-78.8164550508401,-4.48332036958036));
#6014=CARTESIAN_POINT('Ctrl Pts',(176.814715922394,-78.7633243497674,-4.592174370849));
#6015=CARTESIAN_POINT('Ctrl Pts',(177.029735851082,-78.6430788465357,-4.78121139632827));
#6016=CARTESIAN_POINT('Ctrl Pts',(177.405340715254,-78.4330294981599,-4.9594675388836));
#6017=CARTESIAN_POINT('Ctrl Pts',(177.674048385486,-78.2827602220684,-4.99999999999996));
#6018=CARTESIAN_POINT('Ctrl Pts',(177.808408514957,-78.207622064033,-4.99999999999996));
#6019=CARTESIAN_POINT('',(176.719708963724,-78.8164550508401,-4.48332036958036));
#6020=CARTESIAN_POINT('Ctrl Pts',(176.008493390662,-79.9932757023583,-5.92480400066044));
#6021=CARTESIAN_POINT('Ctrl Pts',(176.04719852988,-79.8332928481482,-5.83412764666433));
#6022=CARTESIAN_POINT('Ctrl Pts',(176.13209828517,-79.5498638917734,-5.63368864823239));
#6023=CARTESIAN_POINT('Ctrl Pts',(176.37653437368,-79.1023650086505,-5.10164073202236));
#6024=CARTESIAN_POINT('Ctrl Pts',(176.599859484451,-78.8834784241391,-4.67221966327439));
#6025=CARTESIAN_POINT('Ctrl Pts',(176.719708963724,-78.8164550508401,-4.48332036958036));
#6026=CARTESIAN_POINT('',(177.808408514957,-78.207622064033,-5.));
#6027=CARTESIAN_POINT('Origin',(177.808408514957,-78.207622064033,-3.23594539841945));
#6028=CARTESIAN_POINT('Origin',(178.784591300219,-79.953207114885,-5.));
#6029=CARTESIAN_POINT('Ctrl Pts',(243.536334750843,-111.748095912577,-5.94041196198819));
#6030=CARTESIAN_POINT('Ctrl Pts',(243.590366108512,-111.767674802899,-5.84880191164158));
#6031=CARTESIAN_POINT('Ctrl Pts',(243.68810598244,-111.80304313724,-5.65298846644298));
#6032=CARTESIAN_POINT('Ctrl Pts',(243.80903331293,-111.848657280123,-5.302809949558));
#6033=CARTESIAN_POINT('Ctrl Pts',(243.906920696121,-111.888429785863,-4.86715686053097));
#6034=CARTESIAN_POINT('Ctrl Pts',(243.977520078907,-111.923458357498,-4.32275092592257));
#6035=CARTESIAN_POINT('Ctrl Pts',(244.007389589729,-111.948929509848,-3.7294767064451));
#6036=CARTESIAN_POINT('Ctrl Pts',(244.004821969699,-111.955688435433,-3.40522134008487));
#6037=CARTESIAN_POINT('Ctrl Pts',(244.004821969699,-111.955688435433,-3.2358057821147));
#6038=CARTESIAN_POINT('Ctrl Pts',(243.649346409501,-111.613630157676,-5.84549793706905));
#6039=CARTESIAN_POINT('Ctrl Pts',(243.693894790653,-111.638249376614,-5.75466081643629));
#6040=CARTESIAN_POINT('Ctrl Pts',(243.775008312368,-111.683185118279,-5.56055958396869));
#6041=CARTESIAN_POINT('Ctrl Pts',(243.876596096596,-111.740698144608,-5.21246094874429));
#6042=CARTESIAN_POINT('Ctrl Pts',(243.959342549918,-111.789570272465,-4.78260124396488));
#6043=CARTESIAN_POINT('Ctrl Pts',(244.018100185653,-111.830211339971,-4.25690073188865));
#6044=CARTESIAN_POINT('Ctrl Pts',(244.042431355883,-111.856901047103,-3.70316247860839));
#6045=CARTESIAN_POINT('Ctrl Pts',(244.042167625859,-111.860116778574,-3.39701101717335));
#6046=CARTESIAN_POINT('Ctrl Pts',(244.043234644606,-111.857386159806,-3.2358057821147));
#6047=CARTESIAN_POINT('Ctrl Pts',(243.835858076461,-111.365851731696,-5.63661132716148));
#6048=CARTESIAN_POINT('Ctrl Pts',(243.866147239049,-111.397527654918,-5.54626493412633));
#6049=CARTESIAN_POINT('Ctrl Pts',(243.921798374868,-111.455611014062,-5.35220731372827));
#6050=CARTESIAN_POINT('Ctrl Pts',(243.992366144412,-111.528837968186,-5.00461068369115));
#6051=CARTESIAN_POINT('Ctrl Pts',(244.048854016403,-111.589174416043,-4.58562343273922));
#6052=CARTESIAN_POINT('Ctrl Pts',(244.08653671181,-111.635670200166,-4.10360567759055));
#6053=CARTESIAN_POINT('Ctrl Pts',(244.100799236816,-111.663186192838,-3.64137948109731));
#6054=CARTESIAN_POINT('Ctrl Pts',(244.102850666902,-111.661376118839,-3.37787938954502));
#6055=CARTESIAN_POINT('Ctrl Pts',(244.104464645146,-111.654688979439,-3.2358057821147));
#6056=CARTESIAN_POINT('Ctrl Pts',(244.044577272115,-110.942199159018,-5.09878791682876));
#6057=CARTESIAN_POINT('Ctrl Pts',(244.057723845876,-110.983561125923,-5.01146926957042));
#6058=CARTESIAN_POINT('Ctrl Pts',(244.081640654039,-111.060013883836,-4.82716846951351));
#6059=CARTESIAN_POINT('Ctrl Pts',(244.110106906727,-111.1590512193,-4.52007485971848));
#6060=CARTESIAN_POINT('Ctrl Pts',(244.130071875415,-111.243292519852,-4.1908441105673));
#6061=CARTESIAN_POINT('Ctrl Pts',(244.14080258075,-111.309577045063,-3.86345635839883));
#6062=CARTESIAN_POINT('Ctrl Pts',(244.145215546506,-111.347720632754,-3.55711281126637));
#6063=CARTESIAN_POINT('Ctrl Pts',(244.146999418624,-111.346839939514,-3.34449075456742));
#6064=CARTESIAN_POINT('Ctrl Pts',(244.147228262159,-111.339964592995,-3.2358057821147));
#6065=CARTESIAN_POINT('Ctrl Pts',(244.092690551688,-110.645558306889,-4.67181856112947));
#6066=CARTESIAN_POINT('Ctrl Pts',(244.097971327435,-110.696939128112,-4.60639542596112));
#6067=CARTESIAN_POINT('Ctrl Pts',(244.107843277742,-110.792991098142,-4.46928979951817));
#6068=CARTESIAN_POINT('Ctrl Pts',(244.120425966746,-110.915417977294,-4.24517724432345));
#6069=CARTESIAN_POINT('Ctrl Pts',(244.130542474143,-111.013849435634,-4.00505016460736));
#6070=CARTESIAN_POINT('Ctrl Pts',(244.137868621158,-111.085131282858,-3.75371428932612));
#6071=CARTESIAN_POINT('Ctrl Pts',(244.142055716266,-111.125870824821,-3.49662347599214));
#6072=CARTESIAN_POINT('Ctrl Pts',(244.142602901936,-111.13119482464,-3.3230751206757));
#6073=CARTESIAN_POINT('Ctrl Pts',(244.142303169985,-111.128278496707,-3.2358057821147));
#6074=CARTESIAN_POINT('Ctrl Pts',(244.078684029367,-110.509277833381,-4.48327947691149));
#6075=CARTESIAN_POINT('Ctrl Pts',(244.084249010909,-110.563423916341,-4.42884816864594));
#6076=CARTESIAN_POINT('Ctrl Pts',(244.094649447355,-110.664617943745,-4.31285063877782));
#6077=CARTESIAN_POINT('Ctrl Pts',(244.107794710096,-110.792518545314,-4.12042556276958));
#6078=CARTESIAN_POINT('Ctrl Pts',(244.118259629796,-110.894339981017,-3.91286445648796));
#6079=CARTESIAN_POINT('Ctrl Pts',(244.125865157358,-110.968340141351,-3.69371869592073));
#6080=CARTESIAN_POINT('Ctrl Pts',(244.130481157796,-111.013252840657,-3.4667378296081));
#6081=CARTESIAN_POINT('Ctrl Pts',(244.131512819724,-111.02329069109,-3.31278327648156));
#6082=CARTESIAN_POINT('Ctrl Pts',(244.131512819724,-111.02329069109,-3.2358057821147));
#6083=CARTESIAN_POINT('',(243.536334750843,-111.748095912577,-5.94041196198819));
#6084=CARTESIAN_POINT('',(244.004821969699,-111.955688435433,-3.2358057821147));
#6085=CARTESIAN_POINT('Ctrl Pts',(243.536334750843,-111.748095912577,-5.94041196198819));
#6086=CARTESIAN_POINT('Ctrl Pts',(243.590366108512,-111.767674802899,-5.84880191164158));
#6087=CARTESIAN_POINT('Ctrl Pts',(243.68810598244,-111.80304313724,-5.65298846644298));
#6088=CARTESIAN_POINT('Ctrl Pts',(243.80903331293,-111.848657280123,-5.302809949558));
#6089=CARTESIAN_POINT('Ctrl Pts',(243.906920696121,-111.888429785863,-4.86715686053097));
#6090=CARTESIAN_POINT('Ctrl Pts',(243.977520078907,-111.923458357498,-4.32275092592257));
#6091=CARTESIAN_POINT('Ctrl Pts',(244.007389589729,-111.948929509848,-3.7294767064451));
#6092=CARTESIAN_POINT('Ctrl Pts',(244.004821969699,-111.955688435433,-3.40522134008487));
#6093=CARTESIAN_POINT('Ctrl Pts',(244.004821969699,-111.955688435433,-3.2358057821147));
#6094=CARTESIAN_POINT('',(244.078684029367,-110.509277833381,-4.48327947691149));
#6095=CARTESIAN_POINT('Ctrl Pts',(243.536334750843,-111.748095912577,-5.94041196198819));
#6096=CARTESIAN_POINT('Ctrl Pts',(243.649346409501,-111.613630157676,-5.84549793706905));
#6097=CARTESIAN_POINT('Ctrl Pts',(243.835858076461,-111.365851731696,-5.63661132716148));
#6098=CARTESIAN_POINT('Ctrl Pts',(244.044577272115,-110.942199159018,-5.09878791682876));
#6099=CARTESIAN_POINT('Ctrl Pts',(244.092690551688,-110.645558306889,-4.67181856112947));
#6100=CARTESIAN_POINT('Ctrl Pts',(244.078684029367,-110.509277833381,-4.48327947691149));
#6101=CARTESIAN_POINT('',(244.131512819724,-111.02329069109,-3.2358057821147));
#6102=CARTESIAN_POINT('Origin',(243.951144047203,-109.268341021066,-3.2358057821147));
#6103=CARTESIAN_POINT('Origin',(242.141993012627,-111.227767920063,-3.2358057821147));
#6104=CARTESIAN_POINT('Ctrl Pts',(243.536334750843,-111.748095912577,-5.94041196198819));
#6105=CARTESIAN_POINT('Ctrl Pts',(243.649346409501,-111.613630157676,-5.84549793706905));
#6106=CARTESIAN_POINT('Ctrl Pts',(243.835858076461,-111.365851731696,-5.63661132716148));
#6107=CARTESIAN_POINT('Ctrl Pts',(244.044577272115,-110.942199159018,-5.09878791682876));
#6108=CARTESIAN_POINT('Ctrl Pts',(244.092690551688,-110.645558306889,-4.67181856112947));
#6109=CARTESIAN_POINT('Ctrl Pts',(244.078684029367,-110.509277833381,-4.48327947691149));
#6110=CARTESIAN_POINT('Ctrl Pts',(243.538809222503,-111.661284144804,-5.98456499987523));
#6111=CARTESIAN_POINT('Ctrl Pts',(243.648629588132,-111.531521875344,-5.88924366657358));
#6112=CARTESIAN_POINT('Ctrl Pts',(243.830732790233,-111.292500997311,-5.68002709882137));
#6113=CARTESIAN_POINT('Ctrl Pts',(244.038519965797,-110.873143662841,-5.14533067503291));
#6114=CARTESIAN_POINT('Ctrl Pts',(244.086631635812,-110.58660634825,-4.72676730273015));
#6115=CARTESIAN_POINT('Ctrl Pts',(244.073119047825,-110.455131750421,-4.53771078517705));
#6116=CARTESIAN_POINT('Ctrl Pts',(243.540091009236,-111.477139419148,-6.06585979067768));
#6117=CARTESIAN_POINT('Ctrl Pts',(243.644442540894,-111.356880969973,-5.97017792649743));
#6118=CARTESIAN_POINT('Ctrl Pts',(243.818402538357,-111.13710616813,-5.75956262453917));
#6119=CARTESIAN_POINT('Ctrl Pts',(244.026594603902,-110.724464901993,-5.23025247049516));
#6120=CARTESIAN_POINT('Ctrl Pts',(244.073750368533,-110.461274366201,-4.82956002684509));
#6121=CARTESIAN_POINT('Ctrl Pts',(244.061259621088,-110.339742058797,-4.63943787232957));
#6122=CARTESIAN_POINT('Ctrl Pts',(243.528915939094,-111.161304694768,-6.17323209869343));
#6123=CARTESIAN_POINT('Ctrl Pts',(243.626703654565,-111.059348966942,-6.07646115805747));
#6124=CARTESIAN_POINT('Ctrl Pts',(243.797942896524,-110.852900840629,-5.85935952176607));
#6125=CARTESIAN_POINT('Ctrl Pts',(244.007791699796,-110.469385339181,-5.33868731188394));
#6126=CARTESIAN_POINT('Ctrl Pts',(244.052201621534,-110.251609655907,-4.96055458967093));
#6127=CARTESIAN_POINT('Ctrl Pts',(244.041586347924,-110.148325308747,-4.76801221585985));
#6128=CARTESIAN_POINT('Ctrl Pts',(243.501836156599,-110.784735613293,-6.27003900064549));
#6129=CARTESIAN_POINT('Ctrl Pts',(243.599451272715,-110.693707995837,-6.17013862344908));
#6130=CARTESIAN_POINT('Ctrl Pts',(243.77720078416,-110.503617111038,-5.94052281415648));
#6131=CARTESIAN_POINT('Ctrl Pts',(243.985936776619,-110.185318515544,-5.43125457126524));
#6132=CARTESIAN_POINT('Ctrl Pts',(244.028671324408,-110.022664885709,-5.06516879097984));
#6133=CARTESIAN_POINT('Ctrl Pts',(244.020365587997,-109.941851842682,-4.87037001630897));
#6134=CARTESIAN_POINT('Ctrl Pts',(243.463296865184,-110.306375263701,-6.35570500713032));
#6135=CARTESIAN_POINT('Ctrl Pts',(243.566333655826,-110.238683676126,-6.24894473062412));
#6136=CARTESIAN_POINT('Ctrl Pts',(243.75460609162,-110.096796633381,-6.0008457973994));
#6137=CARTESIAN_POINT('Ctrl Pts',(243.959471992311,-109.885082582807,-5.50417412399583));
#6138=CARTESIAN_POINT('Ctrl Pts',(244.00362800772,-109.778998758013,-5.13891471292));
#6139=CARTESIAN_POINT('Ctrl Pts',(243.997960429066,-109.723854427037,-4.94475998726637));
#6140=CARTESIAN_POINT('Ctrl Pts',(243.416775683292,-109.78099383672,-6.40972038028874));
#6141=CARTESIAN_POINT('Ctrl Pts',(243.5280197566,-109.749240426505,-6.29442122636402));
#6142=CARTESIAN_POINT('Ctrl Pts',(243.728686050302,-109.679471523783,-6.02923289184246));
#6143=CARTESIAN_POINT('Ctrl Pts',(243.930544320488,-109.588846728077,-5.54310781735242));
#6144=CARTESIAN_POINT('Ctrl Pts',(243.977665132982,-109.5263855267,-5.17760259922185));
#6145=CARTESIAN_POINT('Ctrl Pts',(243.974754219779,-109.498062962356,-4.98990927318527));
#6146=CARTESIAN_POINT('Ctrl Pts',(243.384018113748,-109.479927405253,-6.4142135623731));
#6147=CARTESIAN_POINT('Ctrl Pts',(243.502891213902,-109.462956607093,-6.2942282978395));
#6148=CARTESIAN_POINT('Ctrl Pts',(243.712086839324,-109.428349520762,-6.02121696056193));
#6149=CARTESIAN_POINT('Ctrl Pts',(243.91384576292,-109.379912122727,-5.53478150694719));
#6150=CARTESIAN_POINT('Ctrl Pts',(243.960019092107,-109.354693314244,-5.17938106201053));
#6151=CARTESIAN_POINT('Ctrl Pts',(243.959014119574,-109.344915145937,-5.));
#6152=CARTESIAN_POINT('Ctrl Pts',(243.368427187009,-109.328231014833,-6.4142135623731));
#6153=CARTESIAN_POINT('Ctrl Pts',(243.49119390376,-109.31561339828,-6.29080014742425));
#6154=CARTESIAN_POINT('Ctrl Pts',(243.704391900086,-109.293701510117,-6.01149067311925));
#6155=CARTESIAN_POINT('Ctrl Pts',(243.905431100365,-109.273039268685,-5.52358242294624));
#6156=CARTESIAN_POINT('Ctrl Pts',(243.951144047203,-109.268341021066,-5.17453292519943));
#6157=CARTESIAN_POINT('Ctrl Pts',(243.951144047203,-109.268341021066,-5.));
#6158=CARTESIAN_POINT('',(243.368427187009,-109.328231014833,-6.4142135623731));
#6159=CARTESIAN_POINT('Ctrl Pts',(243.536334750843,-111.748095912577,-5.94041196198819));
#6160=CARTESIAN_POINT('Ctrl Pts',(243.538809222503,-111.661284144804,-5.98456499987523));
#6161=CARTESIAN_POINT('Ctrl Pts',(243.540091009236,-111.477139419148,-6.06585979067768));
#6162=CARTESIAN_POINT('Ctrl Pts',(243.528915939094,-111.161304694768,-6.17323209869344));
#6163=CARTESIAN_POINT('Ctrl Pts',(243.501836156599,-110.784735613293,-6.27003900064549));
#6164=CARTESIAN_POINT('Ctrl Pts',(243.463296865184,-110.306375263701,-6.35570500713032));
#6165=CARTESIAN_POINT('Ctrl Pts',(243.416775683292,-109.78099383672,-6.40972038028874));
#6166=CARTESIAN_POINT('Ctrl Pts',(243.384018113748,-109.479927405253,-6.4142135623731));
#6167=CARTESIAN_POINT('Ctrl Pts',(243.368427187009,-109.328231014833,-6.4142135623731));
#6168=CARTESIAN_POINT('',(243.951144047203,-109.268341021066,-5.));
#6169=CARTESIAN_POINT('Origin',(241.961624240106,-109.472818250038,-5.));
#6170=CARTESIAN_POINT('Origin',(243.951144047203,-109.268341021066,-3.2358057821147));
#6171=CARTESIAN_POINT('Ctrl Pts',(243.536334750843,-111.748095912577,-5.94041196198819));
#6172=CARTESIAN_POINT('Ctrl Pts',(243.538809222503,-111.661284144804,-5.98456499987523));
#6173=CARTESIAN_POINT('Ctrl Pts',(243.540091009236,-111.477139419148,-6.06585979067768));
#6174=CARTESIAN_POINT('Ctrl Pts',(243.528915939094,-111.161304694768,-6.17323209869344));
#6175=CARTESIAN_POINT('Ctrl Pts',(243.501836156599,-110.784735613293,-6.27003900064549));
#6176=CARTESIAN_POINT('Ctrl Pts',(243.463296865184,-110.306375263701,-6.35570500713032));
#6177=CARTESIAN_POINT('Ctrl Pts',(243.416775683292,-109.78099383672,-6.40972038028874));
#6178=CARTESIAN_POINT('Ctrl Pts',(243.384018113748,-109.479927405253,-6.4142135623731));
#6179=CARTESIAN_POINT('Ctrl Pts',(243.368427187009,-109.328231014833,-6.4142135623731));
#6180=CARTESIAN_POINT('Ctrl Pts',(243.428272035504,-111.708938131931,-6.12363206268142));
#6181=CARTESIAN_POINT('Ctrl Pts',(243.431094095256,-111.620237894955,-6.1585682885068));
#6182=CARTESIAN_POINT('Ctrl Pts',(243.433151435566,-111.431975880655,-6.22421557447366));
#6183=CARTESIAN_POINT('Ctrl Pts',(243.421890540991,-111.110567734257,-6.31479427648943));
#6184=CARTESIAN_POINT('Ctrl Pts',(243.392590850191,-110.730101912038,-6.40034237825943));
#6185=CARTESIAN_POINT('Ctrl Pts',(243.350404411165,-110.256043772393,-6.47805196680563));
#6186=CARTESIAN_POINT('Ctrl Pts',(243.299966355133,-109.75983277683,-6.52627129697066));
#6187=CARTESIAN_POINT('Ctrl Pts',(243.263412688402,-109.480043048923,-6.5341988269067));
#6188=CARTESIAN_POINT('Ctrl Pts',(243.245660470258,-109.340848631387,-6.53762697732194));
#6189=CARTESIAN_POINT('Ctrl Pts',(243.181734613607,-111.619340474976,-6.43536498622816));
#6190=CARTESIAN_POINT('Ctrl Pts',(243.185514184798,-111.526321890224,-6.45834046625556));
#6191=CARTESIAN_POINT('Ctrl Pts',(243.188840543147,-111.32813223662,-6.50341339323735));
#6192=CARTESIAN_POINT('Ctrl Pts',(243.174714337403,-110.991104724344,-6.57203784702281));
#6193=CARTESIAN_POINT('Ctrl Pts',(243.137096672107,-110.598412432935,-6.64183373091805));
#6194=CARTESIAN_POINT('Ctrl Pts',(243.086775996972,-110.138851968295,-6.70282914325302));
#6195=CARTESIAN_POINT('Ctrl Pts',(243.030746112273,-109.713054984286,-6.73626847329073));
#6196=CARTESIAN_POINT('Ctrl Pts',(242.989203662043,-109.482382601998,-6.74583642763237));
#6197=CARTESIAN_POINT('Ctrl Pts',(242.967814604538,-109.369404845053,-6.75194803666999));
#6198=CARTESIAN_POINT('Ctrl Pts',(242.538427383156,-111.3720318316,-6.86368650073525));
#6199=CARTESIAN_POINT('Ctrl Pts',(242.550374143686,-111.26408496126,-6.87287200869376));
#6200=CARTESIAN_POINT('Ctrl Pts',(242.570350861167,-111.034496673152,-6.89173044999688));
#6201=CARTESIAN_POINT('Ctrl Pts',(242.581312837474,-110.680102144655,-6.91867392705428));
#6202=CARTESIAN_POINT('Ctrl Pts',(242.576274711922,-110.314759959018,-6.93869078203684));
#6203=CARTESIAN_POINT('Ctrl Pts',(242.566659533837,-109.955408931813,-6.94668629747702));
#6204=CARTESIAN_POINT('Ctrl Pts',(242.539546709474,-109.66603486402,-6.94676845301085));
#6205=CARTESIAN_POINT('Ctrl Pts',(242.501518880078,-109.495158469033,-6.95149028747336));
#6206=CARTESIAN_POINT('Ctrl Pts',(242.482463040656,-109.419287908547,-6.95404625108538));
#6207=CARTESIAN_POINT('Ctrl Pts',(241.987484335783,-111.155618821383,-7.));
#6208=CARTESIAN_POINT('Ctrl Pts',(242.019966255578,-111.04869415464,-7.));
#6209=CARTESIAN_POINT('Ctrl Pts',(242.081243909861,-110.824764107399,-7.));
#6210=CARTESIAN_POINT('Ctrl Pts',(242.144285439282,-110.508081264289,-7.));
#6211=CARTESIAN_POINT('Ctrl Pts',(242.178028657833,-110.192522086058,-7.));
#6212=CARTESIAN_POINT('Ctrl Pts',(242.187655591056,-109.894540255076,-7.));
#6213=CARTESIAN_POINT('Ctrl Pts',(242.168913417909,-109.648681500658,-7.));
#6214=CARTESIAN_POINT('Ctrl Pts',(242.146125406485,-109.513441848878,-7.));
#6215=CARTESIAN_POINT('Ctrl Pts',(242.135242595943,-109.454974245584,-7.));
#6216=CARTESIAN_POINT('Ctrl Pts',(241.73669867381,-111.057746672555,-7.));
#6217=CARTESIAN_POINT('Ctrl Pts',(241.776535460935,-110.952362558556,-7.));
#6218=CARTESIAN_POINT('Ctrl Pts',(241.850417306922,-110.731614877795,-7.));
#6219=CARTESIAN_POINT('Ctrl Pts',(241.925079584641,-110.428588093233,-7.));
#6220=CARTESIAN_POINT('Ctrl Pts',(241.967685862565,-110.130259891212,-7.));
#6221=CARTESIAN_POINT('Ctrl Pts',(241.985504740092,-109.860479835968,-7.));
#6222=CARTESIAN_POINT('Ctrl Pts',(241.978596852347,-109.64128571818,-7.));
#6223=CARTESIAN_POINT('Ctrl Pts',(241.966816487728,-109.523337711489,-7.));
#6224=CARTESIAN_POINT('Ctrl Pts',(241.961624240106,-109.472818250038,-7.));
#6225=CARTESIAN_POINT('',(241.73669867381,-111.057746672555,-7.));
#6226=CARTESIAN_POINT('Ctrl Pts',(243.536334750843,-111.748095912577,-5.94041196198819));
#6227=CARTESIAN_POINT('Ctrl Pts',(243.428272035504,-111.708938131931,-6.12363206268142));
#6228=CARTESIAN_POINT('Ctrl Pts',(243.181734613607,-111.619340474976,-6.43536498622816));
#6229=CARTESIAN_POINT('Ctrl Pts',(242.538427383156,-111.3720318316,-6.86368650073525));
#6230=CARTESIAN_POINT('Ctrl Pts',(241.987484335783,-111.155618821383,-7.));
#6231=CARTESIAN_POINT('Ctrl Pts',(241.73669867381,-111.057746672555,-7.));
#6232=CARTESIAN_POINT('',(241.961624240106,-109.472818250038,-7.));
#6233=CARTESIAN_POINT('Ctrl Pts',(241.73669867381,-111.057746672555,-7.));
#6234=CARTESIAN_POINT('Ctrl Pts',(241.74844928551,-111.026661640545,-7.));
#6235=CARTESIAN_POINT('Ctrl Pts',(241.759925394592,-110.995199776503,-7.));
#6236=CARTESIAN_POINT('Ctrl Pts',(241.771072699365,-110.963547504955,-7.));
#6237=CARTESIAN_POINT('Ctrl Pts',(241.784547791441,-110.925285585844,-7.));
#6238=CARTESIAN_POINT('Ctrl Pts',(241.797541044394,-110.886750134811,-7.));
#6239=CARTESIAN_POINT('Ctrl Pts',(241.809927783304,-110.848323240762,-7.));
#6240=CARTESIAN_POINT('Ctrl Pts',(241.819996756058,-110.817086661706,-7.));
#6241=CARTESIAN_POINT('Ctrl Pts',(241.829663669498,-110.785924869625,-7.));
#6242=CARTESIAN_POINT('Ctrl Pts',(241.838865047756,-110.755018091971,-7.));
#6243=CARTESIAN_POINT('Ctrl Pts',(241.846750078649,-110.728532831854,-7.));
#6244=CARTESIAN_POINT('Ctrl Pts',(241.854292950288,-110.702235453325,-7.));
#6245=CARTESIAN_POINT('Ctrl Pts',(241.861464766681,-110.676200233229,-7.));
#6246=CARTESIAN_POINT('Ctrl Pts',(241.868063503638,-110.652245413474,-7.));
#6247=CARTESIAN_POINT('Ctrl Pts',(241.874347950471,-110.628512917708,-7.));
#6248=CARTESIAN_POINT('Ctrl Pts',(241.880308677844,-110.605018190073,-7.));
#6249=CARTESIAN_POINT('Ctrl Pts',(241.885933910746,-110.582845843205,-7.));
#6250=CARTESIAN_POINT('Ctrl Pts',(241.891270724009,-110.560885535294,-7.));
#6251=CARTESIAN_POINT('Ctrl Pts',(241.896325293248,-110.539106137426,-7.));
#6252=CARTESIAN_POINT('Ctrl Pts',(241.901748687684,-110.515737525851,-7.));
#6253=CARTESIAN_POINT('Ctrl Pts',(241.906846781999,-110.492577999121,-7.));
#6254=CARTESIAN_POINT('Ctrl Pts',(241.911648794682,-110.469523700175,-7.));
#6255=CARTESIAN_POINT('Ctrl Pts',(241.916074629518,-110.448275418232,-7.));
#6256=CARTESIAN_POINT('Ctrl Pts',(241.920250637497,-110.427109800794,-7.));
#6257=CARTESIAN_POINT('Ctrl Pts',(241.924198694432,-110.405973645925,-7.));
#6258=CARTESIAN_POINT('Ctrl Pts',(241.928373436984,-110.383623916281,-7.));
#6259=CARTESIAN_POINT('Ctrl Pts',(241.932293268759,-110.361307477561,-7.));
#6260=CARTESIAN_POINT('Ctrl Pts',(241.935975868609,-110.339018860425,-7.));
#6261=CARTESIAN_POINT('Ctrl Pts',(241.940167737423,-110.31364793692,-7.));
#6262=CARTESIAN_POINT('Ctrl Pts',(241.94405225383,-110.288313131992,-7.));
#6263=CARTESIAN_POINT('Ctrl Pts',(241.947645010438,-110.263076619057,-7.));
#6264=CARTESIAN_POINT('Ctrl Pts',(241.951675386872,-110.234766143819,-7.));
#6265=CARTESIAN_POINT('Ctrl Pts',(241.95533848173,-110.206580775529,-7.));
#6266=CARTESIAN_POINT('Ctrl Pts',(241.958644526898,-110.178679827636,-7.));
#6267=CARTESIAN_POINT('Ctrl Pts',(241.963166412121,-110.140517952169,-7.));
#6268=CARTESIAN_POINT('Ctrl Pts',(241.967019961905,-110.102894847117,-7.));
#6269=CARTESIAN_POINT('Ctrl Pts',(241.970212724562,-110.066290633723,-7.));
#6270=CARTESIAN_POINT('Ctrl Pts',(241.972419096787,-110.040995136236,-7.));
#6271=CARTESIAN_POINT('Ctrl Pts',(241.974309400957,-110.016188430144,-7.));
#6272=CARTESIAN_POINT('Ctrl Pts',(241.975886582138,-109.991999335814,-7.));
#6273=CARTESIAN_POINT('Ctrl Pts',(241.977277014505,-109.970674392238,-7.));
#6274=CARTESIAN_POINT('Ctrl Pts',(241.978423970445,-109.949830099446,-7.));
#6275=CARTESIAN_POINT('Ctrl Pts',(241.979332833123,-109.929513472993,-7.));
#6276=CARTESIAN_POINT('Ctrl Pts',(241.980176126301,-109.910662580662,-7.));
#6277=CARTESIAN_POINT('Ctrl Pts',(241.980814375769,-109.892266374017,-7.));
#6278=CARTESIAN_POINT('Ctrl Pts',(241.981256153579,-109.874317523368,-7.));
#6279=CARTESIAN_POINT('Ctrl Pts',(241.981674785613,-109.857309055137,-7.));
#6280=CARTESIAN_POINT('Ctrl Pts',(241.981916948374,-109.840702595896,-7.));
#6281=CARTESIAN_POINT('Ctrl Pts',(241.981994693057,-109.824445036312,-7.));
#6282=CARTESIAN_POINT('Ctrl Pts',(241.982069230707,-109.808858114967,-7.));
#6283=CARTESIAN_POINT('Ctrl Pts',(241.981992600494,-109.79359214011,-7.));
#6284=CARTESIAN_POINT('Ctrl Pts',(241.981780488988,-109.778552158637,-7.));
#6285=CARTESIAN_POINT('Ctrl Pts',(241.98163323396,-109.768110891524,-7.));
#6286=CARTESIAN_POINT('Ctrl Pts',(241.981420772,-109.757774307518,-7.));
#6287=CARTESIAN_POINT('Ctrl Pts',(241.98115006948,-109.747507386693,-7.));
#6288=CARTESIAN_POINT('Ctrl Pts',(241.980863900308,-109.736653862899,-7.));
#6289=CARTESIAN_POINT('Ctrl Pts',(241.980512717133,-109.725878269611,-7.));
#6290=CARTESIAN_POINT('Ctrl Pts',(241.980106299979,-109.715209378768,-7.));
#6291=CARTESIAN_POINT('Ctrl Pts',(241.979565429231,-109.701010935328,-7.));
#6292=CARTESIAN_POINT('Ctrl Pts',(241.978927059747,-109.687006647182,-7.));
#6293=CARTESIAN_POINT('Ctrl Pts',(241.978213847809,-109.673346784668,-7.));
#6294=CARTESIAN_POINT('Ctrl Pts',(241.977707266044,-109.6636444271,-7.));
#6295=CARTESIAN_POINT('Ctrl Pts',(241.977162941452,-109.654118478025,-7.));
#6296=CARTESIAN_POINT('Ctrl Pts',(241.976587076556,-109.644802332774,-7.));
#6297=CARTESIAN_POINT('Ctrl Pts',(241.976052028211,-109.636146503731,-7.));
#6298=CARTESIAN_POINT('Ctrl Pts',(241.975489787577,-109.627673040084,-7.));
#6299=CARTESIAN_POINT('Ctrl Pts',(241.974903032808,-109.619366033354,-7.));
#6300=CARTESIAN_POINT('Ctrl Pts',(241.974294419724,-109.610749566561,-7.));
#6301=CARTESIAN_POINT('Ctrl Pts',(241.973659254231,-109.602310537565,-7.));
#6302=CARTESIAN_POINT('Ctrl Pts',(241.972997911351,-109.593969824482,-7.));
#6303=CARTESIAN_POINT('Ctrl Pts',(241.972389603673,-109.586297979856,-7.));
#6304=CARTESIAN_POINT('Ctrl Pts',(241.971759006505,-109.57870632229,-7.));
#6305=CARTESIAN_POINT('Ctrl Pts',(241.971111703292,-109.571192176358,-7.));
#6306=CARTESIAN_POINT('Ctrl Pts',(241.970225775341,-109.560907982224,-7.));
#6307=CARTESIAN_POINT('Ctrl Pts',(241.969308821266,-109.550771555196,-7.));
#6308=CARTESIAN_POINT('Ctrl Pts',(241.968384234724,-109.540889874659,-7.));
#6309=CARTESIAN_POINT('Ctrl Pts',(241.967665592664,-109.533209261834,-7.));
#6310=CARTESIAN_POINT('Ctrl Pts',(241.966942724893,-109.525687176224,-7.));
#6311=CARTESIAN_POINT('Ctrl Pts',(241.966225436408,-109.518365480068,-7.));
#6312=CARTESIAN_POINT('Ctrl Pts',(241.965599890951,-109.511980247541,-7.));
#6313=CARTESIAN_POINT('Ctrl Pts',(241.964978687047,-109.50574860702,-7.));
#6314=CARTESIAN_POINT('Ctrl Pts',(241.96436480417,-109.499660958765,-7.));
#6315=CARTESIAN_POINT('Ctrl Pts',(241.963814869175,-109.494207457881,-7.));
#6316=CARTESIAN_POINT('Ctrl Pts',(241.963270838023,-109.488869872253,-7.));
#6317=CARTESIAN_POINT('Ctrl Pts',(241.962731071942,-109.483600008418,-7.));
#6318=CARTESIAN_POINT('Ctrl Pts',(241.962360806648,-109.479985020834,-7.));
#6319=CARTESIAN_POINT('Ctrl Pts',(241.961992473194,-109.476401079416,-7.));
#6320=CARTESIAN_POINT('Ctrl Pts',(241.961624240106,-109.472818250038,-7.));
#6321=CARTESIAN_POINT('Origin',(241.961624240106,-109.472818250038,-5.));
#6322=CARTESIAN_POINT('Ctrl Pts',(243.536334750843,-111.748095912577,-5.94041196198819));
#6323=CARTESIAN_POINT('Ctrl Pts',(243.428272035504,-111.708938131931,-6.12363206268142));
#6324=CARTESIAN_POINT('Ctrl Pts',(243.181734613607,-111.619340474976,-6.43536498622816));
#6325=CARTESIAN_POINT('Ctrl Pts',(242.538427383156,-111.3720318316,-6.86368650073525));
#6326=CARTESIAN_POINT('Ctrl Pts',(241.987484335783,-111.155618821383,-7.));
#6327=CARTESIAN_POINT('Ctrl Pts',(241.73669867381,-111.057746672555,-7.));
#6328=CARTESIAN_POINT('Ctrl Pts',(243.479828921513,-111.815328790027,-5.98786897444777));
#6329=CARTESIAN_POINT('Ctrl Pts',(243.370471169434,-111.777681413025,-6.16156074094327));
#6330=CARTESIAN_POINT('Ctrl Pts',(243.121938789711,-111.691209151444,-6.45974544690023));
#6331=CARTESIAN_POINT('Ctrl Pts',(242.475812942888,-111.46003974775,-6.87283483473989));
#6332=CARTESIAN_POINT('Ctrl Pts',(241.941069879212,-111.257106146525,-7.));
#6333=CARTESIAN_POINT('Ctrl Pts',(241.696861886685,-111.163130786554,-7.));
#6334=CARTESIAN_POINT('Ctrl Pts',(243.357607996993,-111.952576458936,-6.07555067543598));
#6335=CARTESIAN_POINT('Ctrl Pts',(243.246117967142,-111.917557353829,-6.23251306736525));
#6336=CARTESIAN_POINT('Ctrl Pts',(242.993208173071,-111.83649748024,-6.5069301539626));
#6337=CARTESIAN_POINT('Ctrl Pts',(242.343325062157,-111.632506953652,-6.89161613403005));
#6338=CARTESIAN_POINT('Ctrl Pts',(241.844846771393,-111.450018481046,-7.));
#6339=CARTESIAN_POINT('Ctrl Pts',(241.612808566336,-111.360685819871,-7.));
#6340=CARTESIAN_POINT('Ctrl Pts',(243.134970389859,-112.179996825761,-6.18986005162242));
#6341=CARTESIAN_POINT('Ctrl Pts',(243.020152120824,-112.14769398999,-6.32766170075126));
#6342=CARTESIAN_POINT('Ctrl Pts',(242.75537775144,-112.07370704249,-6.57750939232726));
#6343=CARTESIAN_POINT('Ctrl Pts',(242.112032771656,-111.899656965704,-6.91846420114201));
#6344=CARTESIAN_POINT('Ctrl Pts',(241.672828160181,-111.732443132116,-7.));
#6345=CARTESIAN_POINT('Ctrl Pts',(241.456562504417,-111.644811193571,-7.));
#6346=CARTESIAN_POINT('Ctrl Pts',(242.852771853164,-112.455110236115,-6.28981994365336));
#6347=CARTESIAN_POINT('Ctrl Pts',(242.733929152955,-112.424211448804,-6.41506174371674));
#6348=CARTESIAN_POINT('Ctrl Pts',(242.456485523091,-112.352683602062,-6.64769256831672));
#6349=CARTESIAN_POINT('Ctrl Pts',(241.856831056089,-112.182192705918,-6.93863955855438));
#6350=CARTESIAN_POINT('Ctrl Pts',(241.483720644008,-111.999951392579,-7.));
#6351=CARTESIAN_POINT('Ctrl Pts',(241.288701521787,-111.901385034018,-7.));
#6352=CARTESIAN_POINT('Ctrl Pts',(242.507212329416,-112.778975981892,-6.37366257191097));
#6353=CARTESIAN_POINT('Ctrl Pts',(242.391994864045,-112.738414401454,-6.49064751382944));
#6354=CARTESIAN_POINT('Ctrl Pts',(242.124169142233,-112.642775475719,-6.70742555810025));
#6355=CARTESIAN_POINT('Ctrl Pts',(241.625881097684,-112.417484983665,-6.94684086497344));
#6356=CARTESIAN_POINT('Ctrl Pts',(241.305405883677,-112.205001306184,-7.));
#6357=CARTESIAN_POINT('Ctrl Pts',(241.13284075157,-112.093668777672,-7.));
#6358=CARTESIAN_POINT('Ctrl Pts',(242.112908787752,-113.141354931141,-6.41781845557705));
#6359=CARTESIAN_POINT('Ctrl Pts',(242.014237283241,-113.076321386511,-6.5315416551662));
#6360=CARTESIAN_POINT('Ctrl Pts',(241.787351010008,-112.925893761192,-6.73809357324951));
#6361=CARTESIAN_POINT('Ctrl Pts',(241.395639139837,-112.626327139105,-6.94668826329714));
#6362=CARTESIAN_POINT('Ctrl Pts',(241.111234265488,-112.388330773725,-7.));
#6363=CARTESIAN_POINT('Ctrl Pts',(240.966445769629,-112.264784861711,-7.));
#6364=CARTESIAN_POINT('Ctrl Pts',(241.892887831235,-113.334365930092,-6.4142135623731));
#6365=CARTESIAN_POINT('Ctrl Pts',(241.805466336672,-113.251492831294,-6.53419882690669));
#6366=CARTESIAN_POINT('Ctrl Pts',(241.607304244194,-113.062259324999,-6.74583642763237));
#6367=CARTESIAN_POINT('Ctrl Pts',(241.258731015434,-112.721120493895,-6.95149028747336));
#6368=CARTESIAN_POINT('Ctrl Pts',(241.009839562935,-112.466769814207,-7.));
#6369=CARTESIAN_POINT('Ctrl Pts',(240.884736869016,-112.337932250484,-7.));
#6370=CARTESIAN_POINT('Ctrl Pts',(241.782731542598,-113.431634559908,-6.4142135623731));
#6371=CARTESIAN_POINT('Ctrl Pts',(241.701044610026,-113.339124473775,-6.53762697732194));
#6372=CARTESIAN_POINT('Ctrl Pts',(241.516170589614,-113.129755471739,-6.75194803666999));
#6373=CARTESIAN_POINT('Ctrl Pts',(241.193225727018,-112.764021857876,-6.95404625108538));
#6374=CARTESIAN_POINT('Ctrl Pts',(240.96219101496,-112.502376078813,-7.));
#6375=CARTESIAN_POINT('Ctrl Pts',(240.846668247048,-112.371547060347,-7.));
#6376=CARTESIAN_POINT('',(241.782731542598,-113.431634559908,-6.4142135623731));
#6377=CARTESIAN_POINT('Ctrl Pts',(243.536334750843,-111.748095912577,-5.94041196198819));
#6378=CARTESIAN_POINT('Ctrl Pts',(243.479828921513,-111.815328790027,-5.98786897444777));
#6379=CARTESIAN_POINT('Ctrl Pts',(243.357607996993,-111.952576458936,-6.07555067543598));
#6380=CARTESIAN_POINT('Ctrl Pts',(243.134970389859,-112.179996825761,-6.18986005162242));
#6381=CARTESIAN_POINT('Ctrl Pts',(242.852771853164,-112.455110236115,-6.28981994365336));
#6382=CARTESIAN_POINT('Ctrl Pts',(242.507212329416,-112.778975981892,-6.37366257191097));
#6383=CARTESIAN_POINT('Ctrl Pts',(242.112908787752,-113.141354931141,-6.41781845557705));
#6384=CARTESIAN_POINT('Ctrl Pts',(241.892887831235,-113.334365930092,-6.4142135623731));
#6385=CARTESIAN_POINT('Ctrl Pts',(241.782731542598,-113.431634559908,-6.4142135623731));
#6386=CARTESIAN_POINT('',(240.846668247048,-112.371547060347,-7.));
#6387=CARTESIAN_POINT('Origin',(240.846668247048,-112.371547060347,-5.));
#6388=CARTESIAN_POINT('Ctrl Pts',(240.846668247048,-112.371547060347,-7.));
#6389=CARTESIAN_POINT('Ctrl Pts',(240.853384901758,-112.365616216011,-7.));
#6390=CARTESIAN_POINT('Ctrl Pts',(240.860104585916,-112.359682157641,-7.));
#6391=CARTESIAN_POINT('Ctrl Pts',(240.866926429415,-112.353626114878,-7.));
#6392=CARTESIAN_POINT('Ctrl Pts',(240.874119801268,-112.347240250477,-7.));
#6393=CARTESIAN_POINT('Ctrl Pts',(240.881426747455,-112.340718774888,-7.));
#6394=CARTESIAN_POINT('Ctrl Pts',(240.888923067667,-112.333965277414,-7.));
#6395=CARTESIAN_POINT('Ctrl Pts',(240.896755480665,-112.326908991142,-7.));
#6396=CARTESIAN_POINT('Ctrl Pts',(240.904794467519,-112.319599590569,-7.));
#6397=CARTESIAN_POINT('Ctrl Pts',(240.913084958627,-112.311971014771,-7.));
#6398=CARTESIAN_POINT('Ctrl Pts',(240.92185206223,-112.303903879363,-7.));
#6399=CARTESIAN_POINT('Ctrl Pts',(240.930900209178,-112.295480049212,-7.));
#6400=CARTESIAN_POINT('Ctrl Pts',(240.940239876692,-112.286666344584,-7.));
#6401=CARTESIAN_POINT('Ctrl Pts',(240.950326649714,-112.277147607654,-7.));
#6402=CARTESIAN_POINT('Ctrl Pts',(240.960753149096,-112.267174463334,-7.));
#6403=CARTESIAN_POINT('Ctrl Pts',(240.971487950289,-112.25675185678,-7.));
#6404=CARTESIAN_POINT('Ctrl Pts',(240.983630948839,-112.244962006741,-7.));
#6405=CARTESIAN_POINT('Ctrl Pts',(240.996167916811,-112.232597639748,-7.));
#6406=CARTESIAN_POINT('Ctrl Pts',(241.00900428509,-112.219716715852,-7.));
#6407=CARTESIAN_POINT('Ctrl Pts',(241.02914569046,-112.19950539875,-7.));
#6408=CARTESIAN_POINT('Ctrl Pts',(241.050021661416,-112.178025682923,-7.));
#6409=CARTESIAN_POINT('Ctrl Pts',(241.071157272299,-112.155608966019,-7.));
#6410=CARTESIAN_POINT('Ctrl Pts',(241.085808567144,-112.140069603062,-7.));
#6411=CARTESIAN_POINT('Ctrl Pts',(241.100581135062,-112.124083472823,-7.));
#6412=CARTESIAN_POINT('Ctrl Pts',(241.115335675486,-112.107737101635,-7.));
#6413=CARTESIAN_POINT('Ctrl Pts',(241.127327375039,-112.094451647366,-7.));
#6414=CARTESIAN_POINT('Ctrl Pts',(241.139306945633,-112.080928416519,-7.));
#6415=CARTESIAN_POINT('Ctrl Pts',(241.151228211231,-112.067181696945,-7.));
#6416=CARTESIAN_POINT('Ctrl Pts',(241.162208806037,-112.054519689182,-7.));
#6417=CARTESIAN_POINT('Ctrl Pts',(241.173139653715,-112.04166835866,-7.));
#6418=CARTESIAN_POINT('Ctrl Pts',(241.184015123985,-112.028605184761,-7.));
#6419=CARTESIAN_POINT('Ctrl Pts',(241.19442436366,-112.016102028148,-7.));
#6420=CARTESIAN_POINT('Ctrl Pts',(241.204782579209,-112.003405111321,-7.));
#6421=CARTESIAN_POINT('Ctrl Pts',(241.215118113346,-111.990458134086,-7.));
#6422=CARTESIAN_POINT('Ctrl Pts',(241.226587568736,-111.976090731699,-7.));
#6423=CARTESIAN_POINT('Ctrl Pts',(241.238034126239,-111.961408772182,-7.));
#6424=CARTESIAN_POINT('Ctrl Pts',(241.249526051906,-111.946307759523,-7.));
#6425=CARTESIAN_POINT('Ctrl Pts',(241.260756589987,-111.931550224307,-7.));
#6426=CARTESIAN_POINT('Ctrl Pts',(241.272030321775,-111.916392820101,-7.));
#6427=CARTESIAN_POINT('Ctrl Pts',(241.283377147412,-111.900789684081,-7.));
#6428=CARTESIAN_POINT('Ctrl Pts',(241.295394380871,-111.884264663406,-7.));
#6429=CARTESIAN_POINT('Ctrl Pts',(241.307493428785,-111.86723998532,-7.));
#6430=CARTESIAN_POINT('Ctrl Pts',(241.319674941245,-111.849713565516,-7.));
#6431=CARTESIAN_POINT('Ctrl Pts',(241.332868450992,-111.830731112287,-7.));
#6432=CARTESIAN_POINT('Ctrl Pts',(241.346158449189,-111.811160533414,-7.));
#6433=CARTESIAN_POINT('Ctrl Pts',(241.359509101322,-111.791053337197,-7.));
#6434=CARTESIAN_POINT('Ctrl Pts',(241.374750752565,-111.768098138516,-7.));
#6435=CARTESIAN_POINT('Ctrl Pts',(241.390071019508,-111.744444377988,-7.));
#6436=CARTESIAN_POINT('Ctrl Pts',(241.405375447919,-111.72022727112,-7.));
#6437=CARTESIAN_POINT('Ctrl Pts',(241.427388704447,-111.685394386706,-7.));
#6438=CARTESIAN_POINT('Ctrl Pts',(241.449366703,-111.649401299422,-7.));
#6439=CARTESIAN_POINT('Ctrl Pts',(241.470962198859,-111.612729264726,-7.));
#6440=CARTESIAN_POINT('Ctrl Pts',(241.485064226453,-111.588782139429,-7.));
#6441=CARTESIAN_POINT('Ctrl Pts',(241.499001606389,-111.564547315369,-7.));
#6442=CARTESIAN_POINT('Ctrl Pts',(241.51268636332,-111.540137819248,-7.));
#6443=CARTESIAN_POINT('Ctrl Pts',(241.52497341698,-111.518221405958,-7.));
#6444=CARTESIAN_POINT('Ctrl Pts',(241.537056371392,-111.496164812199,-7.));
#6445=CARTESIAN_POINT('Ctrl Pts',(241.548889545791,-111.474017381013,-7.));
#6446=CARTESIAN_POINT('Ctrl Pts',(241.559940748722,-111.453333518156,-7.));
#6447=CARTESIAN_POINT('Ctrl Pts',(241.570773820594,-111.432570826097,-7.));
#6448=CARTESIAN_POINT('Ctrl Pts',(241.581372942041,-111.41173262422,-7.));
#6449=CARTESIAN_POINT('Ctrl Pts',(241.59145081678,-111.391919209556,-7.));
#6450=CARTESIAN_POINT('Ctrl Pts',(241.601316989977,-111.372037820457,-7.));
#6451=CARTESIAN_POINT('Ctrl Pts',(241.610981172419,-111.352051936331,-7.));
#6452=CARTESIAN_POINT('Ctrl Pts',(241.622322466543,-111.328597723668,-7.));
#6453=CARTESIAN_POINT('Ctrl Pts',(241.633385674055,-111.304998685621,-7.));
#6454=CARTESIAN_POINT('Ctrl Pts',(241.644229786369,-111.281126037144,-7.));
#6455=CARTESIAN_POINT('Ctrl Pts',(241.653867887524,-111.259908348301,-7.));
#6456=CARTESIAN_POINT('Ctrl Pts',(241.663334659069,-111.238471441365,-7.));
#6457=CARTESIAN_POINT('Ctrl Pts',(241.672656509052,-111.216769122963,-7.));
#6458=CARTESIAN_POINT('Ctrl Pts',(241.682382699756,-111.194125453743,-7.));
#6459=CARTESIAN_POINT('Ctrl Pts',(241.691950989243,-111.171193264228,-7.));
#6460=CARTESIAN_POINT('Ctrl Pts',(241.701370338911,-111.147974526169,-7.));
#6461=CARTESIAN_POINT('Ctrl Pts',(241.711579180809,-111.122809686316,-7.));
#6462=CARTESIAN_POINT('Ctrl Pts',(241.721612962039,-111.097308640249,-7.));
#6463=CARTESIAN_POINT('Ctrl Pts',(241.731460619989,-111.071530638174,-7.));
#6464=CARTESIAN_POINT('Ctrl Pts',(241.733212620408,-111.066944464418,-7.));
#6465=CARTESIAN_POINT('Ctrl Pts',(241.734958679544,-111.062349648028,-7.));
#6466=CARTESIAN_POINT('Ctrl Pts',(241.73669867381,-111.057746672555,-7.));
#6467=CARTESIAN_POINT('Ctrl Pts',(243.536334750843,-111.748095912577,-5.94041196198819));
#6468=CARTESIAN_POINT('Ctrl Pts',(243.479828921513,-111.815328790027,-5.98786897444777));
#6469=CARTESIAN_POINT('Ctrl Pts',(243.357607996993,-111.952576458936,-6.07555067543598));
#6470=CARTESIAN_POINT('Ctrl Pts',(243.134970389859,-112.179996825761,-6.18986005162242));
#6471=CARTESIAN_POINT('Ctrl Pts',(242.852771853164,-112.455110236115,-6.28981994365336));
#6472=CARTESIAN_POINT('Ctrl Pts',(242.507212329416,-112.778975981892,-6.37366257191097));
#6473=CARTESIAN_POINT('Ctrl Pts',(242.112908787752,-113.141354931141,-6.41781845557705));
#6474=CARTESIAN_POINT('Ctrl Pts',(241.892887831235,-113.334365930092,-6.4142135623731));
#6475=CARTESIAN_POINT('Ctrl Pts',(241.782731542598,-113.431634559908,-6.4142135623731));
#6476=CARTESIAN_POINT('Ctrl Pts',(243.531385807523,-111.921719448122,-5.85210588621412));
#6477=CARTESIAN_POINT('Ctrl Pts',(243.476057596349,-111.982245096552,-5.89891085143396));
#6478=CARTESIAN_POINT('Ctrl Pts',(243.356739238361,-112.106193043625,-5.98598349258506));
#6479=CARTESIAN_POINT('Ctrl Pts',(243.136577336526,-112.324465435359,-6.09893144652213));
#6480=CARTESIAN_POINT('Ctrl Pts',(242.864266420171,-112.588244179507,-6.1952014087533));
#6481=CARTESIAN_POINT('Ctrl Pts',(242.53646224249,-112.898764296759,-6.27069325554978));
#6482=CARTESIAN_POINT('Ctrl Pts',(242.171623285011,-113.242075227847,-6.30372180643702));
#6483=CARTESIAN_POINT('Ctrl Pts',(241.968069738172,-113.428046654425,-6.2942282978395));
#6484=CARTESIAN_POINT('Ctrl Pts',(241.86441847517,-113.524144646041,-6.29080014742425));
#6485=CARTESIAN_POINT('Ctrl Pts',(243.507854410691,-112.224309899944,-5.65654479086921));
#6486=CARTESIAN_POINT('Ctrl Pts',(243.453602074602,-112.277144942737,-5.70292283415985));
#6487=CARTESIAN_POINT('Ctrl Pts',(243.334900029824,-112.392656121425,-5.78878305423156));
#6488=CARTESIAN_POINT('Ctrl Pts',(243.123905975231,-112.598010245779,-5.89536839086186));
#6489=CARTESIAN_POINT('Ctrl Pts',(242.872010568789,-112.843832300248,-5.97797891604629));
#6490=CARTESIAN_POINT('Ctrl Pts',(242.572568674102,-113.138632578881,-6.03094105117055));
#6491=CARTESIAN_POINT('Ctrl Pts',(242.270736708837,-113.431039985152,-6.04081601718102));
#6492=CARTESIAN_POINT('Ctrl Pts',(242.097070519274,-113.596474137102,-6.02121696056192));
#6493=CARTESIAN_POINT('Ctrl Pts',(242.006276877929,-113.684798653295,-6.01149067311925));
#6494=CARTESIAN_POINT('Ctrl Pts',(243.389501827316,-112.687270400923,-5.14524040205016));
#6495=CARTESIAN_POINT('Ctrl Pts',(243.336526574738,-112.735942200878,-5.19661232756626));
#6496=CARTESIAN_POINT('Ctrl Pts',(243.222526291811,-112.841347754219,-5.29069933587111));
#6497=CARTESIAN_POINT('Ctrl Pts',(243.026603008799,-113.02469671017,-5.40367012321581));
#6498=CARTESIAN_POINT('Ctrl Pts',(242.804676805569,-113.231907315884,-5.48960184730911));
#6499=CARTESIAN_POINT('Ctrl Pts',(242.574828582147,-113.44117403322,-5.54365727618972));
#6500=CARTESIAN_POINT('Ctrl Pts',(242.355363297522,-113.636428501032,-5.55567411870304));
#6501=CARTESIAN_POINT('Ctrl Pts',(242.211481686968,-113.769801700286,-5.53478150694719));
#6502=CARTESIAN_POINT('Ctrl Pts',(242.140045019915,-113.836290476372,-5.52358242294624));
#6503=CARTESIAN_POINT('Ctrl Pts',(243.229277155889,-112.935797065917,-4.72149674544837));
#6504=CARTESIAN_POINT('Ctrl Pts',(243.181746183115,-112.977767185397,-4.7820807674431));
#6505=CARTESIAN_POINT('Ctrl Pts',(243.079273936649,-113.068250762242,-4.89452763792496));
#6506=CARTESIAN_POINT('Ctrl Pts',(242.909166998385,-113.218456156884,-5.02720020877137));
#6507=CARTESIAN_POINT('Ctrl Pts',(242.724186918026,-113.381794620647,-5.12212917187007));
#6508=CARTESIAN_POINT('Ctrl Pts',(242.535110040919,-113.548750579254,-5.17537159158646));
#6509=CARTESIAN_POINT('Ctrl Pts',(242.348374029128,-113.713639540464,-5.18844657231142));
#6510=CARTESIAN_POINT('Ctrl Pts',(242.228898808069,-113.819136840647,-5.17938106201053));
#6511=CARTESIAN_POINT('Ctrl Pts',(242.170461654854,-113.870737179529,-5.17453292519944));
#6512=CARTESIAN_POINT('Ctrl Pts',(243.126613704368,-113.026449477914,-4.53259412854713));
#6513=CARTESIAN_POINT('Ctrl Pts',(243.082523125396,-113.065381710086,-4.59302358160573));
#6514=CARTESIAN_POINT('Ctrl Pts',(242.987091345326,-113.149648515033,-4.70472639992657));
#6515=CARTESIAN_POINT('Ctrl Pts',(242.830361819221,-113.288041578603,-4.83413588537775));
#6516=CARTESIAN_POINT('Ctrl Pts',(242.662453458708,-113.436305616578,-4.9258670317957));
#6517=CARTESIAN_POINT('Ctrl Pts',(242.493632081097,-113.585375853847,-4.9792385810034));
#6518=CARTESIAN_POINT('Ctrl Pts',(242.327622419883,-113.731963329535,-4.99975222435217));
#6519=CARTESIAN_POINT('Ctrl Pts',(242.221881995919,-113.825332725712,-5.));
#6520=CARTESIAN_POINT('Ctrl Pts',(242.170461654854,-113.870737179529,-5.));
#6521=CARTESIAN_POINT('',(243.126613704368,-113.026449477914,-4.53259412854713));
#6522=CARTESIAN_POINT('Ctrl Pts',(243.536334750843,-111.748095912577,-5.94041196198819));
#6523=CARTESIAN_POINT('Ctrl Pts',(243.531385807523,-111.921719448122,-5.85210588621412));
#6524=CARTESIAN_POINT('Ctrl Pts',(243.507854410691,-112.224309899944,-5.65654479086921));
#6525=CARTESIAN_POINT('Ctrl Pts',(243.389501827316,-112.687270400923,-5.14524040205016));
#6526=CARTESIAN_POINT('Ctrl Pts',(243.229277155889,-112.935797065917,-4.72149674544837));
#6527=CARTESIAN_POINT('Ctrl Pts',(243.126613704368,-113.026449477914,-4.53259412854713));
#6528=CARTESIAN_POINT('',(242.170461654854,-113.870737179529,-5.));
#6529=CARTESIAN_POINT('Ctrl Pts',(243.125438694324,-113.027487018471,-4.52959957398985));
#6530=CARTESIAN_POINT('Ctrl Pts',(242.964428548127,-113.169659893944,-4.74549670414753));
#6531=CARTESIAN_POINT('Ctrl Pts',(242.757235995558,-113.352612097089,-4.8995859620038));
#6532=CARTESIAN_POINT('Ctrl Pts',(242.552792767967,-113.53313663063,-4.95882508144586));
#6533=CARTESIAN_POINT('Ctrl Pts',(242.421142466682,-113.649384595946,-4.99697184724637));
#6534=CARTESIAN_POINT('Ctrl Pts',(242.291312004148,-113.764025633288,-5.));
#6535=CARTESIAN_POINT('Ctrl Pts',(242.170461654854,-113.870737179529,-5.));
#6536=CARTESIAN_POINT('Origin',(240.846668247048,-112.371547060347,-5.));
#6537=CARTESIAN_POINT('Ctrl Pts',(172.394427875691,-110.082039121833,-5.95148249428943));
#6538=CARTESIAN_POINT('Ctrl Pts',(172.443658829522,-110.17262159649,-6.03691454587811));
#6539=CARTESIAN_POINT('Ctrl Pts',(172.542428127217,-110.367366969033,-6.17743072199434));
#6540=CARTESIAN_POINT('Ctrl Pts',(172.686034799706,-110.889527544753,-6.37429280813838));
#6541=CARTESIAN_POINT('Ctrl Pts',(172.749271998704,-111.429237516138,-6.4142135623731));
#6542=CARTESIAN_POINT('Ctrl Pts',(172.789339089011,-111.699870922552,-6.4142135623731));
#6543=CARTESIAN_POINT('Ctrl Pts',(172.489632548323,-110.080343274498,-6.1223465974668));
#6544=CARTESIAN_POINT('Ctrl Pts',(172.54019384407,-110.17523557719,-6.1915764392561));
#6545=CARTESIAN_POINT('Ctrl Pts',(172.641473615341,-110.377231917572,-6.31027897147969));
#6546=CARTESIAN_POINT('Ctrl Pts',(172.794907807307,-110.908449485626,-6.49348049584215));
#6547=CARTESIAN_POINT('Ctrl Pts',(172.865971712643,-111.421619374891,-6.53077067649145));
#6548=CARTESIAN_POINT('Ctrl Pts',(172.911421814956,-111.68179665866,-6.53762697732194));
#6549=CARTESIAN_POINT('Ctrl Pts',(172.710093920979,-110.076416273639,-6.42007267999056));
#6550=CARTESIAN_POINT('Ctrl Pts',(172.762969899937,-110.179944761872,-6.4674613945089));
#6551=CARTESIAN_POINT('Ctrl Pts',(172.87195408479,-110.399846291694,-6.55910646866213));
#6552=CARTESIAN_POINT('Ctrl Pts',(173.051536996416,-110.952342616516,-6.71642819186273));
#6553=CARTESIAN_POINT('Ctrl Pts',(173.132659034699,-111.401808244244,-6.73972481859475));
#6554=CARTESIAN_POINT('Ctrl Pts',(173.187719671388,-111.640890950412,-6.75194803667));
#6555=CARTESIAN_POINT('Ctrl Pts',(173.298997755748,-110.065926336843,-6.85821136083319));
#6556=CARTESIAN_POINT('Ctrl Pts',(173.348938433833,-110.19396652918,-6.87760189288363));
#6557=CARTESIAN_POINT('Ctrl Pts',(173.452723089331,-110.469012342851,-6.92177626659114));
#6558=CARTESIAN_POINT('Ctrl Pts',(173.552763130238,-110.988270680516,-6.95096618379524));
#6559=CARTESIAN_POINT('Ctrl Pts',(173.61758973243,-111.365887768555,-6.94893432386134));
#6560=CARTESIAN_POINT('Ctrl Pts',(173.670367114673,-111.569435327277,-6.95404625108538));
#6561=CARTESIAN_POINT('Ctrl Pts',(173.827202614387,-110.056517609552,-7.));
#6562=CARTESIAN_POINT('Ctrl Pts',(173.843303167075,-110.204966752846,-7.));
#6563=CARTESIAN_POINT('Ctrl Pts',(173.871574955838,-110.509186737723,-7.));
#6564=CARTESIAN_POINT('Ctrl Pts',(173.921510536795,-111.001017597487,-7.));
#6565=CARTESIAN_POINT('Ctrl Pts',(173.980135698777,-111.344621352658,-7.));
#6566=CARTESIAN_POINT('Ctrl Pts',(174.015653031867,-111.518315983923,-7.));
#6567=CARTESIAN_POINT('Ctrl Pts',(174.06933883285,-110.052204522291,-7.));
#6568=CARTESIAN_POINT('Ctrl Pts',(174.07220118781,-110.212896797677,-7.));
#6569=CARTESIAN_POINT('Ctrl Pts',(174.084845887252,-110.534158074063,-7.));
#6570=CARTESIAN_POINT('Ctrl Pts',(174.124537748626,-111.014786967365,-7.));
#6571=CARTESIAN_POINT('Ctrl Pts',(174.164766480844,-111.333770266667,-7.));
#6572=CARTESIAN_POINT('Ctrl Pts',(174.188304078629,-111.492755114798,-7.));
#6573=CARTESIAN_POINT('',(172.394427875691,-110.082039121833,-5.95148249428943));
#6574=CARTESIAN_POINT('',(172.789339089011,-111.699870922552,-6.4142135623731));
#6575=CARTESIAN_POINT('Ctrl Pts',(172.394427875691,-110.082039121833,-5.95148249428943));
#6576=CARTESIAN_POINT('Ctrl Pts',(172.443658829522,-110.17262159649,-6.03691454587811));
#6577=CARTESIAN_POINT('Ctrl Pts',(172.542428127217,-110.367366969033,-6.17743072199434));
#6578=CARTESIAN_POINT('Ctrl Pts',(172.686034799706,-110.889527544753,-6.37429280813838));
#6579=CARTESIAN_POINT('Ctrl Pts',(172.749271998704,-111.429237516138,-6.4142135623731));
#6580=CARTESIAN_POINT('Ctrl Pts',(172.789339089011,-111.699870922552,-6.4142135623731));
#6581=CARTESIAN_POINT('',(174.06933883285,-110.052204522291,-7.));
#6582=CARTESIAN_POINT('Ctrl Pts',(172.394427875691,-110.082039121833,-5.95148249428943));
#6583=CARTESIAN_POINT('Ctrl Pts',(172.489632548323,-110.080343274498,-6.1223465974668));
#6584=CARTESIAN_POINT('Ctrl Pts',(172.710093920979,-110.076416273639,-6.42007267999056));
#6585=CARTESIAN_POINT('Ctrl Pts',(173.298997755748,-110.065926336843,-6.85821136083319));
#6586=CARTESIAN_POINT('Ctrl Pts',(173.827202614387,-110.056517609552,-7.));
#6587=CARTESIAN_POINT('Ctrl Pts',(174.06933883285,-110.052204522291,-7.));
#6588=CARTESIAN_POINT('',(174.188304078629,-111.492755114798,-7.));
#6589=CARTESIAN_POINT('Origin',(185.265596815182,-109.852769518389,-7.));
#6590=CARTESIAN_POINT('Origin',(174.188304078629,-111.492755114798,-5.));
#6591=CARTESIAN_POINT('Ctrl Pts',(172.394427875691,-110.082039121833,-5.95148249428943));
#6592=CARTESIAN_POINT('Ctrl Pts',(172.489632548323,-110.080343274498,-6.1223465974668));
#6593=CARTESIAN_POINT('Ctrl Pts',(172.710093920979,-110.076416273639,-6.42007267999056));
#6594=CARTESIAN_POINT('Ctrl Pts',(173.298997755748,-110.065926336843,-6.85821136083319));
#6595=CARTESIAN_POINT('Ctrl Pts',(173.827202614387,-110.056517609552,-7.));
#6596=CARTESIAN_POINT('Ctrl Pts',(174.06933883285,-110.052204522291,-7.));
#6597=CARTESIAN_POINT('Ctrl Pts',(172.440401594493,-109.989760799842,-6.03691454587812));
#6598=CARTESIAN_POINT('Ctrl Pts',(172.5367822749,-109.983710479746,-6.1915764392561));
#6599=CARTESIAN_POINT('Ctrl Pts',(172.759249293299,-109.971070336847,-6.46746139450891));
#6600=CARTESIAN_POINT('Ctrl Pts',(173.34434672955,-109.936188783466,-6.87760189288363));
#6601=CARTESIAN_POINT('Ctrl Pts',(173.838006085974,-109.907589234339,-7.));
#6602=CARTESIAN_POINT('Ctrl Pts',(174.06647647789,-109.891512246904,-7.));
#6603=CARTESIAN_POINT('Ctrl Pts',(172.532172573986,-109.791621400384,-6.17743072199436));
#6604=CARTESIAN_POINT('Ctrl Pts',(172.630803899434,-109.77823530432,-6.3102789714797));
#6605=CARTESIAN_POINT('Ctrl Pts',(172.860332768542,-109.74742694571,-6.55910646866214));
#6606=CARTESIAN_POINT('Ctrl Pts',(173.438270065593,-109.657621266908,-6.92177626659115));
#6607=CARTESIAN_POINT('Ctrl Pts',(173.855425450277,-109.602555369029,-7.));
#6608=CARTESIAN_POINT('Ctrl Pts',(174.067671757885,-109.570004443834,-7.));
#6609=CARTESIAN_POINT('Ctrl Pts',(172.657091920524,-109.264677665172,-6.37429280813842));
#6610=CARTESIAN_POINT('Ctrl Pts',(172.76522197538,-109.241890325102,-6.49348049584218));
#6611=CARTESIAN_POINT('Ctrl Pts',(173.02012515437,-109.188885448129,-6.71642819186277));
#6612=CARTESIAN_POINT('Ctrl Pts',(173.519753778626,-109.135129510485,-6.95096618379523));
#6613=CARTESIAN_POINT('Ctrl Pts',(173.887813290702,-109.109258111127,-7.));
#6614=CARTESIAN_POINT('Ctrl Pts',(174.090221323927,-109.088266865886,-7.));
#6615=CARTESIAN_POINT('Ctrl Pts',(172.701067774213,-108.723057945404,-6.41421356237314));
#6616=CARTESIAN_POINT('Ctrl Pts',(172.81796476869,-108.726515110677,-6.53077067649149));
#6617=CARTESIAN_POINT('Ctrl Pts',(173.085188463287,-108.736815872248,-6.73972481859477));
#6618=CARTESIAN_POINT('Ctrl Pts',(173.571090802571,-108.755443240648,-6.94893432386134));
#6619=CARTESIAN_POINT('Ctrl Pts',(173.934164159215,-108.763784454862,-7.));
#6620=CARTESIAN_POINT('Ctrl Pts',(174.11906426582,-108.768053217157,-7.));
#6621=CARTESIAN_POINT('Ctrl Pts',(172.731471109641,-108.451169274092,-6.41421356237314));
#6622=CARTESIAN_POINT('Ctrl Pts',(172.854120085565,-108.46488421829,-6.53762697732198));
#6623=CARTESIAN_POINT('Ctrl Pts',(173.13169948002,-108.495923905957,-6.75194803667002));
#6624=CARTESIAN_POINT('Ctrl Pts',(173.616585561917,-108.550145194845,-6.95404625108538));
#6625=CARTESIAN_POINT('Ctrl Pts',(173.963473000879,-108.588935097756,-7.));
#6626=CARTESIAN_POINT('Ctrl Pts',(174.136924846041,-108.608330957848,-7.));
#6627=CARTESIAN_POINT('',(172.731471109641,-108.451169274092,-6.41421356237314));
#6628=CARTESIAN_POINT('Ctrl Pts',(172.394427875691,-110.082039121833,-5.95148249428943));
#6629=CARTESIAN_POINT('Ctrl Pts',(172.440401594493,-109.989760799842,-6.03691454587812));
#6630=CARTESIAN_POINT('Ctrl Pts',(172.532172573986,-109.791621400384,-6.17743072199436));
#6631=CARTESIAN_POINT('Ctrl Pts',(172.657091920524,-109.264677665172,-6.37429280813842));
#6632=CARTESIAN_POINT('Ctrl Pts',(172.701067774213,-108.723057945404,-6.41421356237314));
#6633=CARTESIAN_POINT('Ctrl Pts',(172.731471109641,-108.451169274092,-6.41421356237314));
#6634=CARTESIAN_POINT('',(174.136924846041,-108.608330957848,-7.));
#6635=CARTESIAN_POINT('Origin',(174.136924846041,-108.608330957848,-5.));
#6636=CARTESIAN_POINT('Origin',(185.265596815182,-109.852769518389,-7.));
#6637=CARTESIAN_POINT('Ctrl Pts',(172.394427875691,-110.082039121833,-5.95148249428943));
#6638=CARTESIAN_POINT('Ctrl Pts',(172.440401594493,-109.989760799842,-6.03691454587812));
#6639=CARTESIAN_POINT('Ctrl Pts',(172.532172573986,-109.791621400384,-6.17743072199436));
#6640=CARTESIAN_POINT('Ctrl Pts',(172.657091920524,-109.264677665172,-6.37429280813842));
#6641=CARTESIAN_POINT('Ctrl Pts',(172.701067774213,-108.723057945404,-6.41421356237314));
#6642=CARTESIAN_POINT('Ctrl Pts',(172.731471109641,-108.451169274092,-6.41421356237314));
#6643=CARTESIAN_POINT('Ctrl Pts',(172.345196921861,-109.991456647176,-5.86605044270075));
#6644=CARTESIAN_POINT('Ctrl Pts',(172.384568967455,-109.906070689453,-5.94885234809423));
#6645=CARTESIAN_POINT('Ctrl Pts',(172.463950938146,-109.717017216545,-6.08759920614224));
#6646=CARTESIAN_POINT('Ctrl Pts',(172.557023997279,-109.193733425004,-6.2695951755226));
#6647=CARTESIAN_POINT('Ctrl Pts',(172.587548928116,-108.689390927762,-6.2976564482548));
#6648=CARTESIAN_POINT('Ctrl Pts',(172.608822133718,-108.437454329895,-6.29080014742431));
#6649=CARTESIAN_POINT('Ctrl Pts',(172.249183980359,-109.834994517912,-5.67704180151388));
#6650=CARTESIAN_POINT('Ctrl Pts',(172.277750271186,-109.755246327778,-5.75600045697004));
#6651=CARTESIAN_POINT('Ctrl Pts',(172.331826017369,-109.570395266218,-5.88669232633408));
#6652=CARTESIAN_POINT('Ctrl Pts',(172.365404046578,-109.044805173071,-6.02308756182731));
#6653=CARTESIAN_POINT('Ctrl Pts',(172.384175758918,-108.62783520431,-6.03094324800467));
#6654=CARTESIAN_POINT('Ctrl Pts',(172.395828607377,-108.413636810782,-6.01149067311932));
#6655=CARTESIAN_POINT('Ctrl Pts',(172.086367655366,-109.589818689053,-5.16895766185839));
#6656=CARTESIAN_POINT('Ctrl Pts',(172.098633763947,-109.504318457988,-5.2488822594744));
#6657=CARTESIAN_POINT('Ctrl Pts',(172.116327455413,-109.296590677993,-5.37819098492982));
#6658=CARTESIAN_POINT('Ctrl Pts',(172.148363740807,-108.865061322984,-5.52984008807112));
#6659=CARTESIAN_POINT('Ctrl Pts',(172.181575828418,-108.557066743801,-5.54598059094824));
#6660=CARTESIAN_POINT('Ctrl Pts',(172.194982216049,-108.391177617555,-5.52358242294634));
#6661=CARTESIAN_POINT('Ctrl Pts',(172.028712645233,-109.464567584912,-4.75536794016463));
#6662=CARTESIAN_POINT('Ctrl Pts',(172.038488534961,-109.377144490322,-4.84840532993718));
#6663=CARTESIAN_POINT('Ctrl Pts',(172.061079580906,-109.175118976378,-5.01074877684289));
#6664=CARTESIAN_POINT('Ctrl Pts',(172.102951996747,-108.800665471623,-5.16431501014183));
#6665=CARTESIAN_POINT('Ctrl Pts',(172.13372765983,-108.525447176442,-5.18422919882172));
#6666=CARTESIAN_POINT('Ctrl Pts',(172.149313110737,-108.386070773195,-5.17453292519953));
#6667=CARTESIAN_POINT('Ctrl Pts',(172.03501266056,-109.408228279626,-4.5739696093309));
#6668=CARTESIAN_POINT('Ctrl Pts',(172.04498725652,-109.31902820982,-4.66372563986905));
#6669=CARTESIAN_POINT('Ctrl Pts',(172.067561780978,-109.117150443,-4.81959692465432));
#6670=CARTESIAN_POINT('Ctrl Pts',(172.106995805741,-108.764502799368,-4.96657878649074));
#6671=CARTESIAN_POINT('Ctrl Pts',(172.13520690185,-108.512218721679,-5.00000000000009));
#6672=CARTESIAN_POINT('Ctrl Pts',(172.149313110737,-108.386070773195,-5.00000000000009));
#6673=CARTESIAN_POINT('',(172.03501266056,-109.408228279626,-4.5739696093309));
#6674=CARTESIAN_POINT('Ctrl Pts',(172.394427875691,-110.082039121833,-5.95148249428943));
#6675=CARTESIAN_POINT('Ctrl Pts',(172.345196921861,-109.991456647176,-5.86605044270075));
#6676=CARTESIAN_POINT('Ctrl Pts',(172.249183980359,-109.834994517912,-5.67704180151388));
#6677=CARTESIAN_POINT('Ctrl Pts',(172.086367655366,-109.589818689053,-5.16895766185839));
#6678=CARTESIAN_POINT('Ctrl Pts',(172.028712645233,-109.464567584912,-4.75536794016463));
#6679=CARTESIAN_POINT('Ctrl Pts',(172.03501266056,-109.408228279626,-4.5739696093309));
#6680=CARTESIAN_POINT('',(172.149313110737,-108.386070773195,-5.));
#6681=CARTESIAN_POINT('Origin',(172.149313110737,-108.386070773195,-3.54544126219423));
#6682=CARTESIAN_POINT('Origin',(174.136924846041,-108.608330957848,-5.));
#6683=CARTESIAN_POINT('Ctrl Pts',(172.394427875691,-110.082039121833,-5.95148249428943));
#6684=CARTESIAN_POINT('Ctrl Pts',(172.345196921861,-109.991456647176,-5.86605044270075));
#6685=CARTESIAN_POINT('Ctrl Pts',(172.249183980359,-109.834994517912,-5.67704180151388));
#6686=CARTESIAN_POINT('Ctrl Pts',(172.086367655366,-109.589818689053,-5.16895766185839));
#6687=CARTESIAN_POINT('Ctrl Pts',(172.028712645233,-109.464567584912,-4.75536794016463));
#6688=CARTESIAN_POINT('Ctrl Pts',(172.03501266056,-109.408228279626,-4.5739696093309));
#6689=CARTESIAN_POINT('Ctrl Pts',(172.299223203059,-110.083734969168,-5.78061839111206));
#6690=CARTESIAN_POINT('Ctrl Pts',(172.262021526439,-110.004046517163,-5.69796903007703));
#6691=CARTESIAN_POINT('Ctrl Pts',(172.186974005132,-109.863343091788,-5.51100389109146));
#6692=CARTESIAN_POINT('Ctrl Pts',(172.058080295159,-109.649662376906,-5.00998923454522));
#6693=CARTESIAN_POINT('Ctrl Pts',(172.019636757208,-109.545730756693,-4.64217518029944));
#6694=CARTESIAN_POINT('Ctrl Pts',(172.025038064599,-109.497428349432,-4.48421357879275));
#6695=CARTESIAN_POINT('Ctrl Pts',(172.147857631772,-110.086431190829,-5.41757336210415));
#6696=CARTESIAN_POINT('Ctrl Pts',(172.126324787885,-110.024957979926,-5.3371411477611));
#6697=CARTESIAN_POINT('Ctrl Pts',(172.080839557055,-109.912784883262,-5.14484613219496));
#6698=CARTESIAN_POINT('Ctrl Pts',(172.009819577147,-109.75901300296,-4.6547393115719));
#6699=CARTESIAN_POINT('Ctrl Pts',(172.003724770167,-109.688027282829,-4.39616565636875));
#6700=CARTESIAN_POINT('Ctrl Pts',(172.00771607433,-109.65233414685,-4.2810775605916));
#6701=CARTESIAN_POINT('Ctrl Pts',(171.985798298858,-110.089317896704,-4.50162930509405));
#6702=CARTESIAN_POINT('Ctrl Pts',(171.981977531843,-110.051567962516,-4.43609487591961));
#6703=CARTESIAN_POINT('Ctrl Pts',(171.976102397442,-109.981434164176,-4.28057247014331));
#6704=CARTESIAN_POINT('Ctrl Pts',(171.979906490047,-109.889175609267,-4.06483256670534));
#6705=CARTESIAN_POINT('Ctrl Pts',(171.987984277456,-109.828790182312,-3.97773207025552));
#6706=CARTESIAN_POINT('Ctrl Pts',(171.991381966454,-109.798405583582,-3.92623195632324));
#6707=CARTESIAN_POINT('Ctrl Pts',(171.975596814163,-110.089499612161,-3.84477295118486));
#6708=CARTESIAN_POINT('Ctrl Pts',(171.975113990978,-110.062393974556,-3.82814341290761));
#6709=CARTESIAN_POINT('Ctrl Pts',(171.975227992496,-110.007099180272,-3.79041984113842));
#6710=CARTESIAN_POINT('Ctrl Pts',(171.979049583478,-109.921049875931,-3.72777820259406));
#6711=CARTESIAN_POINT('Ctrl Pts',(171.984300695254,-109.861731445387,-3.69026786554129));
#6712=CARTESIAN_POINT('Ctrl Pts',(171.987667863911,-109.831619781671,-3.67237545788606));
#6713=CARTESIAN_POINT('Ctrl Pts',(171.975596814163,-110.089499612161,-3.54544126219423));
#6714=CARTESIAN_POINT('Ctrl Pts',(171.975085589614,-110.060799525285,-3.54544126219423));
#6715=CARTESIAN_POINT('Ctrl Pts',(171.975299069943,-110.00337733833,-3.54544126219424));
#6716=CARTESIAN_POINT('Ctrl Pts',(171.979326485093,-109.917337668375,-3.54544126219423));
#6717=CARTESIAN_POINT('Ctrl Pts',(171.984477914657,-109.860146620981,-3.54544126219424));
#6718=CARTESIAN_POINT('Ctrl Pts',(171.987667863911,-109.831619781671,-3.54544126219424));
#6719=CARTESIAN_POINT('',(171.975596814163,-110.089499612161,-3.54544126219423));
#6720=CARTESIAN_POINT('Ctrl Pts',(172.394427875691,-110.082039121833,-5.95148249428943));
#6721=CARTESIAN_POINT('Ctrl Pts',(172.299223203059,-110.083734969168,-5.78061839111206));
#6722=CARTESIAN_POINT('Ctrl Pts',(172.147857631772,-110.086431190829,-5.41757336210415));
#6723=CARTESIAN_POINT('Ctrl Pts',(171.985798298858,-110.089317896704,-4.50162930509405));
#6724=CARTESIAN_POINT('Ctrl Pts',(171.975596814163,-110.089499612161,-3.84477295118486));
#6725=CARTESIAN_POINT('Ctrl Pts',(171.975596814163,-110.089499612161,-3.54544126219423));
#6726=CARTESIAN_POINT('',(171.987667863911,-109.831619781671,-3.54544126219423));
#6727=CARTESIAN_POINT('Origin',(173.975279599215,-110.053879966324,-3.54544126219423));
#6728=CARTESIAN_POINT('Origin',(172.149313110737,-108.386070773195,-3.54544126219423));
#6729=CARTESIAN_POINT('Ctrl Pts',(172.394427875691,-110.082039121833,-5.95148249428943));
#6730=CARTESIAN_POINT('Ctrl Pts',(172.299223203059,-110.083734969168,-5.78061839111206));
#6731=CARTESIAN_POINT('Ctrl Pts',(172.147857631772,-110.086431190829,-5.41757336210415));
#6732=CARTESIAN_POINT('Ctrl Pts',(171.985798298858,-110.089317896704,-4.50162930509405));
#6733=CARTESIAN_POINT('Ctrl Pts',(171.975596814163,-110.089499612161,-3.84477295118486));
#6734=CARTESIAN_POINT('Ctrl Pts',(171.975596814163,-110.089499612161,-3.54544126219423));
#6735=CARTESIAN_POINT('Ctrl Pts',(172.34845415689,-110.174317443824,-5.86605044270074));
#6736=CARTESIAN_POINT('Ctrl Pts',(172.264883150658,-110.164697768819,-5.69796903007703));
#6737=CARTESIAN_POINT('Ctrl Pts',(172.128527754587,-110.148632275005,-5.3371411477611));
#6738=CARTESIAN_POINT('Ctrl Pts',(171.983324381675,-110.127179955886,-4.4360948759196));
#6739=CARTESIAN_POINT('Ctrl Pts',(171.976079637349,-110.116605249767,-3.82814341290761));
#6740=CARTESIAN_POINT('Ctrl Pts',(171.976108038712,-110.118199699037,-3.54544126219423));
#6741=CARTESIAN_POINT('Ctrl Pts',(172.25807436573,-110.334099721251,-5.67704180151386));
#6742=CARTESIAN_POINT('Ctrl Pts',(172.194894249236,-110.307984676959,-5.51100389109144));
#6743=CARTESIAN_POINT('Ctrl Pts',(172.087066310908,-110.262354122189,-5.14484613219495));
#6744=CARTESIAN_POINT('Ctrl Pts',(171.979950719174,-110.197478499791,-4.2805724701433));
#6745=CARTESIAN_POINT('Ctrl Pts',(171.978162835145,-110.171860906112,-3.79041984113841));
#6746=CARTESIAN_POINT('Ctrl Pts',(171.978366417167,-110.175577855642,-3.54544126219423));
#6747=CARTESIAN_POINT('Ctrl Pts',(172.10409301915,-110.584918555565,-5.16895766185833));
#6748=CARTESIAN_POINT('Ctrl Pts',(172.07369233099,-110.526120257267,-5.00998923454517));
#6749=CARTESIAN_POINT('Ctrl Pts',(172.0215678158,-110.418557758051,-4.65473931157186));
#6750=CARTESIAN_POINT('Ctrl Pts',(171.987038094374,-110.289543048817,-4.06483256670531));
#6751=CARTESIAN_POINT('Ctrl Pts',(171.985046561394,-110.257719520404,-3.72777820259405));
#6752=CARTESIAN_POINT('Ctrl Pts',(171.985455493894,-110.261419511439,-3.54544126219423));
#6753=CARTESIAN_POINT('Ctrl Pts',(172.050935276537,-110.71214352828,-4.75536794016456));
#6754=CARTESIAN_POINT('Ctrl Pts',(172.038974601171,-110.6313550734,-4.64217518029938));
#6755=CARTESIAN_POINT('Ctrl Pts',(172.018004960415,-110.489715506723,-4.3961656563687));
#6756=CARTESIAN_POINT('Ctrl Pts',(171.997261323771,-110.349602486199,-3.97773207025549));
#6757=CARTESIAN_POINT('Ctrl Pts',(171.992406908337,-110.316813307472,-3.69026786554128));
#6758=CARTESIAN_POINT('Ctrl Pts',(171.992640457246,-110.318390815006,-3.54544126219423));
#6759=CARTESIAN_POINT('Ctrl Pts',(172.059237763073,-110.768222724338,-4.57396960933084));
#6760=CARTESIAN_POINT('Ctrl Pts',(172.046092723837,-110.679434476459,-4.48421357879269));
#6761=CARTESIAN_POINT('Ctrl Pts',(172.023264907789,-110.525243853414,-4.28107756059156));
#6762=CARTESIAN_POINT('Ctrl Pts',(172.001738974331,-110.379846804277,-3.92623195632322));
#6763=CARTESIAN_POINT('Ctrl Pts',(171.996844337611,-110.346785950631,-3.67237545788605));
#6764=CARTESIAN_POINT('Ctrl Pts',(171.996844337611,-110.346785950631,-3.54544126219423));
#6765=CARTESIAN_POINT('',(172.059237763073,-110.768222724338,-4.57396960933084));
#6766=CARTESIAN_POINT('Ctrl Pts',(172.394427875691,-110.082039121833,-5.95148249428943));
#6767=CARTESIAN_POINT('Ctrl Pts',(172.34845415689,-110.174317443824,-5.86605044270074));
#6768=CARTESIAN_POINT('Ctrl Pts',(172.25807436573,-110.334099721251,-5.67704180151386));
#6769=CARTESIAN_POINT('Ctrl Pts',(172.10409301915,-110.584918555565,-5.16895766185833));
#6770=CARTESIAN_POINT('Ctrl Pts',(172.050935276537,-110.71214352828,-4.75536794016456));
#6771=CARTESIAN_POINT('Ctrl Pts',(172.059237763073,-110.768222724338,-4.57396960933084));
#6772=CARTESIAN_POINT('',(171.996844337611,-110.346785950631,-3.54544126219423));
#6773=CARTESIAN_POINT('Origin',(172.209868817026,-111.785661099105,-3.54544126219423));
#6774=CARTESIAN_POINT('Origin',(173.975279599215,-110.053879966324,-3.54544126219423));
#6775=CARTESIAN_POINT('Ctrl Pts',(240.488097137622,-114.861580229565,-5.96230036826685));
#6776=CARTESIAN_POINT('Ctrl Pts',(240.511505128724,-114.800849024306,-6.01509896984845));
#6777=CARTESIAN_POINT('Ctrl Pts',(240.570768383201,-114.671865670181,-6.11071696516792));
#6778=CARTESIAN_POINT('Ctrl Pts',(240.690855397786,-114.469358833244,-6.23428326675174));
#6779=CARTESIAN_POINT('Ctrl Pts',(240.906812262542,-114.211023602482,-6.34379245438768));
#6780=CARTESIAN_POINT('Ctrl Pts',(241.218521098185,-113.925317719616,-6.41698134456808));
#6781=CARTESIAN_POINT('Ctrl Pts',(241.417443216205,-113.754186231134,-6.4142135623731));
#6782=CARTESIAN_POINT('Ctrl Pts',(241.503229783313,-113.678436204127,-6.4142135623731));
#6783=CARTESIAN_POINT('Ctrl Pts',(240.428131092304,-114.79926858907,-6.13307736017766));
#6784=CARTESIAN_POINT('Ctrl Pts',(240.454940152881,-114.733929640145,-6.17575280283032));
#6785=CARTESIAN_POINT('Ctrl Pts',(240.520781917835,-114.596030172294,-6.25445143415021));
#6786=CARTESIAN_POINT('Ctrl Pts',(240.647185393798,-114.381891134609,-6.36176189840246));
#6787=CARTESIAN_POINT('Ctrl Pts',(240.869560277752,-114.108541747504,-6.46199261222569));
#6788=CARTESIAN_POINT('Ctrl Pts',(241.166826103759,-113.82191353221,-6.529802474599));
#6789=CARTESIAN_POINT('Ctrl Pts',(241.346924707072,-113.65730236729,-6.53351319682364));
#6790=CARTESIAN_POINT('Ctrl Pts',(241.421542850741,-113.585926117994,-6.53762697732194));
#6791=CARTESIAN_POINT('Ctrl Pts',(240.288435010555,-114.654265339315,-6.4285523813765));
#6792=CARTESIAN_POINT('Ctrl Pts',(240.322098005571,-114.579693150551,-6.45716257172143));
#6793=CARTESIAN_POINT('Ctrl Pts',(240.402505747372,-114.421565861758,-6.51314589973622));
#6794=CARTESIAN_POINT('Ctrl Pts',(240.542477251872,-114.178181734294,-6.599144004566));
#6795=CARTESIAN_POINT('Ctrl Pts',(240.782113979429,-113.86627061579,-6.68456446401057));
#6796=CARTESIAN_POINT('Ctrl Pts',(241.043691034641,-113.585171271866,-6.73622384943697));
#6797=CARTESIAN_POINT('Ctrl Pts',(241.184031949918,-113.438606247666,-6.74461410582485));
#6798=CARTESIAN_POINT('Ctrl Pts',(241.23666883033,-113.376557115958,-6.75194803667));
#6799=CARTESIAN_POINT('Ctrl Pts',(239.898515887783,-114.264803579998,-6.85800399948291));
#6800=CARTESIAN_POINT('Ctrl Pts',(239.961219163329,-114.162655352991,-6.86949615923718));
#6801=CARTESIAN_POINT('Ctrl Pts',(240.097011467977,-113.953778283411,-6.89346971424181));
#6802=CARTESIAN_POINT('Ctrl Pts',(240.296639874077,-113.677029097523,-6.92698038761914));
#6803=CARTESIAN_POINT('Ctrl Pts',(240.574193540371,-113.373788964736,-6.94626201357471));
#6804=CARTESIAN_POINT('Ctrl Pts',(240.781735393923,-113.174154234633,-6.94633569891877));
#6805=CARTESIAN_POINT('Ctrl Pts',(240.884439948331,-113.054609672109,-6.95097909475096));
#6806=CARTESIAN_POINT('Ctrl Pts',(240.913723967734,-113.010823502095,-6.95404625108538));
#6807=CARTESIAN_POINT('Ctrl Pts',(239.54344982081,-113.915787837595,-7.));
#6808=CARTESIAN_POINT('Ctrl Pts',(239.641301423163,-113.805671858598,-7.));
#6809=CARTESIAN_POINT('Ctrl Pts',(239.836863427153,-113.593242340668,-7.));
#6810=CARTESIAN_POINT('Ctrl Pts',(240.094251884722,-113.3322255953,-7.));
#6811=CARTESIAN_POINT('Ctrl Pts',(240.378725015992,-113.056671615388,-7.));
#6812=CARTESIAN_POINT('Ctrl Pts',(240.569610164269,-112.871464029408,-7.));
#6813=CARTESIAN_POINT('Ctrl Pts',(240.657582995322,-112.77910790315,-7.));
#6814=CARTESIAN_POINT('Ctrl Pts',(240.682689255676,-112.749177723031,-7.));
#6815=CARTESIAN_POINT('Ctrl Pts',(239.382115569877,-113.756299913723,-7.));
#6816=CARTESIAN_POINT('Ctrl Pts',(239.496813028556,-113.63987707723,-7.));
#6817=CARTESIAN_POINT('Ctrl Pts',(239.716794451585,-113.418359518728,-7.));
#6818=CARTESIAN_POINT('Ctrl Pts',(239.995299818455,-113.147684362777,-7.));
#6819=CARTESIAN_POINT('Ctrl Pts',(240.275952511077,-112.881428588436,-7.));
#6820=CARTESIAN_POINT('Ctrl Pts',(240.460027773814,-112.713671598516,-7.));
#6821=CARTESIAN_POINT('Ctrl Pts',(240.542519258853,-112.640112347973,-7.));
#6822=CARTESIAN_POINT('Ctrl Pts',(240.567166487764,-112.618348704566,-7.));
#6823=CARTESIAN_POINT('',(240.488097137622,-114.861580229565,-5.96230036826685));
#6824=CARTESIAN_POINT('',(241.503229783313,-113.678436204127,-6.4142135623731));
#6825=CARTESIAN_POINT('Ctrl Pts',(240.488097137622,-114.861580229565,-5.96230036826685));
#6826=CARTESIAN_POINT('Ctrl Pts',(240.511505128724,-114.800849024306,-6.01509896984845));
#6827=CARTESIAN_POINT('Ctrl Pts',(240.570768383201,-114.671865670181,-6.11071696516792));
#6828=CARTESIAN_POINT('Ctrl Pts',(240.690855397786,-114.469358833244,-6.23428326675174));
#6829=CARTESIAN_POINT('Ctrl Pts',(240.906812262542,-114.211023602482,-6.34379245438768));
#6830=CARTESIAN_POINT('Ctrl Pts',(241.218521098185,-113.925317719616,-6.41698134456808));
#6831=CARTESIAN_POINT('Ctrl Pts',(241.417443216205,-113.754186231134,-6.4142135623731));
#6832=CARTESIAN_POINT('Ctrl Pts',(241.503229783313,-113.678436204127,-6.4142135623731));
#6833=CARTESIAN_POINT('',(239.382115569877,-113.756299913723,-7.));
#6834=CARTESIAN_POINT('Ctrl Pts',(240.488097137622,-114.861580229565,-5.96230036826685));
#6835=CARTESIAN_POINT('Ctrl Pts',(240.428131092304,-114.79926858907,-6.13307736017766));
#6836=CARTESIAN_POINT('Ctrl Pts',(240.288435010555,-114.654265339315,-6.4285523813765));
#6837=CARTESIAN_POINT('Ctrl Pts',(239.898515887783,-114.264803579998,-6.85800399948291));
#6838=CARTESIAN_POINT('Ctrl Pts',(239.54344982081,-113.915787837595,-7.));
#6839=CARTESIAN_POINT('Ctrl Pts',(239.382115569877,-113.756299913723,-7.));
#6840=CARTESIAN_POINT('',(240.567166487764,-112.618348704566,-7.));
#6841=CARTESIAN_POINT('Ctrl Pts',(239.382115569877,-113.756299913723,-7.));
#6842=CARTESIAN_POINT('Ctrl Pts',(239.409332685259,-113.728673375084,-7.));
#6843=CARTESIAN_POINT('Ctrl Pts',(239.436454842818,-113.701200921113,-7.));
#6844=CARTESIAN_POINT('Ctrl Pts',(239.463277551613,-113.674092872421,-7.));
#6845=CARTESIAN_POINT('Ctrl Pts',(239.486909559846,-113.650209466954,-7.));
#6846=CARTESIAN_POINT('Ctrl Pts',(239.510308701251,-113.626609376697,-7.));
#6847=CARTESIAN_POINT('Ctrl Pts',(239.53336393161,-113.60340795509,-7.));
#6848=CARTESIAN_POINT('Ctrl Pts',(239.554751956948,-113.581884310108,-7.));
#6849=CARTESIAN_POINT('Ctrl Pts',(239.575843737563,-113.560704047177,-7.));
#6850=CARTESIAN_POINT('Ctrl Pts',(239.596581737776,-113.539928188189,-7.));
#6851=CARTESIAN_POINT('Ctrl Pts',(239.616231524772,-113.520242529033,-7.));
#6852=CARTESIAN_POINT('Ctrl Pts',(239.635563483481,-113.500920156334,-7.));
#6853=CARTESIAN_POINT('Ctrl Pts',(239.654561053032,-113.481980496825,-7.));
#6854=CARTESIAN_POINT('Ctrl Pts',(239.672774038733,-113.463823029529,-7.));
#6855=CARTESIAN_POINT('Ctrl Pts',(239.690679524428,-113.446017483014,-7.));
#6856=CARTESIAN_POINT('Ctrl Pts',(239.708296116068,-113.428547584589,-7.));
#6857=CARTESIAN_POINT('Ctrl Pts',(239.725312130303,-113.411673262566,-7.));
#6858=CARTESIAN_POINT('Ctrl Pts',(239.742058479568,-113.395112230514,-7.));
#6859=CARTESIAN_POINT('Ctrl Pts',(239.758585703398,-113.378815795306,-7.));
#6860=CARTESIAN_POINT('Ctrl Pts',(239.774657250252,-113.362968673934,-7.));
#6861=CARTESIAN_POINT('Ctrl Pts',(239.790521465393,-113.347371886534,-7.));
#6862=CARTESIAN_POINT('Ctrl Pts',(239.806259207332,-113.331945966841,-7.));
#6863=CARTESIAN_POINT('Ctrl Pts',(239.822389887333,-113.316134894628,-7.));
#6864=CARTESIAN_POINT('Ctrl Pts',(239.83838732279,-113.300503715382,-7.));
#6865=CARTESIAN_POINT('Ctrl Pts',(239.854379811247,-113.284925213097,-7.));
#6866=CARTESIAN_POINT('Ctrl Pts',(239.866982755884,-113.272648511922,-7.));
#6867=CARTESIAN_POINT('Ctrl Pts',(239.879587696253,-113.260399551728,-7.));
#6868=CARTESIAN_POINT('Ctrl Pts',(239.892238321877,-113.24813398087,-7.));
#6869=CARTESIAN_POINT('Ctrl Pts',(239.905556980048,-113.235220710776,-7.));
#6870=CARTESIAN_POINT('Ctrl Pts',(239.918926058602,-113.222289233246,-7.));
#6871=CARTESIAN_POINT('Ctrl Pts',(239.932353238703,-113.209329400838,-7.));
#6872=CARTESIAN_POINT('Ctrl Pts',(239.946736920794,-113.195446358538,-7.));
#6873=CARTESIAN_POINT('Ctrl Pts',(239.961186974043,-113.181531061121,-7.));
#6874=CARTESIAN_POINT('Ctrl Pts',(239.975668307911,-113.1676139264,-7.));
#6875=CARTESIAN_POINT('Ctrl Pts',(239.992045155261,-113.151875128238,-7.));
#6876=CARTESIAN_POINT('Ctrl Pts',(240.008461612734,-113.136134342225,-7.));
#6877=CARTESIAN_POINT('Ctrl Pts',(240.024816718118,-113.120484143632,-7.));
#6878=CARTESIAN_POINT('Ctrl Pts',(240.046386294098,-113.099844218684,-7.));
#6879=CARTESIAN_POINT('Ctrl Pts',(240.06784766833,-113.079363187803,-7.));
#6880=CARTESIAN_POINT('Ctrl Pts',(240.088896539414,-113.059324795824,-7.));
#6881=CARTESIAN_POINT('Ctrl Pts',(240.106387222803,-113.042673776,-7.));
#6882=CARTESIAN_POINT('Ctrl Pts',(240.123589681626,-113.026331671035,-7.));
#6883=CARTESIAN_POINT('Ctrl Pts',(240.140330826262,-113.01046112385,-7.));
#6884=CARTESIAN_POINT('Ctrl Pts',(240.154479014388,-112.997048690463,-7.));
#6885=CARTESIAN_POINT('Ctrl Pts',(240.168296968056,-112.983973791532,-7.));
#6886=CARTESIAN_POINT('Ctrl Pts',(240.181702819722,-112.971313708196,-7.));
#6887=CARTESIAN_POINT('Ctrl Pts',(240.19406336783,-112.959640778119,-7.));
#6888=CARTESIAN_POINT('Ctrl Pts',(240.206073138549,-112.948320917903,-7.));
#6889=CARTESIAN_POINT('Ctrl Pts',(240.217696515903,-112.937387950258,-7.));
#6890=CARTESIAN_POINT('Ctrl Pts',(240.228593432173,-112.92713829309,-7.));
#6891=CARTESIAN_POINT('Ctrl Pts',(240.239150495302,-112.917228919748,-7.));
#6892=CARTESIAN_POINT('Ctrl Pts',(240.249369153524,-112.907658708311,-7.));
#6893=CARTESIAN_POINT('Ctrl Pts',(240.259127675743,-112.898519433964,-7.));
#6894=CARTESIAN_POINT('Ctrl Pts',(240.268577379706,-112.889689660783,-7.));
#6895=CARTESIAN_POINT('Ctrl Pts',(240.277751789603,-112.881137962367,-7.));
#6896=CARTESIAN_POINT('Ctrl Pts',(240.286699981995,-112.872797126982,-7.));
#6897=CARTESIAN_POINT('Ctrl Pts',(240.295386045167,-112.864721055551,-7.));
#6898=CARTESIAN_POINT('Ctrl Pts',(240.303875863624,-112.856847713732,-7.));
#6899=CARTESIAN_POINT('Ctrl Pts',(240.312334211149,-112.849003557627,-7.));
#6900=CARTESIAN_POINT('Ctrl Pts',(240.320602835787,-112.84135592773,-7.));
#6901=CARTESIAN_POINT('Ctrl Pts',(240.328763248145,-112.833827605164,-7.));
#6902=CARTESIAN_POINT('Ctrl Pts',(240.337054147952,-112.826178902457,-7.));
#6903=CARTESIAN_POINT('Ctrl Pts',(240.345233313778,-112.818653374882,-7.));
#6904=CARTESIAN_POINT('Ctrl Pts',(240.353342573645,-112.811209927364,-7.));
#6905=CARTESIAN_POINT('Ctrl Pts',(240.36194039608,-112.803318030802,-7.));
#6906=CARTESIAN_POINT('Ctrl Pts',(240.370459358383,-112.795518651608,-7.));
#6907=CARTESIAN_POINT('Ctrl Pts',(240.378904313306,-112.787804001621,-7.));
#6908=CARTESIAN_POINT('Ctrl Pts',(240.388070628912,-112.779430372962,-7.));
#6909=CARTESIAN_POINT('Ctrl Pts',(240.397149336807,-112.771156940596,-7.));
#6910=CARTESIAN_POINT('Ctrl Pts',(240.406100353989,-112.763016215008,-7.));
#6911=CARTESIAN_POINT('Ctrl Pts',(240.416630409959,-112.753439393253,-7.));
#6912=CARTESIAN_POINT('Ctrl Pts',(240.426983033414,-112.744046862428,-7.));
#6913=CARTESIAN_POINT('Ctrl Pts',(240.437039199573,-112.734941153402,-7.));
#6914=CARTESIAN_POINT('Ctrl Pts',(240.451541521615,-112.721809516293,-7.));
#6915=CARTESIAN_POINT('Ctrl Pts',(240.465420362104,-112.709280542884,-7.));
#6916=CARTESIAN_POINT('Ctrl Pts',(240.478261390209,-112.697716765485,-7.));
#6917=CARTESIAN_POINT('Ctrl Pts',(240.486296285965,-112.690481071803,-7.));
#6918=CARTESIAN_POINT('Ctrl Pts',(240.493923939573,-112.683624173891,-7.));
#6919=CARTESIAN_POINT('Ctrl Pts',(240.501067952503,-112.677212746924,-7.));
#6920=CARTESIAN_POINT('Ctrl Pts',(240.5074915351,-112.671447873444,-7.));
#6921=CARTESIAN_POINT('Ctrl Pts',(240.513523620768,-112.666043600201,-7.));
#6922=CARTESIAN_POINT('Ctrl Pts',(240.519140544337,-112.661019787795,-7.));
#6923=CARTESIAN_POINT('Ctrl Pts',(240.524365746817,-112.65634633324,-7.));
#6924=CARTESIAN_POINT('Ctrl Pts',(240.529231390235,-112.652002385256,-7.));
#6925=CARTESIAN_POINT('Ctrl Pts',(240.533752675604,-112.647973064978,-7.));
#6926=CARTESIAN_POINT('Ctrl Pts',(240.537993404861,-112.644193773251,-7.));
#6927=CARTESIAN_POINT('Ctrl Pts',(240.541931051875,-112.640691398618,-7.));
#6928=CARTESIAN_POINT('Ctrl Pts',(240.545612234307,-112.637422897005,-7.));
#6929=CARTESIAN_POINT('Ctrl Pts',(240.549178702286,-112.634256249723,-7.));
#6930=CARTESIAN_POINT('Ctrl Pts',(240.552504218191,-112.631309329716,-7.));
#6931=CARTESIAN_POINT('Ctrl Pts',(240.555666984821,-112.628510622343,-7.));
#6932=CARTESIAN_POINT('Ctrl Pts',(240.55871193323,-112.625816171388,-7.));
#6933=CARTESIAN_POINT('Ctrl Pts',(240.561605918165,-112.623259200753,-7.));
#6934=CARTESIAN_POINT('Ctrl Pts',(240.564454769721,-112.620743283903,-7.));
#6935=CARTESIAN_POINT('Ctrl Pts',(240.565361543292,-112.619942481594,-7.));
#6936=CARTESIAN_POINT('Ctrl Pts',(240.566264033172,-112.619145577107,-7.));
#6937=CARTESIAN_POINT('Ctrl Pts',(240.567166487764,-112.618348704566,-7.));
#6938=CARTESIAN_POINT('Origin',(240.567166487764,-112.618348704566,-5.));
#6939=CARTESIAN_POINT('Ctrl Pts',(240.488097137622,-114.861580229565,-5.96230036826685));
#6940=CARTESIAN_POINT('Ctrl Pts',(240.428131092304,-114.79926858907,-6.13307736017766));
#6941=CARTESIAN_POINT('Ctrl Pts',(240.288435010555,-114.654265339315,-6.4285523813765));
#6942=CARTESIAN_POINT('Ctrl Pts',(239.898515887783,-114.264803579998,-6.85800399948291));
#6943=CARTESIAN_POINT('Ctrl Pts',(239.54344982081,-113.915787837595,-7.));
#6944=CARTESIAN_POINT('Ctrl Pts',(239.382115569877,-113.756299913723,-7.));
#6945=CARTESIAN_POINT('Ctrl Pts',(240.428709519329,-114.884924450526,-6.01196796183173));
#6946=CARTESIAN_POINT('Ctrl Pts',(240.364113986245,-114.826092942152,-6.17303664584334));
#6947=CARTESIAN_POINT('Ctrl Pts',(240.214953614235,-114.688343454358,-6.45575731211064));
#6948=CARTESIAN_POINT('Ctrl Pts',(239.797217654283,-114.329163092827,-6.8695277779669));
#6949=CARTESIAN_POINT('Ctrl Pts',(239.434842601728,-114.015271288334,-7.));
#6950=CARTESIAN_POINT('Ctrl Pts',(239.267418111197,-113.872722750215,-7.));
#6951=CARTESIAN_POINT('Ctrl Pts',(240.301242209131,-114.945467246612,-6.10194481003075));
#6952=CARTESIAN_POINT('Ctrl Pts',(240.227266936582,-114.893849516954,-6.24732801792095));
#6953=CARTESIAN_POINT('Ctrl Pts',(240.056805663535,-114.77217919538,-6.50941281226968));
#6954=CARTESIAN_POINT('Ctrl Pts',(239.581713516912,-114.477129085671,-6.89367766452665));
#6955=CARTESIAN_POINT('Ctrl Pts',(239.21266606968,-114.227130524603,-7.));
#6956=CARTESIAN_POINT('Ctrl Pts',(239.034225262458,-114.111422792465,-7.));
#6957=CARTESIAN_POINT('Ctrl Pts',(240.097516462852,-115.070822839711,-6.21965612389155));
#6958=CARTESIAN_POINT('Ctrl Pts',(240.010668505614,-115.026952241326,-6.35035561436379));
#6959=CARTESIAN_POINT('Ctrl Pts',(239.806171461374,-114.924433349556,-6.59417546299412));
#6960=CARTESIAN_POINT('Ctrl Pts',(239.298927804919,-114.688395978907,-6.92719218907763));
#6961=CARTESIAN_POINT('Ctrl Pts',(238.957166619596,-114.484236994053,-7.));
#6962=CARTESIAN_POINT('Ctrl Pts',(238.775778875852,-114.382893872508,-7.));
#6963=CARTESIAN_POINT('Ctrl Pts',(239.868721492336,-115.261961723015,-6.32777485874306));
#6964=CARTESIAN_POINT('Ctrl Pts',(239.767962699409,-115.223811180083,-6.45055562085048));
#6965=CARTESIAN_POINT('Ctrl Pts',(239.529008285379,-115.135207204999,-6.68030966219987));
#6966=CARTESIAN_POINT('Ctrl Pts',(239.03822599016,-114.929949832292,-6.94614204091659));
#6967=CARTESIAN_POINT('Ctrl Pts',(238.714335180296,-114.743484876171,-7.));
#6968=CARTESIAN_POINT('Ctrl Pts',(238.534036242575,-114.647155576817,-7.));
#6969=CARTESIAN_POINT('Ctrl Pts',(239.564192944416,-115.603043807265,-6.40832189692422));
#6970=CARTESIAN_POINT('Ctrl Pts',(239.456957954559,-115.556335018277,-6.52411042983808));
#6971=CARTESIAN_POINT('Ctrl Pts',(239.211789577411,-115.444131828173,-6.73421047570421));
#6972=CARTESIAN_POINT('Ctrl Pts',(238.788372301989,-115.197504968483,-6.94636973958959));
#6973=CARTESIAN_POINT('Ctrl Pts',(238.484691924534,-114.987003204657,-7.));
#6974=CARTESIAN_POINT('Ctrl Pts',(238.327235207504,-114.877337976183,-7.));
#6975=CARTESIAN_POINT('Ctrl Pts',(239.402527013924,-115.7954300255,-6.41421356237309));
#6976=CARTESIAN_POINT('Ctrl Pts',(239.303865119976,-115.727159249884,-6.53351319682364));
#6977=CARTESIAN_POINT('Ctrl Pts',(239.081775146368,-115.568572630022,-6.74461410582484));
#6978=CARTESIAN_POINT('Ctrl Pts',(238.693284044238,-115.274663343518,-6.95097909475096));
#6979=CARTESIAN_POINT('Ctrl Pts',(238.415210856969,-115.050967924029,-7.));
#6980=CARTESIAN_POINT('Ctrl Pts',(238.274898152976,-114.937514098982,-7.));
#6981=CARTESIAN_POINT('Ctrl Pts',(239.324228683218,-115.886190324239,-6.41421356237309));
#6982=CARTESIAN_POINT('Ctrl Pts',(239.230783006453,-115.805575335043,-6.53762697732194));
#6983=CARTESIAN_POINT('Ctrl Pts',(239.019296573927,-115.623127338907,-6.75194803666999));
#6984=CARTESIAN_POINT('Ctrl Pts',(238.649864153183,-115.304420346372,-6.95404625108538));
#6985=CARTESIAN_POINT('Ctrl Pts',(238.385572248166,-115.076417405998,-7.));
#6986=CARTESIAN_POINT('Ctrl Pts',(238.253420104739,-114.962410594945,-7.));
#6987=CARTESIAN_POINT('',(239.324228683218,-115.886190324239,-6.41421356237309));
#6988=CARTESIAN_POINT('Ctrl Pts',(240.488097137622,-114.861580229565,-5.96230036826685));
#6989=CARTESIAN_POINT('Ctrl Pts',(240.428709519329,-114.884924450526,-6.01196796183173));
#6990=CARTESIAN_POINT('Ctrl Pts',(240.301242209131,-114.945467246612,-6.10194481003075));
#6991=CARTESIAN_POINT('Ctrl Pts',(240.097516462852,-115.070822839711,-6.21965612389154));
#6992=CARTESIAN_POINT('Ctrl Pts',(239.868721492336,-115.261961723015,-6.32777485874306));
#6993=CARTESIAN_POINT('Ctrl Pts',(239.564192944416,-115.603043807265,-6.40832189692422));
#6994=CARTESIAN_POINT('Ctrl Pts',(239.402527013924,-115.7954300255,-6.41421356237309));
#6995=CARTESIAN_POINT('Ctrl Pts',(239.324228683218,-115.886190324239,-6.41421356237309));
#6996=CARTESIAN_POINT('',(238.253420104739,-114.962410594945,-7.));
#6997=CARTESIAN_POINT('Origin',(238.253420104739,-114.962410594945,-5.));
#6998=CARTESIAN_POINT('Ctrl Pts',(238.253420104739,-114.962410594945,-7.));
#6999=CARTESIAN_POINT('Ctrl Pts',(238.256776049776,-114.958520517451,-7.));
#7000=CARTESIAN_POINT('Ctrl Pts',(238.260135171074,-114.954626930358,-7.));
#7001=CARTESIAN_POINT('Ctrl Pts',(238.26365177761,-114.950560403701,-7.));
#7002=CARTESIAN_POINT('Ctrl Pts',(238.267225871004,-114.946427400503,-7.));
#7003=CARTESIAN_POINT('Ctrl Pts',(238.270962502313,-114.942115908687,-7.));
#7004=CARTESIAN_POINT('Ctrl Pts',(238.274985513335,-114.937490229616,-7.));
#7005=CARTESIAN_POINT('Ctrl Pts',(238.27911830712,-114.932738321751,-7.));
#7006=CARTESIAN_POINT('Ctrl Pts',(238.283553221913,-114.927654955837,-7.));
#7007=CARTESIAN_POINT('Ctrl Pts',(238.28838632057,-114.922135262707,-7.));
#7008=CARTESIAN_POINT('Ctrl Pts',(238.293371855957,-114.916441477543,-7.));
#7009=CARTESIAN_POINT('Ctrl Pts',(238.298780970237,-114.91028353627,-7.));
#7010=CARTESIAN_POINT('Ctrl Pts',(238.304680668803,-114.903588874205,-7.));
#7011=CARTESIAN_POINT('Ctrl Pts',(238.310800719899,-114.896644167886,-7.));
#7012=CARTESIAN_POINT('Ctrl Pts',(238.31744854397,-114.889122053283,-7.));
#7013=CARTESIAN_POINT('Ctrl Pts',(238.32466018197,-114.880984469447,-7.));
#7014=CARTESIAN_POINT('Ctrl Pts',(238.33220183765,-114.872474494965,-7.));
#7015=CARTESIAN_POINT('Ctrl Pts',(238.340359913095,-114.863291624011,-7.));
#7016=CARTESIAN_POINT('Ctrl Pts',(238.349136421085,-114.853435831377,-7.));
#7017=CARTESIAN_POINT('Ctrl Pts',(238.358430911369,-114.842998357955,-7.));
#7018=CARTESIAN_POINT('Ctrl Pts',(238.368418752036,-114.831806441772,-7.));
#7019=CARTESIAN_POINT('Ctrl Pts',(238.379062440331,-114.819904417183,-7.));
#7020=CARTESIAN_POINT('Ctrl Pts',(238.390589324504,-114.807014782025,-7.));
#7021=CARTESIAN_POINT('Ctrl Pts',(238.402885065806,-114.79329267575,-7.));
#7022=CARTESIAN_POINT('Ctrl Pts',(238.415860931299,-114.778840288333,-7.));
#7023=CARTESIAN_POINT('Ctrl Pts',(238.430935456195,-114.762050435352,-7.));
#7024=CARTESIAN_POINT('Ctrl Pts',(238.446927309644,-114.744275589326,-7.));
#7025=CARTESIAN_POINT('Ctrl Pts',(238.463650543276,-114.725728689333,-7.));
#7026=CARTESIAN_POINT('Ctrl Pts',(238.489948692305,-114.696562730714,-7.));
#7027=CARTESIAN_POINT('Ctrl Pts',(238.518049132804,-114.665494114525,-7.));
#7028=CARTESIAN_POINT('Ctrl Pts',(238.547153206541,-114.633440709429,-7.));
#7029=CARTESIAN_POINT('Ctrl Pts',(238.56395416448,-114.614937185981,-7.));
#7030=CARTESIAN_POINT('Ctrl Pts',(238.581088839507,-114.596106451434,-7.));
#7031=CARTESIAN_POINT('Ctrl Pts',(238.598424323707,-114.577103553477,-7.));
#7032=CARTESIAN_POINT('Ctrl Pts',(238.614053735066,-114.559970826997,-7.));
#7033=CARTESIAN_POINT('Ctrl Pts',(238.62984596247,-114.54269862182,-7.));
#7034=CARTESIAN_POINT('Ctrl Pts',(238.645730113595,-114.525372075159,-7.));
#7035=CARTESIAN_POINT('Ctrl Pts',(238.660589053907,-114.50916383585,-7.));
#7036=CARTESIAN_POINT('Ctrl Pts',(238.675528164244,-114.492908346268,-7.));
#7037=CARTESIAN_POINT('Ctrl Pts',(238.690518516244,-114.476643799148,-7.));
#7038=CARTESIAN_POINT('Ctrl Pts',(238.70478445331,-114.461165242966,-7.));
#7039=CARTESIAN_POINT('Ctrl Pts',(238.719096598058,-114.445678707814,-7.));
#7040=CARTESIAN_POINT('Ctrl Pts',(238.733460619495,-114.430183875049,-7.));
#7041=CARTESIAN_POINT('Ctrl Pts',(238.747268662706,-114.41528879004,-7.));
#7042=CARTESIAN_POINT('Ctrl Pts',(238.761124484541,-114.400386215246,-7.));
#7043=CARTESIAN_POINT('Ctrl Pts',(238.775064716335,-114.385441480312,-7.));
#7044=CARTESIAN_POINT('Ctrl Pts',(238.788647664184,-114.370879774435,-7.));
#7045=CARTESIAN_POINT('Ctrl Pts',(238.802310575792,-114.356278235268,-7.));
#7046=CARTESIAN_POINT('Ctrl Pts',(238.816120441189,-114.341568710952,-7.));
#7047=CARTESIAN_POINT('Ctrl Pts',(238.833355261317,-114.323211109449,-7.));
#7048=CARTESIAN_POINT('Ctrl Pts',(238.850822141511,-114.304682063392,-7.));
#7049=CARTESIAN_POINT('Ctrl Pts',(238.86870904698,-114.285785323218,-7.));
#7050=CARTESIAN_POINT('Ctrl Pts',(238.88332222677,-114.270347132297,-7.));
#7051=CARTESIAN_POINT('Ctrl Pts',(238.898216088841,-114.254663098856,-7.));
#7052=CARTESIAN_POINT('Ctrl Pts',(238.913456084147,-114.238664022393,-7.));
#7053=CARTESIAN_POINT('Ctrl Pts',(238.929181418676,-114.222155432694,-7.));
#7054=CARTESIAN_POINT('Ctrl Pts',(238.945275140015,-114.205311558797,-7.));
#7055=CARTESIAN_POINT('Ctrl Pts',(238.961770639934,-114.188095961035,-7.));
#7056=CARTESIAN_POINT('Ctrl Pts',(238.97924600351,-114.169857724453,-7.));
#7057=CARTESIAN_POINT('Ctrl Pts',(238.997172242946,-114.151202339958,-7.));
#7058=CARTESIAN_POINT('Ctrl Pts',(239.015547802168,-114.132128952513,-7.));
#7059=CARTESIAN_POINT('Ctrl Pts',(239.034809434389,-114.112135842658,-7.));
#7060=CARTESIAN_POINT('Ctrl Pts',(239.054564518948,-114.091683690362,-7.));
#7061=CARTESIAN_POINT('Ctrl Pts',(239.074769629441,-114.070814464949,-7.));
#7062=CARTESIAN_POINT('Ctrl Pts',(239.096250870251,-114.048627164524,-7.));
#7063=CARTESIAN_POINT('Ctrl Pts',(239.118240439087,-114.025968781805,-7.));
#7064=CARTESIAN_POINT('Ctrl Pts',(239.14064462715,-114.002932745787,-7.));
#7065=CARTESIAN_POINT('Ctrl Pts',(239.166551607567,-113.976295130876,-7.));
#7066=CARTESIAN_POINT('Ctrl Pts',(239.193012744438,-113.949152764351,-7.));
#7067=CARTESIAN_POINT('Ctrl Pts',(239.219832943055,-113.921702455177,-7.));
#7068=CARTESIAN_POINT('Ctrl Pts',(239.255272318377,-113.885430471385,-7.));
#7069=CARTESIAN_POINT('Ctrl Pts',(239.291336909408,-113.848622412785,-7.));
#7070=CARTESIAN_POINT('Ctrl Pts',(239.327504449553,-113.811809369651,-7.));
#7071=CARTESIAN_POINT('Ctrl Pts',(239.345705116847,-113.793283864529,-7.));
#7072=CARTESIAN_POINT('Ctrl Pts',(239.363931083214,-113.774757947072,-7.));
#7073=CARTESIAN_POINT('Ctrl Pts',(239.382115569877,-113.756299913723,-7.));
#7074=CARTESIAN_POINT('Ctrl Pts',(240.488097137622,-114.861580229565,-5.96230036826685));
#7075=CARTESIAN_POINT('Ctrl Pts',(240.428709519329,-114.884924450526,-6.01196796183173));
#7076=CARTESIAN_POINT('Ctrl Pts',(240.301242209131,-114.945467246612,-6.10194481003075));
#7077=CARTESIAN_POINT('Ctrl Pts',(240.097516462852,-115.070822839711,-6.21965612389154));
#7078=CARTESIAN_POINT('Ctrl Pts',(239.868721492336,-115.261961723015,-6.32777485874306));
#7079=CARTESIAN_POINT('Ctrl Pts',(239.564192944416,-115.603043807265,-6.40832189692422));
#7080=CARTESIAN_POINT('Ctrl Pts',(239.402527013924,-115.7954300255,-6.41421356237309));
#7081=CARTESIAN_POINT('Ctrl Pts',(239.324228683218,-115.886190324239,-6.41421356237309));
#7082=CARTESIAN_POINT('Ctrl Pts',(240.449083819118,-114.962798904996,-5.87430269896418));
#7083=CARTESIAN_POINT('Ctrl Pts',(240.396502981816,-114.987452593465,-5.922865355608));
#7084=CARTESIAN_POINT('Ctrl Pts',(240.285454252786,-115.047175254032,-6.01143507068073));
#7085=CARTESIAN_POINT('Ctrl Pts',(240.115039276375,-115.16435515948,-6.12602966581709));
#7086=CARTESIAN_POINT('Ctrl Pts',(239.906456024473,-115.365519070499,-6.22681001049538));
#7087=CARTESIAN_POINT('Ctrl Pts',(239.639743702857,-115.688668195334,-6.2948340122872));
#7088=CARTESIAN_POINT('Ctrl Pts',(239.492489093349,-115.873785278754,-6.29491392792254));
#7089=CARTESIAN_POINT('Ctrl Pts',(239.417674359984,-115.966805313436,-6.29080014742425));
#7090=CARTESIAN_POINT('Ctrl Pts',(240.404274728291,-115.140851666285,-5.68015412509498));
#7091=CARTESIAN_POINT('Ctrl Pts',(240.3665928112,-115.163149181682,-5.72716537040452));
#7092=CARTESIAN_POINT('Ctrl Pts',(240.291015738946,-115.214366375967,-5.81174867429072));
#7093=CARTESIAN_POINT('Ctrl Pts',(240.155524728357,-115.347095556467,-5.91367633091067));
#7094=CARTESIAN_POINT('Ctrl Pts',(239.982544014015,-115.566230280345,-5.99150414222378));
#7095=CARTESIAN_POINT('Ctrl Pts',(239.778378586436,-115.846854250983,-6.03262235993904));
#7096=CARTESIAN_POINT('Ctrl Pts',(239.649480720765,-116.014981045468,-6.02316221805045));
#7097=CARTESIAN_POINT('Ctrl Pts',(239.579953123959,-116.10680216784,-6.01149067311925));
#7098=CARTESIAN_POINT('Ctrl Pts',(240.447096832275,-115.365683889535,-5.17508432304848));
#7099=CARTESIAN_POINT('Ctrl Pts',(240.417817856849,-115.397589601589,-5.2223728597084));
#7100=CARTESIAN_POINT('Ctrl Pts',(240.353042456686,-115.474205229733,-5.30641658949575));
#7101=CARTESIAN_POINT('Ctrl Pts',(240.233560127933,-115.628425351874,-5.41013970364555));
#7102=CARTESIAN_POINT('Ctrl Pts',(240.08571292581,-115.816322615925,-5.49492527171293));
#7103=CARTESIAN_POINT('Ctrl Pts',(239.915405529924,-116.015799067288,-5.54616417732632));
#7104=CARTESIAN_POINT('Ctrl Pts',(239.794961309733,-116.162269732538,-5.53702132374738));
#7105=CARTESIAN_POINT('Ctrl Pts',(239.732977043011,-116.23881492657,-5.52358242294624));
#7106=CARTESIAN_POINT('Ctrl Pts',(240.447520643982,-115.480895067044,-4.7691460230678));
#7107=CARTESIAN_POINT('Ctrl Pts',(240.415438809003,-115.518083049222,-4.82325952059938));
#7108=CARTESIAN_POINT('Ctrl Pts',(240.344716874866,-115.600061091561,-4.9230878648084));
#7109=CARTESIAN_POINT('Ctrl Pts',(240.219944038486,-115.744692781692,-5.0446848382754));
#7110=CARTESIAN_POINT('Ctrl Pts',(240.079006605248,-115.908061827098,-5.13239481644851));
#7111=CARTESIAN_POINT('Ctrl Pts',(239.926623355721,-116.084698405749,-5.17869465072106));
#7112=CARTESIAN_POINT('Ctrl Pts',(239.820999285109,-116.207133611155,-5.18035068937274));
#7113=CARTESIAN_POINT('Ctrl Pts',(239.76777211913,-116.268832416759,-5.17453292519943));
#7114=CARTESIAN_POINT('Ctrl Pts',(240.413037440435,-115.520866619786,-4.59082488833089));
#7115=CARTESIAN_POINT('Ctrl Pts',(240.379251427218,-115.560030017334,-4.64254786578431));
#7116=CARTESIAN_POINT('Ctrl Pts',(240.30636178358,-115.644520781977,-4.73785186729626));
#7117=CARTESIAN_POINT('Ctrl Pts',(240.183765125999,-115.786629932533,-4.85286426065049));
#7118=CARTESIAN_POINT('Ctrl Pts',(240.050925457619,-115.940612372235,-4.9371004412551));
#7119=CARTESIAN_POINT('Ctrl Pts',(239.911113470893,-116.102676844979,-4.9884864003183));
#7120=CARTESIAN_POINT('Ctrl Pts',(239.81555275724,-116.213447008797,-5.));
#7121=CARTESIAN_POINT('Ctrl Pts',(239.76777211913,-116.268832416759,-5.));
#7122=CARTESIAN_POINT('',(240.413037440435,-115.520866619786,-4.59082488833089));
#7123=CARTESIAN_POINT('Ctrl Pts',(240.488097137622,-114.861580229565,-5.96230036826685));
#7124=CARTESIAN_POINT('Ctrl Pts',(240.449083819118,-114.962798904996,-5.87430269896418));
#7125=CARTESIAN_POINT('Ctrl Pts',(240.404274728291,-115.140851666285,-5.68015412509498));
#7126=CARTESIAN_POINT('Ctrl Pts',(240.447096832275,-115.365683889535,-5.17508432304848));
#7127=CARTESIAN_POINT('Ctrl Pts',(240.447520643982,-115.480895067044,-4.7691460230678));
#7128=CARTESIAN_POINT('Ctrl Pts',(240.413037440435,-115.520866619786,-4.59082488833089));
#7129=CARTESIAN_POINT('',(239.76777211913,-116.268832416759,-5.));
#7130=CARTESIAN_POINT('Origin',(239.76777211913,-116.268832416759,-3.60298878435381));
#7131=CARTESIAN_POINT('Origin',(238.253420104739,-114.962410594945,-5.));
#7132=CARTESIAN_POINT('Ctrl Pts',(240.488097137622,-114.861580229565,-5.96230036826685));
#7133=CARTESIAN_POINT('Ctrl Pts',(240.449083819118,-114.962798904996,-5.87430269896418));
#7134=CARTESIAN_POINT('Ctrl Pts',(240.404274728291,-115.140851666285,-5.68015412509498));
#7135=CARTESIAN_POINT('Ctrl Pts',(240.447096832275,-115.365683889535,-5.17508432304848));
#7136=CARTESIAN_POINT('Ctrl Pts',(240.447520643982,-115.480895067044,-4.7691460230678));
#7137=CARTESIAN_POINT('Ctrl Pts',(240.413037440435,-115.520866619786,-4.59082488833089));
#7138=CARTESIAN_POINT('Ctrl Pts',(240.524076764812,-114.898967213862,-5.85983417312036));
#7139=CARTESIAN_POINT('Ctrl Pts',(240.48753328348,-114.988310131585,-5.77321444094269));
#7140=CARTESIAN_POINT('Ctrl Pts',(240.443398058407,-115.148386667262,-5.58061601988663));
#7141=CARTESIAN_POINT('Ctrl Pts',(240.480396239578,-115.347617523671,-5.08127764410212));
#7142=CARTESIAN_POINT('Ctrl Pts',(240.477303598725,-115.446371855048,-4.7031444498871));
#7143=CARTESIAN_POINT('Ctrl Pts',(240.446823453653,-115.481703222237,-4.53910191087747));
#7144=CARTESIAN_POINT('Ctrl Pts',(240.586708881324,-114.964442970821,-5.63985756733713));
#7145=CARTESIAN_POINT('Ctrl Pts',(240.555319896278,-115.033850226243,-5.55582643256904));
#7146=CARTESIAN_POINT('Ctrl Pts',(240.515559404988,-115.160856749487,-5.36636270883106));
#7147=CARTESIAN_POINT('Ctrl Pts',(240.542528536913,-115.312880615354,-4.88282972054076));
#7148=CARTESIAN_POINT('Ctrl Pts',(240.532250182518,-115.382679968967,-4.56480328415542));
#7149=CARTESIAN_POINT('Ctrl Pts',(240.509077067293,-115.409541318903,-4.42751522054392));
#7150=CARTESIAN_POINT('Ctrl Pts',(240.662926296263,-115.040796138526,-5.237738463202));
#7151=CARTESIAN_POINT('Ctrl Pts',(240.640360475378,-115.086378682478,-5.15882346667045));
#7152=CARTESIAN_POINT('Ctrl Pts',(240.610521592122,-115.171280259422,-4.97297134452931));
#7153=CARTESIAN_POINT('Ctrl Pts',(240.620299114546,-115.262909364093,-4.55366237040357));
#7154=CARTESIAN_POINT('Ctrl Pts',(240.599615573134,-115.30459269786,-4.33871781588561));
#7155=CARTESIAN_POINT('Ctrl Pts',(240.584204417522,-115.322456694125,-4.23983210696698));
#7156=CARTESIAN_POINT('Ctrl Pts',(240.726960886485,-115.097087056948,-4.71771599600595));
#7157=CARTESIAN_POINT('Ctrl Pts',(240.711833340116,-115.122810446524,-4.6494603455662));
#7158=CARTESIAN_POINT('Ctrl Pts',(240.689680135356,-115.16967538802,-4.48959182381648));
#7159=CARTESIAN_POINT('Ctrl Pts',(240.675890738332,-115.217081584257,-4.21553298734443));
#7160=CARTESIAN_POINT('Ctrl Pts',(240.650493537421,-115.245616993061,-4.09855487483733));
#7161=CARTESIAN_POINT('Ctrl Pts',(240.639228409786,-115.258675079233,-4.03646797730882));
#7162=CARTESIAN_POINT('Ctrl Pts',(240.767194041808,-115.119402793172,-4.09394735765957));
#7163=CARTESIAN_POINT('Ctrl Pts',(240.756522270739,-115.13022735741,-4.06595765846087));
#7164=CARTESIAN_POINT('Ctrl Pts',(240.736452586237,-115.151275704094,-3.99931789263711));
#7165=CARTESIAN_POINT('Ctrl Pts',(240.704429226551,-115.184173836111,-3.91038422930307));
#7166=CARTESIAN_POINT('Ctrl Pts',(240.683025915088,-115.207906759789,-3.85213693329906));
#7167=CARTESIAN_POINT('Ctrl Pts',(240.672794278913,-115.219766863924,-3.82242993172309));
#7168=CARTESIAN_POINT('Ctrl Pts',(240.772324926988,-115.111432907311,-3.76954700839797));
#7169=CARTESIAN_POINT('Ctrl Pts',(240.762083375598,-115.12179321829,-3.76146953748847));
#7170=CARTESIAN_POINT('Ctrl Pts',(240.741590907914,-115.142975610142,-3.74216372515582));
#7171=CARTESIAN_POINT('Ctrl Pts',(240.710888096447,-115.176166357394,-3.70792728620095));
#7172=CARTESIAN_POINT('Ctrl Pts',(240.690487309753,-115.199257809004,-3.68639644658187));
#7173=CARTESIAN_POINT('Ctrl Pts',(240.680315087849,-115.211049042488,-3.67613612055476));
#7174=CARTESIAN_POINT('Ctrl Pts',(240.772324926988,-115.111432907311,-3.60298878435381));
#7175=CARTESIAN_POINT('Ctrl Pts',(240.761730218653,-115.122150470393,-3.60298878435381));
#7176=CARTESIAN_POINT('Ctrl Pts',(240.740783087725,-115.14382510488,-3.60298878435381));
#7177=CARTESIAN_POINT('Ctrl Pts',(240.710105303832,-115.177038968699,-3.60298878435381));
#7178=CARTESIAN_POINT('Ctrl Pts',(240.690159173562,-115.199638171374,-3.60298878435381));
#7179=CARTESIAN_POINT('Ctrl Pts',(240.680315087849,-115.211049042488,-3.60298878435381));
#7180=CARTESIAN_POINT('',(240.772324926988,-115.111432907311,-3.60298878435381));
#7181=CARTESIAN_POINT('Ctrl Pts',(240.488097137622,-114.861580229565,-5.96230036826685));
#7182=CARTESIAN_POINT('Ctrl Pts',(240.524076764812,-114.898967213862,-5.85983417312036));
#7183=CARTESIAN_POINT('Ctrl Pts',(240.586708881324,-114.964442970821,-5.63985756733713));
#7184=CARTESIAN_POINT('Ctrl Pts',(240.662926296263,-115.040796138526,-5.237738463202));
#7185=CARTESIAN_POINT('Ctrl Pts',(240.726960886485,-115.097087056948,-4.71771599600595));
#7186=CARTESIAN_POINT('Ctrl Pts',(240.767194041808,-115.119402793172,-4.09394735765957));
#7187=CARTESIAN_POINT('Ctrl Pts',(240.772324926988,-115.111432907311,-3.76954700839797));
#7188=CARTESIAN_POINT('Ctrl Pts',(240.772324926988,-115.111432907311,-3.60298878435381));
#7189=CARTESIAN_POINT('',(240.680315087849,-115.211049042488,-3.60298878435381));
#7190=CARTESIAN_POINT('Origin',(242.19466710224,-116.517470864302,-3.60298878435381));
#7191=CARTESIAN_POINT('Origin',(239.76777211913,-116.268832416759,-3.60298878435381));
#7192=CARTESIAN_POINT('Ctrl Pts',(240.488097137622,-114.861580229565,-5.96230036826685));
#7193=CARTESIAN_POINT('Ctrl Pts',(240.524076764812,-114.898967213862,-5.85983417312036));
#7194=CARTESIAN_POINT('Ctrl Pts',(240.586708881324,-114.964442970821,-5.63985756733713));
#7195=CARTESIAN_POINT('Ctrl Pts',(240.662926296263,-115.040796138526,-5.237738463202));
#7196=CARTESIAN_POINT('Ctrl Pts',(240.726960886485,-115.097087056948,-4.71771599600595));
#7197=CARTESIAN_POINT('Ctrl Pts',(240.767194041808,-115.119402793172,-4.09394735765957));
#7198=CARTESIAN_POINT('Ctrl Pts',(240.772324926988,-115.111432907311,-3.76954700839797));
#7199=CARTESIAN_POINT('Ctrl Pts',(240.772324926988,-115.111432907311,-3.60298878435381));
#7200=CARTESIAN_POINT('Ctrl Pts',(240.587076501444,-114.822673194629,-5.8795210456587));
#7201=CARTESIAN_POINT('Ctrl Pts',(240.611362400462,-114.862500106356,-5.77861571214718));
#7202=CARTESIAN_POINT('Ctrl Pts',(240.654603286719,-114.932793113527,-5.56099340172342));
#7203=CARTESIAN_POINT('Ctrl Pts',(240.708458465893,-115.016687875186,-5.16173814915632));
#7204=CARTESIAN_POINT('Ctrl Pts',(240.753625856584,-115.079749915919,-4.64912065905681));
#7205=CARTESIAN_POINT('Ctrl Pts',(240.779017980739,-115.107046047291,-4.06211083824501));
#7206=CARTESIAN_POINT('Ctrl Pts',(240.782566478378,-115.101072596332,-3.75911800996924));
#7207=CARTESIAN_POINT('Ctrl Pts',(240.782919635323,-115.100715344229,-3.60298878435381));
#7208=CARTESIAN_POINT('Ctrl Pts',(240.757424755487,-114.782078809508,-5.69649930515206));
#7209=CARTESIAN_POINT('Ctrl Pts',(240.764976758446,-114.821398172094,-5.59664432722846));
#7210=CARTESIAN_POINT('Ctrl Pts',(240.777689818448,-114.893605083162,-5.3798747124205));
#7211=CARTESIAN_POINT('Ctrl Pts',(240.791985148049,-114.985217071892,-4.97977852840544));
#7212=CARTESIAN_POINT('Ctrl Pts',(240.801083625259,-115.054715142546,-4.4855175788507));
#7213=CARTESIAN_POINT('Ctrl Pts',(240.800970358106,-115.084959435508,-3.9877964135024));
#7214=CARTESIAN_POINT('Ctrl Pts',(240.803511212401,-115.080337286518,-3.73583275215605));
#7215=CARTESIAN_POINT('Ctrl Pts',(240.804351337623,-115.079519726503,-3.60298878435381));
#7216=CARTESIAN_POINT('Ctrl Pts',(240.986508738042,-114.815711899046,-5.21151652538401));
#7217=CARTESIAN_POINT('Ctrl Pts',(240.966182872441,-114.851534169804,-5.11400753073497));
#7218=CARTESIAN_POINT('Ctrl Pts',(240.927613725608,-114.917989700003,-4.9048326115174));
#7219=CARTESIAN_POINT('Ctrl Pts',(240.880359723999,-114.994530778931,-4.55646794494113));
#7220=CARTESIAN_POINT('Ctrl Pts',(240.847211758557,-115.039910504242,-4.19979872655774));
#7221=CARTESIAN_POINT('Ctrl Pts',(240.833772347594,-115.051956866926,-3.8902664308765));
#7222=CARTESIAN_POINT('Ctrl Pts',(240.836345792492,-115.049253871563,-3.69861560924674));
#7223=CARTESIAN_POINT('Ctrl Pts',(240.837209321279,-115.048461070955,-3.60298878435381));
#7224=CARTESIAN_POINT('Ctrl Pts',(241.098386171589,-114.817385932917,-4.80852097730133));
#7225=CARTESIAN_POINT('Ctrl Pts',(241.061714727647,-114.849767026632,-4.73716049614447));
#7226=CARTESIAN_POINT('Ctrl Pts',(240.994787195826,-114.908864418144,-4.58467858327494));
#7227=CARTESIAN_POINT('Ctrl Pts',(240.921703076616,-114.973398111361,-4.33799172091865));
#7228=CARTESIAN_POINT('Ctrl Pts',(240.876757005051,-115.013085748362,-4.08075260973254));
#7229=CARTESIAN_POINT('Ctrl Pts',(240.858543369435,-115.029168492272,-3.8325847849448));
#7230=CARTESIAN_POINT('Ctrl Pts',(240.859200516359,-115.028588227799,-3.67782180330435));
#7231=CARTESIAN_POINT('Ctrl Pts',(240.859577070491,-115.028255728357,-3.60298878435381));
#7232=CARTESIAN_POINT('Ctrl Pts',(241.137959146644,-114.782442770716,-4.63004153699822));
#7233=CARTESIAN_POINT('Ctrl Pts',(241.096548266612,-114.819008813472,-4.57263919975031));
#7234=CARTESIAN_POINT('Ctrl Pts',(241.021209076967,-114.885533746718,-4.44610270043015));
#7235=CARTESIAN_POINT('Ctrl Pts',(240.940079224377,-114.957171868302,-4.23755645031336));
#7236=CARTESIAN_POINT('Ctrl Pts',(240.890906786715,-115.000591410619,-4.01790930627224));
#7237=CARTESIAN_POINT('Ctrl Pts',(240.871115244435,-115.018067455096,-3.80340720208112));
#7238=CARTESIAN_POINT('Ctrl Pts',(240.870873694435,-115.018280745121,-3.66799777692241));
#7239=CARTESIAN_POINT('Ctrl Pts',(240.870873694435,-115.018280745121,-3.60298878435381));
#7240=CARTESIAN_POINT('',(241.137959146644,-114.782442770716,-4.63004153699822));
#7241=CARTESIAN_POINT('Ctrl Pts',(240.488097138871,-114.861580230863,-5.96230036470895));
#7242=CARTESIAN_POINT('Ctrl Pts',(240.587076502287,-114.822673196012,-5.879521042155));
#7243=CARTESIAN_POINT('Ctrl Pts',(240.757424755749,-114.782078810874,-5.69649930168483));
#7244=CARTESIAN_POINT('Ctrl Pts',(240.986508737336,-114.81571190029,-5.21151652199824));
#7245=CARTESIAN_POINT('Ctrl Pts',(241.098386170316,-114.817385934041,-4.8085209748235));
#7246=CARTESIAN_POINT('Ctrl Pts',(241.137959145206,-114.782442771985,-4.63004153500506));
#7247=CARTESIAN_POINT('',(240.870873694435,-115.018280745121,-3.60298878435381));
#7248=CARTESIAN_POINT('Ctrl Pts',(241.137959146644,-114.782442770716,-4.63004153699822));
#7249=CARTESIAN_POINT('Ctrl Pts',(241.119400969748,-114.798829746538,-4.60431683063871));
#7250=CARTESIAN_POINT('Ctrl Pts',(241.101600501527,-114.814547661288,-4.57742644075577));
#7251=CARTESIAN_POINT('Ctrl Pts',(241.084690102122,-114.829479640207,-4.5495964075459));
#7252=CARTESIAN_POINT('Ctrl Pts',(241.068231440277,-114.84401273229,-4.52250981456846));
#7253=CARTESIAN_POINT('Ctrl Pts',(241.052619027259,-114.857798581842,-4.49453740213685));
#7254=CARTESIAN_POINT('Ctrl Pts',(241.037971371779,-114.870732544997,-4.46590030579733));
#7255=CARTESIAN_POINT('Ctrl Pts',(241.026345213338,-114.880998509071,-4.4431704279812));
#7256=CARTESIAN_POINT('Ctrl Pts',(241.015327312988,-114.890727377787,-4.42002277378093));
#7257=CARTESIAN_POINT('Ctrl Pts',(241.004956335517,-114.89988500992,-4.3965476796213));
#7258=CARTESIAN_POINT('Ctrl Pts',(240.994988534385,-114.908686635051,-4.3739851901386));
#7259=CARTESIAN_POINT('Ctrl Pts',(240.985618959971,-114.916960022585,-4.35112111430252));
#7260=CARTESIAN_POINT('Ctrl Pts',(240.976852957342,-114.924700452797,-4.32800223542129));
#7261=CARTESIAN_POINT('Ctrl Pts',(240.967731869244,-114.932754425501,-4.3039468774729));
#7262=CARTESIAN_POINT('Ctrl Pts',(240.959260638112,-114.940234570804,-4.27960754283225));
#7263=CARTESIAN_POINT('Ctrl Pts',(240.951422725847,-114.947155491942,-4.25502908675662));
#7264=CARTESIAN_POINT('Ctrl Pts',(240.942438271537,-114.955088816232,-4.22685525574385));
#7265=CARTESIAN_POINT('Ctrl Pts',(240.934286590957,-114.96228679658,-4.19836821464948));
#7266=CARTESIAN_POINT('Ctrl Pts',(240.926949162337,-114.968765787812,-4.16970707284455));
#7267=CARTESIAN_POINT('Ctrl Pts',(240.918310895379,-114.9763934267,-4.13596465339037));
#7268=CARTESIAN_POINT('Ctrl Pts',(240.910803254433,-114.983022716385,-4.10198529019473));
#7269=CARTESIAN_POINT('Ctrl Pts',(240.904382314566,-114.988692442832,-4.06804693872968));
#7270=CARTESIAN_POINT('Ctrl Pts',(240.899376340843,-114.99311274612,-4.04158749523167));
#7271=CARTESIAN_POINT('Ctrl Pts',(240.895030955069,-114.996949746491,-4.01515524040035));
#7272=CARTESIAN_POINT('Ctrl Pts',(240.891306844154,-115.000238157624,-3.98886503603881));
#7273=CARTESIAN_POINT('Ctrl Pts',(240.887966253324,-115.00318791834,-3.96528227557653));
#7274=CARTESIAN_POINT('Ctrl Pts',(240.885125653494,-115.005696184156,-3.94181460637751));
#7275=CARTESIAN_POINT('Ctrl Pts',(240.882738780446,-115.007803806643,-3.91851258499365));
#7276=CARTESIAN_POINT('Ctrl Pts',(240.880512149846,-115.009769934135,-3.89677494213645));
#7277=CARTESIAN_POINT('Ctrl Pts',(240.878680444182,-115.011387340662,-3.87518193079972));
#7278=CARTESIAN_POINT('Ctrl Pts',(240.877188480898,-115.012704752733,-3.85373634837372));
#7279=CARTESIAN_POINT('Ctrl Pts',(240.876100254435,-115.013665662894,-3.83809410667325));
#7280=CARTESIAN_POINT('Ctrl Pts',(240.875192130201,-115.014467541761,-3.82252606536939));
#7281=CARTESIAN_POINT('Ctrl Pts',(240.874436888455,-115.015134424521,-3.80702987207099));
#7282=CARTESIAN_POINT('Ctrl Pts',(240.873580649298,-115.01589048857,-3.7894613947313));
#7283=CARTESIAN_POINT('Ctrl Pts',(240.872921125632,-115.01647285172,-3.77199164597524));
#7284=CARTESIAN_POINT('Ctrl Pts',(240.872419569199,-115.016915728906,-3.75468146961875));
#7285=CARTESIAN_POINT('Ctrl Pts',(240.872055745936,-115.017236986917,-3.74212486699447));
#7286=CARTESIAN_POINT('Ctrl Pts',(240.871775138021,-115.017484765303,-3.72965496728792));
#7287=CARTESIAN_POINT('Ctrl Pts',(240.871560656226,-115.017674153949,-3.71725899507226));
#7288=CARTESIAN_POINT('Ctrl Pts',(240.871383466034,-115.017830613897,-3.7070182905592));
#7289=CARTESIAN_POINT('Ctrl Pts',(240.871251239194,-115.01794737095,-3.69681945441123));
#7290=CARTESIAN_POINT('Ctrl Pts',(240.871153039432,-115.018034081898,-3.68666292666584));
#7291=CARTESIAN_POINT('Ctrl Pts',(240.871015772847,-115.018155289074,-3.67246582610843));
#7292=CARTESIAN_POINT('Ctrl Pts',(240.870945134288,-115.018217663324,-3.65836173621648));
#7293=CARTESIAN_POINT('Ctrl Pts',(240.870909589708,-115.01824904939,-3.6444187031717));
#7294=CARTESIAN_POINT('Ctrl Pts',(240.870887921501,-115.01826818254,-3.63591893975657));
#7295=CARTESIAN_POINT('Ctrl Pts',(240.870879253295,-115.018275836615,-3.62747970863255));
#7296=CARTESIAN_POINT('Ctrl Pts',(240.870875869975,-115.018278824106,-3.61908384000802));
#7297=CARTESIAN_POINT('Ctrl Pts',(240.870873703288,-115.018280737303,-3.61370710486066));
#7298=CARTESIAN_POINT('Ctrl Pts',(240.870873694435,-115.018280745121,-3.60834747217292));
#7299=CARTESIAN_POINT('Ctrl Pts',(240.870873694435,-115.018280745121,-3.60298878435381));
#7300=CARTESIAN_POINT('Origin',(242.19466710224,-116.517470864302,-3.60298878435381));
#7301=CARTESIAN_POINT('Ctrl Pts',(175.785012070403,-132.529680469915,-5.94026723275904));
#7302=CARTESIAN_POINT('Ctrl Pts',(175.878648477482,-132.615278250469,-6.0279108413598));
#7303=CARTESIAN_POINT('Ctrl Pts',(176.077871560089,-132.793964313438,-6.17236730686093));
#7304=CARTESIAN_POINT('Ctrl Pts',(176.527966364938,-133.270397609478,-6.37278276826599));
#7305=CARTESIAN_POINT('Ctrl Pts',(176.919825360974,-133.772237115611,-6.4142135623731));
#7306=CARTESIAN_POINT('Ctrl Pts',(177.123846492303,-134.020314085866,-6.4142135623731));
#7307=CARTESIAN_POINT('Ctrl Pts',(175.8780114883,-132.488414737152,-6.11555444996057));
#7308=CARTESIAN_POINT('Ctrl Pts',(175.974231889015,-132.576377128545,-6.1862281530701));
#7309=CARTESIAN_POINT('Ctrl Pts',(176.177994984925,-132.759048386161,-6.30755708717621));
#7310=CARTESIAN_POINT('Ctrl Pts',(176.639334925593,-133.237492619464,-6.4926524199791));
#7311=CARTESIAN_POINT('Ctrl Pts',(177.018458231171,-133.708669566,-6.53077067649145));
#7312=CARTESIAN_POINT('Ctrl Pts',(177.21916534978,-133.941922846568,-6.53762697732194));
#7313=CARTESIAN_POINT('Ctrl Pts',(176.093351526605,-132.392863983451,-6.41923904253696));
#7314=CARTESIAN_POINT('Ctrl Pts',(176.194333112193,-132.485945834751,-6.46714191443979));
#7315=CARTESIAN_POINT('Ctrl Pts',(176.411404567321,-132.677969038003,-6.55952436968804));
#7316=CARTESIAN_POINT('Ctrl Pts',(176.902186815906,-133.160715423527,-6.71634156587292));
#7317=CARTESIAN_POINT('Ctrl Pts',(177.243205187329,-133.56205415495,-6.73972481859475));
#7318=CARTESIAN_POINT('Ctrl Pts',(177.434891168439,-133.764507645414,-6.75194803666999));
#7319=CARTESIAN_POINT('Ctrl Pts',(176.668667721005,-132.137584489568,-6.85950343507352));
#7320=CARTESIAN_POINT('Ctrl Pts',(176.775014888587,-132.253020674168,-6.87872621408808));
#7321=CARTESIAN_POINT('Ctrl Pts',(177.008679568931,-132.496122491438,-6.92228529676504));
#7322=CARTESIAN_POINT('Ctrl Pts',(177.383653821355,-132.969727991831,-6.95084624406879));
#7323=CARTESIAN_POINT('Ctrl Pts',(177.649837974875,-133.293004640011,-6.94893432386134));
#7324=CARTESIAN_POINT('Ctrl Pts',(177.811729107648,-133.454592127636,-6.95404625108538));
#7325=CARTESIAN_POINT('Ctrl Pts',(177.174920880622,-131.912949668539,-7.));
#7326=CARTESIAN_POINT('Ctrl Pts',(177.254453659769,-132.057484644717,-7.));
#7327=CARTESIAN_POINT('Ctrl Pts',(177.421144254606,-132.34984150184,-7.));
#7328=CARTESIAN_POINT('Ctrl Pts',(177.715498770997,-132.801204616196,-7.));
#7329=CARTESIAN_POINT('Ctrl Pts',(177.952869250498,-133.091956923023,-7.));
#7330=CARTESIAN_POINT('Ctrl Pts',(178.081318919598,-133.232878607142,-7.));
#7331=CARTESIAN_POINT('Ctrl Pts',(177.406516605578,-131.81018593613,-7.));
#7332=CARTESIAN_POINT('Ctrl Pts',(177.47619886772,-131.967226884712,-7.));
#7333=CARTESIAN_POINT('Ctrl Pts',(177.629739983422,-132.275018091114,-7.));
#7334=CARTESIAN_POINT('Ctrl Pts',(177.900708739248,-132.714078843603,-7.));
#7335=CARTESIAN_POINT('Ctrl Pts',(178.106989983917,-132.989321189631,-7.));
#7336=CARTESIAN_POINT('Ctrl Pts',(178.216120140592,-133.122016653356,-7.));
#7337=CARTESIAN_POINT('',(175.785012070403,-132.529680469915,-5.94026723275904));
#7338=CARTESIAN_POINT('',(177.123846492303,-134.020314085866,-6.4142135623731));
#7339=CARTESIAN_POINT('Ctrl Pts',(175.785012070403,-132.529680469915,-5.94026723275904));
#7340=CARTESIAN_POINT('Ctrl Pts',(175.878648477482,-132.615278250469,-6.0279108413598));
#7341=CARTESIAN_POINT('Ctrl Pts',(176.077871560089,-132.793964313438,-6.17236730686093));
#7342=CARTESIAN_POINT('Ctrl Pts',(176.527966364938,-133.270397609478,-6.37278276826599));
#7343=CARTESIAN_POINT('Ctrl Pts',(176.919825360974,-133.772237115611,-6.4142135623731));
#7344=CARTESIAN_POINT('Ctrl Pts',(177.123846492303,-134.020314085866,-6.4142135623731));
#7345=CARTESIAN_POINT('',(177.406516605578,-131.81018593613,-7.));
#7346=CARTESIAN_POINT('Ctrl Pts',(175.785012070403,-132.529680469915,-5.94026723275904));
#7347=CARTESIAN_POINT('Ctrl Pts',(175.8780114883,-132.488414737152,-6.11555444996057));
#7348=CARTESIAN_POINT('Ctrl Pts',(176.093351526605,-132.392863983451,-6.41923904253696));
#7349=CARTESIAN_POINT('Ctrl Pts',(176.668667721005,-132.137584489568,-6.85950343507352));
#7350=CARTESIAN_POINT('Ctrl Pts',(177.174920880622,-131.912949668539,-7.));
#7351=CARTESIAN_POINT('Ctrl Pts',(177.406516605578,-131.81018593613,-7.));
#7352=CARTESIAN_POINT('',(178.216120140592,-133.122016653356,-7.));
#7353=CARTESIAN_POINT('Origin',(182.628877460466,-129.492918233797,-7.));
#7354=CARTESIAN_POINT('Origin',(178.216120140592,-133.122016653356,-5.));
#7355=CARTESIAN_POINT('Ctrl Pts',(175.785012070403,-132.529680469915,-5.94026723275904));
#7356=CARTESIAN_POINT('Ctrl Pts',(175.8780114883,-132.488414737152,-6.11555444996057));
#7357=CARTESIAN_POINT('Ctrl Pts',(176.093351526605,-132.392863983451,-6.41923904253696));
#7358=CARTESIAN_POINT('Ctrl Pts',(176.668667721005,-132.137584489568,-6.85950343507352));
#7359=CARTESIAN_POINT('Ctrl Pts',(177.174920880622,-131.912949668539,-7.));
#7360=CARTESIAN_POINT('Ctrl Pts',(177.406516605578,-131.81018593613,-7.));
#7361=CARTESIAN_POINT('Ctrl Pts',(175.784375081222,-132.402816956598,-6.0279108413598));
#7362=CARTESIAN_POINT('Ctrl Pts',(175.877355103115,-132.358048648879,-6.1862281530701));
#7363=CARTESIAN_POINT('Ctrl Pts',(176.092094039973,-132.255532521664,-6.46714191443979));
#7364=CARTESIAN_POINT('Ctrl Pts',(176.654435767919,-131.981274911234,-6.87872621408807));
#7365=CARTESIAN_POINT('Ctrl Pts',(177.121120959803,-131.756996499872,-7.));
#7366=CARTESIAN_POINT('Ctrl Pts',(177.336834343435,-131.653144987547,-7.));
#7367=CARTESIAN_POINT('Ctrl Pts',(175.785565854654,-132.135203190507,-6.17236730686093));
#7368=CARTESIAN_POINT('Ctrl Pts',(175.878637377668,-132.084394591014,-6.30755708717621));
#7369=CARTESIAN_POINT('Ctrl Pts',(176.095372165573,-131.965735728875,-6.55952436968804));
#7370=CARTESIAN_POINT('Ctrl Pts',(176.630975365154,-131.644901181727,-6.92228529676505));
#7371=CARTESIAN_POINT('Ctrl Pts',(177.01620042326,-131.437231011857,-7.));
#7372=CARTESIAN_POINT('Ctrl Pts',(177.211646595104,-131.332772815508,-7.));
#7373=CARTESIAN_POINT('Ctrl Pts',(175.734324938468,-131.481790313808,-6.37278276826598));
#7374=CARTESIAN_POINT('Ctrl Pts',(175.833450929903,-131.421294590882,-6.49265241997909));
#7375=CARTESIAN_POINT('Ctrl Pts',(176.066751660619,-131.277918780145,-6.71634156587293));
#7376=CARTESIAN_POINT('Ctrl Pts',(176.53142520952,-131.049084409139,-6.95084624406878));
#7377=CARTESIAN_POINT('Ctrl Pts',(176.879046155221,-130.916114950812,-7.));
#7378=CARTESIAN_POINT('Ctrl Pts',(177.067922141171,-130.837251178895,-7.));
#7379=CARTESIAN_POINT('Ctrl Pts',(175.625170155863,-130.854509199694,-6.41421356237309));
#7380=CARTESIAN_POINT('Ctrl Pts',(175.738485459009,-130.824031035057,-6.53077067649145));
#7381=CARTESIAN_POINT('Ctrl Pts',(175.997999786341,-130.755769867697,-6.73972481859474));
#7382=CARTESIAN_POINT('Ctrl Pts',(176.470339207953,-130.63480154049,-6.94893432386134));
#7383=CARTESIAN_POINT('Ctrl Pts',(176.822741561327,-130.545020028763,-7.));
#7384=CARTESIAN_POINT('Ctrl Pts',(177.002256622675,-130.499614775896,-7.));
#7385=CARTESIAN_POINT('Ctrl Pts',(175.578130055463,-130.536776553977,-6.41421356237309));
#7386=CARTESIAN_POINT('Ctrl Pts',(175.700212781408,-130.518702290086,-6.53762697732194));
#7387=CARTESIAN_POINT('Ctrl Pts',(175.976510637841,-130.477796581837,-6.75194803666999));
#7388=CARTESIAN_POINT('Ctrl Pts',(176.459158081125,-130.406340958703,-6.95404625108538));
#7389=CARTESIAN_POINT('Ctrl Pts',(176.804443998319,-130.355221615348,-7.));
#7390=CARTESIAN_POINT('Ctrl Pts',(176.977095045082,-130.329660746223,-7.));
#7391=CARTESIAN_POINT('',(175.578130055463,-130.536776553977,-6.41421356237309));
#7392=CARTESIAN_POINT('Ctrl Pts',(175.785012070403,-132.529680469915,-5.94026723275904));
#7393=CARTESIAN_POINT('Ctrl Pts',(175.784375081222,-132.402816956598,-6.0279108413598));
#7394=CARTESIAN_POINT('Ctrl Pts',(175.785565854654,-132.135203190507,-6.17236730686092));
#7395=CARTESIAN_POINT('Ctrl Pts',(175.734324938468,-131.481790313808,-6.37278276826598));
#7396=CARTESIAN_POINT('Ctrl Pts',(175.625170155863,-130.854509199694,-6.41421356237309));
#7397=CARTESIAN_POINT('Ctrl Pts',(175.578130055463,-130.536776553977,-6.41421356237309));
#7398=CARTESIAN_POINT('',(176.977095045082,-130.329660746223,-7.));
#7399=CARTESIAN_POINT('Origin',(176.977095045082,-130.329660746223,-5.));
#7400=CARTESIAN_POINT('Origin',(182.628877460466,-129.492918233797,-7.));
#7401=CARTESIAN_POINT('Ctrl Pts',(175.785012070403,-132.529680469915,-5.94026723275904));
#7402=CARTESIAN_POINT('Ctrl Pts',(175.784375081222,-132.402816956598,-6.0279108413598));
#7403=CARTESIAN_POINT('Ctrl Pts',(175.785565854654,-132.135203190507,-6.17236730686092));
#7404=CARTESIAN_POINT('Ctrl Pts',(175.734324938468,-131.481790313808,-6.37278276826598));
#7405=CARTESIAN_POINT('Ctrl Pts',(175.625170155863,-130.854509199694,-6.41421356237309));
#7406=CARTESIAN_POINT('Ctrl Pts',(175.578130055463,-130.536776553977,-6.41421356237309));
#7407=CARTESIAN_POINT('Ctrl Pts',(175.691375663325,-132.444082689361,-5.85262362415828));
#7408=CARTESIAN_POINT('Ctrl Pts',(175.690768482643,-132.32662418336,-5.93797448715399));
#7409=CARTESIAN_POINT('Ctrl Pts',(175.689485597703,-132.072452804883,-6.08119182516236));
#7410=CARTESIAN_POINT('Ctrl Pts',(175.616860948827,-131.433089431646,-6.26764401110958));
#7411=CARTESIAN_POINT('Ctrl Pts',(175.506628174895,-130.849683737029,-6.29765644825474));
#7412=CARTESIAN_POINT('Ctrl Pts',(175.456047329518,-130.554850817868,-6.29080014742425));
#7413=CARTESIAN_POINT('Ctrl Pts',(175.52414742422,-132.291561508878,-5.65879192202201));
#7414=CARTESIAN_POINT('Ctrl Pts',(175.520697630869,-132.184218521261,-5.74098493244486));
#7415=CARTESIAN_POINT('Ctrl Pts',(175.50693396546,-131.943155909023,-5.87735133510918));
#7416=CARTESIAN_POINT('Ctrl Pts',(175.390688270048,-131.322034979255,-6.02039433022644));
#7417=CARTESIAN_POINT('Ctrl Pts',(175.293478678521,-130.83673010817,-6.03094324800459));
#7418=CARTESIAN_POINT('Ctrl Pts',(175.244037158959,-130.586238778291,-6.01149067311925));
#7419=CARTESIAN_POINT('Ctrl Pts',(175.276122792839,-132.02318354196,-5.14058190018319));
#7420=CARTESIAN_POINT('Ctrl Pts',(175.262100884356,-131.917551983781,-5.22576400285838));
#7421=CARTESIAN_POINT('Ctrl Pts',(175.220016063007,-131.668387342384,-5.36451126296225));
#7422=CARTESIAN_POINT('Ctrl Pts',(175.13286021028,-131.16427651351,-5.52663938070548));
#7423=CARTESIAN_POINT('Ctrl Pts',(175.077330459229,-130.805265239775,-5.54598059094814));
#7424=CARTESIAN_POINT('Ctrl Pts',(175.044118042106,-130.615836666501,-5.52358242294624));
#7425=CARTESIAN_POINT('Ctrl Pts',(175.177467288567,-131.830323116746,-4.72029286003609));
#7426=CARTESIAN_POINT('Ctrl Pts',(175.162799689169,-131.731250726943,-4.82041463272344));
#7427=CARTESIAN_POINT('Ctrl Pts',(175.129063788702,-131.503381381002,-4.99516153567697));
#7428=CARTESIAN_POINT('Ctrl Pts',(175.066824571166,-131.082986205678,-5.16110550495381));
#7429=CARTESIAN_POINT('Ctrl Pts',(175.021507638868,-130.776892709437,-5.18422919882162));
#7430=CARTESIAN_POINT('Ctrl Pts',(174.998659783478,-130.622566730531,-5.17453292519943));
#7431=CARTESIAN_POINT('Ctrl Pts',(175.162814622575,-131.731351594725,-4.53572023566621));
#7432=CARTESIAN_POINT('Ctrl Pts',(175.148489410448,-131.634591861843,-4.63353463956432));
#7433=CARTESIAN_POINT('Ctrl Pts',(175.116068563249,-131.41560505124,-4.8034001819094));
#7434=CARTESIAN_POINT('Ctrl Pts',(175.059434613164,-131.033070689174,-4.96357820129334));
#7435=CARTESIAN_POINT('Ctrl Pts',(175.018918692751,-130.759405657064,-4.99999999999999));
#7436=CARTESIAN_POINT('Ctrl Pts',(174.998659783478,-130.622566730531,-4.99999999999999));
#7437=CARTESIAN_POINT('',(175.162814622575,-131.731351594725,-4.53572023566621));
#7438=CARTESIAN_POINT('Ctrl Pts',(175.785012070403,-132.529680469915,-5.94026723275904));
#7439=CARTESIAN_POINT('Ctrl Pts',(175.691375663325,-132.444082689361,-5.85262362415828));
#7440=CARTESIAN_POINT('Ctrl Pts',(175.52414742422,-132.291561508878,-5.65879192202201));
#7441=CARTESIAN_POINT('Ctrl Pts',(175.276122792839,-132.02318354196,-5.14058190018319));
#7442=CARTESIAN_POINT('Ctrl Pts',(175.177467288567,-131.830323116746,-4.72029286003609));
#7443=CARTESIAN_POINT('Ctrl Pts',(175.162814622575,-131.731351594725,-4.53572023566621));
#7444=CARTESIAN_POINT('',(174.998659783478,-130.622566730531,-5.));
#7445=CARTESIAN_POINT('Origin',(174.998659783478,-130.622566730531,-3.41484973187618));
#7446=CARTESIAN_POINT('Origin',(176.977095045082,-130.329660746223,-5.));
#7447=CARTESIAN_POINT('Ctrl Pts',(175.785012070403,-132.529680469915,-5.94026723275904));
#7448=CARTESIAN_POINT('Ctrl Pts',(175.691375663325,-132.444082689361,-5.85262362415828));
#7449=CARTESIAN_POINT('Ctrl Pts',(175.52414742422,-132.291561508878,-5.65879192202201));
#7450=CARTESIAN_POINT('Ctrl Pts',(175.276122792839,-132.02318354196,-5.14058190018319));
#7451=CARTESIAN_POINT('Ctrl Pts',(175.177467288567,-131.830323116746,-4.72029286003609));
#7452=CARTESIAN_POINT('Ctrl Pts',(175.162814622575,-131.731351594725,-4.53572023566621));
#7453=CARTESIAN_POINT('Ctrl Pts',(175.692012652506,-132.570946202678,-5.76498001555752));
#7454=CARTESIAN_POINT('Ctrl Pts',(175.614785114988,-132.490996888355,-5.67984285893237));
#7455=CARTESIAN_POINT('Ctrl Pts',(175.473939223076,-132.345856970847,-5.48757319240609));
#7456=CARTESIAN_POINT('Ctrl Pts',(175.266659580625,-132.0938611782,-4.9750637306697));
#7457=CARTESIAN_POINT('Ctrl Pts',(175.190506813967,-131.91839867077,-4.5996630179743));
#7458=CARTESIAN_POINT('Ctrl Pts',(175.177139834701,-131.828111327608,-4.43790583176809));
#7459=CARTESIAN_POINT('Ctrl Pts',(175.544016956247,-132.63661490244,-5.39077895819877));
#7460=CARTESIAN_POINT('Ctrl Pts',(175.490246258538,-132.567873500546,-5.30737216895488));
#7461=CARTESIAN_POINT('Ctrl Pts',(175.389818240231,-132.43804506467,-5.10857525624114));
#7462=CARTESIAN_POINT('Ctrl Pts',(175.252543492433,-132.21624118485,-4.60325767274553));
#7463=CARTESIAN_POINT('Ctrl Pts',(175.213134279459,-132.071236024767,-4.33614978637037));
#7464=CARTESIAN_POINT('Ctrl Pts',(175.202017151642,-131.996145316961,-4.21653208772604));
#7465=CARTESIAN_POINT('Ctrl Pts',(175.393714642964,-132.703307095077,-4.43623993339455));
#7466=CARTESIAN_POINT('Ctrl Pts',(175.364904272749,-132.646113680476,-4.36694349479192));
#7467=CARTESIAN_POINT('Ctrl Pts',(175.313156967127,-132.530193080611,-4.20304608215989));
#7468=CARTESIAN_POINT('Ctrl Pts',(175.258178009464,-132.345743688709,-3.97663193234187));
#7469=CARTESIAN_POINT('Ctrl Pts',(175.23520218962,-132.220293858852,-3.8844939952998));
#7470=CARTESIAN_POINT('Ctrl Pts',(175.225475701858,-132.154596237803,-3.82982814093526));
#7471=CARTESIAN_POINT('Ctrl Pts',(175.381130990788,-132.708890717422,-3.73572502246758));
#7472=CARTESIAN_POINT('Ctrl Pts',(175.35809350569,-132.656971787103,-3.71789861743473));
#7473=CARTESIAN_POINT('Ctrl Pts',(175.31552259444,-132.549132342485,-3.67790395610042));
#7474=CARTESIAN_POINT('Ctrl Pts',(175.264341534328,-132.375924685604,-3.61202205502675));
#7475=CARTESIAN_POINT('Ctrl Pts',(175.240107051753,-132.253423780113,-3.57223477064762));
#7476=CARTESIAN_POINT('Ctrl Pts',(175.230809783258,-132.190625323229,-3.55318018846434));
#7477=CARTESIAN_POINT('Ctrl Pts',(175.381130990788,-132.708890717422,-3.41484973187618));
#7478=CARTESIAN_POINT('Ctrl Pts',(175.356738359508,-132.653917732379,-3.41484973187618));
#7479=CARTESIAN_POINT('Ctrl Pts',(175.312915749681,-132.541769819487,-3.41484973187618));
#7480=CARTESIAN_POINT('Ctrl Pts',(175.26260427151,-132.368309943167,-3.41484973187618));
#7481=CARTESIAN_POINT('Ctrl Pts',(175.239617721832,-132.250118598172,-3.41484973187618));
#7482=CARTESIAN_POINT('Ctrl Pts',(175.230809783258,-132.190625323229,-3.41484973187618));
#7483=CARTESIAN_POINT('',(175.381130990788,-132.708890717422,-3.41484973187618));
#7484=CARTESIAN_POINT('Ctrl Pts',(175.785012070403,-132.529680469915,-5.94026723275904));
#7485=CARTESIAN_POINT('Ctrl Pts',(175.692012652506,-132.570946202678,-5.76498001555752));
#7486=CARTESIAN_POINT('Ctrl Pts',(175.544016956247,-132.63661490244,-5.39077895819877));
#7487=CARTESIAN_POINT('Ctrl Pts',(175.393714642964,-132.703307095077,-4.43623993339455));
#7488=CARTESIAN_POINT('Ctrl Pts',(175.381130990788,-132.708890717422,-3.73572502246758));
#7489=CARTESIAN_POINT('Ctrl Pts',(175.381130990788,-132.708890717422,-3.41484973187618));
#7490=CARTESIAN_POINT('',(175.230809783258,-132.190625323229,-3.41484973187618));
#7491=CARTESIAN_POINT('Origin',(177.209245044862,-131.897719338922,-3.41484973187618));
#7492=CARTESIAN_POINT('Origin',(174.998659783478,-130.622566730531,-3.41484973187618));
#7493=CARTESIAN_POINT('Ctrl Pts',(175.785012070403,-132.529680469915,-5.94026723275904));
#7494=CARTESIAN_POINT('Ctrl Pts',(175.692012652506,-132.570946202678,-5.76498001555752));
#7495=CARTESIAN_POINT('Ctrl Pts',(175.544016956247,-132.63661490244,-5.39077895819877));
#7496=CARTESIAN_POINT('Ctrl Pts',(175.393714642964,-132.703307095077,-4.43623993339455));
#7497=CARTESIAN_POINT('Ctrl Pts',(175.381130990788,-132.708890717422,-3.73572502246758));
#7498=CARTESIAN_POINT('Ctrl Pts',(175.381130990788,-132.708890717422,-3.41484973187618));
#7499=CARTESIAN_POINT('Ctrl Pts',(175.785649059584,-132.656543983232,-5.85262362415828));
#7500=CARTESIAN_POINT('Ctrl Pts',(175.69947190707,-132.68185312281,-5.67984285893237));
#7501=CARTESIAN_POINT('Ctrl Pts',(175.558905577998,-132.72260907206,-5.30737216895488));
#7502=CARTESIAN_POINT('Ctrl Pts',(175.416789322034,-132.763045552467,-4.36694349479192));
#7503=CARTESIAN_POINT('Ctrl Pts',(175.404168475885,-132.760809647741,-3.71789861743473));
#7504=CARTESIAN_POINT('Ctrl Pts',(175.405523622068,-132.763863702466,-3.41484973187618));
#7505=CARTESIAN_POINT('Ctrl Pts',(175.786526709434,-132.882878302726,-5.65879192202201));
#7506=CARTESIAN_POINT('Ctrl Pts',(175.712579236652,-132.883673237848,-5.48757319240609));
#7507=CARTESIAN_POINT('Ctrl Pts',(175.587780517187,-132.884187064095,-5.10857525624114));
#7508=CARTESIAN_POINT('Ctrl Pts',(175.468016982691,-132.87919672937,-4.20304608215989));
#7509=CARTESIAN_POINT('Ctrl Pts',(175.455561673423,-132.864734464543,-3.67790395610042));
#7510=CARTESIAN_POINT('Ctrl Pts',(175.45927147276,-132.871607584166,-3.41484973187618));
#7511=CARTESIAN_POINT('Ctrl Pts',(175.819092753438,-133.246859625979,-5.14058190018319));
#7512=CARTESIAN_POINT('Ctrl Pts',(175.760338512365,-133.206451460889,-4.9750637306697));
#7513=CARTESIAN_POINT('Ctrl Pts',(175.660127109981,-133.134800886533,-4.60325767274553));
#7514=CARTESIAN_POINT('Ctrl Pts',(175.567887348832,-133.043726890512,-3.97663193234187));
#7515=CARTESIAN_POINT('Ctrl Pts',(175.549645168725,-133.018905438555,-3.61202205502675));
#7516=CARTESIAN_POINT('Ctrl Pts',(175.554125467822,-133.025303040018,-3.41484973187618));
#7517=CARTESIAN_POINT('Ctrl Pts',(175.895892553756,-133.449417871448,-4.72029286003609));
#7518=CARTESIAN_POINT('Ctrl Pts',(175.839337854652,-133.380650884831,-4.59966301797431));
#7519=CARTESIAN_POINT('Ctrl Pts',(175.741198584758,-133.261319653897,-4.33614978637036));
#7520=CARTESIAN_POINT('Ctrl Pts',(175.645486204072,-133.144939368865,-3.8844939952998));
#7521=CARTESIAN_POINT('Ctrl Pts',(175.624212960331,-133.119072431356,-3.57223477064761));
#7522=CARTESIAN_POINT('Ctrl Pts',(175.626335269663,-133.121653027128,-3.41484973187618));
#7523=CARTESIAN_POINT('Ctrl Pts',(175.95944372536,-133.526692132231,-4.53572023566621));
#7524=CARTESIAN_POINT('Ctrl Pts',(175.897312778365,-133.451144775988,-4.43790583176809));
#7525=CARTESIAN_POINT('Ctrl Pts',(175.789415509791,-133.319948427295,-4.21653208772604));
#7526=CARTESIAN_POINT('Ctrl Pts',(175.687671680297,-133.196234276714,-3.82982814093526));
#7527=CARTESIAN_POINT('Ctrl Pts',(175.664536837629,-133.168103751022,-3.55318018846434));
#7528=CARTESIAN_POINT('Ctrl Pts',(175.664536837629,-133.168103751022,-3.41484973187618));
#7529=CARTESIAN_POINT('',(175.95944372536,-133.526692132231,-4.53572023566621));
#7530=CARTESIAN_POINT('Ctrl Pts',(175.785012067791,-132.529680471074,-5.94026722783515));
#7531=CARTESIAN_POINT('Ctrl Pts',(175.785649057164,-132.656543983943,-5.85262361930479));
#7532=CARTESIAN_POINT('Ctrl Pts',(175.786526707357,-132.882878302748,-5.6587919172124));
#7533=CARTESIAN_POINT('Ctrl Pts',(175.819092751788,-133.246859624843,-5.14058189553371));
#7534=CARTESIAN_POINT('Ctrl Pts',(175.895892552168,-133.449417869516,-4.72029285664755));
#7535=CARTESIAN_POINT('Ctrl Pts',(175.959443723615,-133.526692130109,-4.53572023291856));
#7536=CARTESIAN_POINT('',(175.664536837629,-133.168103751022,-3.41484973187618));
#7537=CARTESIAN_POINT('Origin',(176.671411933359,-134.392401065456,-3.41484973187618));
#7538=CARTESIAN_POINT('Origin',(177.209245044862,-131.897719338922,-3.41484973187618));
#7539=CARTESIAN_POINT('Ctrl Pts',(223.153442366883,-134.696325854322,-5.93570703500754));
#7540=CARTESIAN_POINT('Ctrl Pts',(223.237434230387,-134.586555388096,-6.02425136470616));
#7541=CARTESIAN_POINT('Ctrl Pts',(223.408521120222,-134.351759937027,-6.17031214108564));
#7542=CARTESIAN_POINT('Ctrl Pts',(223.851207736651,-133.794871164751,-6.37216936764678));
#7543=CARTESIAN_POINT('Ctrl Pts',(224.299453928336,-133.302309326475,-6.4142135623731));
#7544=CARTESIAN_POINT('Ctrl Pts',(224.516900584697,-133.050253844406,-6.4142135623731));
#7545=CARTESIAN_POINT('Ctrl Pts',(223.100584883951,-134.605957572781,-6.11279569440479));
#7546=CARTESIAN_POINT('Ctrl Pts',(223.186185284788,-134.493703803861,-6.18405734252445));
#7547=CARTESIAN_POINT('Ctrl Pts',(223.360275003036,-134.254408531128,-6.30645524062356));
#7548=CARTESIAN_POINT('Ctrl Pts',(223.801736488167,-133.687915243353,-6.49231646649609));
#7549=CARTESIAN_POINT('Ctrl Pts',(224.220432779807,-133.215470304892,-6.53077067649145));
#7550=CARTESIAN_POINT('Ctrl Pts',(224.423454907932,-132.969638855209,-6.53762697732194));
#7551=CARTESIAN_POINT('Ctrl Pts',(222.978549707525,-134.397319011701,-6.41890666371367));
#7552=CARTESIAN_POINT('Ctrl Pts',(223.068088481827,-134.280293357834,-6.46701865207329));
#7553=CARTESIAN_POINT('Ctrl Pts',(223.249080847316,-134.027205314292,-6.5597001516204));
#7554=CARTESIAN_POINT('Ctrl Pts',(223.686072962351,-133.43534475276,-6.71630673054636));
#7555=CARTESIAN_POINT('Ctrl Pts',(224.038759376075,-133.01774786082,-6.73972481859475));
#7556=CARTESIAN_POINT('Ctrl Pts',(224.211968475406,-132.787190859073,-6.75194803667));
#7557=CARTESIAN_POINT('Ctrl Pts',(222.653598339661,-133.841762918796,-6.86003211455111));
#7558=CARTESIAN_POINT('Ctrl Pts',(222.763308685773,-133.718011547025,-6.87918618873163));
#7559=CARTESIAN_POINT('Ctrl Pts',(222.989415863384,-133.444228246936,-6.92249337007447));
#7560=CARTESIAN_POINT('Ctrl Pts',(223.422513503281,-132.984438797179,-6.95079700172167));
#7561=CARTESIAN_POINT('Ctrl Pts',(223.706574900303,-132.660373943542,-6.94893432386134));
#7562=CARTESIAN_POINT('Ctrl Pts',(223.842536054662,-132.468483866539,-6.95404625108538));
#7563=CARTESIAN_POINT('Ctrl Pts',(222.368609314208,-133.354528811914,-7.));
#7564=CARTESIAN_POINT('Ctrl Pts',(222.508101088493,-133.256324506785,-7.));
#7565=CARTESIAN_POINT('Ctrl Pts',(222.786798755334,-133.048417595819,-7.));
#7566=CARTESIAN_POINT('Ctrl Pts',(223.203156549585,-132.681966570326,-7.));
#7567=CARTESIAN_POINT('Ctrl Pts',(223.458269824249,-132.394394390579,-7.));
#7568=CARTESIAN_POINT('Ctrl Pts',(223.578244149645,-132.240480926164,-7.));
#7569=CARTESIAN_POINT('Ctrl Pts',(222.238279804818,-133.131709768245,-7.));
#7570=CARTESIAN_POINT('Ctrl Pts',(222.389677188903,-133.043155637208,-7.));
#7571=CARTESIAN_POINT('Ctrl Pts',(222.682728804909,-132.849390918795,-7.));
#7572=CARTESIAN_POINT('Ctrl Pts',(223.087773738925,-132.512280887681,-7.));
#7573=CARTESIAN_POINT('Ctrl Pts',(223.331522830784,-132.259278128875,-7.));
#7574=CARTESIAN_POINT('Ctrl Pts',(223.446092006218,-132.126474115111,-7.));
#7575=CARTESIAN_POINT('',(223.153442366883,-134.696325854322,-5.93570703500754));
#7576=CARTESIAN_POINT('',(224.516900584697,-133.050253844406,-6.4142135623731));
#7577=CARTESIAN_POINT('Ctrl Pts',(223.153442366883,-134.696325854322,-5.93570703500754));
#7578=CARTESIAN_POINT('Ctrl Pts',(223.237434230387,-134.586555388096,-6.02425136470616));
#7579=CARTESIAN_POINT('Ctrl Pts',(223.408521120222,-134.351759937027,-6.17031214108564));
#7580=CARTESIAN_POINT('Ctrl Pts',(223.851207736651,-133.794871164751,-6.37216936764678));
#7581=CARTESIAN_POINT('Ctrl Pts',(224.299453928336,-133.302309326475,-6.4142135623731));
#7582=CARTESIAN_POINT('Ctrl Pts',(224.516900584697,-133.050253844406,-6.4142135623731));
#7583=CARTESIAN_POINT('',(222.238279804818,-133.131709768245,-7.));
#7584=CARTESIAN_POINT('Ctrl Pts',(223.153442366883,-134.696325854322,-5.93570703500754));
#7585=CARTESIAN_POINT('Ctrl Pts',(223.100584883951,-134.605957572781,-6.11279569440479));
#7586=CARTESIAN_POINT('Ctrl Pts',(222.978549707525,-134.397319011701,-6.41890666371367));
#7587=CARTESIAN_POINT('Ctrl Pts',(222.653598339661,-133.841762918796,-6.86003211455111));
#7588=CARTESIAN_POINT('Ctrl Pts',(222.368609314208,-133.354528811914,-7.));
#7589=CARTESIAN_POINT('Ctrl Pts',(222.238279804818,-133.131709768245,-7.));
#7590=CARTESIAN_POINT('',(223.446092006218,-132.126474115111,-7.));
#7591=CARTESIAN_POINT('Origin',(219.821171479113,-128.999278302019,-7.));
#7592=CARTESIAN_POINT('Origin',(223.446092006218,-132.126474115111,-5.));
#7593=CARTESIAN_POINT('Ctrl Pts',(223.153442366883,-134.696325854322,-5.93570703500754));
#7594=CARTESIAN_POINT('Ctrl Pts',(223.100584883951,-134.605957572781,-6.11279569440479));
#7595=CARTESIAN_POINT('Ctrl Pts',(222.978549707525,-134.397319011701,-6.41890666371367));
#7596=CARTESIAN_POINT('Ctrl Pts',(222.653598339661,-133.841762918796,-6.86003211455111));
#7597=CARTESIAN_POINT('Ctrl Pts',(222.368609314208,-133.354528811914,-7.));
#7598=CARTESIAN_POINT('Ctrl Pts',(222.238279804818,-133.131709768245,-7.));
#7599=CARTESIAN_POINT('Ctrl Pts',(223.016593020447,-134.715728039008,-6.02425136470616));
#7600=CARTESIAN_POINT('Ctrl Pts',(222.960782565853,-134.62554453565,-6.18405734252445));
#7601=CARTESIAN_POINT('Ctrl Pts',(222.832657604339,-134.41799967886,-6.46701865207329));
#7602=CARTESIAN_POINT('Ctrl Pts',(222.491956296613,-133.876728787564,-6.87918618873163));
#7603=CARTESIAN_POINT('Ctrl Pts',(222.214636483324,-133.427975445525,-7.));
#7604=CARTESIAN_POINT('Ctrl Pts',(222.086882420734,-133.220263899282,-7.));
#7605=CARTESIAN_POINT('Ctrl Pts',(222.728077043682,-134.749759772239,-6.17031214108564));
#7606=CARTESIAN_POINT('Ctrl Pts',(222.666872523709,-134.659987890288,-6.30645524062356));
#7607=CARTESIAN_POINT('Ctrl Pts',(222.52334194865,-134.451698629811,-6.5597001516204));
#7608=CARTESIAN_POINT('Ctrl Pts',(222.142487918492,-133.939606477308,-6.92249337007448));
#7609=CARTESIAN_POINT('Ctrl Pts',(221.896808775698,-133.568983322596,-7.));
#7610=CARTESIAN_POINT('Ctrl Pts',(221.774345383627,-133.380715188407,-7.));
#7611=CARTESIAN_POINT('Ctrl Pts',(222.025685155539,-134.862641039613,-6.37216936764679));
#7612=CARTESIAN_POINT('Ctrl Pts',(221.956709654759,-134.767093387413,-6.4923164664961));
#7613=CARTESIAN_POINT('Ctrl Pts',(221.793259175792,-134.542474054212,-6.71630673054637));
#7614=CARTESIAN_POINT('Ctrl Pts',(221.529430294832,-134.091725686699,-6.95079700172166));
#7615=CARTESIAN_POINT('Ctrl Pts',(221.37331252833,-133.752264106938,-7.));
#7616=CARTESIAN_POINT('Ctrl Pts',(221.281968720253,-133.568517725703,-7.));
#7617=CARTESIAN_POINT('Ctrl Pts',(221.376636897239,-135.011899779001,-6.41421356237311));
#7618=CARTESIAN_POINT('Ctrl Pts',(221.339680439218,-134.900456619521,-6.53077067649146));
#7619=CARTESIAN_POINT('Ctrl Pts',(221.256393318728,-134.645186867937,-6.73972481859475));
#7620=CARTESIAN_POINT('Ctrl Pts',(221.107727519838,-134.180470693337,-6.94893432386134));
#7621=CARTESIAN_POINT('Ctrl Pts',(220.997607312815,-133.833665166573,-7.));
#7622=CARTESIAN_POINT('Ctrl Pts',(220.941965460621,-133.656958661844,-7.));
#7623=CARTESIAN_POINT('Ctrl Pts',(221.050352169503,-135.077879251944,-6.41421356237311));
#7624=CARTESIAN_POINT('Ctrl Pts',(221.025891299018,-134.956914228881,-6.53762697732195));
#7625=CARTESIAN_POINT('Ctrl Pts',(220.97053141064,-134.683145959728,-6.75194803667));
#7626=CARTESIAN_POINT('Ctrl Pts',(220.87382668433,-134.204917294238,-6.95404625108538));
#7627=CARTESIAN_POINT('Ctrl Pts',(220.804644135897,-133.862792570095,-7.));
#7628=CARTESIAN_POINT('Ctrl Pts',(220.770051241111,-133.691722193908,-7.));
#7629=CARTESIAN_POINT('',(221.050352169503,-135.077879251944,-6.41421356237311));
#7630=CARTESIAN_POINT('Ctrl Pts',(223.153442366883,-134.696325854322,-5.93570703500754));
#7631=CARTESIAN_POINT('Ctrl Pts',(223.016593020447,-134.715728039008,-6.02425136470616));
#7632=CARTESIAN_POINT('Ctrl Pts',(222.728077043682,-134.749759772239,-6.17031214108565));
#7633=CARTESIAN_POINT('Ctrl Pts',(222.025685155539,-134.862641039613,-6.37216936764679));
#7634=CARTESIAN_POINT('Ctrl Pts',(221.376636897239,-135.011899779001,-6.41421356237311));
#7635=CARTESIAN_POINT('Ctrl Pts',(221.050352169503,-135.077879251944,-6.41421356237311));
#7636=CARTESIAN_POINT('',(220.770051241111,-133.691722193908,-7.));
#7637=CARTESIAN_POINT('Origin',(220.770051241111,-133.691722193908,-5.));
#7638=CARTESIAN_POINT('Origin',(219.821171479113,-128.999278302019,-7.));
#7639=CARTESIAN_POINT('Ctrl Pts',(223.153442366883,-134.696325854322,-5.93570703500754));
#7640=CARTESIAN_POINT('Ctrl Pts',(223.016593020447,-134.715728039008,-6.02425136470616));
#7641=CARTESIAN_POINT('Ctrl Pts',(222.728077043682,-134.749759772239,-6.17031214108565));
#7642=CARTESIAN_POINT('Ctrl Pts',(222.025685155539,-134.862641039613,-6.37216936764679));
#7643=CARTESIAN_POINT('Ctrl Pts',(221.376636897239,-135.011899779001,-6.41421356237311));
#7644=CARTESIAN_POINT('Ctrl Pts',(221.050352169503,-135.077879251944,-6.41421356237311));
#7645=CARTESIAN_POINT('Ctrl Pts',(223.069450503379,-134.806096320549,-5.84716270530891));
#7646=CARTESIAN_POINT('Ctrl Pts',(222.941914107521,-134.822652482147,-5.93355156122546));
#7647=CARTESIAN_POINT('Ctrl Pts',(222.666614358044,-134.854924873066,-6.07858889517764));
#7648=CARTESIAN_POINT('Ctrl Pts',(221.980056507694,-134.984104960707,-6.26685055959925));
#7649=CARTESIAN_POINT('Ctrl Pts',(221.377339496623,-135.130673991031,-6.29765644825476));
#7650=CARTESIAN_POINT('Ctrl Pts',(221.074813039987,-135.198844275006,-6.29080014742427));
#7651=CARTESIAN_POINT('Ctrl Pts',(222.916091492307,-134.999793330185,-5.65136607060222));
#7652=CARTESIAN_POINT('Ctrl Pts',(222.798749467334,-135.015494248061,-5.7348760060302));
#7653=CARTESIAN_POINT('Ctrl Pts',(222.536281191059,-135.054273086625,-5.87355225401011));
#7654=CARTESIAN_POINT('Ctrl Pts',(221.872823513392,-135.218461557025,-6.0192976400668));
#7655=CARTESIAN_POINT('Ctrl Pts',(221.373875414971,-135.344557955522,-6.03094324800462));
#7656=CARTESIAN_POINT('Ctrl Pts',(221.117292049881,-135.408913430758,-6.01149067311927));
#7657=CARTESIAN_POINT('Ctrl Pts',(222.625020937036,-135.284131185021,-5.12902766289284));
#7658=CARTESIAN_POINT('Ctrl Pts',(222.510998792088,-135.306560000609,-5.21635069746819));
#7659=CARTESIAN_POINT('Ctrl Pts',(222.244236113376,-135.367015643992,-5.35894099887783));
#7660=CARTESIAN_POINT('Ctrl Pts',(221.717713631887,-135.486038405244,-5.52533539371966));
#7661=CARTESIAN_POINT('Ctrl Pts',(221.351139200331,-135.562599554809,-5.54598059094817));
#7662=CARTESIAN_POINT('Ctrl Pts',(221.157348459065,-135.60700222992,-5.52358242294627));
#7663=CARTESIAN_POINT('Ctrl Pts',(222.410636329598,-135.400453241091,-4.70600517633432));
#7664=CARTESIAN_POINT('Ctrl Pts',(222.307188332322,-135.421371916582,-4.80901281930683));
#7665=CARTESIAN_POINT('Ctrl Pts',(222.070689210298,-135.46919544645,-4.98881214088014));
#7666=CARTESIAN_POINT('Ctrl Pts',(221.637951839788,-135.556701177493,-5.15979794712976));
#7667=CARTESIAN_POINT('Ctrl Pts',(221.324510980813,-135.620083435122,-5.18422919882165));
#7668=CARTESIAN_POINT('Ctrl Pts',(221.166456615588,-135.652044304961,-5.17453292519946));
#7669=CARTESIAN_POINT('Ctrl Pts',(222.301964286338,-135.422428293946,-4.52013735421235));
#7670=CARTESIAN_POINT('Ctrl Pts',(222.202872548656,-135.442466070984,-4.62123475766703));
#7671=CARTESIAN_POINT('Ctrl Pts',(221.978607940379,-135.487815605902,-4.79680159223461));
#7672=CARTESIAN_POINT('Ctrl Pts',(221.586854123675,-135.567033871889,-4.9623557560886));
#7673=CARTESIAN_POINT('Ctrl Pts',(221.306593494936,-135.623706608915,-5.00000000000003));
#7674=CARTESIAN_POINT('Ctrl Pts',(221.166456615588,-135.652044304961,-5.00000000000003));
#7675=CARTESIAN_POINT('',(222.301964286338,-135.422428293946,-4.52013735421235));
#7676=CARTESIAN_POINT('Ctrl Pts',(223.153442366883,-134.696325854322,-5.93570703500754));
#7677=CARTESIAN_POINT('Ctrl Pts',(223.069450503379,-134.806096320549,-5.84716270530891));
#7678=CARTESIAN_POINT('Ctrl Pts',(222.916091492307,-134.999793330185,-5.65136607060222));
#7679=CARTESIAN_POINT('Ctrl Pts',(222.625020937036,-135.284131185021,-5.12902766289284));
#7680=CARTESIAN_POINT('Ctrl Pts',(222.410636329598,-135.400453241091,-4.70600517633432));
#7681=CARTESIAN_POINT('Ctrl Pts',(222.301964286338,-135.422428293946,-4.52013735421235));
#7682=CARTESIAN_POINT('',(221.166456615588,-135.652044304961,-5.));
#7683=CARTESIAN_POINT('Origin',(221.166456615588,-135.652044304961,-3.3616464466755));
#7684=CARTESIAN_POINT('Origin',(220.770051241111,-133.691722193908,-5.));
#7685=CARTESIAN_POINT('Ctrl Pts',(223.153442366883,-134.696325854322,-5.93570703500754));
#7686=CARTESIAN_POINT('Ctrl Pts',(223.069450503379,-134.806096320549,-5.84716270530891));
#7687=CARTESIAN_POINT('Ctrl Pts',(222.916091492307,-134.999793330185,-5.65136607060222));
#7688=CARTESIAN_POINT('Ctrl Pts',(222.625020937036,-135.284131185021,-5.12902766289284));
#7689=CARTESIAN_POINT('Ctrl Pts',(222.410636329598,-135.400453241091,-4.70600517633432));
#7690=CARTESIAN_POINT('Ctrl Pts',(222.301964286338,-135.422428293946,-4.52013735421235));
#7691=CARTESIAN_POINT('Ctrl Pts',(223.206299849815,-134.786694135864,-5.75861837561028));
#7692=CARTESIAN_POINT('Ctrl Pts',(223.126222774057,-134.87915620697,-5.6724678820435));
#7693=CARTESIAN_POINT('Ctrl Pts',(222.977533221805,-135.045722416955,-5.47803708908065));
#7694=CARTESIAN_POINT('Ctrl Pts',(222.69972413196,-135.288755702331,-4.96084135905254));
#7695=CARTESIAN_POINT('Ctrl Pts',(222.5020096554,-135.381976238139,-4.58234555312604));
#7696=CARTESIAN_POINT('Ctrl Pts',(222.401056024019,-135.402390516908,-4.41903995075767));
#7697=CARTESIAN_POINT('Ctrl Pts',(223.290727315735,-134.931036328999,-5.37987312392668));
#7698=CARTESIAN_POINT('Ctrl Pts',(223.219216605482,-134.998413734857,-5.29525465595953));
#7699=CARTESIAN_POINT('Ctrl Pts',(223.080822605384,-135.123160011382,-5.09380883880964));
#7700=CARTESIAN_POINT('Ctrl Pts',(222.828023224965,-135.294908964904,-4.58229034376934));
#7701=CARTESIAN_POINT('Ctrl Pts',(222.660745321813,-135.349877599384,-4.31170121855415));
#7702=CARTESIAN_POINT('Ctrl Pts',(222.573139797904,-135.367592698507,-4.19023611590527));
#7703=CARTESIAN_POINT('Ctrl Pts',(223.377243723734,-135.078949901163,-4.40961107925111));
#7704=CARTESIAN_POINT('Ctrl Pts',(223.313590526464,-135.120202021029,-4.33878160783144));
#7705=CARTESIAN_POINT('Ctrl Pts',(223.181849266821,-135.195414768909,-4.17147064749138));
#7706=CARTESIAN_POINT('Ctrl Pts',(222.965239518417,-135.280553841266,-3.94070267743173));
#7707=CARTESIAN_POINT('Ctrl Pts',(222.815174125056,-135.318649870413,-3.84650973279285));
#7708=CARTESIAN_POINT('Ctrl Pts',(222.735409541894,-135.334779418348,-3.79055300822162));
#7709=CARTESIAN_POINT('Ctrl Pts',(223.38567624078,-135.09336663144,-3.69130261610194));
#7710=CARTESIAN_POINT('Ctrl Pts',(223.325942028963,-135.128305882554,-3.67298838446714));
#7711=CARTESIAN_POINT('Ctrl Pts',(223.200499267673,-135.193377544861,-3.6320676458152));
#7712=CARTESIAN_POINT('Ctrl Pts',(222.995282536151,-135.273090694917,-3.56486388059942));
#7713=CARTESIAN_POINT('Ctrl Pts',(222.848116047167,-135.311988539146,-3.52414815104255));
#7714=CARTESIAN_POINT('Ctrl Pts',(222.772306963741,-135.327318228045,-3.50461976576181));
#7715=CARTESIAN_POINT('Ctrl Pts',(223.38567624078,-135.09336663144,-3.3616464466755));
#7716=CARTESIAN_POINT('Ctrl Pts',(223.322428251797,-135.13036113262,-3.3616464466755));
#7717=CARTESIAN_POINT('Ctrl Pts',(223.191862329544,-135.197391493998,-3.3616464466755));
#7718=CARTESIAN_POINT('Ctrl Pts',(222.986166346296,-135.275848152161,-3.3616464466755));
#7719=CARTESIAN_POINT('Ctrl Pts',(222.844126095407,-135.312795364878,-3.3616464466755));
#7720=CARTESIAN_POINT('Ctrl Pts',(222.772306963741,-135.327318228045,-3.3616464466755));
#7721=CARTESIAN_POINT('',(223.38567624078,-135.09336663144,-3.3616464466755));
#7722=CARTESIAN_POINT('Ctrl Pts',(223.153442366883,-134.696325854322,-5.93570703500754));
#7723=CARTESIAN_POINT('Ctrl Pts',(223.206299849815,-134.786694135864,-5.75861837561028));
#7724=CARTESIAN_POINT('Ctrl Pts',(223.290727315735,-134.931036328999,-5.37987312392668));
#7725=CARTESIAN_POINT('Ctrl Pts',(223.377243723734,-135.078949901163,-4.40961107925111));
#7726=CARTESIAN_POINT('Ctrl Pts',(223.38567624078,-135.09336663144,-3.69130261610194));
#7727=CARTESIAN_POINT('Ctrl Pts',(223.38567624078,-135.09336663144,-3.3616464466755));
#7728=CARTESIAN_POINT('',(222.772306963741,-135.327318228045,-3.3616464466755));
#7729=CARTESIAN_POINT('Origin',(222.375901589264,-133.366996116992,-3.3616464466755));
#7730=CARTESIAN_POINT('Origin',(221.166456615588,-135.652044304961,-3.3616464466755));
#7731=CARTESIAN_POINT('Ctrl Pts',(223.153442366883,-134.696325854322,-5.93570703500754));
#7732=CARTESIAN_POINT('Ctrl Pts',(223.206299849815,-134.786694135864,-5.75861837561028));
#7733=CARTESIAN_POINT('Ctrl Pts',(223.290727315735,-134.931036328999,-5.37987312392668));
#7734=CARTESIAN_POINT('Ctrl Pts',(223.377243723734,-135.078949901163,-4.40961107925111));
#7735=CARTESIAN_POINT('Ctrl Pts',(223.38567624078,-135.09336663144,-3.69130261610194));
#7736=CARTESIAN_POINT('Ctrl Pts',(223.38567624078,-135.09336663144,-3.3616464466755));
#7737=CARTESIAN_POINT('Ctrl Pts',(223.290291713319,-134.676923669637,-5.84716270530891));
#7738=CARTESIAN_POINT('Ctrl Pts',(223.326143866858,-134.762219981447,-5.6724678820435));
#7739=CARTESIAN_POINT('Ctrl Pts',(223.384507931542,-134.901732871871,-5.29525465595953));
#7740=CARTESIAN_POINT('Ctrl Pts',(223.444401373369,-135.043689200494,-4.33878160783143));
#7741=CARTESIAN_POINT('Ctrl Pts',(223.445410452597,-135.058427380325,-3.67298838446714));
#7742=CARTESIAN_POINT('Ctrl Pts',(223.448924229763,-135.056372130259,-3.3616464466755));
#7743=CARTESIAN_POINT('Ctrl Pts',(223.534295551374,-134.638198421626,-5.65136607060221));
#7744=CARTESIAN_POINT('Ctrl Pts',(223.544211022981,-134.714265829614,-5.47803708908064));
#7745=CARTESIAN_POINT('Ctrl Pts',(223.561077240049,-134.84225336226,-5.09380883880964));
#7746=CARTESIAN_POINT('Ctrl Pts',(223.574535115038,-134.965728144734,-4.17147064749137));
#7747=CARTESIAN_POINT('Ctrl Pts',(223.563617612311,-134.980985305276,-3.63206764581519));
#7748=CARTESIAN_POINT('Ctrl Pts',(223.571349894464,-134.975424702736,-3.3616464466755));
#7749=CARTESIAN_POINT('Ctrl Pts',(223.924807108893,-134.52387079031,-5.12902766289282));
#7750=CARTESIAN_POINT('Ctrl Pts',(223.892220111608,-134.59125061741,-4.96084135905252));
#7751=CARTESIAN_POINT('Ctrl Pts',(223.834694095797,-134.706095196782,-4.58229034376932));
#7752=CARTESIAN_POINT('Ctrl Pts',(223.754921495528,-134.818659458472,-3.94070267743173));
#7753=CARTESIAN_POINT('Ctrl Pts',(223.733690034935,-134.841187364478,-3.56486388059941));
#7754=CARTESIAN_POINT('Ctrl Pts',(223.740562048816,-134.834593131154,-3.3616464466755));
#7755=CARTESIAN_POINT('Ctrl Pts',(224.131282568277,-134.39402678657,-4.7060051763343));
#7756=CARTESIAN_POINT('Ctrl Pts',(224.070388439661,-134.464612829144,-4.58234555312602));
#7757=CARTESIAN_POINT('Ctrl Pts',(223.96460187666,-134.587236389238,-4.31170121855413));
#7758=CARTESIAN_POINT('Ctrl Pts',(223.861685546055,-134.706532890538,-3.84650973279284));
#7759=CARTESIAN_POINT('Ctrl Pts',(223.839731987681,-134.731980578867,-3.52414815104255));
#7760=CARTESIAN_POINT('Ctrl Pts',(223.8423910201,-134.728898334654,-3.3616464466755));
#7761=CARTESIAN_POINT('Ctrl Pts',(224.20370511962,-134.310077456666,-4.52013735421233));
#7762=CARTESIAN_POINT('Ctrl Pts',(224.137667192619,-134.386625984951,-4.41903995075765));
#7763=CARTESIAN_POINT('Ctrl Pts',(224.022985020686,-134.519560979745,-4.19023611590526));
#7764=CARTESIAN_POINT('Ctrl Pts',(223.91484323451,-134.644914620507,-3.79055300822161));
#7765=CARTESIAN_POINT('Ctrl Pts',(223.890253603654,-134.673417938805,-3.5046197657618));
#7766=CARTESIAN_POINT('Ctrl Pts',(223.890253603654,-134.673417938805,-3.3616464466755));
#7767=CARTESIAN_POINT('',(224.20370511962,-134.310077456666,-4.52013735421233));
#7768=CARTESIAN_POINT('Ctrl Pts',(223.153442367043,-134.696325854596,-5.93570703447214));
#7769=CARTESIAN_POINT('Ctrl Pts',(223.290291713428,-134.676923669895,-5.84716270478075));
#7770=CARTESIAN_POINT('Ctrl Pts',(223.534295551404,-134.638198421856,-5.65136607007818));
#7771=CARTESIAN_POINT('Ctrl Pts',(223.924807108795,-134.523870790513,-5.12902766238434));
#7772=CARTESIAN_POINT('Ctrl Pts',(224.131282568093,-134.394026786783,-4.70600517596044));
#7773=CARTESIAN_POINT('Ctrl Pts',(224.20370511942,-134.310077456897,-4.52013735390668));
#7774=CARTESIAN_POINT('',(223.890253603654,-134.673417938805,-3.3616464466755));
#7775=CARTESIAN_POINT('Origin',(224.960444020609,-133.432895936925,-3.3616464466755));
#7776=CARTESIAN_POINT('Origin',(222.375901589264,-133.366996116992,-3.3616464466755));
#7777=CARTESIAN_POINT('Ctrl Pts',(180.003644709279,-137.403415508017,-5.92612778222087));
#7778=CARTESIAN_POINT('Ctrl Pts',(179.957608855845,-137.504957866363,-5.74528692422841));
#7779=CARTESIAN_POINT('Ctrl Pts',(179.883405664237,-137.668629581137,-5.35708281325066));
#7780=CARTESIAN_POINT('Ctrl Pts',(179.804098983874,-137.843558180391,-4.35411539593294));
#7781=CARTESIAN_POINT('Ctrl Pts',(179.793859875831,-137.866142820415,-3.59887719122548));
#7782=CARTESIAN_POINT('Ctrl Pts',(179.793859875831,-137.866142820415,-3.25100240790268));
#7783=CARTESIAN_POINT('Ctrl Pts',(180.118660733183,-137.516766588064,-5.83570735322464));
#7784=CARTESIAN_POINT('Ctrl Pts',(180.066726513254,-137.600841877286,-5.65702694063586));
#7785=CARTESIAN_POINT('Ctrl Pts',(179.98143958538,-137.739603805016,-5.26994266150817));
#7786=CARTESIAN_POINT('Ctrl Pts',(179.894041801099,-137.889329325359,-4.28010184806435));
#7787=CARTESIAN_POINT('Ctrl Pts',(179.881194015004,-137.905737150271,-3.57955081437422));
#7788=CARTESIAN_POINT('Ctrl Pts',(179.886331317308,-137.908066228498,-3.25100240790268));
#7789=CARTESIAN_POINT('Ctrl Pts',(180.335069742698,-137.709907262383,-5.63582442381235));
#7790=CARTESIAN_POINT('Ctrl Pts',(180.275269101626,-137.767640926975,-5.45810230293906));
#7791=CARTESIAN_POINT('Ctrl Pts',(180.176653617937,-137.866531086138,-5.06298823906744));
#7792=CARTESIAN_POINT('Ctrl Pts',(180.08286937901,-137.968095254352,-4.10570853605026));
#7793=CARTESIAN_POINT('Ctrl Pts',(180.065012241514,-137.973954341803,-3.53671306031441));
#7794=CARTESIAN_POINT('Ctrl Pts',(180.077670336311,-137.977802294952,-3.25100240790267));
#7795=CARTESIAN_POINT('Ctrl Pts',(180.764473258192,-137.96068189685,-5.10493342492608));
#7796=CARTESIAN_POINT('Ctrl Pts',(180.684786304172,-137.981915618215,-4.93119571339872));
#7797=CARTESIAN_POINT('Ctrl Pts',(180.549607890904,-138.017820893393,-4.53861703886152));
#7798=CARTESIAN_POINT('Ctrl Pts',(180.395259192628,-138.036145952229,-3.86594090194735));
#7799=CARTESIAN_POINT('Ctrl Pts',(180.364062321929,-138.036342741739,-3.46677929519899));
#7800=CARTESIAN_POINT('Ctrl Pts',(180.377227200255,-138.037654262227,-3.25100240790268));
#7801=CARTESIAN_POINT('Ctrl Pts',(181.060173605512,-138.031812451927,-4.67627058537616));
#7802=CARTESIAN_POINT('Ctrl Pts',(180.958198584374,-138.034999171338,-4.54630898399329));
#7803=CARTESIAN_POINT('Ctrl Pts',(180.780680030376,-138.04054662615,-4.26083504045519));
#7804=CARTESIAN_POINT('Ctrl Pts',(180.608785805009,-138.045918320693,-3.76750366334865));
#7805=CARTESIAN_POINT('Ctrl Pts',(180.575035041081,-138.046973032065,-3.42414142652857));
#7806=CARTESIAN_POINT('Ctrl Pts',(180.58067289882,-138.046796849011,-3.25100240790268));
#7807=CARTESIAN_POINT('Ctrl Pts',(181.19417392401,-138.027624941974,-4.48773046555364));
#7808=CARTESIAN_POINT('Ctrl Pts',(181.086301700352,-138.030995948963,-4.37980558276462));
#7809=CARTESIAN_POINT('Ctrl Pts',(180.898969640396,-138.036850075837,-4.13554978375991));
#7810=CARTESIAN_POINT('Ctrl Pts',(180.722321228266,-138.042370338716,-3.70887460640141));
#7811=CARTESIAN_POINT('Ctrl Pts',(180.682154338119,-138.043625554033,-3.40363124086043));
#7812=CARTESIAN_POINT('Ctrl Pts',(180.682154338119,-138.043625554033,-3.25100240790268));
#7813=CARTESIAN_POINT('',(180.003644709279,-137.403415508017,-5.92612778222087));
#7814=CARTESIAN_POINT('',(179.793859875831,-137.866142820415,-3.25100240790268));
#7815=CARTESIAN_POINT('Ctrl Pts',(180.003644709279,-137.403415508017,-5.92612778222087));
#7816=CARTESIAN_POINT('Ctrl Pts',(179.957608855845,-137.504957866363,-5.74528692422841));
#7817=CARTESIAN_POINT('Ctrl Pts',(179.883405664237,-137.668629581137,-5.35708281325066));
#7818=CARTESIAN_POINT('Ctrl Pts',(179.804098983874,-137.843558180391,-4.35411539593294));
#7819=CARTESIAN_POINT('Ctrl Pts',(179.793859875831,-137.866142820415,-3.59887719122548));
#7820=CARTESIAN_POINT('Ctrl Pts',(179.793859875831,-137.866142820415,-3.25100240790268));
#7821=CARTESIAN_POINT('',(181.19417392401,-138.027624941974,-4.48773046555364));
#7822=CARTESIAN_POINT('Ctrl Pts',(180.003644709279,-137.403415508017,-5.92612778222087));
#7823=CARTESIAN_POINT('Ctrl Pts',(180.118660733183,-137.516766588064,-5.83570735322464));
#7824=CARTESIAN_POINT('Ctrl Pts',(180.335069742698,-137.709907262383,-5.63582442381235));
#7825=CARTESIAN_POINT('Ctrl Pts',(180.764473258192,-137.96068189685,-5.10493342492608));
#7826=CARTESIAN_POINT('Ctrl Pts',(181.060173605512,-138.031812451927,-4.67627058537616));
#7827=CARTESIAN_POINT('Ctrl Pts',(181.19417392401,-138.027624941974,-4.48773046555364));
#7828=CARTESIAN_POINT('',(180.682154338119,-138.043625554033,-3.25100240790268));
#7829=CARTESIAN_POINT('Origin',(182.430298552468,-137.988996047335,-3.25100240790268));
#7830=CARTESIAN_POINT('Origin',(180.619684833364,-136.044601401859,-3.25100240790268));
#7831=CARTESIAN_POINT('Ctrl Pts',(180.003644709279,-137.403415508017,-5.92612778222087));
#7832=CARTESIAN_POINT('Ctrl Pts',(180.118660733183,-137.516766588064,-5.83570735322464));
#7833=CARTESIAN_POINT('Ctrl Pts',(180.335069742698,-137.709907262383,-5.63582442381235));
#7834=CARTESIAN_POINT('Ctrl Pts',(180.764473258192,-137.96068189685,-5.10493342492608));
#7835=CARTESIAN_POINT('Ctrl Pts',(181.060173605512,-138.031812451927,-4.67627058537616));
#7836=CARTESIAN_POINT('Ctrl Pts',(181.19417392401,-138.027624941974,-4.48773046555364));
#7837=CARTESIAN_POINT('Ctrl Pts',(180.164696586617,-137.415224229718,-6.0165482112171));
#7838=CARTESIAN_POINT('Ctrl Pts',(180.270122513971,-137.522539920088,-5.92425977809636));
#7839=CARTESIAN_POINT('Ctrl Pts',(180.476390075575,-137.709670234275,-5.72208122732808));
#7840=CARTESIAN_POINT('Ctrl Pts',(180.901246856573,-137.958907892503,-5.1967194254343));
#7841=CARTESIAN_POINT('Ctrl Pts',(181.177037550928,-138.028160453633,-4.78528328455653));
#7842=CARTESIAN_POINT('Ctrl Pts',(181.302046147668,-138.024253934985,-4.59565534834265));
#7843=CARTESIAN_POINT('Ctrl Pts',(180.501961674703,-137.423240729968,-6.16595580389297));
#7844=CARTESIAN_POINT('Ctrl Pts',(180.594690473182,-137.523589021194,-6.07309586129507));
#7845=CARTESIAN_POINT('Ctrl Pts',(180.791555614467,-137.707236603156,-5.86558227606379));
#7846=CARTESIAN_POINT('Ctrl Pts',(181.219264457849,-137.960144456404,-5.34732589172428));
#7847=CARTESIAN_POINT('Ctrl Pts',(181.441206242145,-138.019905182032,-4.97559818423141));
#7848=CARTESIAN_POINT('Ctrl Pts',(181.546182768427,-138.016624665586,-4.7830788567104));
#7849=CARTESIAN_POINT('Ctrl Pts',(181.330136892465,-137.414906124743,-6.37087449477315));
#7850=CARTESIAN_POINT('Ctrl Pts',(181.408919775726,-137.524881005078,-6.2651848427954));
#7851=CARTESIAN_POINT('Ctrl Pts',(181.58400055187,-137.730858356403,-6.01701114084545));
#7852=CARTESIAN_POINT('Ctrl Pts',(181.818948418792,-137.954926689532,-5.52262368528453));
#7853=CARTESIAN_POINT('Ctrl Pts',(181.917039283625,-138.005035399486,-5.15707866884743));
#7854=CARTESIAN_POINT('Ctrl Pts',(181.972649760764,-138.003297572075,-4.95981350190024));
#7855=CARTESIAN_POINT('Ctrl Pts',(182.056332622421,-137.414610086285,-6.41421356237309));
#7856=CARTESIAN_POINT('Ctrl Pts',(182.083908452162,-137.530362354489,-6.29765644825474));
#7857=CARTESIAN_POINT('Ctrl Pts',(182.139239237134,-137.737689413055,-6.0309432480046));
#7858=CARTESIAN_POINT('Ctrl Pts',(182.216506414423,-137.944586447182,-5.54598059094814));
#7859=CARTESIAN_POINT('Ctrl Pts',(182.258211277512,-137.994373774677,-5.18422919882162));
#7860=CARTESIAN_POINT('Ctrl Pts',(182.277744190768,-137.993763371138,-5.));
#7861=CARTESIAN_POINT('Ctrl Pts',(182.412001658142,-137.403495428918,-6.41421356237309));
#7862=CARTESIAN_POINT('Ctrl Pts',(182.415856445598,-137.526848627511,-6.29080014742425));
#7863=CARTESIAN_POINT('Ctrl Pts',(182.422550710817,-137.741065114489,-6.01149067311925));
#7864=CARTESIAN_POINT('Ctrl Pts',(182.4288631985,-137.943064720353,-5.52358242294624));
#7865=CARTESIAN_POINT('Ctrl Pts',(182.430298552468,-137.988996047335,-5.17453292519943));
#7866=CARTESIAN_POINT('Ctrl Pts',(182.430298552468,-137.988996047335,-5.));
#7867=CARTESIAN_POINT('',(182.412001658142,-137.403495428918,-6.41421356237309));
#7868=CARTESIAN_POINT('Ctrl Pts',(180.003644709279,-137.403415508017,-5.92612778222087));
#7869=CARTESIAN_POINT('Ctrl Pts',(180.164696586617,-137.415224229718,-6.0165482112171));
#7870=CARTESIAN_POINT('Ctrl Pts',(180.501961674703,-137.423240729967,-6.16595580389297));
#7871=CARTESIAN_POINT('Ctrl Pts',(181.330136892465,-137.414906124743,-6.37087449477316));
#7872=CARTESIAN_POINT('Ctrl Pts',(182.056332622421,-137.414610086285,-6.4142135623731));
#7873=CARTESIAN_POINT('Ctrl Pts',(182.412001658142,-137.403495428918,-6.4142135623731));
#7874=CARTESIAN_POINT('',(182.430298552468,-137.988996047335,-5.));
#7875=CARTESIAN_POINT('Origin',(182.367829047712,-135.98997189516,-5.));
#7876=CARTESIAN_POINT('Origin',(182.430298552468,-137.988996047335,-3.25100240790268));
#7877=CARTESIAN_POINT('Ctrl Pts',(180.003644709279,-137.403415508017,-5.92612778222087));
#7878=CARTESIAN_POINT('Ctrl Pts',(180.164696586617,-137.415224229718,-6.0165482112171));
#7879=CARTESIAN_POINT('Ctrl Pts',(180.501961674703,-137.423240729967,-6.16595580389297));
#7880=CARTESIAN_POINT('Ctrl Pts',(181.330136892465,-137.414906124743,-6.37087449477316));
#7881=CARTESIAN_POINT('Ctrl Pts',(182.056332622421,-137.414610086285,-6.4142135623731));
#7882=CARTESIAN_POINT('Ctrl Pts',(182.412001658142,-137.403495428918,-6.4142135623731));
#7883=CARTESIAN_POINT('Ctrl Pts',(180.049680562713,-137.301873149672,-6.10696864021333));
#7884=CARTESIAN_POINT('Ctrl Pts',(180.212417302567,-137.313254274869,-6.17945608594741));
#7885=CARTESIAN_POINT('Ctrl Pts',(180.553609259928,-137.321025287609,-6.30408817678113));
#7886=CARTESIAN_POINT('Ctrl Pts',(181.383117214268,-137.305348427909,-6.49160272831155));
#7887=CARTESIAN_POINT('Ctrl Pts',(182.068275574427,-137.297622856151,-6.53077067649145));
#7888=CARTESIAN_POINT('Ctrl Pts',(182.408146870686,-137.280142230326,-6.53762697732194));
#7889=CARTESIAN_POINT('Ctrl Pts',(180.155083149003,-137.069384200532,-6.41813776660187));
#7890=CARTESIAN_POINT('Ctrl Pts',(180.322175984869,-137.080817650271,-6.46668842031201));
#7891=CARTESIAN_POINT('Ctrl Pts',(180.676534995008,-137.085236040867,-6.56000647054683));
#7892=CARTESIAN_POINT('Ctrl Pts',(181.509201977124,-137.047823079073,-6.71622939517396));
#7893=CARTESIAN_POINT('Ctrl Pts',(182.094613749835,-137.029956388643,-6.73972481859475));
#7894=CARTESIAN_POINT('Ctrl Pts',(182.39942270842,-137.000969037793,-6.75194803667));
#7895=CARTESIAN_POINT('Ctrl Pts',(180.434065149913,-136.45402707787,-6.86110708706322));
#7896=CARTESIAN_POINT('Ctrl Pts',(180.614439526767,-136.476723567547,-6.88012215763487));
#7897=CARTESIAN_POINT('Ctrl Pts',(181.003974661715,-136.500883307633,-6.92291865926346));
#7898=CARTESIAN_POINT('Ctrl Pts',(181.687856390563,-136.54613692118,-6.95069865286813));
#7899=CARTESIAN_POINT('Ctrl Pts',(182.139959996194,-136.543339921,-6.94893432386134));
#7900=CARTESIAN_POINT('Ctrl Pts',(182.384183015043,-136.513298849722,-6.95404625108538));
#7901=CARTESIAN_POINT('Ctrl Pts',(180.676843256472,-135.918525731511,-7.));
#7902=CARTESIAN_POINT('Ctrl Pts',(180.846781502695,-135.979208938977,-7.));
#7903=CARTESIAN_POINT('Ctrl Pts',(181.198842657205,-136.084058551039,-7.));
#7904=CARTESIAN_POINT('Ctrl Pts',(181.772879747584,-136.178894025895,-7.));
#7905=CARTESIAN_POINT('Ctrl Pts',(182.171812142752,-136.180416555974,-7.));
#7906=CARTESIAN_POINT('Ctrl Pts',(182.373280540413,-136.164419661572,-7.));
#7907=CARTESIAN_POINT('Ctrl Pts',(180.787594815954,-135.674238427131,-7.));
#7908=CARTESIAN_POINT('Ctrl Pts',(180.952097178048,-135.748818205997,-7.));
#7909=CARTESIAN_POINT('Ctrl Pts',(181.29248032861,-135.87287540108,-7.));
#7910=CARTESIAN_POINT('Ctrl Pts',(181.825377955307,-135.979349246792,-7.));
#7911=CARTESIAN_POINT('Ctrl Pts',(182.18729832161,-135.995613480351,-7.));
#7912=CARTESIAN_POINT('Ctrl Pts',(182.367829047712,-135.98997189516,-7.));
#7913=CARTESIAN_POINT('',(180.787594815954,-135.674238427131,-7.));
#7914=CARTESIAN_POINT('Ctrl Pts',(180.003644709279,-137.403415508017,-5.92612778222087));
#7915=CARTESIAN_POINT('Ctrl Pts',(180.049680562713,-137.301873149672,-6.10696864021333));
#7916=CARTESIAN_POINT('Ctrl Pts',(180.155083149003,-137.069384200532,-6.41813776660187));
#7917=CARTESIAN_POINT('Ctrl Pts',(180.434065149913,-136.45402707787,-6.86110708706322));
#7918=CARTESIAN_POINT('Ctrl Pts',(180.676843256472,-135.918525731511,-7.));
#7919=CARTESIAN_POINT('Ctrl Pts',(180.787594815954,-135.674238427131,-7.));
#7920=CARTESIAN_POINT('',(182.367829047712,-135.98997189516,-7.));
#7921=CARTESIAN_POINT('Origin',(182.256698725453,-132.433801582851,-7.));
#7922=CARTESIAN_POINT('Origin',(182.367829047712,-135.98997189516,-5.));
#7923=CARTESIAN_POINT('Ctrl Pts',(180.003644709279,-137.403415508017,-5.92612778222087));
#7924=CARTESIAN_POINT('Ctrl Pts',(180.049680562713,-137.301873149672,-6.10696864021333));
#7925=CARTESIAN_POINT('Ctrl Pts',(180.155083149003,-137.069384200532,-6.41813776660187));
#7926=CARTESIAN_POINT('Ctrl Pts',(180.434065149913,-136.45402707787,-6.86110708706322));
#7927=CARTESIAN_POINT('Ctrl Pts',(180.676843256472,-135.918525731511,-7.));
#7928=CARTESIAN_POINT('Ctrl Pts',(180.787594815954,-135.674238427131,-7.));
#7929=CARTESIAN_POINT('Ctrl Pts',(179.888628685375,-137.290064427971,-6.0165482112171));
#7930=CARTESIAN_POINT('Ctrl Pts',(179.933875814571,-137.186973032975,-6.17945608594741));
#7931=CARTESIAN_POINT('Ctrl Pts',(180.036368349737,-136.951242184272,-6.46668842031201));
#7932=CARTESIAN_POINT('Ctrl Pts',(180.298126376757,-136.333317938109,-6.88012215763487));
#7933=CARTESIAN_POINT('Ctrl Pts',(180.519210739081,-135.830699490224,-7.));
#7934=CARTESIAN_POINT('Ctrl Pts',(180.623092453859,-135.599658648266,-7.));
#7935=CARTESIAN_POINT('Ctrl Pts',(179.660339268667,-137.041677741257,-6.16595580389297));
#7936=CARTESIAN_POINT('Ctrl Pts',(179.703183205495,-136.935471023988,-6.30408817678113));
#7937=CARTESIAN_POINT('Ctrl Pts',(179.799520198149,-136.68762734529,-6.56000647054682));
#7938=CARTESIAN_POINT('Ctrl Pts',(180.02324872484,-136.056255506738,-6.92291865926346));
#7939=CARTESIAN_POINT('Ctrl Pts',(180.20833883352,-135.634997788654,-7.));
#7940=CARTESIAN_POINT('Ctrl Pts',(180.305469692249,-135.425398331081,-7.));
#7941=CARTESIAN_POINT('Ctrl Pts',(179.12083512574,-136.41328380691,-6.37087449477315));
#7942=CARTESIAN_POINT('Ctrl Pts',(179.168323163001,-136.30123609497,-6.49160272831154));
#7943=CARTESIAN_POINT('Ctrl Pts',(179.278926866179,-136.036692159941,-6.71622939517395));
#7944=CARTESIAN_POINT('Ctrl Pts',(179.538529247209,-135.571705058801,-6.95069865286812));
#7945=CARTESIAN_POINT('Ctrl Pts',(179.758715332834,-135.265740349932,-7.));
#7946=CARTESIAN_POINT('Ctrl Pts',(179.874203716943,-135.094753175508,-7.));
#7947=CARTESIAN_POINT('Ctrl Pts',(178.6424900303,-135.866889905485,-6.41421356237308));
#7948=CARTESIAN_POINT('Ctrl Pts',(178.722609992105,-135.780811813978,-6.53077067649144));
#7949=CARTESIAN_POINT('Ctrl Pts',(178.906574864147,-135.584607932349,-6.73972481859474));
#7950=CARTESIAN_POINT('Ctrl Pts',(179.242693728722,-135.229817885255,-6.94893432386134));
#7951=CARTESIAN_POINT('Ctrl Pts',(179.494671112045,-134.966691819622,-7.));
#7952=CARTESIAN_POINT('Ctrl Pts',(179.623462883019,-134.833257647743,-7.));
#7953=CARTESIAN_POINT('Ctrl Pts',(178.416461546174,-135.592053366897,-6.41421356237308));
#7954=CARTESIAN_POINT('Ctrl Pts',(178.511780403651,-135.513662127599,-6.53762697732193));
#7955=CARTESIAN_POINT('Ctrl Pts',(178.72750622231,-135.336246926445,-6.75194803666999));
#7956=CARTESIAN_POINT('Ctrl Pts',(179.104344161519,-135.026331408667,-6.95404625108538));
#7957=CARTESIAN_POINT('Ctrl Pts',(179.373933973469,-134.804617888173,-7.));
#7958=CARTESIAN_POINT('Ctrl Pts',(179.508735194463,-134.693755934387,-7.));
#7959=CARTESIAN_POINT('',(178.416461546174,-135.592053366897,-6.41421356237308));
#7960=CARTESIAN_POINT('Ctrl Pts',(180.003644709279,-137.403415508017,-5.92612778222087));
#7961=CARTESIAN_POINT('Ctrl Pts',(179.888628685375,-137.290064427971,-6.0165482112171));
#7962=CARTESIAN_POINT('Ctrl Pts',(179.660339268667,-137.041677741257,-6.16595580389297));
#7963=CARTESIAN_POINT('Ctrl Pts',(179.12083512574,-136.41328380691,-6.37087449477315));
#7964=CARTESIAN_POINT('Ctrl Pts',(178.6424900303,-135.866889905485,-6.41421356237308));
#7965=CARTESIAN_POINT('Ctrl Pts',(178.416461546174,-135.592053366897,-6.41421356237308));
#7966=CARTESIAN_POINT('',(179.508735194463,-134.693755934387,-7.));
#7967=CARTESIAN_POINT('Origin',(179.508735194463,-134.693755934387,-5.));
#7968=CARTESIAN_POINT('Origin',(182.256698725453,-132.433801582851,-7.));
#7969=CARTESIAN_POINT('Ctrl Pts',(180.003644709279,-137.403415508017,-5.92612778222087));
#7970=CARTESIAN_POINT('Ctrl Pts',(179.888628685375,-137.290064427971,-6.0165482112171));
#7971=CARTESIAN_POINT('Ctrl Pts',(179.660339268667,-137.041677741257,-6.16595580389297));
#7972=CARTESIAN_POINT('Ctrl Pts',(179.12083512574,-136.41328380691,-6.37087449477315));
#7973=CARTESIAN_POINT('Ctrl Pts',(178.6424900303,-135.866889905485,-6.41421356237308));
#7974=CARTESIAN_POINT('Ctrl Pts',(178.416461546174,-135.592053366897,-6.41421356237308));
#7975=CARTESIAN_POINT('Ctrl Pts',(179.842592831941,-137.391606786317,-5.83570735322464));
#7976=CARTESIAN_POINT('Ctrl Pts',(179.738436185653,-137.281491413021,-5.92425977809636));
#7977=CARTESIAN_POINT('Ctrl Pts',(179.52375470025,-137.038063147232,-6.07309586129506));
#7978=CARTESIAN_POINT('Ctrl Pts',(178.986200491466,-136.426502439729,-6.26518484279539));
#7979=CARTESIAN_POINT('Ctrl Pts',(178.537255792481,-135.922430603815,-6.29765644825473));
#7980=CARTESIAN_POINT('Ctrl Pts',(178.321142688697,-135.670444606195,-6.29080014742424));
#7981=CARTESIAN_POINT('Ctrl Pts',(179.554709590343,-137.356118496938,-5.63582442381235));
#7982=CARTESIAN_POINT('Ctrl Pts',(179.461756840191,-137.249670016884,-5.72208122732808));
#7983=CARTESIAN_POINT('Ctrl Pts',(179.255891103952,-137.011018517604,-5.86558227606378));
#7984=CARTESIAN_POINT('Ctrl Pts',(178.715897885103,-136.430558105827,-6.01701114084543));
#7985=CARTESIAN_POINT('Ctrl Pts',(178.344854052028,-136.017444156794,-6.03094324800458));
#7986=CARTESIAN_POINT('Ctrl Pts',(178.155610939019,-135.806579672685,-6.01149067311923));
#7987=CARTESIAN_POINT('Ctrl Pts',(179.083112925593,-137.198410278362,-5.10493342492606));
#7988=CARTESIAN_POINT('Ctrl Pts',(178.994312520321,-137.094368688941,-5.19671942543429));
#7989=CARTESIAN_POINT('Ctrl Pts',(178.783806766093,-136.855990730127,-5.34732589172425));
#7990=CARTESIAN_POINT('Ctrl Pts',(178.392535572525,-136.401507582817,-5.52262368528452));
#7991=CARTESIAN_POINT('Ctrl Pts',(178.138319522291,-136.095675144536,-5.54598059094811));
#7992=CARTESIAN_POINT('Ctrl Pts',(177.999519553781,-135.934950883338,-5.52358242294621));
#7993=CARTESIAN_POINT('Ctrl Pts',(178.834744518757,-137.022878555425,-4.67627058537614));
#7994=CARTESIAN_POINT('Ctrl Pts',(178.760477214667,-136.932574145938,-4.78528328455651));
#7995=CARTESIAN_POINT('Ctrl Pts',(178.592597408351,-136.728442772651,-4.97559818423138));
#7996=CARTESIAN_POINT('Ctrl Pts',(178.290204424254,-136.360751765193,-5.1570786688474));
#7997=CARTESIAN_POINT('Ctrl Pts',(178.073388843307,-136.097117542233,-5.1842291988216));
#7998=CARTESIAN_POINT('Ctrl Pts',(177.96402698723,-135.964140346487,-5.17453292519941));
#7999=CARTESIAN_POINT('Ctrl Pts',(178.749587010454,-136.919332336872,-4.48773046555362));
#8000=CARTESIAN_POINT('Ctrl Pts',(178.681033966067,-136.835976110767,-4.59565534834264));
#8001=CARTESIAN_POINT('Ctrl Pts',(178.525884586257,-136.647324142074,-4.78307885671038));
#8002=CARTESIAN_POINT('Ctrl Pts',(178.254863839084,-136.31777981793,-4.95981350190021));
#8003=CARTESIAN_POINT('Ctrl Pts',(178.060975632344,-136.082023851953,-4.99999999999997));
#8004=CARTESIAN_POINT('Ctrl Pts',(177.96402698723,-135.964140346487,-4.99999999999997));
#8005=CARTESIAN_POINT('',(178.749587010454,-136.919332336872,-4.48773046555362));
#8006=CARTESIAN_POINT('Ctrl Pts',(180.003644709279,-137.403415508017,-5.92612778222087));
#8007=CARTESIAN_POINT('Ctrl Pts',(179.842592831941,-137.391606786317,-5.83570735322464));
#8008=CARTESIAN_POINT('Ctrl Pts',(179.554709590343,-137.356118496938,-5.63582442381235));
#8009=CARTESIAN_POINT('Ctrl Pts',(179.083112925593,-137.198410278362,-5.10493342492606));
#8010=CARTESIAN_POINT('Ctrl Pts',(178.834744518757,-137.022878555425,-4.67627058537614));
#8011=CARTESIAN_POINT('Ctrl Pts',(178.749587010454,-136.919332336872,-4.48773046555362));
#8012=CARTESIAN_POINT('',(177.96402698723,-135.964140346487,-5.));
#8013=CARTESIAN_POINT('Origin',(177.96402698723,-135.964140346487,-3.25100240790268));
#8014=CARTESIAN_POINT('Origin',(179.508735194463,-134.693755934387,-5.));
#8015=CARTESIAN_POINT('Ctrl Pts',(214.529939115762,-136.572489864927,-5.95513616634471));
#8016=CARTESIAN_POINT('Ctrl Pts',(214.605581152723,-136.516762841941,-6.0398526292623));
#8017=CARTESIAN_POINT('Ctrl Pts',(214.77149950597,-136.40550075919,-6.1790922557085));
#8018=CARTESIAN_POINT('Ctrl Pts',(215.239356410091,-136.237386411634,-6.37478668590183));
#8019=CARTESIAN_POINT('Ctrl Pts',(215.752473807779,-136.149186586626,-6.41421356237309));
#8020=CARTESIAN_POINT('Ctrl Pts',(216.011245058627,-136.096859311421,-6.41421356237309));
#8021=CARTESIAN_POINT('Ctrl Pts',(214.519198290731,-136.479813958325,-6.1245690921799));
#8022=CARTESIAN_POINT('Ctrl Pts',(214.599394060312,-136.422232319266,-6.19333138693633));
#8023=CARTESIAN_POINT('Ctrl Pts',(214.772707343672,-136.30759562136,-6.31118175291358));
#8024=CARTESIAN_POINT('Ctrl Pts',(215.250632397171,-136.128322436744,-6.49375271835734));
#8025=CARTESIAN_POINT('Ctrl Pts',(215.738530797588,-136.033089776425,-6.53077067649145));
#8026=CARTESIAN_POINT('Ctrl Pts',(215.986784188143,-135.975894288359,-6.53762697732194));
#8027=CARTESIAN_POINT('Ctrl Pts',(214.494277881489,-136.264791228433,-6.4203658782215));
#8028=CARTESIAN_POINT('Ctrl Pts',(214.583374595044,-136.203827489976,-6.46758727852321));
#8029=CARTESIAN_POINT('Ctrl Pts',(214.774418443404,-136.079522276808,-6.55898957098639));
#8030=CARTESIAN_POINT('Ctrl Pts',(215.276306535348,-135.871089826401,-6.71645768458082));
#8031=CARTESIAN_POINT('Ctrl Pts',(215.704066299399,-135.767947387193,-6.73972481859475));
#8032=CARTESIAN_POINT('Ctrl Pts',(215.931424299765,-135.702126019205,-6.75194803666999));
#8033=CARTESIAN_POINT('Ctrl Pts',(214.427307657429,-135.686946769344,-6.85780131441956));
#8034=CARTESIAN_POINT('Ctrl Pts',(214.542406212414,-135.626181409475,-6.87724486987604));
#8035=CARTESIAN_POINT('Ctrl Pts',(214.791873435996,-135.501796312297,-6.92161404304831));
#8036=CARTESIAN_POINT('Ctrl Pts',(215.279528455844,-135.370516301373,-6.9510037006332));
#8037=CARTESIAN_POINT('Ctrl Pts',(215.640765953501,-135.285969088083,-6.94893432386134));
#8038=CARTESIAN_POINT('Ctrl Pts',(215.834719573455,-135.223897353715,-6.95404625108538));
#8039=CARTESIAN_POINT('Ctrl Pts',(214.367250790491,-135.168753374033,-7.));
#8040=CARTESIAN_POINT('Ctrl Pts',(214.507953314569,-135.139092920305,-7.));
#8041=CARTESIAN_POINT('Ctrl Pts',(214.797672540353,-135.085660879079,-7.));
#8042=CARTESIAN_POINT('Ctrl Pts',(215.26894141368,-135.002629224179,-7.));
#8043=CARTESIAN_POINT('Ctrl Pts',(215.598797445086,-134.925382305955,-7.));
#8044=CARTESIAN_POINT('Ctrl Pts',(215.765537025022,-134.881772629573,-7.));
#8045=CARTESIAN_POINT('Ctrl Pts',(214.339762737814,-134.931576044057,-7.));
#8046=CARTESIAN_POINT('Ctrl Pts',(214.495279726329,-134.913552149561,-7.));
#8047=CARTESIAN_POINT('Ctrl Pts',(214.805808145953,-134.873142236611,-7.));
#8048=CARTESIAN_POINT('Ctrl Pts',(215.269717717516,-134.799488674136,-7.));
#8049=CARTESIAN_POINT('Ctrl Pts',(215.577492116006,-134.741732461544,-7.));
#8050=CARTESIAN_POINT('Ctrl Pts',(215.730944130236,-134.710702253385,-7.));
#8051=CARTESIAN_POINT('',(214.529939115762,-136.572489864927,-5.95513616634471));
#8052=CARTESIAN_POINT('',(216.011245058627,-136.096859311421,-6.41421356237309));
#8053=CARTESIAN_POINT('Ctrl Pts',(214.529939115762,-136.572489864927,-5.95513616634471));
#8054=CARTESIAN_POINT('Ctrl Pts',(214.605581152723,-136.516762841941,-6.0398526292623));
#8055=CARTESIAN_POINT('Ctrl Pts',(214.77149950597,-136.40550075919,-6.1790922557085));
#8056=CARTESIAN_POINT('Ctrl Pts',(215.239356410091,-136.237386411634,-6.37478668590183));
#8057=CARTESIAN_POINT('Ctrl Pts',(215.752473807779,-136.149186586626,-6.41421356237309));
#8058=CARTESIAN_POINT('Ctrl Pts',(216.011245058627,-136.096859311421,-6.41421356237309));
#8059=CARTESIAN_POINT('',(214.339762737814,-134.931576044057,-7.));
#8060=CARTESIAN_POINT('Ctrl Pts',(214.529939115762,-136.572489864927,-5.95513616634471));
#8061=CARTESIAN_POINT('Ctrl Pts',(214.519198290731,-136.479813958325,-6.1245690921799));
#8062=CARTESIAN_POINT('Ctrl Pts',(214.494277881489,-136.264791228433,-6.4203658782215));
#8063=CARTESIAN_POINT('Ctrl Pts',(214.427307657429,-135.686946769344,-6.85780131441956));
#8064=CARTESIAN_POINT('Ctrl Pts',(214.367250790491,-135.168753374033,-7.));
#8065=CARTESIAN_POINT('Ctrl Pts',(214.339762737814,-134.931576044057,-7.));
#8066=CARTESIAN_POINT('',(215.730944130236,-134.710702253385,-7.));
#8067=CARTESIAN_POINT('Origin',(212.41189083708,-118.297167076365,-7.));
#8068=CARTESIAN_POINT('Origin',(215.730944130236,-134.710702253385,-5.));
#8069=CARTESIAN_POINT('Ctrl Pts',(214.529939115762,-136.572489864927,-5.95513616634471));
#8070=CARTESIAN_POINT('Ctrl Pts',(214.519198290731,-136.479813958325,-6.1245690921799));
#8071=CARTESIAN_POINT('Ctrl Pts',(214.494277881489,-136.264791228433,-6.4203658782215));
#8072=CARTESIAN_POINT('Ctrl Pts',(214.427307657429,-135.686946769344,-6.85780131441956));
#8073=CARTESIAN_POINT('Ctrl Pts',(214.367250790491,-135.168753374033,-7.));
#8074=CARTESIAN_POINT('Ctrl Pts',(214.339762737814,-134.931576044057,-7.));
#8075=CARTESIAN_POINT('Ctrl Pts',(214.443556253771,-136.53554098131,-6.03985262926231));
#8076=CARTESIAN_POINT('Ctrl Pts',(214.427958216698,-136.442101155383,-6.19333138693634));
#8077=CARTESIAN_POINT('Ctrl Pts',(214.393599252323,-136.225821812191,-6.46758727852321));
#8078=CARTESIAN_POINT('Ctrl Pts',(214.301361817017,-135.654117641993,-6.87724486987604));
#8079=CARTESIAN_POINT('Ctrl Pts',(214.223494038337,-135.172060791097,-7.));
#8080=CARTESIAN_POINT('Ctrl Pts',(214.184245749299,-134.949599938554,-7.));
#8081=CARTESIAN_POINT('Ctrl Pts',(214.256588081976,-136.465177256721,-6.17909225570851));
#8082=CARTESIAN_POINT('Ctrl Pts',(214.23301929402,-136.370143646247,-6.31118175291359));
#8083=CARTESIAN_POINT('Ctrl Pts',(214.179188373339,-136.148507434548,-6.55898957098639));
#8084=CARTESIAN_POINT('Ctrl Pts',(214.030057978506,-135.59008815464,-6.92161404304832));
#8085=CARTESIAN_POINT('Ctrl Pts',(213.929233656396,-135.186310016967,-7.));
#8086=CARTESIAN_POINT('Ctrl Pts',(213.872706218712,-134.981285603144,-7.));
#8087=CARTESIAN_POINT('Ctrl Pts',(213.762681835835,-136.408528014787,-6.37478668590186));
#8088=CARTESIAN_POINT('Ctrl Pts',(213.726759523887,-136.304934163581,-6.49375271835736));
#8089=CARTESIAN_POINT('Ctrl Pts',(213.6429314386,-136.060392491647,-6.71645768458085));
#8090=CARTESIAN_POINT('Ctrl Pts',(213.525303213883,-135.573825090889,-6.9510037006332));
#8091=CARTESIAN_POINT('Ctrl Pts',(213.451466089801,-135.213268484882,-7.));
#8092=CARTESIAN_POINT('Ctrl Pts',(213.404247840816,-135.015690341652,-7.));
#8093=CARTESIAN_POINT('Ctrl Pts',(213.242992996194,-136.440026949604,-6.41421356237313));
#8094=CARTESIAN_POINT('Ctrl Pts',(213.230012618731,-136.323818573516,-6.53077067649148));
#8095=CARTESIAN_POINT('Ctrl Pts',(213.202919881747,-136.057821822021,-6.73972481859477));
#8096=CARTESIAN_POINT('Ctrl Pts',(213.154303671082,-135.574141681159,-6.94893432386134));
#8097=CARTESIAN_POINT('Ctrl Pts',(213.11268588461,-135.213514251541,-7.));
#8098=CARTESIAN_POINT('Ctrl Pts',(213.091421863603,-135.029859619664,-7.));
#8099=CARTESIAN_POINT('Ctrl Pts',(212.979112903521,-136.4482732025,-6.41421356237313));
#8100=CARTESIAN_POINT('Ctrl Pts',(212.975258116065,-136.324920003908,-6.53762697732197));
#8101=CARTESIAN_POINT('Ctrl Pts',(212.966533953799,-136.045746811375,-6.75194803667001));
#8102=CARTESIAN_POINT('Ctrl Pts',(212.951294260422,-135.558076623304,-6.95404625108538));
#8103=CARTESIAN_POINT('Ctrl Pts',(212.940391785792,-135.209197435154,-7.));
#8104=CARTESIAN_POINT('Ctrl Pts',(212.934940293092,-135.034749668742,-7.));
#8105=CARTESIAN_POINT('',(212.979112903521,-136.4482732025,-6.41421356237313));
#8106=CARTESIAN_POINT('Ctrl Pts',(214.529939115762,-136.572489864927,-5.95513616634471));
#8107=CARTESIAN_POINT('Ctrl Pts',(214.443556253771,-136.53554098131,-6.03985262926231));
#8108=CARTESIAN_POINT('Ctrl Pts',(214.256588081976,-136.465177256721,-6.17909225570851));
#8109=CARTESIAN_POINT('Ctrl Pts',(213.762681835835,-136.408528014787,-6.37478668590186));
#8110=CARTESIAN_POINT('Ctrl Pts',(213.242992996194,-136.440026949604,-6.41421356237313));
#8111=CARTESIAN_POINT('Ctrl Pts',(212.979112903521,-136.4482732025,-6.41421356237313));
#8112=CARTESIAN_POINT('',(212.934940293092,-135.034749668742,-7.));
#8113=CARTESIAN_POINT('Origin',(212.934940293092,-135.034749668742,-5.));
#8114=CARTESIAN_POINT('Origin',(212.41189083708,-118.297167076365,-7.));
#8115=CARTESIAN_POINT('Ctrl Pts',(214.529939115762,-136.572489864927,-5.95513616634471));
#8116=CARTESIAN_POINT('Ctrl Pts',(214.443556253771,-136.53554098131,-6.03985262926231));
#8117=CARTESIAN_POINT('Ctrl Pts',(214.256588081976,-136.465177256721,-6.17909225570851));
#8118=CARTESIAN_POINT('Ctrl Pts',(213.762681835835,-136.408528014787,-6.37478668590186));
#8119=CARTESIAN_POINT('Ctrl Pts',(213.242992996194,-136.440026949604,-6.41421356237313));
#8120=CARTESIAN_POINT('Ctrl Pts',(212.979112903521,-136.4482732025,-6.41421356237313));
#8121=CARTESIAN_POINT('Ctrl Pts',(214.454297078801,-136.628216887912,-5.87041970342711));
#8122=CARTESIAN_POINT('Ctrl Pts',(214.374781200562,-136.598045224896,-5.95239637398191));
#8123=CARTESIAN_POINT('Ctrl Pts',(214.197434982863,-136.54056619642,-6.08969430714875));
#8124=CARTESIAN_POINT('Ctrl Pts',(213.709829238994,-136.517023017611,-6.27023050615887));
#8125=CARTESIAN_POINT('Ctrl Pts',(213.226653363361,-136.557151576014,-6.29765644825478));
#8126=CARTESIAN_POINT('Ctrl Pts',(212.982967690977,-136.571626401093,-6.29080014742429));
#8127=CARTESIAN_POINT('Ctrl Pts',(214.326999715756,-136.737064373477,-5.68296967824286));
#8128=CARTESIAN_POINT('Ctrl Pts',(214.253442910604,-136.718349559494,-5.76088061710467));
#8129=CARTESIAN_POINT('Ctrl Pts',(214.082591273722,-136.688092174545,-5.88973220706606));
#8130=CARTESIAN_POINT('Ctrl Pts',(213.59704386783,-136.726993978361,-6.02395968450166));
#8131=CARTESIAN_POINT('Ctrl Pts',(213.196403671717,-136.767153024474,-6.03094324800465));
#8132=CARTESIAN_POINT('Ctrl Pts',(212.989661956196,-136.785842888071,-6.01149067311931));
#8133=CARTESIAN_POINT('Ctrl Pts',(214.140458165657,-136.926727232725,-5.17814774607425));
#8134=CARTESIAN_POINT('Ctrl Pts',(214.061561317748,-136.926373446191,-5.25637006654874));
#8135=CARTESIAN_POINT('Ctrl Pts',(213.869342026852,-136.937919424171,-5.3826212486705));
#8136=CARTESIAN_POINT('Ctrl Pts',(213.458757942678,-136.967064643421,-5.53087440223177));
#8137=CARTESIAN_POINT('Ctrl Pts',(213.157306858445,-136.977686433307,-5.54598059094821));
#8138=CARTESIAN_POINT('Ctrl Pts',(212.995974443879,-136.987842493935,-5.52358242294632));
#8139=CARTESIAN_POINT('Ctrl Pts',(214.044602737322,-137.001049041558,-4.76670944210661));
#8140=CARTESIAN_POINT('Ctrl Pts',(213.960909046594,-137.003664469393,-4.85745635538956));
#8141=CARTESIAN_POINT('Ctrl Pts',(213.766256760341,-137.009747353339,-5.01578890383953));
#8142=CARTESIAN_POINT('Ctrl Pts',(213.402380802666,-137.021118477016,-5.16535221148789));
#8143=CARTESIAN_POINT('Ctrl Pts',(213.133533971194,-137.029519940499,-5.1842291988217));
#8144=CARTESIAN_POINT('Ctrl Pts',(212.997409797847,-137.033773820916,-5.17453292519951));
#8145=CARTESIAN_POINT('Ctrl Pts',(213.995609238241,-137.002580088404,-4.58633041455272));
#8146=CARTESIAN_POINT('Ctrl Pts',(213.908499904109,-137.005302255096,-4.67348227216033));
#8147=CARTESIAN_POINT('Ctrl Pts',(213.711353894223,-137.011463067905,-4.82483112231861));
#8148=CARTESIAN_POINT('Ctrl Pts',(213.366971860813,-137.022225006449,-4.96754846639975));
#8149=CARTESIAN_POINT('Ctrl Pts',(213.120600999586,-137.029924095862,-5.00000000000007));
#8150=CARTESIAN_POINT('Ctrl Pts',(212.997409797847,-137.033773820916,-5.00000000000007));
#8151=CARTESIAN_POINT('',(213.995609238241,-137.002580088404,-4.58633041455272));
#8152=CARTESIAN_POINT('Ctrl Pts',(214.529939115762,-136.572489864927,-5.95513616634471));
#8153=CARTESIAN_POINT('Ctrl Pts',(214.454297078801,-136.628216887912,-5.87041970342711));
#8154=CARTESIAN_POINT('Ctrl Pts',(214.326999715756,-136.737064373477,-5.68296967824286));
#8155=CARTESIAN_POINT('Ctrl Pts',(214.140458165657,-136.926727232725,-5.17814774607425));
#8156=CARTESIAN_POINT('Ctrl Pts',(214.044602737322,-137.001049041558,-4.76670944210661));
#8157=CARTESIAN_POINT('Ctrl Pts',(213.995609238241,-137.002580088404,-4.58633041455272));
#8158=CARTESIAN_POINT('',(212.997409797847,-137.033773820916,-5.));
#8159=CARTESIAN_POINT('Origin',(212.997409797847,-137.033773820916,-3.58764369102447));
#8160=CARTESIAN_POINT('Origin',(212.934940293092,-135.034749668742,-5.));
#8161=CARTESIAN_POINT('Ctrl Pts',(214.529939115762,-136.572489864927,-5.95513616634471));
#8162=CARTESIAN_POINT('Ctrl Pts',(214.454297078801,-136.628216887912,-5.87041970342711));
#8163=CARTESIAN_POINT('Ctrl Pts',(214.326999715756,-136.737064373477,-5.68296967824286));
#8164=CARTESIAN_POINT('Ctrl Pts',(214.140458165657,-136.926727232725,-5.17814774607425));
#8165=CARTESIAN_POINT('Ctrl Pts',(214.044602737322,-137.001049041558,-4.76670944210661));
#8166=CARTESIAN_POINT('Ctrl Pts',(213.995609238241,-137.002580088404,-4.58633041455272));
#8167=CARTESIAN_POINT('Ctrl Pts',(214.540679940793,-136.665165771528,-5.78570324050951));
#8168=CARTESIAN_POINT('Ctrl Pts',(214.474399133632,-136.70804536884,-5.70385849007911));
#8169=CARTESIAN_POINT('Ctrl Pts',(214.360385096405,-136.79451615049,-5.51860741743184));
#8170=CARTESIAN_POINT('Ctrl Pts',(214.200572379574,-136.946462437173,-5.02129676309958));
#8171=CARTESIAN_POINT('Ctrl Pts',(214.122852705929,-136.998603730039,-4.655920414651));
#8172=CARTESIAN_POINT('Ctrl Pts',(214.082718572374,-136.999857921713,-4.49917855694511));
#8173=CARTESIAN_POINT('Ctrl Pts',(214.557693638618,-136.811966400541,-5.42626605052413));
#8174=CARTESIAN_POINT('Ctrl Pts',(214.507652210494,-136.837813000179,-5.34679566817507));
#8175=CARTESIAN_POINT('Ctrl Pts',(214.419213172298,-136.892226735839,-5.15660177387564));
#8176=CARTESIAN_POINT('Ctrl Pts',(214.310696788741,-136.979216355237,-4.67139734286026));
#8177=CARTESIAN_POINT('Ctrl Pts',(214.259897482206,-136.99432108078,-4.41556727842317));
#8178=CARTESIAN_POINT('Ctrl Pts',(214.233993575809,-136.995130577855,-4.30193630784945));
#8179=CARTESIAN_POINT('Ctrl Pts',(214.57586815407,-136.968783003706,-4.52279664093614));
#8180=CARTESIAN_POINT('Ctrl Pts',(214.547866350139,-136.975029945707,-4.45847670301515));
#8181=CARTESIAN_POINT('Ctrl Pts',(214.497780860591,-136.986087982856,-4.30565570171936));
#8182=CARTESIAN_POINT('Ctrl Pts',(214.436025077117,-136.991114734872,-4.09334855263639));
#8183=CARTESIAN_POINT('Ctrl Pts',(214.395804912266,-136.990073973591,-4.00786696674446));
#8184=CARTESIAN_POINT('Ctrl Pts',(214.376641284685,-136.990672836953,-3.9573861601829));
#8185=CARTESIAN_POINT('Ctrl Pts',(214.57685951698,-136.977336858386,-3.88002629788591));
#8186=CARTESIAN_POINT('Ctrl Pts',(214.559317498575,-136.97936991916,-3.86378281972695));
#8187=CARTESIAN_POINT('Ctrl Pts',(214.52349159791,-136.983052704914,-3.82679045501362));
#8188=CARTESIAN_POINT('Ctrl Pts',(214.467548486765,-136.987248957212,-3.76519012655355));
#8189=CARTESIAN_POINT('Ctrl Pts',(214.428804373036,-136.989042740442,-3.72841295066569));
#8190=CARTESIAN_POINT('Ctrl Pts',(214.409076984406,-136.989659221337,-3.71089503003916));
#8191=CARTESIAN_POINT('Ctrl Pts',(214.57685951698,-136.977336858386,-3.58764369102447));
#8192=CARTESIAN_POINT('Ctrl Pts',(214.55828561514,-136.97948951097,-3.58764369102447));
#8193=CARTESIAN_POINT('Ctrl Pts',(214.521077431547,-136.983273833374,-3.58764369102447));
#8194=CARTESIAN_POINT('Ctrl Pts',(214.465127917539,-136.987382903656,-3.58764369102447));
#8195=CARTESIAN_POINT('Ctrl Pts',(214.427766089424,-136.989075186805,-3.58764369102447));
#8196=CARTESIAN_POINT('Ctrl Pts',(214.409076984406,-136.989659221337,-3.58764369102447));
#8197=CARTESIAN_POINT('',(214.57685951698,-136.977336858386,-3.58764369102447));
#8198=CARTESIAN_POINT('Ctrl Pts',(214.529939115762,-136.572489864927,-5.95513616634471));
#8199=CARTESIAN_POINT('Ctrl Pts',(214.540679940793,-136.665165771528,-5.78570324050951));
#8200=CARTESIAN_POINT('Ctrl Pts',(214.557693638618,-136.811966400541,-5.42626605052413));
#8201=CARTESIAN_POINT('Ctrl Pts',(214.57586815407,-136.968783003706,-4.52279664093614));
#8202=CARTESIAN_POINT('Ctrl Pts',(214.57685951698,-136.977336858386,-3.88002629788591));
#8203=CARTESIAN_POINT('Ctrl Pts',(214.57685951698,-136.977336858386,-3.58764369102447));
#8204=CARTESIAN_POINT('',(214.409076984406,-136.989659221337,-3.58764369102447));
#8205=CARTESIAN_POINT('Origin',(214.34660747965,-134.990635069162,-3.58764369102447));
#8206=CARTESIAN_POINT('Origin',(212.997409797847,-137.033773820916,-3.58764369102447));
#8207=CARTESIAN_POINT('Ctrl Pts',(214.529939115762,-136.572489864927,-5.95513616634471));
#8208=CARTESIAN_POINT('Ctrl Pts',(214.540679940793,-136.665165771528,-5.78570324050951));
#8209=CARTESIAN_POINT('Ctrl Pts',(214.557693638618,-136.811966400541,-5.42626605052413));
#8210=CARTESIAN_POINT('Ctrl Pts',(214.57586815407,-136.968783003706,-4.52279664093614));
#8211=CARTESIAN_POINT('Ctrl Pts',(214.57685951698,-136.977336858386,-3.88002629788591));
#8212=CARTESIAN_POINT('Ctrl Pts',(214.57685951698,-136.977336858386,-3.58764369102447));
#8213=CARTESIAN_POINT('Ctrl Pts',(214.616321977753,-136.609438748543,-5.87041970342711));
#8214=CARTESIAN_POINT('Ctrl Pts',(214.615011243555,-136.691748899507,-5.70385849007911));
#8215=CARTESIAN_POINT('Ctrl Pts',(214.612320230403,-136.825682329659,-5.34679566817506));
#8216=CARTESIAN_POINT('Ctrl Pts',(214.604556493414,-136.968459749286,-4.45847670301515));
#8217=CARTESIAN_POINT('Ctrl Pts',(214.594401535385,-136.975303797613,-3.86378281972694));
#8218=CARTESIAN_POINT('Ctrl Pts',(214.59543341882,-136.975184205802,-3.58764369102447));
#8219=CARTESIAN_POINT('Ctrl Pts',(214.765140655323,-136.686285316187,-5.68296967824285));
#8220=CARTESIAN_POINT('Ctrl Pts',(214.745780686111,-136.749850101369,-5.51860741743182));
#8221=CARTESIAN_POINT('Ctrl Pts',(214.710860494238,-136.85842579479,-5.15660177387562));
#8222=CARTESIAN_POINT('Ctrl Pts',(214.655843522847,-136.967769053358,-4.30565570171934));
#8223=CARTESIAN_POINT('Ctrl Pts',(214.630120093751,-136.970694821845,-3.82679045501362));
#8224=CARTESIAN_POINT('Ctrl Pts',(214.632520842129,-136.970357917924,-3.58764369102447));
#8225=CARTESIAN_POINT('Ctrl Pts',(214.990117253535,-136.828254609868,-5.17814774607421));
#8226=CARTESIAN_POINT('Ctrl Pts',(214.936110404245,-136.861216060675,-5.02129676309954));
#8227=CARTESIAN_POINT('Ctrl Pts',(214.836396684052,-136.918289510264,-4.67139734286022));
#8228=CARTESIAN_POINT('Ctrl Pts',(214.717112008076,-136.958537707524,-4.09334855263637));
#8229=CARTESIAN_POINT('Ctrl Pts',(214.68554003619,-136.961984471798,-3.76519012655354));
#8230=CARTESIAN_POINT('Ctrl Pts',(214.68792707734,-136.961561232413,-3.58764369102447));
#8231=CARTESIAN_POINT('Ctrl Pts',(215.100430709581,-136.878682140294,-4.76670944210655));
#8232=CARTESIAN_POINT('Ctrl Pts',(215.023695696908,-136.894199065428,-4.65592041465095));
#8233=CARTESIAN_POINT('Ctrl Pts',(214.889304171499,-136.92137496813,-4.41556727842313));
#8234=CARTESIAN_POINT('Ctrl Pts',(214.756027972753,-136.948325335713,-4.00786696674444));
#8235=CARTESIAN_POINT('Ctrl Pts',(214.723667396953,-136.954869110379,-3.72841295066568));
#8236=CARTESIAN_POINT('Ctrl Pts',(214.72468557891,-136.954663219318,-3.58764369102447));
#8237=CARTESIAN_POINT('Ctrl Pts',(215.148475671639,-136.868966756751,-4.58633041455267));
#8238=CARTESIAN_POINT('Ctrl Pts',(215.063052814895,-136.886240489127,-4.49917855694506));
#8239=CARTESIAN_POINT('Ctrl Pts',(214.914706566171,-136.916238237939,-4.30193630784941));
#8240=CARTESIAN_POINT('Ctrl Pts',(214.774820583555,-136.944525199051,-3.95738616018288));
#8241=CARTESIAN_POINT('Ctrl Pts',(214.743012854127,-136.950957180216,-3.71089503003916));
#8242=CARTESIAN_POINT('Ctrl Pts',(214.743012854127,-136.950957180216,-3.58764369102447));
#8243=CARTESIAN_POINT('',(215.148475671639,-136.868966756751,-4.58633041455267));
#8244=CARTESIAN_POINT('Ctrl Pts',(214.529939115762,-136.572489864927,-5.95513616634471));
#8245=CARTESIAN_POINT('Ctrl Pts',(214.616321977753,-136.609438748543,-5.87041970342711));
#8246=CARTESIAN_POINT('Ctrl Pts',(214.765140655323,-136.686285316187,-5.68296967824285));
#8247=CARTESIAN_POINT('Ctrl Pts',(214.990117253535,-136.828254609868,-5.17814774607421));
#8248=CARTESIAN_POINT('Ctrl Pts',(215.100430709581,-136.878682140294,-4.76670944210655));
#8249=CARTESIAN_POINT('Ctrl Pts',(215.148475671639,-136.868966756751,-4.58633041455267));
#8250=CARTESIAN_POINT('',(214.743012854127,-136.950957180216,-3.58764369102447));
#8251=CARTESIAN_POINT('Origin',(216.127349504713,-136.671024364439,-3.58764369102447));
#8252=CARTESIAN_POINT('Origin',(214.34660747965,-134.990635069162,-3.58764369102447));
#8253=CARTESIAN_POINT('Origin',(192.7,-88.36625,1.51));
#8254=CARTESIAN_POINT('',(194.3,-88.36625,-7.));
#8255=CARTESIAN_POINT('Origin',(192.7,-88.36625,-7.));
#8256=CARTESIAN_POINT('',(194.3,-88.36625,-6.));
#8257=CARTESIAN_POINT('',(194.3,-88.36625,1.51));
#8258=CARTESIAN_POINT('Origin',(192.7,-88.36625,-6.));
#8259=CARTESIAN_POINT('Origin',(237.205,-111.585,-3.));
#8260=CARTESIAN_POINT('',(237.116267157678,-111.687855567987,-1.956));
#8261=CARTESIAN_POINT('',(221.222084288215,-130.111757743819,-1.956));
#8262=CARTESIAN_POINT('',(232.859375585232,-116.622274314014,-1.956));
#8263=CARTESIAN_POINT('',(237.116267157678,-111.687855567987,-4.));
#8264=CARTESIAN_POINT('',(237.116267157678,-111.687855567987,-3.));
#8265=CARTESIAN_POINT('',(221.222084288215,-130.111757743819,-4.));
#8266=CARTESIAN_POINT('',(232.939494364329,-116.529403824185,-4.));
#8267=CARTESIAN_POINT('',(221.222084288215,-130.111757743819,-3.));
#8268=CARTESIAN_POINT('Origin',(214.000003188848,-132.000001966953,-3.));
#8269=CARTESIAN_POINT('',(214.000003188848,-132.000001966953,-1.956));
#8270=CARTESIAN_POINT('',(182.000002712011,-133.000001981854,-1.956));
#8271=CARTESIAN_POINT('',(211.469839277991,-132.079069589168,-1.956));
#8272=CARTESIAN_POINT('',(214.000003188848,-132.000001966953,-6.));
#8273=CARTESIAN_POINT('',(214.000003188848,-132.000001966953,-3.));
#8274=CARTESIAN_POINT('',(182.000002712011,-133.000001981854,-6.));
#8275=CARTESIAN_POINT('',(214.000003188848,-132.000001966953,-6.));
#8276=CARTESIAN_POINT('',(182.000002712011,-133.000001981854,-3.));
#8277=CARTESIAN_POINT('Origin',(182.000002712011,-133.000001981854,-3.));
#8278=CARTESIAN_POINT('',(180.055,-130.635,-1.956));
#8279=CARTESIAN_POINT('',(180.147167382046,-130.747069787798,-1.956));
#8280=CARTESIAN_POINT('',(180.055,-130.635,-6.));
#8281=CARTESIAN_POINT('',(182.000002712011,-133.000001981854,-6.));
#8282=CARTESIAN_POINT('',(180.055,-130.635,-3.));
#8283=CARTESIAN_POINT('Origin',(180.055,-130.635,-3.));
#8284=CARTESIAN_POINT('',(177.000002637506,-110.000001639128,-1.956));
#8285=CARTESIAN_POINT('',(178.427018443532,-119.638788624612,-1.956));
#8286=CARTESIAN_POINT('',(177.000002637506,-110.000001639128,-6.));
#8287=CARTESIAN_POINT('',(177.000002637506,-110.000001639128,-6.));
#8288=CARTESIAN_POINT('',(177.000002637506,-110.000001639128,-3.));
#8289=CARTESIAN_POINT('Origin',(208.097725110241,-103.722796293652,-7.));
#8290=CARTESIAN_POINT('',(194.358495832161,-135.615263558146,-7.));
#8291=CARTESIAN_POINT('',(176.353074051557,-130.856668813147,-7.));
#8292=CARTESIAN_POINT('',(173.863589159499,-109.299466208477,-7.));
#8293=CARTESIAN_POINT('',(176.227539317654,-89.9125404172536,-7.));
#8294=CARTESIAN_POINT('',(192.787004544885,-72.1226435139324,-7.));
#8295=CARTESIAN_POINT('',(205.753220710643,-91.3488189130293,-7.));
#8296=CARTESIAN_POINT('',(203.420919069565,-96.1543750207667,-7.));
#8297=CARTESIAN_POINT('',(222.015759678033,-88.553941537143,-7.));
#8298=CARTESIAN_POINT('',(232.6803710865,-85.7298514951124,-7.));
#8299=CARTESIAN_POINT('',(241.634996489968,-106.294799936156,-7.));
#8300=CARTESIAN_POINT('',(233.090822772974,-119.220002755974,-7.));
#8301=CARTESIAN_POINT('',(226.437167025646,-128.659339377131,-7.));
#8302=CARTESIAN_POINT('',(214.299450070824,-135.000170976654,-7.));
#8303=CARTESIAN_POINT('Origin',(204.459420527934,-85.3029904881882,-3.));
#8304=CARTESIAN_POINT('',(204.545091333574,-87.3011547739918,-1.956));
#8305=CARTESIAN_POINT('',(202.537478757245,-85.8562895303716,-1.956));
#8306=CARTESIAN_POINT('Origin',(204.459420527934,-85.3029904881882,-1.956));
#8307=CARTESIAN_POINT('',(204.545091333574,-87.3011547739918,-3.));
#8308=CARTESIAN_POINT('',(202.537478757245,-85.8562895303716,-3.));
#8309=CARTESIAN_POINT('Origin',(199.175680487161,-81.4080972649515,-3.));
#8310=CARTESIAN_POINT('',(201.09762225785,-80.8547982227681,-1.956));
#8311=CARTESIAN_POINT('',(200.843612733674,-80.3044659764121,-1.956));
#8312=CARTESIAN_POINT('Origin',(199.175680487161,-81.4080972649515,-1.956));
#8313=CARTESIAN_POINT('',(201.09762225785,-80.8547982227681,-3.));
#8314=CARTESIAN_POINT('',(200.843612733674,-80.3044659764121,-3.));
#8315=CARTESIAN_POINT('Origin',(192.965621918186,-72.0227553962607,-3.));
#8316=CARTESIAN_POINT('',(194.633554164699,-70.9191241077214,-1.956));
#8317=CARTESIAN_POINT('',(191.989439132924,-70.2771703454087,-1.956));
#8318=CARTESIAN_POINT('Origin',(192.965621918186,-72.0227553962607,-1.956));
#8319=CARTESIAN_POINT('',(194.633554164699,-70.9191241077214,-3.02563599389873));
#8320=CARTESIAN_POINT('',(194.633554164699,-70.9191241077214,-3.));
#8321=CARTESIAN_POINT('Origin',(192.965621918186,-72.0227553962607,-3.02563599389873));
#8322=CARTESIAN_POINT('',(191.989439132924,-70.2771703454087,-3.));
#8323=CARTESIAN_POINT('Origin',(177.244937629516,-80.8142269820476,-3.));
#8324=CARTESIAN_POINT('',(176.268754844254,-79.0686419311956,-1.956));
#8325=CARTESIAN_POINT('',(175.257325894212,-80.5919667973952,-1.956));
#8326=CARTESIAN_POINT('Origin',(177.244937629516,-80.8142269820476,-1.956));
#8327=CARTESIAN_POINT('',(176.268754844254,-79.0686419311956,-3.23594539841945));
#8328=CARTESIAN_POINT('',(176.268754844254,-79.0686419311956,-3.));
#8329=CARTESIAN_POINT('Origin',(177.244937629516,-80.8142269820476,-3.23594539841945));
#8330=CARTESIAN_POINT('',(175.257325894212,-80.5919667973952,-3.));
#8331=CARTESIAN_POINT('Origin',(214.299450070824,-135.000170976654,-5.));
#8332=CARTESIAN_POINT('',(216.127349504713,-136.671024364439,-5.));
#8333=CARTESIAN_POINT('',(214.695855445301,-136.960493087708,-5.));
#8334=CARTESIAN_POINT('Origin',(215.730944130236,-134.710702253385,-5.));
#8335=CARTESIAN_POINT('Origin',(194.358495832161,-135.615263558146,-5.));
#8336=CARTESIAN_POINT('',(194.420965336917,-137.614287710321,-5.));
#8337=CARTESIAN_POINT('Ctrl Pts',(214.529939115762,-136.572489864927,-5.95513616634471));
#8338=CARTESIAN_POINT('Ctrl Pts',(214.616321977753,-136.609438748543,-5.87041970342711));
#8339=CARTESIAN_POINT('Ctrl Pts',(214.765140655323,-136.686285316187,-5.68296967824285));
#8340=CARTESIAN_POINT('Ctrl Pts',(214.990117253535,-136.828254609868,-5.17814774607421));
#8341=CARTESIAN_POINT('Ctrl Pts',(215.100430709581,-136.878682140294,-4.76670944210655));
#8342=CARTESIAN_POINT('Ctrl Pts',(215.148475671639,-136.868966756751,-4.58633041455267));
#8343=CARTESIAN_POINT('Ctrl Pts',(214.605581152723,-136.516762841941,-6.0398526292623));
#8344=CARTESIAN_POINT('Ctrl Pts',(214.686829154099,-136.561879919445,-5.9523963739819));
#8345=CARTESIAN_POINT('Ctrl Pts',(214.83246714443,-136.65124260352,-5.76088061710465));
#8346=CARTESIAN_POINT('Ctrl Pts',(215.066841785339,-136.80986483025,-5.2563700665487));
#8347=CARTESIAN_POINT('Ctrl Pts',(215.182504051371,-136.862085728101,-4.8574563553895));
#8348=CARTESIAN_POINT('Ctrl Pts',(215.233898528383,-136.851693024376,-4.67348227216028));
#8349=CARTESIAN_POINT('Ctrl Pts',(214.77149950597,-136.40550075919,-6.1790922557085));
#8350=CARTESIAN_POINT('Ctrl Pts',(214.846327613459,-136.465361728888,-6.08969430714873));
#8351=CARTESIAN_POINT('Ctrl Pts',(214.991869344685,-136.58270991261,-5.88973220706603));
#8352=CARTESIAN_POINT('Ctrl Pts',(215.256606535611,-136.777140146078,-5.38262124867044));
#8353=CARTESIAN_POINT('Ctrl Pts',(215.37338777846,-136.823486288299,-5.01578890383947));
#8354=CARTESIAN_POINT('Ctrl Pts',(215.427227699451,-136.812599080568,-4.82483112231855));
#8355=CARTESIAN_POINT('Ctrl Pts',(215.239356410091,-136.237386411634,-6.37478668590183));
#8356=CARTESIAN_POINT('Ctrl Pts',(215.315623083116,-136.330916926528,-6.27023050615883));
#8357=CARTESIAN_POINT('Ctrl Pts',(215.473443521859,-136.509525586513,-6.02395968450161));
#8358=CARTESIAN_POINT('Ctrl Pts',(215.662972982392,-136.711603553911,-5.5308744022317));
#8359=CARTESIAN_POINT('Ctrl Pts',(215.730218927666,-136.751329888833,-5.16535221148782));
#8360=CARTESIAN_POINT('Ctrl Pts',(215.764942335869,-136.744308315412,-4.96754846639968));
#8361=CARTESIAN_POINT('Ctrl Pts',(215.752473807779,-136.149186586626,-6.41421356237309));
#8362=CARTESIAN_POINT('Ctrl Pts',(215.795169179176,-136.259469255138,-6.29765644825474));
#8363=CARTESIAN_POINT('Ctrl Pts',(215.872648767402,-136.456985243372,-6.0309432480046));
#8364=CARTESIAN_POINT('Ctrl Pts',(215.958862628298,-136.652995567672,-5.54598059094814));
#8365=CARTESIAN_POINT('Ctrl Pts',(215.993860758931,-136.698017712094,-5.18422919882162));
#8366=CARTESIAN_POINT('Ctrl Pts',(216.006543342169,-136.695453111037,-5.));
#8367=CARTESIAN_POINT('Ctrl Pts',(216.011245058627,-136.096859311421,-6.41421356237309));
#8368=CARTESIAN_POINT('Ctrl Pts',(216.035705929112,-136.217824334483,-6.29080014742425));
#8369=CARTESIAN_POINT('Ctrl Pts',(216.078184939006,-136.427893490236,-6.01149067311925));
#8370=CARTESIAN_POINT('Ctrl Pts',(216.118241348189,-136.625982289397,-5.52358242294624));
#8371=CARTESIAN_POINT('Ctrl Pts',(216.127349504713,-136.671024364439,-5.17453292519943));
#8372=CARTESIAN_POINT('Ctrl Pts',(216.127349504713,-136.671024364439,-5.));
#8373=CARTESIAN_POINT('Origin',(216.127349504713,-136.671024364439,-3.58764369102447));
#8374=CARTESIAN_POINT('Origin',(176.353074051557,-130.856668813147,-5.));
#8375=CARTESIAN_POINT('',(176.671411933359,-134.392401065456,-5.));
#8376=CARTESIAN_POINT('',(174.808365844324,-132.127053225248,-5.));
#8377=CARTESIAN_POINT('Origin',(178.216120140592,-133.122016653356,-5.));
#8378=CARTESIAN_POINT('Ctrl Pts',(180.003644709279,-137.403415508017,-5.92612778222087));
#8379=CARTESIAN_POINT('Ctrl Pts',(179.842592831941,-137.391606786317,-5.83570735322464));
#8380=CARTESIAN_POINT('Ctrl Pts',(179.554709590343,-137.356118496938,-5.63582442381235));
#8381=CARTESIAN_POINT('Ctrl Pts',(179.083112925593,-137.198410278362,-5.10493342492606));
#8382=CARTESIAN_POINT('Ctrl Pts',(178.834744518756,-137.022878555425,-4.67627058537614));
#8383=CARTESIAN_POINT('Ctrl Pts',(178.749587010454,-136.919332336872,-4.48773046555362));
#8384=CARTESIAN_POINT('Ctrl Pts',(179.957608855845,-137.504957866363,-5.74528692422841));
#8385=CARTESIAN_POINT('Ctrl Pts',(179.813581672931,-137.486074612112,-5.65702694063586));
#8386=CARTESIAN_POINT('Ctrl Pts',(179.550694969874,-137.439143646877,-5.45810230293905));
#8387=CARTESIAN_POINT('Ctrl Pts',(179.119656480458,-137.272338961305,-4.93119571339871));
#8388=CARTESIAN_POINT('Ctrl Pts',(178.899549877479,-137.101677829518,-4.54630898399327));
#8389=CARTESIAN_POINT('Ctrl Pts',(178.81814005484,-137.002688562976,-4.3798055827646));
#8390=CARTESIAN_POINT('Ctrl Pts',(179.883405664237,-137.668629581137,-5.35708281325066));
#8391=CARTESIAN_POINT('Ctrl Pts',(179.76541831338,-137.641667103738,-5.26994266150816));
#8392=CARTESIAN_POINT('Ctrl Pts',(179.541304255834,-137.578485283483,-5.06298823906744));
#8393=CARTESIAN_POINT('Ctrl Pts',(179.181734250388,-137.397673484401,-4.53861703886151));
#8394=CARTESIAN_POINT('Ctrl Pts',(179.012363323786,-137.238851943697,-4.26083504045518));
#8395=CARTESIAN_POINT('Ctrl Pts',(178.937190006586,-137.147445878778,-4.1355497837599));
#8396=CARTESIAN_POINT('Ctrl Pts',(179.804098983874,-137.843558180391,-4.35411539593295));
#8397=CARTESIAN_POINT('Ctrl Pts',(179.710399896412,-137.806072328513,-4.28010184806435));
#8398=CARTESIAN_POINT('Ctrl Pts',(179.526718498122,-137.7159553508,-4.10570853605026));
#8399=CARTESIAN_POINT('Ctrl Pts',(179.269668098467,-137.52584121358,-3.86594090194734));
#8400=CARTESIAN_POINT('Ctrl Pts',(179.121602496409,-137.371679964015,-3.76750366334865));
#8401=CARTESIAN_POINT('Ctrl Pts',(179.04945047575,-137.283947607242,-3.7088746064014));
#8402=CARTESIAN_POINT('Ctrl Pts',(179.793859875831,-137.866142820415,-3.59887719122548));
#8403=CARTESIAN_POINT('Ctrl Pts',(179.706525736658,-137.826548490559,-3.57955081437422));
#8404=CARTESIAN_POINT('Ctrl Pts',(179.534079631523,-137.733247545003,-3.53671306031441));
#8405=CARTESIAN_POINT('Ctrl Pts',(179.290079028506,-137.549435225585,-3.46677929519899));
#8406=CARTESIAN_POINT('Ctrl Pts',(179.143051183932,-137.39776023022,-3.42414142652857));
#8407=CARTESIAN_POINT('Ctrl Pts',(179.074976626131,-137.314985813959,-3.40363124086043));
#8408=CARTESIAN_POINT('Ctrl Pts',(179.793859875831,-137.866142820415,-3.25100240790268));
#8409=CARTESIAN_POINT('Ctrl Pts',(179.701388434354,-137.824219412332,-3.25100240790268));
#8410=CARTESIAN_POINT('Ctrl Pts',(179.522843675252,-137.726262747655,-3.25100240790268));
#8411=CARTESIAN_POINT('Ctrl Pts',(179.280416843875,-137.540397731712,-3.25100240790268));
#8412=CARTESIAN_POINT('Ctrl Pts',(179.139468312469,-137.393403681996,-3.25100240790268));
#8413=CARTESIAN_POINT('Ctrl Pts',(179.074976626131,-137.314985813959,-3.25100240790268));
#8414=CARTESIAN_POINT('',(179.074976626131,-137.314985813959,-3.25100240790268));
#8415=CARTESIAN_POINT('Origin',(180.619684833364,-136.044601401859,-3.25100240790268));
#8416=CARTESIAN_POINT('Origin',(177.96402698723,-135.964140346487,-3.25100240790268));
#8417=CARTESIAN_POINT('Origin',(226.437167025646,-128.659339377131,-5.));
#8418=CARTESIAN_POINT('',(224.960444020609,-133.432895936925,-5.));
#8419=CARTESIAN_POINT('',(227.951519040037,-129.965761198945,-5.));
#8420=CARTESIAN_POINT('Origin',(223.446092006218,-132.126474115111,-5.));
#8421=CARTESIAN_POINT('Ctrl Pts',(223.153442366883,-134.696325854322,-5.93570703500754));
#8422=CARTESIAN_POINT('Ctrl Pts',(223.290291713319,-134.676923669637,-5.84716270530891));
#8423=CARTESIAN_POINT('Ctrl Pts',(223.534295551374,-134.638198421626,-5.65136607060221));
#8424=CARTESIAN_POINT('Ctrl Pts',(223.924807108893,-134.52387079031,-5.12902766289283));
#8425=CARTESIAN_POINT('Ctrl Pts',(224.131282568277,-134.39402678657,-4.7060051763343));
#8426=CARTESIAN_POINT('Ctrl Pts',(224.20370511962,-134.310077456666,-4.52013735421233));
#8427=CARTESIAN_POINT('Ctrl Pts',(223.237434230387,-134.586555388096,-6.02425136470616));
#8428=CARTESIAN_POINT('Ctrl Pts',(223.367237919257,-134.573875524835,-5.93355156122545));
#8429=CARTESIAN_POINT('Ctrl Pts',(223.605499255547,-134.543616699507,-5.7348760060302));
#8430=CARTESIAN_POINT('Ctrl Pts',(224.000247669965,-134.435480615219,-5.21635069746817));
#8431=CARTESIAN_POINT('Ctrl Pts',(224.200223647042,-134.314113040673,-4.80901281930681));
#8432=CARTESIAN_POINT('Ctrl Pts',(224.269743046621,-134.23352892838,-4.621234757667));
#8433=CARTESIAN_POINT('Ctrl Pts',(223.408521120222,-134.351759937027,-6.17031214108564));
#8434=CARTESIAN_POINT('Ctrl Pts',(223.530313028321,-134.349737245905,-6.07858889517763));
#8435=CARTESIAN_POINT('Ctrl Pts',(223.767955830936,-134.333851937251,-5.8735522540101));
#8436=CARTESIAN_POINT('Ctrl Pts',(224.183703257943,-134.232598238433,-5.35894099887781));
#8437=CARTESIAN_POINT('Ctrl Pts',(224.357834282616,-134.131417084829,-4.98881214088012));
#8438=CARTESIAN_POINT('Ctrl Pts',(224.419200208003,-134.060284154276,-4.79680159223458));
#8439=CARTESIAN_POINT('Ctrl Pts',(223.851207736651,-133.794871164751,-6.37216936764678));
#8440=CARTESIAN_POINT('Ctrl Pts',(223.97944457445,-133.814639094916,-6.26685055959924));
#8441=CARTESIAN_POINT('Ctrl Pts',(224.236278287733,-133.836048742879,-6.01929764006677));
#8442=CARTESIAN_POINT('Ctrl Pts',(224.545535699639,-133.832011636878,-5.52533539371963));
#8443=CARTESIAN_POINT('Ctrl Pts',(224.64622441032,-133.797126763337,-5.15979794712973));
#8444=CARTESIAN_POINT('Ctrl Pts',(224.680277574848,-133.757653694656,-4.96235575608857));
#8445=CARTESIAN_POINT('Ctrl Pts',(224.299453928336,-133.302309326475,-6.4142135623731));
#8446=CARTESIAN_POINT('Ctrl Pts',(224.402635816462,-133.361142183384,-6.29765644825475));
#8447=CARTESIAN_POINT('Ctrl Pts',(224.590759927193,-133.462963934937,-6.0309432480046));
#8448=CARTESIAN_POINT('Ctrl Pts',(224.791954693787,-133.550025639325,-5.54598059094814));
#8449=CARTESIAN_POINT('Ctrl Pts',(224.855111498673,-133.554993190745,-5.18422919882163));
#8450=CARTESIAN_POINT('Ctrl Pts',(224.867052288613,-133.541151903806,-5.));
#8451=CARTESIAN_POINT('Ctrl Pts',(224.516900584697,-133.050253844406,-6.4142135623731));
#8452=CARTESIAN_POINT('Ctrl Pts',(224.610346261463,-133.130868833603,-6.29080014742426));
#8453=CARTESIAN_POINT('Ctrl Pts',(224.772625025438,-133.270865688006,-6.01149067311926));
#8454=CARTESIAN_POINT('Ctrl Pts',(224.92564894449,-133.402878446737,-5.52358242294625));
#8455=CARTESIAN_POINT('Ctrl Pts',(224.960444020609,-133.432895936925,-5.17453292519943));
#8456=CARTESIAN_POINT('Ctrl Pts',(224.960444020609,-133.432895936925,-5.));
#8457=CARTESIAN_POINT('Origin',(224.960444020609,-133.432895936925,-3.3616464466755));
#8458=CARTESIAN_POINT('Origin',(173.863589159499,-109.299466208477,-5.));
#8459=CARTESIAN_POINT('',(172.209868817026,-111.785661099105,-5.));
#8460=CARTESIAN_POINT('',(171.885153897896,-109.592372192784,-5.));
#8461=CARTESIAN_POINT('Origin',(174.188304078629,-111.492755114798,-5.));
#8462=CARTESIAN_POINT('Ctrl Pts',(175.785012070403,-132.529680469915,-5.94026723275904));
#8463=CARTESIAN_POINT('Ctrl Pts',(175.785649059584,-132.656543983232,-5.85262362415828));
#8464=CARTESIAN_POINT('Ctrl Pts',(175.786526709434,-132.882878302726,-5.65879192202201));
#8465=CARTESIAN_POINT('Ctrl Pts',(175.819092753438,-133.246859625979,-5.14058190018319));
#8466=CARTESIAN_POINT('Ctrl Pts',(175.895892553756,-133.449417871448,-4.72029286003609));
#8467=CARTESIAN_POINT('Ctrl Pts',(175.95944372536,-133.526692132231,-4.53572023566621));
#8468=CARTESIAN_POINT('Ctrl Pts',(175.878648477482,-132.615278250469,-6.0279108413598));
#8469=CARTESIAN_POINT('Ctrl Pts',(175.872332060624,-132.735808897482,-5.93797448715399));
#8470=CARTESIAN_POINT('Ctrl Pts',(175.86380209507,-132.957463373883,-5.74098493244486));
#8471=CARTESIAN_POINT('Ctrl Pts',(175.888005293399,-133.32813509483,-5.22576400285838));
#8472=CARTESIAN_POINT('Ctrl Pts',(175.959508494151,-133.526770887041,-4.82041463272344));
#8473=CARTESIAN_POINT('Ctrl Pts',(176.021574672356,-133.602239488475,-4.63353463956433));
#8474=CARTESIAN_POINT('Ctrl Pts',(176.077871560089,-132.793964313438,-6.17236730686093));
#8475=CARTESIAN_POINT('Ctrl Pts',(176.059928366203,-132.907309222741,-6.08119182516237));
#8476=CARTESIAN_POINT('Ctrl Pts',(176.033304205585,-133.129421671256,-5.87735133510918));
#8477=CARTESIAN_POINT('Ctrl Pts',(176.044511199607,-133.526528774247,-5.36451126296226));
#8478=CARTESIAN_POINT('Ctrl Pts',(176.105826986697,-133.704685047631,-4.99516153567698));
#8479=CARTESIAN_POINT('Ctrl Pts',(176.162189549196,-133.773218408119,-4.8034001819094));
#8480=CARTESIAN_POINT('Ctrl Pts',(176.527966364938,-133.270397609478,-6.37278276826599));
#8481=CARTESIAN_POINT('Ctrl Pts',(176.485257574517,-133.390170411093,-6.26764401110958));
#8482=CARTESIAN_POINT('Ctrl Pts',(176.41583768442,-133.632385296846,-6.02039433022645));
#8483=CARTESIAN_POINT('Ctrl Pts',(176.359806030832,-133.929409699403,-5.52663938070549));
#8484=CARTESIAN_POINT('Ctrl Pts',(176.375769343679,-134.032918116566,-5.16110550495382));
#8485=CARTESIAN_POINT('Ctrl Pts',(176.407820882246,-134.071890788307,-4.96357820129335));
#8486=CARTESIAN_POINT('Ctrl Pts',(176.919825360974,-133.772237115611,-6.4142135623731));
#8487=CARTESIAN_POINT('Ctrl Pts',(176.84386150537,-133.863368773028,-6.29765644825475));
#8488=CARTESIAN_POINT('Ctrl Pts',(176.710442644773,-134.030101828964,-6.0309432480046));
#8489=CARTESIAN_POINT('Ctrl Pts',(176.588736925863,-134.211479359631,-5.54598059094814));
#8490=CARTESIAN_POINT('Ctrl Pts',(176.572316793988,-134.271907556857,-5.18422919882163));
#8491=CARTESIAN_POINT('Ctrl Pts',(176.583545505475,-134.285560969655,-5.));
#8492=CARTESIAN_POINT('Ctrl Pts',(177.123846492303,-134.020314085866,-6.4142135623731));
#8493=CARTESIAN_POINT('Ctrl Pts',(177.028527634826,-134.098705325163,-6.29080014742426));
#8494=CARTESIAN_POINT('Ctrl Pts',(176.862995885147,-134.234840391654,-6.01149067311925));
#8495=CARTESIAN_POINT('Ctrl Pts',(176.70690449991,-134.363211602307,-5.52358242294624));
#8496=CARTESIAN_POINT('Ctrl Pts',(176.671411933359,-134.392401065456,-5.17453292519943));
#8497=CARTESIAN_POINT('Ctrl Pts',(176.671411933359,-134.392401065456,-5.));
#8498=CARTESIAN_POINT('Origin',(176.671411933359,-134.392401065456,-3.41484973187618));
#8499=CARTESIAN_POINT('Origin',(233.090822772974,-119.220002755974,-5.));
#8500=CARTESIAN_POINT('',(241.890959895569,-114.117538823747,-5.));
#8501=CARTESIAN_POINT('',(234.414616180779,-120.719192875156,-5.));
#8502=CARTESIAN_POINT('Origin',(240.567166487764,-112.618348704566,-5.));
#8503=CARTESIAN_POINT('Ctrl Pts',(240.488097137622,-114.861580229565,-5.96230036826685));
#8504=CARTESIAN_POINT('Ctrl Pts',(240.587076501444,-114.822673194629,-5.8795210456587));
#8505=CARTESIAN_POINT('Ctrl Pts',(240.757424755487,-114.782078809508,-5.69649930515206));
#8506=CARTESIAN_POINT('Ctrl Pts',(240.986508738042,-114.815711899046,-5.21151652538401));
#8507=CARTESIAN_POINT('Ctrl Pts',(241.098386171589,-114.817385932917,-4.80852097730133));
#8508=CARTESIAN_POINT('Ctrl Pts',(241.137959146644,-114.782442770716,-4.63004153699822));
#8509=CARTESIAN_POINT('Ctrl Pts',(240.511505128724,-114.800849024306,-6.01509896984845));
#8510=CARTESIAN_POINT('Ctrl Pts',(240.611158265434,-114.769479266227,-5.93098278379947));
#8511=CARTESIAN_POINT('Ctrl Pts',(240.779625216076,-114.743699301037,-5.74625080220986));
#8512=CARTESIAN_POINT('Ctrl Pts',(241.020548793045,-114.783719222809,-5.26342360204088));
#8513=CARTESIAN_POINT('Ctrl Pts',(241.137695813869,-114.782675295055,-4.86798282910464));
#8514=CARTESIAN_POINT('Ctrl Pts',(241.179370026676,-114.74587672796,-4.68744387424613));
#8515=CARTESIAN_POINT('Ctrl Pts',(240.570768383201,-114.671865670181,-6.11071696516792));
#8516=CARTESIAN_POINT('Ctrl Pts',(240.667208000341,-114.659618468147,-6.02493387670656));
#8517=CARTESIAN_POINT('Ctrl Pts',(240.833786466892,-114.663686194417,-5.83615914081559));
#8518=CARTESIAN_POINT('Ctrl Pts',(241.101459188804,-114.713310753324,-5.35489781466652));
#8519=CARTESIAN_POINT('Ctrl Pts',(241.224820581591,-114.70574362929,-4.97507041755003));
#8520=CARTESIAN_POINT('Ctrl Pts',(241.269406117922,-114.666374346953,-4.7901050867954));
#8521=CARTESIAN_POINT('Ctrl Pts',(240.690855397786,-114.469358833244,-6.23428326675175));
#8522=CARTESIAN_POINT('Ctrl Pts',(240.789435110649,-114.481113588028,-6.14516675801029));
#8523=CARTESIAN_POINT('Ctrl Pts',(240.986954505754,-114.504906852206,-5.94364619451125));
#8524=CARTESIAN_POINT('Ctrl Pts',(241.261096520448,-114.586233966721,-5.46125797164621));
#8525=CARTESIAN_POINT('Ctrl Pts',(241.381583476264,-114.567321101085,-5.09642234162585));
#8526=CARTESIAN_POINT('Ctrl Pts',(241.423965600524,-114.529897444148,-4.90402660620261));
#8527=CARTESIAN_POINT('Ctrl Pts',(240.906812262542,-114.211023602482,-6.34379245438768));
#8528=CARTESIAN_POINT('Ctrl Pts',(241.008742186877,-114.249128055751,-6.24650734606626));
#8529=CARTESIAN_POINT('Ctrl Pts',(241.196802945026,-114.335370645781,-6.01965767976321));
#8530=CARTESIAN_POINT('Ctrl Pts',(241.457216685233,-114.427342947977,-5.53401501701735));
#8531=CARTESIAN_POINT('Ctrl Pts',(241.549700260531,-114.418873023749,-5.16909048298143));
#8532=CARTESIAN_POINT('Ctrl Pts',(241.582038863589,-114.390317853195,-4.97213712953111));
#8533=CARTESIAN_POINT('Ctrl Pts',(241.218521098185,-113.925317719616,-6.41698134456808));
#8534=CARTESIAN_POINT('Ctrl Pts',(241.307870277568,-113.997615790531,-6.30482794544259));
#8535=CARTESIAN_POINT('Ctrl Pts',(241.479481491427,-114.123886664691,-6.04517824915481));
#8536=CARTESIAN_POINT('Ctrl Pts',(241.656744842321,-114.252956806804,-5.5599280128959));
#8537=CARTESIAN_POINT('Ctrl Pts',(241.725101325686,-114.26399288493,-5.19065545553717));
#8538=CARTESIAN_POINT('Ctrl Pts',(241.742519308152,-114.24861270728,-4.99938663352526));
#8539=CARTESIAN_POINT('Ctrl Pts',(241.417443216205,-113.754186231134,-6.4142135623731));
#8540=CARTESIAN_POINT('Ctrl Pts',(241.497493566128,-113.84265342531,-6.29491392792255));
#8541=CARTESIAN_POINT('Ctrl Pts',(241.641742550944,-113.996900681786,-6.02316221805046));
#8542=CARTESIAN_POINT('Ctrl Pts',(241.791709039065,-114.139781379001,-5.53702132374739));
#8543=CARTESIAN_POINT('Ctrl Pts',(241.836318041132,-114.165787892207,-5.18035068937275));
#8544=CARTESIAN_POINT('Ctrl Pts',(241.842229475911,-114.160568061653,-5.));
#8545=CARTESIAN_POINT('Ctrl Pts',(241.503229783313,-113.678436204127,-6.4142135623731));
#8546=CARTESIAN_POINT('Ctrl Pts',(241.584916715885,-113.77094629026,-6.29080014742426));
#8547=CARTESIAN_POINT('Ctrl Pts',(241.726775118645,-113.931600297513,-6.01149067311925));
#8548=CARTESIAN_POINT('Ctrl Pts',(241.860543260631,-114.083092120591,-5.52358242294625));
#8549=CARTESIAN_POINT('Ctrl Pts',(241.890959895569,-114.117538823747,-5.17453292519943));
#8550=CARTESIAN_POINT('Ctrl Pts',(241.890959895569,-114.117538823747,-5.));
#8551=CARTESIAN_POINT('Ctrl Pts',(241.890959895569,-114.117538823747,-5.));
#8552=CARTESIAN_POINT('Ctrl Pts',(241.693112723338,-114.292239002865,-5.));
#8553=CARTESIAN_POINT('Ctrl Pts',(241.458209666347,-114.499659739128,-4.95962851511055));
#8554=CARTESIAN_POINT('Ctrl Pts',(241.264008238322,-114.671140705362,-4.77532280522502));
#8555=CARTESIAN_POINT('Ctrl Pts',(241.21904736296,-114.7108414142,-4.73265295395222));
#8556=CARTESIAN_POINT('Ctrl Pts',(241.177439146658,-114.747581706005,-4.68348094227434));
#8557=CARTESIAN_POINT('Ctrl Pts',(241.139474978831,-114.781104282267,-4.62947207665413));
#8558=CARTESIAN_POINT('Origin',(176.227539317654,-89.9125404172536,-5.));
#8559=CARTESIAN_POINT('',(174.23992758235,-89.6902802326012,-5.));
#8560=CARTESIAN_POINT('Ctrl Pts',(172.394427875691,-110.082039121833,-5.95148249428943));
#8561=CARTESIAN_POINT('Ctrl Pts',(172.34845415689,-110.174317443824,-5.86605044270074));
#8562=CARTESIAN_POINT('Ctrl Pts',(172.25807436573,-110.334099721251,-5.67704180151386));
#8563=CARTESIAN_POINT('Ctrl Pts',(172.10409301915,-110.584918555565,-5.16895766185834));
#8564=CARTESIAN_POINT('Ctrl Pts',(172.050935276537,-110.71214352828,-4.75536794016456));
#8565=CARTESIAN_POINT('Ctrl Pts',(172.059237763073,-110.768222724338,-4.57396960933084));
#8566=CARTESIAN_POINT('Ctrl Pts',(172.443658829522,-110.17262159649,-6.03691454587812));
#8567=CARTESIAN_POINT('Ctrl Pts',(172.390842160844,-110.258247038553,-5.94885234809422));
#8568=CARTESIAN_POINT('Ctrl Pts',(172.289462686434,-110.412779960985,-5.75600045697001));
#8569=CARTESIAN_POINT('Ctrl Pts',(172.119396351275,-110.669927701883,-5.24888225947434));
#8570=CARTESIAN_POINT('Ctrl Pts',(172.063818450407,-110.799163004943,-4.8484053299371));
#8571=CARTESIAN_POINT('Ctrl Pts',(172.072382802309,-110.857010972217,-4.66372563986898));
#8572=CARTESIAN_POINT('Ctrl Pts',(172.542428127217,-110.367366969033,-6.17743072199434));
#8573=CARTESIAN_POINT('Ctrl Pts',(172.476906722917,-110.444353470587,-6.08759920614222));
#8574=CARTESIAN_POINT('Ctrl Pts',(172.350087413088,-110.595587903382,-5.88669232633404));
#8575=CARTESIAN_POINT('Ctrl Pts',(172.144476834611,-110.876893560553,-5.37819098492975));
#8576=CARTESIAN_POINT('Ctrl Pts',(172.09359010096,-111.000255800598,-5.01074877684281));
#8577=CARTESIAN_POINT('Ctrl Pts',(172.102132679989,-111.057956702873,-4.81959692465423));
#8578=CARTESIAN_POINT('Ctrl Pts',(172.686034799706,-110.889527544753,-6.37429280813838));
#8579=CARTESIAN_POINT('Ctrl Pts',(172.588556965415,-110.963990597991,-6.26959517552255));
#8580=CARTESIAN_POINT('Ctrl Pts',(172.402362504712,-111.119648725096,-6.02308756182725));
#8581=CARTESIAN_POINT('Ctrl Pts',(172.19186128169,-111.307008221999,-5.52984008807103));
#8582=CARTESIAN_POINT('Ctrl Pts',(172.148771739526,-111.372980515632,-5.16431501014174));
#8583=CARTESIAN_POINT('Ctrl Pts',(172.154100880486,-111.408976230827,-4.96657878649065));
#8584=CARTESIAN_POINT('Ctrl Pts',(172.749271998704,-111.429237516138,-6.4142135623731));
#8585=CARTESIAN_POINT('Ctrl Pts',(172.637024183688,-111.466926035875,-6.29765644825475));
#8586=CARTESIAN_POINT('Ctrl Pts',(172.435972275583,-111.535685640928,-6.0309432480046));
#8587=CARTESIAN_POINT('Ctrl Pts',(172.236021218033,-111.613624600544,-5.54598059094814));
#8588=CARTESIAN_POINT('Ctrl Pts',(172.189329502502,-111.646928173594,-5.18422919882163));
#8589=CARTESIAN_POINT('Ctrl Pts',(172.19127892426,-111.660095554775,-5.));
#8590=CARTESIAN_POINT('Ctrl Pts',(172.789339089011,-111.699870922552,-6.4142135623731));
#8591=CARTESIAN_POINT('Ctrl Pts',(172.667256363066,-111.717945186443,-6.29080014742425));
#8592=CARTESIAN_POINT('Ctrl Pts',(172.455246192507,-111.749333146866,-6.01149067311925));
#8593=CARTESIAN_POINT('Ctrl Pts',(172.255327075653,-111.778931035076,-5.52358242294624));
#8594=CARTESIAN_POINT('Ctrl Pts',(172.209868817026,-111.785661099105,-5.17453292519943));
#8595=CARTESIAN_POINT('Ctrl Pts',(172.209868817026,-111.785661099105,-5.));
#8596=CARTESIAN_POINT('Origin',(172.209868817026,-111.785661099105,-3.54544126219423));
#8597=CARTESIAN_POINT('Origin',(242.141993012627,-111.227767920063,-3.));
#8598=CARTESIAN_POINT('',(243.465786420433,-112.726958039244,-1.956));
#8599=CARTESIAN_POINT('',(244.131512819724,-111.02329069109,-1.956));
#8600=CARTESIAN_POINT('Origin',(242.141993012627,-111.227767920063,-1.956));
#8601=CARTESIAN_POINT('',(243.465786420433,-112.726958039244,-3.2358057821147));
#8602=CARTESIAN_POINT('',(243.465786420433,-112.726958039244,-3.));
#8603=CARTESIAN_POINT('Origin',(242.141993012627,-111.227767920063,-3.2358057821147));
#8604=CARTESIAN_POINT('',(244.131512819724,-111.02329069109,-3.));
#8605=CARTESIAN_POINT('Origin',(241.634996489968,-106.294799936156,-5.));
#8606=CARTESIAN_POINT('',(243.624516297065,-106.090322707184,-5.));
#8607=CARTESIAN_POINT('Ctrl Pts',(243.536334750843,-111.748095912577,-5.94041196198819));
#8608=CARTESIAN_POINT('Ctrl Pts',(243.531385807523,-111.921719448122,-5.85210588621412));
#8609=CARTESIAN_POINT('Ctrl Pts',(243.507854410691,-112.224309899944,-5.65654479086921));
#8610=CARTESIAN_POINT('Ctrl Pts',(243.389501827316,-112.687270400923,-5.14524040205016));
#8611=CARTESIAN_POINT('Ctrl Pts',(243.229277155889,-112.935797065917,-4.72149674544837));
#8612=CARTESIAN_POINT('Ctrl Pts',(243.126613704368,-113.026449477914,-4.53259412854713));
#8613=CARTESIAN_POINT('Ctrl Pts',(243.590366108512,-111.767674802899,-5.84880191164158));
#8614=CARTESIAN_POINT('Ctrl Pts',(243.581945724691,-111.931529079753,-5.7613355488602));
#8615=CARTESIAN_POINT('Ctrl Pts',(243.553160837377,-112.220585817942,-5.56588930356748));
#8616=CARTESIAN_POINT('Ctrl Pts',(243.430143738343,-112.663484127361,-5.05402981882353));
#8617=CARTESIAN_POINT('Ctrl Pts',(243.271104603579,-112.898863191548,-4.65041813362579));
#8618=CARTESIAN_POINT('Ctrl Pts',(243.170704283341,-112.987517245742,-4.47216467548853));
#8619=CARTESIAN_POINT('Ctrl Pts',(243.68810598244,-111.80304313724,-5.65298846644298));
#8620=CARTESIAN_POINT('Ctrl Pts',(243.674198909498,-111.94978927409,-5.56677452904156));
#8621=CARTESIAN_POINT('Ctrl Pts',(243.636352235579,-112.214384901009,-5.37063395405618));
#8622=CARTESIAN_POINT('Ctrl Pts',(243.504575017287,-112.61982182191,-4.8599917375436));
#8623=CARTESIAN_POINT('Ctrl Pts',(243.347791868347,-112.831147900296,-4.50060345953406));
#8624=CARTESIAN_POINT('Ctrl Pts',(243.251260308592,-112.916385816964,-4.3428218417188));
#8625=CARTESIAN_POINT('Ctrl Pts',(243.80903331293,-111.848657280123,-5.30280994955799));
#8626=CARTESIAN_POINT('Ctrl Pts',(243.789228232436,-111.975293888398,-5.21771240622649));
#8627=CARTESIAN_POINT('Ctrl Pts',(243.739668928154,-112.210559878149,-5.01821687452781));
#8628=CARTESIAN_POINT('Ctrl Pts',(243.593790116773,-112.566554926589,-4.53354321704757));
#8629=CARTESIAN_POINT('Ctrl Pts',(243.438389214364,-112.751149928132,-4.25419174687395));
#8630=CARTESIAN_POINT('Ctrl Pts',(243.345413092665,-112.833248372762,-4.12707500241799));
#8631=CARTESIAN_POINT('Ctrl Pts',(243.906920696121,-111.888429785863,-4.86715686053097));
#8632=CARTESIAN_POINT('Ctrl Pts',(243.882148677546,-111.999586106245,-4.78451852054355));
#8633=CARTESIAN_POINT('Ctrl Pts',(243.820644323249,-112.211900993149,-4.58649844510788));
#8634=CARTESIAN_POINT('Ctrl Pts',(243.659697429412,-112.524072927206,-4.18110010526752));
#8635=CARTESIAN_POINT('Ctrl Pts',(243.503800012881,-112.69339182076,-3.99136314084088));
#8636=CARTESIAN_POINT('Ctrl Pts',(243.412532402152,-112.773981640479,-3.89766795866375));
#8637=CARTESIAN_POINT('Ctrl Pts',(243.977520078907,-111.923458357498,-4.32275092592257));
#8638=CARTESIAN_POINT('Ctrl Pts',(243.947027314976,-112.023433052308,-4.25469600544821));
#8639=CARTESIAN_POINT('Ctrl Pts',(243.871285231401,-112.217942279453,-4.09575512773663));
#8640=CARTESIAN_POINT('Ctrl Pts',(243.696483947879,-112.496895460646,-3.84325949367753));
#8641=CARTESIAN_POINT('Ctrl Pts',(243.539999039303,-112.661427874404,-3.73199945503443));
#8642=CARTESIAN_POINT('Ctrl Pts',(243.450462644862,-112.740489020287,-3.67151668307426));
#8643=CARTESIAN_POINT('Ctrl Pts',(244.007389589729,-111.948929509848,-3.7294767064451));
#8644=CARTESIAN_POINT('Ctrl Pts',(243.971869945509,-112.042378788371,-3.69880599019672));
#8645=CARTESIAN_POINT('Ctrl Pts',(243.885277014816,-112.226751055816,-3.62781405771046));
#8646=CARTESIAN_POINT('Ctrl Pts',(243.705081209637,-112.489703674114,-3.53320462078239));
#8647=CARTESIAN_POINT('Ctrl Pts',(243.55109329396,-112.651631584399,-3.47322509817812));
#8648=CARTESIAN_POINT('Ctrl Pts',(243.46550508224,-112.72720646247,-3.44391679759924));
#8649=CARTESIAN_POINT('Ctrl Pts',(244.004821969699,-111.955688435433,-3.40522134008487));
#8650=CARTESIAN_POINT('Ctrl Pts',(243.967476313539,-112.051260092292,-3.39460771211082));
#8651=CARTESIAN_POINT('Ctrl Pts',(243.877337031237,-112.238490407915,-3.37140915033508));
#8652=CARTESIAN_POINT('Ctrl Pts',(243.696535092109,-112.499627879738,-3.33495077547909));
#8653=CARTESIAN_POINT('Ctrl Pts',(243.54709690061,-112.655160422473,-3.31425985695762));
#8654=CARTESIAN_POINT('Ctrl Pts',(243.465786420433,-112.726958039244,-3.30440327406313));
#8655=CARTESIAN_POINT('Ctrl Pts',(244.004821969699,-111.955688435433,-3.2358057821147));
#8656=CARTESIAN_POINT('Ctrl Pts',(243.966409294791,-112.053990711059,-3.2358057821147));
#8657=CARTESIAN_POINT('Ctrl Pts',(243.873989559739,-112.244500166121,-3.2358057821147));
#8658=CARTESIAN_POINT('Ctrl Pts',(243.692041851753,-112.504836867185,-3.2358057821147));
#8659=CARTESIAN_POINT('Ctrl Pts',(243.544899320065,-112.657100898602,-3.2358057821147));
#8660=CARTESIAN_POINT('Ctrl Pts',(243.465786420433,-112.726958039244,-3.2358057821147));
#8661=CARTESIAN_POINT('Ctrl Pts',(243.465786420433,-112.726958039244,-3.2358057821147));
#8662=CARTESIAN_POINT('Ctrl Pts',(243.465786420433,-112.726958039244,-3.54039731061801));
#8663=CARTESIAN_POINT('Ctrl Pts',(243.439731067893,-112.74996506383,-3.90193577737591));
#8664=CARTESIAN_POINT('Ctrl Pts',(243.302740652533,-112.870928380266,-4.22152291446858));
#8665=CARTESIAN_POINT('Ctrl Pts',(243.254620228583,-112.913418988489,-4.3337838232738));
#8666=CARTESIAN_POINT('Ctrl Pts',(243.194246587644,-112.966729257052,-4.43733565739295));
#8667=CARTESIAN_POINT('Ctrl Pts',(243.125438694324,-113.027487018471,-4.52959957398985));
#8668=CARTESIAN_POINT('Origin',(192.787004544885,-72.1226435139324,-5.));
#8669=CARTESIAN_POINT('',(191.810821759623,-70.3770584630804,-5.));
#8670=CARTESIAN_POINT('Ctrl Pts',(176.008493390662,-79.9932757023583,-5.92480400066044));
#8671=CARTESIAN_POINT('Ctrl Pts',(176.04719852988,-79.8332928481482,-5.83412764666433));
#8672=CARTESIAN_POINT('Ctrl Pts',(176.13209828517,-79.5498638917734,-5.63368864823239));
#8673=CARTESIAN_POINT('Ctrl Pts',(176.37653437368,-79.1023650086505,-5.10164073202236));
#8674=CARTESIAN_POINT('Ctrl Pts',(176.599859484451,-78.8834784241391,-4.67221966327438));
#8675=CARTESIAN_POINT('Ctrl Pts',(176.719708963724,-78.81645505084,-4.48332036958036));
#8676=CARTESIAN_POINT('Ctrl Pts',(175.914774336485,-79.9310498655269,-5.74345129266821));
#8677=CARTESIAN_POINT('Ctrl Pts',(175.957774771776,-79.7890766409693,-5.65490379411166));
#8678=CARTESIAN_POINT('Ctrl Pts',(176.049918590092,-79.5321224030372,-5.45536772380088));
#8679=CARTESIAN_POINT('Ctrl Pts',(176.296352894779,-79.1258107722357,-4.9271470011636));
#8680=CARTESIAN_POINT('Ctrl Pts',(176.509756926194,-78.9338664394556,-4.54140022337665));
#8681=CARTESIAN_POINT('Ctrl Pts',(176.624702005054,-78.8695857519127,-4.37446636831173));
#8682=CARTESIAN_POINT('Ctrl Pts',(175.763506029139,-79.830613544511,-5.35395816904137));
#8683=CARTESIAN_POINT('Ctrl Pts',(175.810395849438,-79.7156921056992,-5.26647446948181));
#8684=CARTESIAN_POINT('Ctrl Pts',(175.912482168266,-79.4993529174843,-5.05877044574981));
#8685=CARTESIAN_POINT('Ctrl Pts',(176.160491210107,-79.165328040999,-4.53265925866084));
#8686=CARTESIAN_POINT('Ctrl Pts',(176.352865513788,-79.0216047572603,-4.25390830990441));
#8687=CARTESIAN_POINT('Ctrl Pts',(176.459711902187,-78.9618530969377,-4.12810778660534));
#8688=CARTESIAN_POINT('Ctrl Pts',(175.600531565664,-79.7224047873811,-4.34653854953362));
#8689=CARTESIAN_POINT('Ctrl Pts',(175.654270812177,-79.6328968954318,-4.27209255943209));
#8690=CARTESIAN_POINT('Ctrl Pts',(175.777250802406,-79.4602266958514,-4.09673895263933));
#8691=CARTESIAN_POINT('Ctrl Pts',(176.016577865333,-79.2301558663582,-3.855758151824));
#8692=CARTESIAN_POINT('Ctrl Pts',(176.201036711727,-79.1065119136352,-3.75674953194435));
#8693=CARTESIAN_POINT('Ctrl Pts',(176.304131273353,-79.0488583858026,-3.69775938967195));
#8694=CARTESIAN_POINT('Ctrl Pts',(175.57875962221,-79.7079490567639,-3.58629049209183));
#8695=CARTESIAN_POINT('Ctrl Pts',(175.633875781233,-79.6249379707502,-3.5668268757767));
#8696=CARTESIAN_POINT('Ctrl Pts',(175.758685445979,-79.4638465401614,-3.52373012240266));
#8697=CARTESIAN_POINT('Ctrl Pts',(175.98968771409,-79.2460054359796,-3.45342885708126));
#8698=CARTESIAN_POINT('Ctrl Pts',(176.171556158783,-79.1229983107148,-3.41053124975413));
#8699=CARTESIAN_POINT('Ctrl Pts',(176.268754844254,-79.0686419311956,-3.38988820333213));
#8700=CARTESIAN_POINT('Ctrl Pts',(175.57875962221,-79.7079490567639,-3.23594539841945));
#8701=CARTESIAN_POINT('Ctrl Pts',(175.637117908234,-79.6200549656906,-3.23594539841945));
#8702=CARTESIAN_POINT('Ctrl Pts',(175.767772531641,-79.4535226989243,-3.23594539841945));
#8703=CARTESIAN_POINT('Ctrl Pts',(176.000673576751,-79.2377309181495,-3.23594539841945));
#8704=CARTESIAN_POINT('Ctrl Pts',(176.176671879071,-79.1201374486348,-3.23594539841945));
#8705=CARTESIAN_POINT('Ctrl Pts',(176.268754844254,-79.0686419311956,-3.23594539841945));
#8706=CARTESIAN_POINT('Origin',(177.808408514957,-78.207622064033,-3.23594539841945));
#8707=CARTESIAN_POINT('Origin',(240.048568025734,-90.859189487032,-3.));
#8708=CARTESIAN_POINT('',(242.038087832831,-90.6547122580594,-1.956));
#8709=CARTESIAN_POINT('',(241.191242752322,-89.2177588704004,-1.956));
#8710=CARTESIAN_POINT('Origin',(240.048568025734,-90.859189487032,-1.956));
#8711=CARTESIAN_POINT('',(242.038087832831,-90.6547122580594,-3.));
#8712=CARTESIAN_POINT('',(241.191242752322,-89.2177588704004,-3.));
#8713=CARTESIAN_POINT('Origin',(232.6803710865,-85.7298514951124,-5.));
#8714=CARTESIAN_POINT('',(239.774518354973,-88.2315123930964,-5.));
#8715=CARTESIAN_POINT('',(233.823045813089,-84.0884208784807,-5.));
#8716=CARTESIAN_POINT('Origin',(238.631843628385,-89.872943009728,-5.));
#8717=CARTESIAN_POINT('Ctrl Pts',(241.343526067889,-90.0960270512272,-5.92811960820807));
#8718=CARTESIAN_POINT('Ctrl Pts',(241.316391960747,-89.9416503630607,-5.83808619214804));
#8719=CARTESIAN_POINT('Ctrl Pts',(241.255843247005,-89.6670027729365,-5.63904495387002));
#8720=CARTESIAN_POINT('Ctrl Pts',(241.068142179303,-89.2270952522088,-5.10990919950888));
#8721=CARTESIAN_POINT('Ctrl Pts',(240.882325045847,-89.0027071635487,-4.68239953758343));
#8722=CARTESIAN_POINT('Ctrl Pts',(240.776293783411,-88.9288939651194,-4.49440571571334));
#8723=CARTESIAN_POINT('Ctrl Pts',(241.221617811033,-89.9975039649481,-6.0181530242681));
#8724=CARTESIAN_POINT('Ctrl Pts',(241.199406887638,-89.8528457106343,-5.92619200146237));
#8725=CARTESIAN_POINT('Ctrl Pts',(241.14453290601,-89.5878432103486,-5.72473436422135));
#8726=CARTESIAN_POINT('Ctrl Pts',(240.960408656256,-89.1499919595847,-5.20077384177069));
#8727=CARTESIAN_POINT('Ctrl Pts',(240.788308614265,-88.937258036937,-4.79017462426276));
#8728=CARTESIAN_POINT('Ctrl Pts',(240.688872385452,-88.8680359422467,-4.60092425761611));
#8729=CARTESIAN_POINT('Ctrl Pts',(240.957776559789,-89.8029444673163,-6.16686919861431));
#8730=CARTESIAN_POINT('Ctrl Pts',(240.94292162521,-89.670194637887,-6.07424291559594));
#8731=CARTESIAN_POINT('Ctrl Pts',(240.895671247612,-89.4117208427475,-5.86723746319409));
#8732=CARTESIAN_POINT('Ctrl Pts',(240.712837171537,-88.9655658087987,-5.34972443551348));
#8733=CARTESIAN_POINT('Ctrl Pts',(240.575316036087,-88.7889841875469,-4.97832187329404));
#8734=CARTESIAN_POINT('Ctrl Pts',(240.491020112123,-88.7303019496912,-4.78590549932532));
#8735=CARTESIAN_POINT('Ctrl Pts',(240.301638920792,-89.3380794400517,-6.3711449662136));
#8736=CARTESIAN_POINT('Ctrl Pts',(240.304770832605,-89.2039823188408,-6.26553099930638));
#8737=CARTESIAN_POINT('Ctrl Pts',(240.289568668566,-88.9367372520744,-6.01748324586756));
#8738=CARTESIAN_POINT('Ctrl Pts',(240.238499999274,-88.6194012620271,-5.52318222544624));
#8739=CARTESIAN_POINT('Ctrl Pts',(240.190470431139,-88.5210756070945,-5.1576387963228));
#8740=CARTESIAN_POINT('Ctrl Pts',(240.145404351279,-88.4897030532009,-4.96033716163369));
#8741=CARTESIAN_POINT('Ctrl Pts',(239.72813408372,-88.9129732659759,-6.4142135623731));
#8742=CARTESIAN_POINT('Ctrl Pts',(239.775218575701,-88.8037319935037,-6.29765644825475));
#8743=CARTESIAN_POINT('Ctrl Pts',(239.854981152618,-88.6046583317082,-6.0309432480046));
#8744=CARTESIAN_POINT('Ctrl Pts',(239.917284208874,-88.3931191540896,-5.54598059094815));
#8745=CARTESIAN_POINT('Ctrl Pts',(239.913974989443,-88.3285945177068,-5.18422919882163));
#8746=CARTESIAN_POINT('Ctrl Pts',(239.898150881609,-88.3175786344221,-5.));
#8747=CARTESIAN_POINT('Ctrl Pts',(239.439836676246,-88.7122762898605,-6.4142135623731));
#8748=CARTESIAN_POINT('Ctrl Pts',(239.510347371338,-88.6109890109605,-6.29080014742425));
#8749=CARTESIAN_POINT('Ctrl Pts',(239.632797000284,-88.4350924366591,-6.01149067311925));
#8750=CARTESIAN_POINT('Ctrl Pts',(239.748263261235,-88.2692273383051,-5.52358242294624));
#8751=CARTESIAN_POINT('Ctrl Pts',(239.774518354973,-88.2315123930964,-5.17453292519943));
#8752=CARTESIAN_POINT('Ctrl Pts',(239.774518354973,-88.2315123930964,-5.));
#8753=CARTESIAN_POINT('Origin',(239.774518354973,-88.2315123930964,-3.27379313753017));
#8754=CARTESIAN_POINT('Origin',(205.753220710643,-91.3488189130293,-5.));
#8755=CARTESIAN_POINT('',(200.029146511157,-79.0735526357535,-5.));
#8756=CARTESIAN_POINT('',(207.421152957155,-90.2451876244899,-5.));
#8757=CARTESIAN_POINT('Origin',(198.361214264644,-80.1771839242929,-5.));
#8758=CARTESIAN_POINT('Ctrl Pts',(193.272705247353,-70.7579234187462,-5.90499694472426));
#8759=CARTESIAN_POINT('Ctrl Pts',(193.479250954299,-70.7404641331746,-5.81070577388475));
#8760=CARTESIAN_POINT('Ctrl Pts',(193.854975497807,-70.7478992401356,-5.60250083480677));
#8761=CARTESIAN_POINT('Ctrl Pts',(194.507395175274,-70.9627696924072,-5.05474792452399));
#8762=CARTESIAN_POINT('Ctrl Pts',(194.849366252964,-71.2452837091603,-4.61534555587946));
#8763=CARTESIAN_POINT('Ctrl Pts',(194.952656917396,-71.4013882268179,-4.42172217114358));
#8764=CARTESIAN_POINT('Ctrl Pts',(193.303705346897,-70.6302384763048,-5.71641460304524));
#8765=CARTESIAN_POINT('Ctrl Pts',(193.49414401514,-70.6237113690584,-5.62382221289778));
#8766=CARTESIAN_POINT('Ctrl Pts',(193.847921944283,-70.6454121833132,-5.41575329638222));
#8767=CARTESIAN_POINT('Ctrl Pts',(194.467906459385,-70.8691114057503,-4.86965823724435));
#8768=CARTESIAN_POINT('Ctrl Pts',(194.782844861794,-71.1447490699485,-4.47252902383355));
#8769=CARTESIAN_POINT('Ctrl Pts',(194.885428388532,-71.2997848812605,-4.29989066897106));
#8770=CARTESIAN_POINT('Ctrl Pts',(193.355019587824,-70.4188825130836,-5.30879954548666));
#8771=CARTESIAN_POINT('Ctrl Pts',(193.521447356615,-70.4259405011364,-5.21649226621949));
#8772=CARTESIAN_POINT('Ctrl Pts',(193.845475031463,-70.4683925354896,-4.99832063650184));
#8773=CARTESIAN_POINT('Ctrl Pts',(194.410367345211,-70.7085844442881,-4.4484982019497));
#8774=CARTESIAN_POINT('Ctrl Pts',(194.666671364561,-70.969174560384,-4.15685882640527));
#8775=CARTESIAN_POINT('Ctrl Pts',(194.768678604642,-71.123339422214,-4.02416138265563));
#8776=CARTESIAN_POINT('Ctrl Pts',(193.423029238751,-70.1387605621278,-4.23909659335232));
#8777=CARTESIAN_POINT('Ctrl Pts',(193.575925558373,-70.1652831763402,-4.15866676905191));
#8778=CARTESIAN_POINT('Ctrl Pts',(193.884859088621,-70.2553220540856,-3.97012907697993));
#8779=CARTESIAN_POINT('Ctrl Pts',(194.325892717053,-70.5350321283947,-3.71295711588181));
#8780=CARTESIAN_POINT('Ctrl Pts',(194.555177702818,-70.8006727467493,-3.60637246997896));
#8781=CARTESIAN_POINT('Ctrl Pts',(194.658587123527,-70.9569567423062,-3.54250713894491));
#8782=CARTESIAN_POINT('Ctrl Pts',(193.437485762448,-70.0792162244204,-3.40989988003345));
#8783=CARTESIAN_POINT('Ctrl Pts',(193.590057719098,-70.1162585393036,-3.3885518863593));
#8784=CARTESIAN_POINT('Ctrl Pts',(193.892624730631,-70.2278270860318,-3.34196007371878));
#8785=CARTESIAN_POINT('Ctrl Pts',(194.307961189665,-70.5109617483447,-3.26678749921762));
#8786=CARTESIAN_POINT('Ctrl Pts',(194.536724126837,-70.7727836185939,-3.22038176029014));
#8787=CARTESIAN_POINT('Ctrl Pts',(194.633554164699,-70.9191241077214,-3.19793175659539));
#8788=CARTESIAN_POINT('Ctrl Pts',(193.437485762448,-70.0792162244204,-3.02563599389873));
#8789=CARTESIAN_POINT('Ctrl Pts',(193.599032540077,-70.1184374990026,-3.02563599389873));
#8790=CARTESIAN_POINT('Ctrl Pts',(193.912282724555,-70.2373691260601,-3.02563599389873));
#8791=CARTESIAN_POINT('Ctrl Pts',(194.323610029484,-70.5262130127284,-3.02563599389873));
#8792=CARTESIAN_POINT('Ctrl Pts',(194.541820444619,-70.7804857496006,-3.02563599389873));
#8793=CARTESIAN_POINT('Ctrl Pts',(194.633554164699,-70.9191241077214,-3.02563599389873));
#8794=CARTESIAN_POINT('Origin',(195.723039110748,-72.5656768037865,-3.02563599389873));
#8795=CARTESIAN_POINT('Origin',(235.883053347868,-87.9593847085651,-3.));
#8796=CARTESIAN_POINT('',(237.025728074457,-86.3179540919335,-1.956));
#8797=CARTESIAN_POINT('',(235.797382542228,-85.9612204227616,-1.956));
#8798=CARTESIAN_POINT('Origin',(235.883053347868,-87.9593847085651,-1.956));
#8799=CARTESIAN_POINT('',(237.025728074457,-86.3179540919335,-3.));
#8800=CARTESIAN_POINT('',(235.797382542228,-85.9612204227616,-3.));
#8801=CARTESIAN_POINT('Origin',(222.015759678033,-88.553941537143,-5.));
#8802=CARTESIAN_POINT('',(234.164310102974,-86.031238004666,-5.));
#8803=CARTESIAN_POINT('',(221.930088872393,-86.5557772513394,-5.));
#8804=CARTESIAN_POINT('Origin',(234.249980908614,-88.0294022904696,-5.));
#8805=CARTESIAN_POINT('Ctrl Pts',(236.312945838791,-86.479130484763,-5.93603153559358));
#8806=CARTESIAN_POINT('Ctrl Pts',(236.205460476665,-86.3935185250108,-5.84755122759177));
#8807=CARTESIAN_POINT('Ctrl Pts',(236.011038550317,-86.2434801617832,-5.65189422748087));
#8808=CARTESIAN_POINT('Ctrl Pts',(235.663086207811,-86.0383713520178,-5.12984904640608));
#8809=CARTESIAN_POINT('Ctrl Pts',(235.429062380752,-85.9770120597112,-4.70702060580532));
#8810=CARTESIAN_POINT('Ctrl Pts',(235.319066698939,-85.9817280976991,-4.5212447277863));
#8811=CARTESIAN_POINT('Ctrl Pts',(236.176322715919,-86.4938489432611,-6.02451184359538));
#8812=CARTESIAN_POINT('Ctrl Pts',(236.078536812958,-86.4085955773932,-5.93386629769311));
#8813=CARTESIAN_POINT('Ctrl Pts',(235.894178954799,-86.2567096579565,-5.73531054050249));
#8814=CARTESIAN_POINT('Ctrl Pts',(235.547707358346,-86.0440145810894,-5.21701989057135));
#8815=CARTESIAN_POINT('Ctrl Pts',(235.324001544709,-85.9815165173922,-4.80982315299454));
#8816=CARTESIAN_POINT('Ctrl Pts',(235.218295175646,-85.9860486521437,-4.62210882991201));
#8817=CARTESIAN_POINT('Ctrl Pts',(235.889857415461,-86.531239776237,-6.17045856448016));
#8818=CARTESIAN_POINT('Ctrl Pts',(235.805301327722,-86.4442622880003,-6.07877423335653));
#8819=CARTESIAN_POINT('Ctrl Pts',(235.631832229515,-86.2825829958589,-5.87382254626562));
#8820=CARTESIAN_POINT('Ctrl Pts',(235.275724898176,-86.0493960050737,-5.3593369824811));
#8821=CARTESIAN_POINT('Ctrl Pts',(235.083715617825,-85.99181871781,-4.98926339410901));
#8822=CARTESIAN_POINT('Ctrl Pts',(234.99022887339,-85.9958269391407,-4.7972705108908));
#8823=CARTESIAN_POINT('Ctrl Pts',(235.184994082368,-86.5913475415868,-6.3722130458384));
#8824=CARTESIAN_POINT('Ctrl Pts',(235.111787286,-86.4844458550463,-6.26690701638721));
#8825=CARTESIAN_POINT('Ctrl Pts',(234.952046056184,-86.2827278494963,-6.01937560104479));
#8826=CARTESIAN_POINT('Ctrl Pts',(234.738041324169,-86.0601415739837,-5.5254280589891));
#8827=CARTESIAN_POINT('Ctrl Pts',(234.643799292501,-86.0106800227951,-5.15989086681234));
#8828=CARTESIAN_POINT('Ctrl Pts',(234.591834115269,-86.0129080170748,-4.96244262728242));
#8829=CARTESIAN_POINT('Ctrl Pts',(234.521168885421,-86.6022623713651,-6.4142135623731));
#8830=CARTESIAN_POINT('Ctrl Pts',(234.493391619651,-86.4867891196715,-6.29765644825475));
#8831=CARTESIAN_POINT('Ctrl Pts',(234.438814167876,-86.2799830062407,-6.0309432480046));
#8832=CARTESIAN_POINT('Ctrl Pts',(234.364600377383,-86.0737631982702,-5.54598059094814));
#8833=CARTESIAN_POINT('Ctrl Pts',(234.325043080209,-86.0243466175311,-5.18422919882162));
#8834=CARTESIAN_POINT('Ctrl Pts',(234.306822557916,-86.0251278179734,-5.));
#8835=CARTESIAN_POINT('Ctrl Pts',(234.189402500996,-86.6164867740531,-6.4142135623731));
#8836=CARTESIAN_POINT('Ctrl Pts',(234.184116037653,-86.4931866349832,-6.29080014742425));
#8837=CARTESIAN_POINT('Ctrl Pts',(234.174935508743,-86.2790622917407,-6.01149067311925));
#8838=CARTESIAN_POINT('Ctrl Pts',(234.166278550319,-86.077149574606,-5.52358242294624));
#8839=CARTESIAN_POINT('Ctrl Pts',(234.164310102974,-86.031238004666,-5.17453292519943));
#8840=CARTESIAN_POINT('Ctrl Pts',(234.164310102974,-86.031238004666,-5.));
#8841=CARTESIAN_POINT('Origin',(234.164310102974,-86.031238004666,-3.36542725655037));
#8842=CARTESIAN_POINT('Origin',(203.420919069565,-96.1543750207667,-5.));
#8843=CARTESIAN_POINT('',(202.007404248231,-84.0150205911878,-5.));
#8844=CARTESIAN_POINT('',(205.342860840254,-95.6010759785833,-5.));
#8845=CARTESIAN_POINT('Origin',(200.085462477542,-84.5683196333712,-5.));
#8846=CARTESIAN_POINT('Ctrl Pts',(200.605433914016,-80.7481850209399,-5.94963546700619));
#8847=CARTESIAN_POINT('Ctrl Pts',(200.608709297019,-80.6404707113192,-5.86384049188245));
#8848=CARTESIAN_POINT('Ctrl Pts',(200.622840453207,-80.4491222604486,-5.67404089361605));
#8849=CARTESIAN_POINT('Ctrl Pts',(200.649690053616,-80.1408112650106,-5.16429882921415));
#8850=CARTESIAN_POINT('Ctrl Pts',(200.638490963399,-79.9944627908771,-4.74961403990594));
#8851=CARTESIAN_POINT('Ctrl Pts',(200.605061100146,-79.9439398059862,-4.5676968639707));
#8852=CARTESIAN_POINT('Ctrl Pts',(200.521338922822,-80.6807970911087,-6.03543044212992));
#8853=CARTESIAN_POINT('Ctrl Pts',(200.533304776338,-80.5769384911995,-5.94706081502052));
#8854=CARTESIAN_POINT('Ctrl Pts',(200.559200693649,-80.3866320294177,-5.75353063070563));
#8855=CARTESIAN_POINT('Ctrl Pts',(200.597803452896,-80.0670420757159,-5.2450864964062));
#8856=CARTESIAN_POINT('Ctrl Pts',(200.588760748483,-79.919304873604,-4.84381352180565));
#8857=CARTESIAN_POINT('Ctrl Pts',(200.554803071205,-79.8679841965478,-4.65877443573322));
#8858=CARTESIAN_POINT('Ctrl Pts',(200.346629200086,-80.5346008140459,-6.17659365608086));
#8859=CARTESIAN_POINT('Ctrl Pts',(200.373181141255,-80.4342139785054,-6.08654193491882));
#8860=CARTESIAN_POINT('Ctrl Pts',(200.422555760901,-80.2374598037479,-5.88515481787018));
#8861=CARTESIAN_POINT('Ctrl Pts',(200.482989088794,-79.8833705918479,-5.37594505306774));
#8862=CARTESIAN_POINT('Ctrl Pts',(200.474191236656,-79.7461544879385,-5.00819176298224));
#8863=CARTESIAN_POINT('Ctrl Pts',(200.44105900498,-79.6960813175006,-4.81694072317515));
#8864=CARTESIAN_POINT('Ctrl Pts',(199.985903434639,-80.1009395106041,-6.37404360684099));
#8865=CARTESIAN_POINT('Ctrl Pts',(200.042020252314,-79.9907058262087,-6.26927392380997));
#8866=CARTESIAN_POINT('Ctrl Pts',(200.142974172461,-79.7675099208481,-6.02264541380978));
#8867=CARTESIAN_POINT('Ctrl Pts',(200.251884549533,-79.5049099116106,-5.52931519483518));
#8868=CARTESIAN_POINT('Ctrl Pts',(200.262710060583,-79.4265402501345,-5.1637886624213));
#8869=CARTESIAN_POINT('Ctrl Pts',(200.242366610253,-79.395794930423,-4.96608670243618));
#8870=CARTESIAN_POINT('Ctrl Pts',(199.694218520018,-79.6289334816381,-6.41421356237309));
#8871=CARTESIAN_POINT('Ctrl Pts',(199.779693025059,-79.5468874704714,-6.29765644825474));
#8872=CARTESIAN_POINT('Ctrl Pts',(199.932187838736,-79.39868827682,-6.03094324800459));
#8873=CARTESIAN_POINT('Ctrl Pts',(200.079688397084,-79.2424784314891,-5.54598059094813));
#8874=CARTESIAN_POINT('Ctrl Pts',(200.107669778924,-79.192225866361,-5.18422919882162));
#8875=CARTESIAN_POINT('Ctrl Pts',(200.100222097303,-79.1809700887596,-5.));
#8876=CARTESIAN_POINT('Ctrl Pts',(199.540620466713,-79.396798756237,-6.41421356237309));
#8877=CARTESIAN_POINT('Ctrl Pts',(199.643543073936,-79.3286973031555,-6.29080014742425));
#8878=CARTESIAN_POINT('Ctrl Pts',(199.822279576932,-79.2104315897108,-6.01149067311925));
#8879=CARTESIAN_POINT('Ctrl Pts',(199.990822641325,-79.0989106333175,-5.52358242294624));
#8880=CARTESIAN_POINT('Ctrl Pts',(200.029146511157,-79.0735526357535,-5.17453292519943));
#8881=CARTESIAN_POINT('Ctrl Pts',(200.029146511157,-79.0735526357535,-5.));
#8882=CARTESIAN_POINT('Origin',(200.029146511157,-79.0735526357535,-3.52402476991236));
#8883=CARTESIAN_POINT('Ctrl Pts',(203.184282451915,-87.0747704166455,-5.84983700271779));
#8884=CARTESIAN_POINT('Ctrl Pts',(203.033561964333,-86.9387715931187,-5.75469811416974));
#8885=CARTESIAN_POINT('Ctrl Pts',(202.806668213171,-86.6514507094548,-5.54869143339004));
#8886=CARTESIAN_POINT('Ctrl Pts',(202.55435095965,-86.0024719744297,-5.02621356831703));
#8887=CARTESIAN_POINT('Ctrl Pts',(202.442208293381,-85.525357665224,-4.61763705553535));
#8888=CARTESIAN_POINT('Ctrl Pts',(202.382223528089,-85.3169943440728,-4.43880174256741));
#8889=CARTESIAN_POINT('Ctrl Pts',(203.007460464102,-86.9750391276557,-5.94497589126584));
#8890=CARTESIAN_POINT('Ctrl Pts',(202.884004174421,-86.8267440422409,-5.84969110628495));
#8891=CARTESIAN_POINT('Ctrl Pts',(202.69727749907,-86.5218537621224,-5.64435013679483));
#8892=CARTESIAN_POINT('Ctrl Pts',(202.492305406616,-85.8503677567556,-5.13157907346902));
#8893=CARTESIAN_POINT('Ctrl Pts',(202.405557228513,-85.3980463793931,-4.73795634718983));
#8894=CARTESIAN_POINT('Ctrl Pts',(202.349514375422,-85.2033757002609,-4.55703492272377));
#8895=CARTESIAN_POINT('Ctrl Pts',(202.664464112837,-86.7169293019452,-6.10616954482959));
#8896=CARTESIAN_POINT('Ctrl Pts',(202.589519499438,-86.548945359639,-6.01318307310939));
#8897=CARTESIAN_POINT('Ctrl Pts',(202.47734418448,-86.2070405578483,-5.80879927205184));
#8898=CARTESIAN_POINT('Ctrl Pts',(202.363035927876,-85.4784227298968,-5.3097994309265));
#8899=CARTESIAN_POINT('Ctrl Pts',(202.322180383363,-85.1084282358835,-4.94953367860867));
#8900=CARTESIAN_POINT('Ctrl Pts',(202.275486959194,-84.9462337705321,-4.76235993080093));
#8901=CARTESIAN_POINT('Ctrl Pts',(201.99267432194,-85.7552511210384,-6.35649844915307));
#8902=CARTESIAN_POINT('Ctrl Pts',(202.012471794041,-85.5723945614292,-6.25257476918941));
#8903=CARTESIAN_POINT('Ctrl Pts',(202.062834634157,-85.2032602766321,-6.00982860237985));
#8904=CARTESIAN_POINT('Ctrl Pts',(202.155282011554,-84.7395502801234,-5.51860953661592));
#8905=CARTESIAN_POINT('Ctrl Pts',(202.170199090211,-84.5805054068136,-5.15296016414958));
#8906=CARTESIAN_POINT('Ctrl Pts',(202.146173096117,-84.4970486174246,-4.95597514357305));
#8907=CARTESIAN_POINT('Ctrl Pts',(201.595895043951,-84.7030321681149,-6.41421356237309));
#8908=CARTESIAN_POINT('Ctrl Pts',(201.690525211135,-84.6104230123938,-6.29765644825474));
#8909=CARTESIAN_POINT('Ctrl Pts',(201.861976006743,-84.4506724403351,-6.03094324800459));
#8910=CARTESIAN_POINT('Ctrl Pts',(202.029500740134,-84.2763612262301,-5.54598059094813));
#8911=CARTESIAN_POINT('Ctrl Pts',(202.061675389077,-84.203537043564,-5.18422919882162));
#8912=CARTESIAN_POINT('Ctrl Pts',(202.053661975547,-84.1757016182051,-5.));
#8913=CARTESIAN_POINT('Ctrl Pts',(201.444480536642,-84.1770781286193,-6.41421356237309));
#8914=CARTESIAN_POINT('Ctrl Pts',(201.563077235268,-84.1429358664774,-6.29080014742425));
#8915=CARTESIAN_POINT('Ctrl Pts',(201.769033533418,-84.0836440480489,-6.01149067311924));
#8916=CARTESIAN_POINT('Ctrl Pts',(201.963244033451,-84.0277336738174,-5.52358242294624));
#8917=CARTESIAN_POINT('Ctrl Pts',(202.007404248231,-84.0150205911878,-5.17453292519943));
#8918=CARTESIAN_POINT('Ctrl Pts',(202.007404248231,-84.0150205911878,-5.));
#8919=CARTESIAN_POINT('Origin',(202.007404248231,-84.0150205911878,-3.08394929829351));
#8920=CARTESIAN_POINT('Origin',(208.097725110241,-103.722796293652,-6.));
#8921=CARTESIAN_POINT('',(234.336000699086,-114.118342711477,-6.));
#8922=CARTESIAN_POINT('',(239.000003561378,-110.000001639128,-6.));
#8923=CARTESIAN_POINT('',(239.000003561378,-110.000001639128,-6.));
#8924=CARTESIAN_POINT('',(237.205,-92.535,-6.));
#8925=CARTESIAN_POINT('',(237.205,-92.535,-6.));
#8926=CARTESIAN_POINT('',(235.000003501773,-91.0000013560057,-6.));
#8927=CARTESIAN_POINT('',(235.000003501773,-91.0000013560057,-6.));
#8928=CARTESIAN_POINT('',(199.306447242239,-92.5303538613758,-6.));
#8929=CARTESIAN_POINT('',(199.256391245692,-92.5325,-6.));
#8930=CARTESIAN_POINT('',(199.255771615144,-92.5303476488433,-6.));
#8931=CARTESIAN_POINT('',(196.42,-92.53,-6.));
#8932=CARTESIAN_POINT('',(196.42,-82.68,-6.));
#8933=CARTESIAN_POINT('',(196.42,-82.68,-6.));
#8934=CARTESIAN_POINT('',(192.000002861023,-76.0000011324883,-6.));
#8935=CARTESIAN_POINT('',(192.000002861023,-76.0000011324883,-6.));
#8936=CARTESIAN_POINT('',(180.055,-82.68,-6.));
#8937=CARTESIAN_POINT('',(180.055,-82.68,-6.));
#8938=CARTESIAN_POINT('',(180.055,-82.68,-6.));
#8939=CARTESIAN_POINT('',(217.690887772458,-131.253651927198,-6.));
#8940=CARTESIAN_POINT('',(217.299010223779,-131.332895213573,-6.));
#8941=CARTESIAN_POINT('Ctrl Pts',(217.690887772458,-131.253651927197,-6.));
#8942=CARTESIAN_POINT('Ctrl Pts',(218.21556606682,-130.692507669574,-6.));
#8943=CARTESIAN_POINT('Ctrl Pts',(218.761025363619,-130.109353577786,-5.99999999999999));
#8944=CARTESIAN_POINT('Ctrl Pts',(220.133767792401,-128.642919605574,-5.99999999999999));
#8945=CARTESIAN_POINT('Ctrl Pts',(221.009174737892,-127.709001831359,-5.99999999999346));
#8946=CARTESIAN_POINT('Ctrl Pts',(223.297112975329,-125.275066628705,-5.99999999999346));
#8947=CARTESIAN_POINT('Ctrl Pts',(224.816113769022,-123.66629709642,-6.));
#8948=CARTESIAN_POINT('Ctrl Pts',(227.883526732264,-120.45575516914,-6.));
#8949=CARTESIAN_POINT('Ctrl Pts',(229.869076276201,-118.40086757937,-6.));
#8950=CARTESIAN_POINT('Ctrl Pts',(232.437472713958,-115.872159457062,-6.));
#8951=CARTESIAN_POINT('Ctrl Pts',(233.430164655295,-114.918201093667,-6.));
#8952=CARTESIAN_POINT('Ctrl Pts',(234.336000699086,-114.118342711477,-6.));
#8953=CARTESIAN_POINT('Origin',(231.425142349938,-115.222982002371,-4.));
#8954=CARTESIAN_POINT('',(217.780564422793,-131.235518016471,-5.99588592003962));
#8955=CARTESIAN_POINT('Origin',(216.456079004792,-132.574522562829,-4.));
#8956=CARTESIAN_POINT('',(220.104137648301,-130.765658033059,-5.22537255311384));
#8957=CARTESIAN_POINT('Origin',(217.575447168378,-131.27699568057,-4.));
#8958=CARTESIAN_POINT('Origin',(219.707732273824,-128.805335922005,-4.));
#8959=CARTESIAN_POINT('Origin',(219.707732273824,-128.805335922005,-3.));
#8960=CARTESIAN_POINT('',(220.104137648301,-130.765658033059,-1.956));
#8961=CARTESIAN_POINT('Origin',(219.707732273824,-128.805335922005,-1.956));
#8962=CARTESIAN_POINT('',(220.104137648301,-130.765658033059,-3.));
#8963=CARTESIAN_POINT('Origin',(220.775,-130.63,-3.));
#8964=CARTESIAN_POINT('',(217.252652999601,-131.3422693122,-1.956));
#8965=CARTESIAN_POINT('Ctrl Pts',(217.780564321089,-131.23551811929,-5.99588580574077));
#8966=CARTESIAN_POINT('Ctrl Pts',(217.750622420396,-131.241572405802,-5.9970885893366));
#8967=CARTESIAN_POINT('Ctrl Pts',(217.720728343755,-131.247616633588,-5.99846780209553));
#8968=CARTESIAN_POINT('Ctrl Pts',(217.690886664836,-131.25365041156,-6.00002078801984));
#8969=CARTESIAN_POINT('Origin',(239.000003561378,-110.000001639128,-3.));
#8970=CARTESIAN_POINT('',(239.000003561378,-110.000001639128,-1.956));
#8971=CARTESIAN_POINT('',(237.306825764263,-111.495087270619,-1.956));
#8972=CARTESIAN_POINT('',(231.792468190196,-116.36429639322,-1.956));
#8973=CARTESIAN_POINT('',(239.000003561378,-110.000001639128,-3.));
#8974=CARTESIAN_POINT('',(237.306825764263,-111.495087270619,-4.));
#8975=CARTESIAN_POINT('Origin',(215.132285596986,-131.075332443647,-4.));
#8976=CARTESIAN_POINT('',(237.306825764263,-111.495087270619,-3.));
#8977=CARTESIAN_POINT('Ctrl Pts',(237.306825764263,-111.495087270619,-4.));
#8978=CARTESIAN_POINT('Ctrl Pts',(237.306825764263,-111.495087270619,-4.57499179596816));
#8979=CARTESIAN_POINT('Ctrl Pts',(236.255477392276,-112.423433866782,-5.43658667577064));
#8980=CARTESIAN_POINT('Ctrl Pts',(232.14201167485,-116.05564750686,-6.67785023697364));
#8981=CARTESIAN_POINT('Ctrl Pts',(225.95220184745,-121.521284813458,-7.63512822937837));
#8982=CARTESIAN_POINT('Ctrl Pts',(219.675425420331,-127.063714122573,-7.95714500767543));
#8983=CARTESIAN_POINT('Ctrl Pts',(216.493895708467,-129.873022965672,-7.9924519244143));
#8984=CARTESIAN_POINT('Ctrl Pts',(237.268094482169,-111.529287213145,-4.));
#8985=CARTESIAN_POINT('Ctrl Pts',(237.268094482169,-111.529287213145,-4.52006239810349));
#8986=CARTESIAN_POINT('Ctrl Pts',(236.218661823838,-112.457417722415,-5.29967472816538));
#8987=CARTESIAN_POINT('Ctrl Pts',(232.110675104956,-116.085382486137,-6.40394228833186));
#8988=CARTESIAN_POINT('Ctrl Pts',(225.929725882844,-121.543531874752,-7.22438622876014));
#8989=CARTESIAN_POINT('Ctrl Pts',(219.665086602062,-127.075557750925,-7.43733870152489));
#8990=CARTESIAN_POINT('Ctrl Pts',(216.490309079912,-129.876189979099,-7.41726479347035));
#8991=CARTESIAN_POINT('Ctrl Pts',(237.202635352972,-111.5917651156,-4.));
#8992=CARTESIAN_POINT('Ctrl Pts',(237.202635352972,-111.5917651156,-4.42393605226159));
#8993=CARTESIAN_POINT('Ctrl Pts',(236.165928083075,-112.530161800484,-5.05877309405442));
#8994=CARTESIAN_POINT('Ctrl Pts',(232.116005546203,-116.205522094018,-5.92276305882882));
#8995=CARTESIAN_POINT('Ctrl Pts',(226.030624743448,-121.741020296433,-6.5038442483591));
#8996=CARTESIAN_POINT('Ctrl Pts',(219.888023452304,-127.368755225283,-6.5294197988988));
#8997=CARTESIAN_POINT('Ctrl Pts',(216.789831306417,-130.227931578721,-6.41995529821732));
#8998=CARTESIAN_POINT('Ctrl Pts',(237.14158052094,-111.658513327979,-4.));
#8999=CARTESIAN_POINT('Ctrl Pts',(237.14158052094,-111.658513327979,-4.32831456959866));
#9000=CARTESIAN_POINT('Ctrl Pts',(236.141542299155,-112.630331397498,-4.82027842733111));
#9001=CARTESIAN_POINT('Ctrl Pts',(232.234390399707,-116.437024893592,-5.50183824484412));
#9002=CARTESIAN_POINT('Ctrl Pts',(226.363268464555,-122.171531383665,-5.98319914348738));
#9003=CARTESIAN_POINT('Ctrl Pts',(220.433842781193,-128.00451667198,-6.06417409972019));
#9004=CARTESIAN_POINT('Ctrl Pts',(217.439848426818,-130.969068567364,-6.0224718682348));
#9005=CARTESIAN_POINT('Ctrl Pts',(237.116267157678,-111.687855567987,-4.));
#9006=CARTESIAN_POINT('Ctrl Pts',(237.116267157678,-111.687855567987,-4.28749589798411));
#9007=CARTESIAN_POINT('Ctrl Pts',(236.136717863053,-112.678142770139,-4.71829333788532));
#9008=CARTESIAN_POINT('Ctrl Pts',(232.304170489292,-116.552702873142,-5.33892511848681));
#9009=CARTESIAN_POINT('Ctrl Pts',(226.537077476315,-122.383015278767,-5.81756411468915));
#9010=CARTESIAN_POINT('Ctrl Pts',(220.688957019268,-128.295243358598,-5.97857250383769));
#9011=CARTESIAN_POINT('Ctrl Pts',(217.724701527823,-131.291993285524,-5.99622596220714));
#9012=CARTESIAN_POINT('Origin',(238.630619172068,-112.994277389801,-4.));
#9013=CARTESIAN_POINT('Origin',(238.630619172068,-112.994277389801,-3.));
#9014=CARTESIAN_POINT('Origin',(238.630619172068,-112.994277389801,-1.956));
#9015=CARTESIAN_POINT('Origin',(172.149313110737,-108.386070773195,-3.54544126219423));
#9016=CARTESIAN_POINT('',(172.981473731563,-109.942749873997,-3.54544126219423));
#9017=CARTESIAN_POINT('',(171.987667863911,-109.831619781671,-3.54544126219423));
#9018=CARTESIAN_POINT('',(173.143118978389,-108.497200865521,-5.));
#9019=CARTESIAN_POINT('Origin',(173.143118978389,-108.497200865521,-3.54544126219423));
#9020=CARTESIAN_POINT('',(172.149313110737,-108.386070773195,-5.));
#9021=CARTESIAN_POINT('Origin',(172.149313110737,-108.386070773195,-5.));
#9022=CARTESIAN_POINT('',(176.055092211122,-82.4562247036307,-5.));
#9023=CARTESIAN_POINT('',(175.233733450002,-89.8014103249274,-5.));
#9024=CARTESIAN_POINT('',(175.06128634347,-82.3450946113045,-5.));
#9025=CARTESIAN_POINT('Origin',(175.06128634347,-82.3450946113045,-3.23594539841945));
#9026=CARTESIAN_POINT('',(176.251131761864,-80.7030968897215,-3.23594539841945));
#9027=CARTESIAN_POINT('Origin',(176.055092211122,-82.4562247036307,-3.23594539841945));
#9028=CARTESIAN_POINT('',(175.257325894212,-80.5919667973952,-3.23594539841945));
#9029=CARTESIAN_POINT('Origin',(174.998659783478,-130.622566730531,-3.41484973187618));
#9030=CARTESIAN_POINT('',(176.22002741406,-132.044172331075,-3.41484973187618));
#9031=CARTESIAN_POINT('',(175.230809783258,-132.190625323229,-3.41484973187618));
#9032=CARTESIAN_POINT('',(175.98787741428,-130.476113738377,-5.));
#9033=CARTESIAN_POINT('Origin',(175.98787741428,-130.476113738377,-3.41484973187618));
#9034=CARTESIAN_POINT('',(174.998659783478,-130.622566730531,-5.));
#9035=CARTESIAN_POINT('Origin',(174.998659783478,-130.622566730531,-5.));
#9036=CARTESIAN_POINT('',(173.199086447827,-111.639208106951,-5.));
#9037=CARTESIAN_POINT('',(172.874371528697,-109.44591920063,-5.));
#9038=CARTESIAN_POINT('',(172.209868817026,-111.785661099105,-5.));
#9039=CARTESIAN_POINT('Origin',(172.209868817026,-111.785661099105,-3.54544126219423));
#9040=CARTESIAN_POINT('',(172.986061968413,-110.200332958477,-3.54544126219423));
#9041=CARTESIAN_POINT('Origin',(173.199086447827,-111.639208106951,-3.54544126219423));
#9042=CARTESIAN_POINT('',(171.996844337611,-110.346785950631,-3.54544126219423));
#9043=CARTESIAN_POINT('Origin',(177.96402698723,-135.964140346487,-3.25100240790268));
#9044=CARTESIAN_POINT('',(179.847330729748,-136.679793607909,-3.25100240790268));
#9045=CARTESIAN_POINT('',(179.074976626131,-137.314985813959,-3.25100240790268));
#9046=CARTESIAN_POINT('',(178.736381090847,-135.328948140437,-5.));
#9047=CARTESIAN_POINT('Origin',(178.736381090847,-135.328948140437,-3.25100240790268));
#9048=CARTESIAN_POINT('',(177.96402698723,-135.964140346487,-5.));
#9049=CARTESIAN_POINT('Origin',(177.96402698723,-135.964140346487,-5.));
#9050=CARTESIAN_POINT('',(177.443766036976,-133.757208859406,-5.));
#9051=CARTESIAN_POINT('',(175.58071994794,-131.491861019198,-5.));
#9052=CARTESIAN_POINT('',(176.671411933359,-134.392401065456,-5.));
#9053=CARTESIAN_POINT('Origin',(176.671411933359,-134.392401065456,-3.41484973187618));
#9054=CARTESIAN_POINT('',(176.436890941245,-132.532911544972,-3.41484973187618));
#9055=CARTESIAN_POINT('Origin',(177.443766036976,-133.757208859406,-3.41484973187618));
#9056=CARTESIAN_POINT('',(175.664536837629,-133.168103751022,-3.41484973187618));
#9057=CARTESIAN_POINT('Origin',(194.097459348926,-70.2440507642018,-3.));
#9058=CARTESIAN_POINT('',(192.477530525555,-71.1499628708348,-1.956));
#9059=CARTESIAN_POINT('',(176.756846236885,-79.9414344566216,-1.956));
#9060=CARTESIAN_POINT('',(192.222505070062,-71.2925806477999,-1.956));
#9061=CARTESIAN_POINT('',(192.477530525555,-71.1499628708347,-3.02563599389873));
#9062=CARTESIAN_POINT('',(192.477530525555,-71.1499628708348,-3.));
#9063=CARTESIAN_POINT('',(190.75432037856,-72.1136329481333,-5.));
#9064=CARTESIAN_POINT('Origin',(190.75432037856,-72.1136329481333,-3.02563599389873));
#9065=CARTESIAN_POINT('',(178.296499907588,-79.080414589459,-5.));
#9066=CARTESIAN_POINT('',(192.298913152254,-71.2498509885064,-5.));
#9067=CARTESIAN_POINT('',(176.756846236885,-79.9414344566216,-3.23594539841945));
#9068=CARTESIAN_POINT('Origin',(178.296499907588,-79.080414589459,-3.23594539841945));
#9069=CARTESIAN_POINT('',(176.756846236885,-79.9414344566216,-3.));
#9070=CARTESIAN_POINT('Origin',(177.808408514957,-78.207622064033,-3.23594539841945));
#9071=CARTESIAN_POINT('',(176.268754844254,-79.0686419311956,-3.23594539841945));
#9072=CARTESIAN_POINT('',(177.808408514957,-78.207622064033,-5.));
#9073=CARTESIAN_POINT('Origin',(177.808408514957,-78.207622064033,-5.));
#9074=CARTESIAN_POINT('',(190.266228985929,-71.2408404227073,-5.));
#9075=CARTESIAN_POINT('Origin',(190.266228985929,-71.2408404227073,-3.02563599389873));
#9076=CARTESIAN_POINT('',(191.989439132924,-70.2771703454087,-3.02563599389873));
#9077=CARTESIAN_POINT('Origin',(191.989439132924,-70.2771703454087,-3.02563599389873));
#9078=CARTESIAN_POINT('',(201.089801004141,-86.5502043299972,-1.956));
#9079=CARTESIAN_POINT('Origin',(176.268754844254,-79.0686419311956,2.27994539841944));
#9080=CARTESIAN_POINT('',(185.369116715471,-95.341675915784,-1.956));
#9081=CARTESIAN_POINT('Origin',(200.178834688679,-81.1119777525224,-3.));
#9082=CARTESIAN_POINT('',(200.009646610417,-80.8562816206818,-1.956));
#9083=CARTESIAN_POINT('',(193.799588041442,-71.4709397519911,-1.956));
#9084=CARTESIAN_POINT('',(206.648565197049,-90.8897651831768,-1.956));
#9085=CARTESIAN_POINT('',(200.009646610417,-80.8562816206818,-3.52402476991236));
#9086=CARTESIAN_POINT('',(200.009646610417,-80.8562816206818,-3.));
#9087=CARTESIAN_POINT('',(199.1951803879,-79.6253682800232,-5.));
#9088=CARTESIAN_POINT('Origin',(199.1951803879,-79.6253682800232,-3.52402476991236));
#9089=CARTESIAN_POINT('',(194.889072987492,-73.1174924480562,-5.));
#9090=CARTESIAN_POINT('',(206.587186833899,-90.7970032687596,-5.));
#9091=CARTESIAN_POINT('',(193.799588041442,-71.4709397519911,-3.02563599389873));
#9092=CARTESIAN_POINT('Origin',(194.889072987492,-73.1174924480562,-3.02563599389873));
#9093=CARTESIAN_POINT('',(193.799588041442,-71.4709397519911,-3.));
#9094=CARTESIAN_POINT('Origin',(195.723039110748,-72.5656768037865,-3.02563599389873));
#9095=CARTESIAN_POINT('',(194.633554164699,-70.9191241077214,-3.02563599389873));
#9096=CARTESIAN_POINT('',(195.723039110748,-72.5656768037865,-5.));
#9097=CARTESIAN_POINT('Origin',(195.723039110748,-72.5656768037865,-5.));
#9098=CARTESIAN_POINT('',(200.029146511157,-79.0735526357535,-5.));
#9099=CARTESIAN_POINT('Origin',(200.029146511157,-79.0735526357535,-3.52402476991236));
#9100=CARTESIAN_POINT('',(200.843612733674,-80.3044659764121,-3.52402476991236));
#9101=CARTESIAN_POINT('Origin',(200.843612733674,-80.3044659764121,-3.52402476991236));
#9102=CARTESIAN_POINT('',(197.897573389837,-82.2537904792057,-1.956));
#9103=CARTESIAN_POINT('Origin',(194.633554164699,-70.9191241077214,2.06963599389873));
#9104=CARTESIAN_POINT('',(191.687514820862,-72.8684486105149,-1.956));
#9105=CARTESIAN_POINT('Origin',(202.011869847663,-87.6452141555119,-3.));
#9106=CARTESIAN_POINT('',(201.576507871901,-86.1329390514633,-1.956));
#9107=CARTESIAN_POINT('',(200.136651372506,-81.1314477438598,-1.956));
#9108=CARTESIAN_POINT('',(204.419213188115,-96.0073716321387,-1.956));
#9109=CARTESIAN_POINT('',(201.576507871901,-86.1329390514633,-3.08394929829351));
#9110=CARTESIAN_POINT('',(201.576507871901,-86.1329390514633,-3.));
#9111=CARTESIAN_POINT('',(201.046433362886,-84.2916701122795,-5.));
#9112=CARTESIAN_POINT('Origin',(201.046433362886,-84.2916701122795,-3.08394929829351));
#9113=CARTESIAN_POINT('',(200.544979213053,-82.5498169674638,-5.));
#9114=CARTESIAN_POINT('',(204.38188995491,-95.877725499675,-5.));
#9115=CARTESIAN_POINT('',(200.136651372506,-81.1314477438598,-3.52402476991236));
#9116=CARTESIAN_POINT('Origin',(200.544979213053,-82.5498169674638,-3.52402476991236));
#9117=CARTESIAN_POINT('',(200.136651372506,-81.1314477438598,-3.));
#9118=CARTESIAN_POINT('Origin',(201.505950098397,-82.2731674463721,-3.52402476991236));
#9119=CARTESIAN_POINT('',(201.09762225785,-80.8547982227681,-3.52402476991236));
#9120=CARTESIAN_POINT('',(201.505950098397,-82.2731674463721,-5.));
#9121=CARTESIAN_POINT('Origin',(201.505950098397,-82.2731674463721,-5.));
#9122=CARTESIAN_POINT('',(202.007404248231,-84.0150205911878,-5.));
#9123=CARTESIAN_POINT('Origin',(202.007404248231,-84.0150205911878,-3.08394929829351));
#9124=CARTESIAN_POINT('',(202.537478757245,-85.8562895303716,-3.08394929829351));
#9125=CARTESIAN_POINT('Origin',(202.537478757245,-85.8562895303716,-3.08394929829351));
#9126=CARTESIAN_POINT('',(202.67380662079,-85.8170427241091,-1.956));
#9127=CARTESIAN_POINT('Origin',(201.09762225785,-80.8547982227681,2.56802476991236));
#9128=CARTESIAN_POINT('',(201.233950121395,-80.8155514165056,-1.956));
#9129=CARTESIAN_POINT('Origin',(236.514588648085,-86.9313890865066,-3.));
#9130=CARTESIAN_POINT('',(235.840217945048,-86.9603025656633,-1.956));
#9131=CARTESIAN_POINT('',(204.587926736395,-88.3002369168936,-1.956));
#9132=CARTESIAN_POINT('',(221.947948284393,-87.5559302337465,-1.956));
#9133=CARTESIAN_POINT('',(235.840217945048,-86.9603025656633,-3.36542725655037));
#9134=CARTESIAN_POINT('',(235.840217945048,-86.9603025656633,-3.));
#9135=CARTESIAN_POINT('',(234.207145505794,-87.0303201475678,-5.));
#9136=CARTESIAN_POINT('Origin',(234.207145505794,-87.0303201475678,-3.36542725655037));
#9137=CARTESIAN_POINT('',(206.502218777364,-88.2181621132622,-5.));
#9138=CARTESIAN_POINT('',(221.972924275213,-87.5548593942412,-5.));
#9139=CARTESIAN_POINT('',(204.587926736395,-88.3002369168936,-3.08394929829351));
#9140=CARTESIAN_POINT('Origin',(206.502218777364,-88.2181621132622,-3.08394929829351));
#9141=CARTESIAN_POINT('',(204.587926736395,-88.3002369168936,-3.));
#9142=CARTESIAN_POINT('Origin',(234.164310102974,-86.031238004666,-3.36542725655037));
#9143=CARTESIAN_POINT('',(234.164310102974,-86.031238004666,-5.));
#9144=CARTESIAN_POINT('',(235.797382542228,-85.9612204227616,-3.36542725655037));
#9145=CARTESIAN_POINT('Origin',(235.797382542228,-85.9612204227616,-3.36542725655037));
#9146=CARTESIAN_POINT('',(236.158237853788,-94.3777187912936,-1.956));
#9147=CARTESIAN_POINT('Origin',(204.545091333574,-87.3011547739918,2.1279492982935));
#9148=CARTESIAN_POINT('',(204.905946645135,-95.7176531425239,-1.956));
#9149=CARTESIAN_POINT('',(204.545091333574,-87.3011547739918,-3.08394929829351));
#9150=CARTESIAN_POINT('Origin',(206.459383374544,-87.2190799703604,-3.08394929829351));
#9151=CARTESIAN_POINT('',(206.459383374544,-87.2190799703604,-5.));
#9152=CARTESIAN_POINT('Origin',(206.459383374544,-87.2190799703604,-5.));
#9153=CARTESIAN_POINT('Origin',(241.372942679595,-90.5626977867026,-3.));
#9154=CARTESIAN_POINT('',(240.619905389028,-90.0384741787162,-1.956));
#9155=CARTESIAN_POINT('',(236.454390711163,-87.1386694002493,-1.956));
#9156=CARTESIAN_POINT('',(233.307428786279,-84.9479256547228,-1.956));
#9157=CARTESIAN_POINT('',(240.619905389028,-90.0384741787162,-3.27379313753017));
#9158=CARTESIAN_POINT('',(240.619905389028,-90.0384741787162,-3.));
#9159=CARTESIAN_POINT('',(239.203180991679,-89.0522277014122,-5.));
#9160=CARTESIAN_POINT('Origin',(239.203180991679,-89.0522277014122,-3.27379313753017));
#9161=CARTESIAN_POINT('',(237.795909584268,-88.0725618816045,-5.));
#9162=CARTESIAN_POINT('',(233.251708449795,-84.9091361867965,-5.));
#9163=CARTESIAN_POINT('',(236.454390711163,-87.1386694002493,-3.36542725655037));
#9164=CARTESIAN_POINT('Origin',(237.795909584268,-88.0725618816045,-3.36542725655037));
#9165=CARTESIAN_POINT('',(236.454390711163,-87.1386694002493,-3.));
#9166=CARTESIAN_POINT('Origin',(239.774518354973,-88.2315123930964,-3.27379313753017));
#9167=CARTESIAN_POINT('',(239.774518354973,-88.2315123930964,-5.));
#9168=CARTESIAN_POINT('',(241.191242752322,-89.2177588704004,-3.27379313753017));
#9169=CARTESIAN_POINT('Origin',(241.191242752322,-89.2177588704004,-3.27379313753017));
#9170=CARTESIAN_POINT('',(232.314708194695,-101.968732750761,-1.956));
#9171=CARTESIAN_POINT('Origin',(237.025728074457,-86.3179540919335,2.40942725655037));
#9172=CARTESIAN_POINT('',(228.149193516829,-99.0689279722943,-1.956));
#9173=CARTESIAN_POINT('',(237.025728074457,-86.3179540919335,-3.36542725655037));
#9174=CARTESIAN_POINT('Origin',(238.367246947562,-87.2518465732887,-3.36542725655037));
#9175=CARTESIAN_POINT('',(238.367246947562,-87.2518465732887,-5.));
#9176=CARTESIAN_POINT('Origin',(238.367246947562,-87.2518465732887,-5.));
#9177=CARTESIAN_POINT('Origin',(243.241892743245,-112.148517388506,-3.));
#9178=CARTESIAN_POINT('',(243.136752916176,-111.125529305576,-1.956));
#9179=CARTESIAN_POINT('',(241.043327929282,-90.7569508725458,-1.956));
#9180=CARTESIAN_POINT('',(242.644387939762,-106.334923144598,-1.956));
#9181=CARTESIAN_POINT('',(243.136752916176,-111.125529305576,-3.2358057821147));
#9182=CARTESIAN_POINT('',(243.136752916176,-111.125529305576,-3.));
#9183=CARTESIAN_POINT('',(242.956384143655,-109.370579635552,-5.));
#9184=CARTESIAN_POINT('Origin',(242.956384143655,-109.370579635552,-3.2358057821147));
#9185=CARTESIAN_POINT('',(241.219812927218,-92.4741122445611,-5.));
#9186=CARTESIAN_POINT('',(242.629756393517,-106.19256132167,-5.));
#9187=CARTESIAN_POINT('',(241.043327929282,-90.7569508725457,-3.27379313753017));
#9188=CARTESIAN_POINT('Origin',(241.219812927218,-92.4741122445611,-3.27379313753017));
#9189=CARTESIAN_POINT('',(241.043327929282,-90.7569508725458,-3.));
#9190=CARTESIAN_POINT('Origin',(243.951144047203,-109.268341021066,-3.2358057821147));
#9191=CARTESIAN_POINT('',(243.951144047203,-109.268341021066,-5.));
#9192=CARTESIAN_POINT('',(244.131512819724,-111.02329069109,-3.2358057821147));
#9193=CARTESIAN_POINT('Origin',(244.131512819724,-111.02329069109,-3.2358057821147));
#9194=CARTESIAN_POINT('',(226.640782870311,-112.820938535563,-1.956));
#9195=CARTESIAN_POINT('Origin',(242.038087832831,-90.6547122580594,2.31779313753017));
#9196=CARTESIAN_POINT('',(224.547357883417,-92.4523601025322,-1.956));
#9197=CARTESIAN_POINT('',(242.038087832831,-90.6547122580594,-3.27379313753017));
#9198=CARTESIAN_POINT('Origin',(242.214572830766,-92.3718736300748,-3.27379313753017));
#9199=CARTESIAN_POINT('',(242.214572830766,-92.3718736300748,-5.));
#9200=CARTESIAN_POINT('Origin',(242.214572830766,-92.3718736300748,-5.));
#9201=CARTESIAN_POINT('Ctrl Pts',(241.890959895569,-114.117538823747,-5.));
#9202=CARTESIAN_POINT('Ctrl Pts',(241.229063191667,-113.367943764157,-5.));
#9203=CARTESIAN_POINT('Ctrl Pts',(241.693112723338,-114.292239002865,-5.));
#9204=CARTESIAN_POINT('Ctrl Pts',(241.031216019435,-113.542643943274,-5.));
#9205=CARTESIAN_POINT('Ctrl Pts',(241.458209666347,-114.499659739128,-4.95962851511055));
#9206=CARTESIAN_POINT('Ctrl Pts',(240.796312962444,-113.750064679537,-4.95962851511055));
#9207=CARTESIAN_POINT('Ctrl Pts',(241.264008238322,-114.671140705362,-4.77532280522502));
#9208=CARTESIAN_POINT('Ctrl Pts',(240.602111534419,-113.921545645771,-4.77532280522502));
#9209=CARTESIAN_POINT('Ctrl Pts',(241.047612187089,-114.862219650208,-4.56995342022792));
#9210=CARTESIAN_POINT('Ctrl Pts',(240.385715483186,-114.112624590618,-4.56995342022792));
#9211=CARTESIAN_POINT('Ctrl Pts',(240.908879918334,-114.984721033107,-4.21396258458));
#9212=CARTESIAN_POINT('Ctrl Pts',(240.246983214432,-114.235125973516,-4.21396258458));
#9213=CARTESIAN_POINT('Ctrl Pts',(240.880299021582,-115.009958127606,-3.89301865250801));
#9214=CARTESIAN_POINT('Ctrl Pts',(240.218402317679,-114.260363068015,-3.89301865250801));
#9215=CARTESIAN_POINT('Ctrl Pts',(240.871353839691,-115.017856774127,-3.79257037496685));
#9216=CARTESIAN_POINT('Ctrl Pts',(240.209457135788,-114.268261714536,-3.79257037496685));
#9217=CARTESIAN_POINT('Ctrl Pts',(240.870873694435,-115.018280745121,-3.69503657506031));
#9218=CARTESIAN_POINT('Ctrl Pts',(240.208976990532,-114.26868568553,-3.69503657506031));
#9219=CARTESIAN_POINT('Ctrl Pts',(240.870873694435,-115.018280745121,-3.60298878435381));
#9220=CARTESIAN_POINT('Ctrl Pts',(240.208976990532,-114.26868568553,-3.60298878435381));
#9221=CARTESIAN_POINT('',(241.229063191667,-113.367943764157,-5.));
#9222=CARTESIAN_POINT('',(241.890959895569,-114.117538823747,-5.));
#9223=CARTESIAN_POINT('',(240.208976990532,-114.26868568553,-3.60298878435381));
#9224=CARTESIAN_POINT('Ctrl Pts',(241.229063191667,-113.367943764157,-5.));
#9225=CARTESIAN_POINT('Ctrl Pts',(241.217768013863,-113.377917470443,-5.));
#9226=CARTESIAN_POINT('Ctrl Pts',(241.206469467456,-113.387894151226,-4.99999912473334));
#9227=CARTESIAN_POINT('Ctrl Pts',(241.195097699419,-113.397935487124,-4.99992971345412));
#9228=CARTESIAN_POINT('Ctrl Pts',(241.183097601083,-113.408531642253,-4.99985646695688));
#9229=CARTESIAN_POINT('Ctrl Pts',(241.17101620592,-113.419199582943,-4.99970690205639));
#9230=CARTESIAN_POINT('Ctrl Pts',(241.158814549293,-113.429973715189,-4.99941324320952));
#9231=CARTESIAN_POINT('Ctrl Pts',(241.145690987193,-113.441561895216,-4.99909739674447));
#9232=CARTESIAN_POINT('Ctrl Pts',(241.13242864979,-113.453272614624,-4.99861484693897));
#9233=CARTESIAN_POINT('Ctrl Pts',(241.119023217257,-113.465109687847,-4.99789464750864));
#9234=CARTESIAN_POINT('Ctrl Pts',(241.103884944466,-113.478476868881,-4.99708135219616));
#9235=CARTESIAN_POINT('Ctrl Pts',(241.088564759251,-113.49200467962,-4.99596491009981));
#9236=CARTESIAN_POINT('Ctrl Pts',(241.073104135566,-113.505656498327,-4.99446066100525));
#9237=CARTESIAN_POINT('Ctrl Pts',(241.051197739485,-113.524999970746,-4.99232926726968));
#9238=CARTESIAN_POINT('Ctrl Pts',(241.029011976069,-113.544590126111,-4.98941801892161));
#9239=CARTESIAN_POINT('Ctrl Pts',(241.006739549601,-113.564256805445,-4.98553335482988));
#9240=CARTESIAN_POINT('Ctrl Pts',(240.990732230643,-113.57839135919,-4.98274142476095));
#9241=CARTESIAN_POINT('Ctrl Pts',(240.974682670687,-113.592563211976,-4.9794479590488));
#9242=CARTESIAN_POINT('Ctrl Pts',(240.958650484916,-113.606719723258,-4.97559211960184));
#9243=CARTESIAN_POINT('Ctrl Pts',(240.943643830495,-113.619970684522,-4.97198292676245));
#9244=CARTESIAN_POINT('Ctrl Pts',(240.928653555682,-113.633207182498,-4.96788129754785));
#9245=CARTESIAN_POINT('Ctrl Pts',(240.91369537659,-113.64641533977,-4.96324043422194));
#9246=CARTESIAN_POINT('Ctrl Pts',(240.89740406553,-113.660800660158,-4.95818595883611));
#9247=CARTESIAN_POINT('Ctrl Pts',(240.881147631924,-113.675155183554,-4.95249048247399));
#9248=CARTESIAN_POINT('Ctrl Pts',(240.864896837129,-113.689504727849,-4.94609915194722));
#9249=CARTESIAN_POINT('Ctrl Pts',(240.849138664634,-113.703419283848,-4.93990156652554));
#9250=CARTESIAN_POINT('Ctrl Pts',(240.833384959946,-113.717329894749,-4.93304978205341));
#9251=CARTESIAN_POINT('Ctrl Pts',(240.817648526816,-113.731225254767,-4.92552289357545));
#9252=CARTESIAN_POINT('Ctrl Pts',(240.800040962654,-113.746772834135,-4.91710102499101));
#9253=CARTESIAN_POINT('Ctrl Pts',(240.782455535834,-113.762300866103,-4.90783413623069));
#9254=CARTESIAN_POINT('Ctrl Pts',(240.764956718571,-113.77775242134,-4.89772638490636));
#9255=CARTESIAN_POINT('Ctrl Pts',(240.742325510209,-113.797735907128,-4.88465403705325));
#9256=CARTESIAN_POINT('Ctrl Pts',(240.7198408769,-113.817589966309,-4.87017555011503));
#9257=CARTESIAN_POINT('Ctrl Pts',(240.697702238043,-113.837138510421,-4.85435203889097));
#9258=CARTESIAN_POINT('Ctrl Pts',(240.676658766848,-113.855720015255,-4.83931129475138));
#9259=CARTESIAN_POINT('Ctrl Pts',(240.655932607509,-113.874021331913,-4.8230581467225));
#9260=CARTESIAN_POINT('Ctrl Pts',(240.635685927508,-113.891899265587,-4.80565667241747));
#9261=CARTESIAN_POINT('Ctrl Pts',(240.620147327982,-113.905619937406,-4.79230166604632));
#9262=CARTESIAN_POINT('Ctrl Pts',(240.604891496002,-113.919090923872,-4.77827082713139));
#9263=CARTESIAN_POINT('Ctrl Pts',(240.58996310613,-113.932272777093,-4.76358326506582));
#9264=CARTESIAN_POINT('Ctrl Pts',(240.572660272987,-113.947551277236,-4.74655956472897));
#9265=CARTESIAN_POINT('Ctrl Pts',(240.555797145709,-113.962441514598,-4.72865230285513));
#9266=CARTESIAN_POINT('Ctrl Pts',(240.539381641602,-113.976936498153,-4.7098690354322));
#9267=CARTESIAN_POINT('Ctrl Pts',(240.524467783008,-113.990105520173,-4.69280401004827));
#9268=CARTESIAN_POINT('Ctrl Pts',(240.509921476268,-114.002949991814,-4.67501508302727));
#9269=CARTESIAN_POINT('Ctrl Pts',(240.495770737172,-114.015445174974,-4.65654957509108));
#9270=CARTESIAN_POINT('Ctrl Pts',(240.479258709094,-114.030025389744,-4.63500278637175));
#9271=CARTESIAN_POINT('Ctrl Pts',(240.463285825334,-114.044129537013,-4.61253528538858));
#9272=CARTESIAN_POINT('Ctrl Pts',(240.447929484628,-114.057689273257,-4.58927699670218));
#9273=CARTESIAN_POINT('Ctrl Pts',(240.424333932492,-114.078524280086,-4.55353982638352));
#9274=CARTESIAN_POINT('Ctrl Pts',(240.402200002543,-114.098068666205,-4.51594091583726));
#9275=CARTESIAN_POINT('Ctrl Pts',(240.381843049443,-114.116043971652,-4.47704834278591));
#9276=CARTESIAN_POINT('Ctrl Pts',(240.369773708365,-114.126701268517,-4.45398950253197));
#9277=CARTESIAN_POINT('Ctrl Pts',(240.358329185206,-114.136806847602,-4.43047732245064));
#9278=CARTESIAN_POINT('Ctrl Pts',(240.347554724891,-114.146320757382,-4.40661236718806));
#9279=CARTESIAN_POINT('Ctrl Pts',(240.337689269891,-114.155032010296,-4.38476081868127));
#9280=CARTESIAN_POINT('Ctrl Pts',(240.328385973333,-114.163246874106,-4.3626141207195));
#9281=CARTESIAN_POINT('Ctrl Pts',(240.31965476492,-114.170956580828,-4.34022123698386));
#9282=CARTESIAN_POINT('Ctrl Pts',(240.309800358909,-114.179658077422,-4.31494769434647));
#9283=CARTESIAN_POINT('Ctrl Pts',(240.300672276743,-114.187718225927,-4.28935406810885));
#9284=CARTESIAN_POINT('Ctrl Pts',(240.292250790497,-114.195154446212,-4.26348547468448));
#9285=CARTESIAN_POINT('Ctrl Pts',(240.2833230326,-114.203037707247,-4.23606174774759));
#9286=CARTESIAN_POINT('Ctrl Pts',(240.275189665517,-114.210219516672,-4.20832996295125));
#9287=CARTESIAN_POINT('Ctrl Pts',(240.267833395148,-114.216715145276,-4.18041332455531));
#9288=CARTESIAN_POINT('Ctrl Pts',(240.258662080017,-114.224813468734,-4.14560869187251));
#9289=CARTESIAN_POINT('Ctrl Pts',(240.250700920978,-114.231843217476,-4.11052068277919));
#9290=CARTESIAN_POINT('Ctrl Pts',(240.243904204412,-114.237844756887,-4.07545447012295));
#9291=CARTESIAN_POINT('Ctrl Pts',(240.238708856406,-114.242432278746,-4.04865017774933));
#9292=CARTESIAN_POINT('Ctrl Pts',(240.234193961794,-114.246418956385,-4.02186126331109));
#9293=CARTESIAN_POINT('Ctrl Pts',(240.230320583184,-114.249839171742,-3.99520990962803));
#9294=CARTESIAN_POINT('Ctrl Pts',(240.22686537217,-114.252890142733,-3.97143581985882));
#9295=CARTESIAN_POINT('Ctrl Pts',(240.223920728187,-114.255490280129,-3.94777203055079));
#9296=CARTESIAN_POINT('Ctrl Pts',(240.221441090398,-114.257679814409,-3.92427366591405));
#9297=CARTESIAN_POINT('Ctrl Pts',(240.2191329865,-114.259717883288,-3.9024008475349));
#9298=CARTESIAN_POINT('Ctrl Pts',(240.217227854785,-114.261400125435,-3.88067185375376));
#9299=CARTESIAN_POINT('Ctrl Pts',(240.215671309483,-114.262774563796,-3.85909326278873));
#9300=CARTESIAN_POINT('Ctrl Pts',(240.214482050762,-114.263824686015,-3.84260641370034));
#9301=CARTESIAN_POINT('Ctrl Pts',(240.213495717435,-114.264695623957,-3.82620383790675));
#9302=CARTESIAN_POINT('Ctrl Pts',(240.212680748652,-114.265415246031,-3.809879379767));
#9303=CARTESIAN_POINT('Ctrl Pts',(240.21179128739,-114.266200645387,-3.79206277938057));
#9304=CARTESIAN_POINT('Ctrl Pts',(240.211105995986,-114.266805761597,-3.77434417732752));
#9305=CARTESIAN_POINT('Ctrl Pts',(240.210584639011,-114.267266122773,-3.75678731059889));
#9306=CARTESIAN_POINT('Ctrl Pts',(240.2102112016,-114.267595870132,-3.74421168358172));
#9307=CARTESIAN_POINT('Ctrl Pts',(240.209921975025,-114.267851258845,-3.73172199220238));
#9308=CARTESIAN_POINT('Ctrl Pts',(240.209700006921,-114.268047257944,-3.71930856820207));
#9309=CARTESIAN_POINT('Ctrl Pts',(240.209517506113,-114.268208407195,-3.70910232748633));
#9310=CARTESIAN_POINT('Ctrl Pts',(240.209380320745,-114.268329542657,-3.69893963924135));
#9311=CARTESIAN_POINT('Ctrl Pts',(240.209277670509,-114.268420183399,-3.68881713493945));
#9312=CARTESIAN_POINT('Ctrl Pts',(240.209129966785,-114.268550606627,-3.67425183387809));
#9313=CARTESIAN_POINT('Ctrl Pts',(240.209053921384,-114.26861775515,-3.65977998106882));
#9314=CARTESIAN_POINT('Ctrl Pts',(240.209015649022,-114.268651549863,-3.64547648734259));
#9315=CARTESIAN_POINT('Ctrl Pts',(240.208992831478,-114.268671697884,-3.63694890788299));
#9316=CARTESIAN_POINT('Ctrl Pts',(240.208983395379,-114.268680030013,-3.62848201376074));
#9317=CARTESIAN_POINT('Ctrl Pts',(240.208979583539,-114.26868339589,-3.62006022623742));
#9318=CARTESIAN_POINT('Ctrl Pts',(240.208977001696,-114.268685675672,-3.61435596714058));
#9319=CARTESIAN_POINT('Ctrl Pts',(240.208976990532,-114.26868568553,-3.60867178186315));
#9320=CARTESIAN_POINT('Ctrl Pts',(240.208976990532,-114.26868568553,-3.60298878435381));
#9321=CARTESIAN_POINT('',(240.870873694435,-115.018280745121,-3.60298878435381));
#9322=CARTESIAN_POINT('Origin',(243.465786420433,-112.726958039244,2.2798057821147));
#9323=CARTESIAN_POINT('',(242.80388971653,-111.977362979653,-1.956));
#9324=CARTESIAN_POINT('',(233.548669821669,-101.495867804186,-1.956));
#9325=CARTESIAN_POINT('',(242.80388971653,-111.977362979653,-3.2358057821147));
#9326=CARTESIAN_POINT('',(242.80388971653,-111.977362979653,-3.));
#9327=CARTESIAN_POINT('',(243.465786420433,-112.726958039244,-3.2358057821147));
#9328=CARTESIAN_POINT('Ctrl Pts',(243.465786420433,-112.726958039244,-3.2358057821147));
#9329=CARTESIAN_POINT('Ctrl Pts',(242.80388971653,-111.977362979653,-3.2358057821147));
#9330=CARTESIAN_POINT('Ctrl Pts',(243.465786420433,-112.726958039244,-3.54039731061801));
#9331=CARTESIAN_POINT('Ctrl Pts',(242.80388971653,-111.977362979653,-3.54039731061801));
#9332=CARTESIAN_POINT('Ctrl Pts',(243.439731067893,-112.74996506383,-3.90193577737591));
#9333=CARTESIAN_POINT('Ctrl Pts',(242.77783436399,-112.000370004239,-3.90193577737591));
#9334=CARTESIAN_POINT('Ctrl Pts',(243.302740652533,-112.870928380266,-4.22152291446858));
#9335=CARTESIAN_POINT('Ctrl Pts',(242.640843948631,-112.121333320676,-4.22152291446858));
#9336=CARTESIAN_POINT('Ctrl Pts',(243.142018663248,-113.012846811547,-4.59647382098798));
#9337=CARTESIAN_POINT('Ctrl Pts',(242.480121959345,-112.263251751956,-4.59647382098798));
#9338=CARTESIAN_POINT('Ctrl Pts',(242.844605072142,-113.275464705208,-4.87427004802438));
#9339=CARTESIAN_POINT('Ctrl Pts',(242.18270836824,-112.525869645617,-4.87427004802438));
#9340=CARTESIAN_POINT('Ctrl Pts',(242.552792767967,-113.53313663063,-4.95882508144586));
#9341=CARTESIAN_POINT('Ctrl Pts',(241.890896064065,-112.78354157104,-4.95882508144586));
#9342=CARTESIAN_POINT('Ctrl Pts',(242.421142466682,-113.649384595946,-4.99697184724637));
#9343=CARTESIAN_POINT('Ctrl Pts',(241.75924576278,-112.899789536355,-4.99697184724637));
#9344=CARTESIAN_POINT('Ctrl Pts',(242.291312004148,-113.764025633288,-5.));
#9345=CARTESIAN_POINT('Ctrl Pts',(241.629415300245,-113.014430573697,-5.));
#9346=CARTESIAN_POINT('Ctrl Pts',(242.170461654854,-113.870737179529,-5.));
#9347=CARTESIAN_POINT('Ctrl Pts',(241.508564950951,-113.121142119938,-5.));
#9348=CARTESIAN_POINT('',(241.508564950951,-113.121142119938,-5.));
#9349=CARTESIAN_POINT('Ctrl Pts',(242.80388971653,-111.977362979653,-3.2358057821147));
#9350=CARTESIAN_POINT('Ctrl Pts',(242.80388971653,-111.977362979653,-3.25269010474402));
#9351=CARTESIAN_POINT('Ctrl Pts',(242.80388918282,-111.977363450922,-3.26957901338683));
#9352=CARTESIAN_POINT('Ctrl Pts',(242.803844654844,-111.977402769379,-3.2865764176393));
#9353=CARTESIAN_POINT('Ctrl Pts',(242.803797777208,-111.977444162598,-3.30447074366802));
#9354=CARTESIAN_POINT('Ctrl Pts',(242.803702144226,-111.977528607065,-3.3224850246512));
#9355=CARTESIAN_POINT('Ctrl Pts',(242.803514128926,-111.977694625646,-3.34068182648575));
#9356=CARTESIAN_POINT('Ctrl Pts',(242.803312747714,-111.977872446402,-3.36017222965967));
#9357=CARTESIAN_POINT('Ctrl Pts',(242.803005382216,-111.978143851886,-3.37987161765344));
#9358=CARTESIAN_POINT('Ctrl Pts',(242.80254635078,-111.978549179256,-3.39979652014071));
#9359=CARTESIAN_POINT('Ctrl Pts',(242.802037493399,-111.97899850322,-3.4218841875685));
#9360=CARTESIAN_POINT('Ctrl Pts',(242.801342239277,-111.979612416567,-3.44424830716487));
#9361=CARTESIAN_POINT('Ctrl Pts',(242.800408022875,-111.980437334967,-3.46684773670757));
#9362=CARTESIAN_POINT('Ctrl Pts',(242.799157752184,-111.981541331103,-3.49709276808249));
#9363=CARTESIAN_POINT('Ctrl Pts',(242.797479053829,-111.983023631305,-3.52775766417166));
#9364=CARTESIAN_POINT('Ctrl Pts',(242.795267109858,-111.98497679042,-3.55864610309383));
#9365=CARTESIAN_POINT('Ctrl Pts',(242.793429806709,-111.986599139558,-3.58430291304555));
#9366=CARTESIAN_POINT('Ctrl Pts',(242.791225232027,-111.988545791548,-3.61010943051871));
#9367=CARTESIAN_POINT('Ctrl Pts',(242.788601257642,-111.990862775865,-3.6359533199534));
#9368=CARTESIAN_POINT('Ctrl Pts',(242.786166417208,-111.993012753826,-3.65993440274536));
#9369=CARTESIAN_POINT('Ctrl Pts',(242.783370699219,-111.995481388722,-3.68394558099033));
#9370=CARTESIAN_POINT('Ctrl Pts',(242.780174704025,-111.998303470669,-3.70793788238864));
#9371=CARTESIAN_POINT('Ctrl Pts',(242.777391363349,-112.000761176327,-3.72883239077274));
#9372=CARTESIAN_POINT('Ctrl Pts',(242.774304544759,-112.00348685471,-3.74971226075994));
#9373=CARTESIAN_POINT('Ctrl Pts',(242.770887836662,-112.006503827406,-3.77059065394253));
#9374=CARTESIAN_POINT('Ctrl Pts',(242.767165370167,-112.009790786507,-3.79333743736009));
#9375=CARTESIAN_POINT('Ctrl Pts',(242.763049771588,-112.013424883476,-3.81609223460717));
#9376=CARTESIAN_POINT('Ctrl Pts',(242.758513667658,-112.017430289063,-3.83888780143759));
#9377=CARTESIAN_POINT('Ctrl Pts',(242.753617815484,-112.021753354397,-3.86349123362618));
#9378=CARTESIAN_POINT('Ctrl Pts',(242.748232205399,-112.026508878754,-3.8881417471379));
#9379=CARTESIAN_POINT('Ctrl Pts',(242.742342290567,-112.031709707073,-3.91281788424895));
#9380=CARTESIAN_POINT('Ctrl Pts',(242.735661460233,-112.037608918281,-3.94080760736401));
#9381=CARTESIAN_POINT('Ctrl Pts',(242.728331922907,-112.044080941456,-3.96882958874873));
#9382=CARTESIAN_POINT('Ctrl Pts',(242.720355637334,-112.051124047014,-3.99678286747641));
#9383=CARTESIAN_POINT('Ctrl Pts',(242.708770305212,-112.061353961215,-4.03738422445957));
#9384=CARTESIAN_POINT('Ctrl Pts',(242.695820756058,-112.07278848682,-4.07783729764986));
#9385=CARTESIAN_POINT('Ctrl Pts',(242.681561816377,-112.085379211712,-4.11770968873078));
#9386=CARTESIAN_POINT('Ctrl Pts',(242.671296295091,-112.094443725433,-4.14641525089316));
#9387=CARTESIAN_POINT('Ctrl Pts',(242.660353642954,-112.10410614955,-4.17481562958476));
#9388=CARTESIAN_POINT('Ctrl Pts',(242.648754804584,-112.114347989845,-4.20276674074255));
#9389=CARTESIAN_POINT('Ctrl Pts',(242.638912668698,-112.123038651848,-4.22648451535134));
#9390=CARTESIAN_POINT('Ctrl Pts',(242.628598330418,-112.132146271253,-4.24987811340929));
#9391=CARTESIAN_POINT('Ctrl Pts',(242.617816805337,-112.141666419262,-4.27289604719606));
#9392=CARTESIAN_POINT('Ctrl Pts',(242.605992248596,-112.152107570163,-4.29814079337836));
#9393=CARTESIAN_POINT('Ctrl Pts',(242.59360580346,-112.163044871715,-4.32293242859283));
#9394=CARTESIAN_POINT('Ctrl Pts',(242.580647998145,-112.174486687557,-4.34727428625573));
#9395=CARTESIAN_POINT('Ctrl Pts',(242.56825605055,-112.185428847811,-4.37055315310135));
#9396=CARTESIAN_POINT('Ctrl Pts',(242.55533955708,-112.196834185059,-4.39342606682938));
#9397=CARTESIAN_POINT('Ctrl Pts',(242.541912937694,-112.208689966394,-4.41587376379784));
#9398=CARTESIAN_POINT('Ctrl Pts',(242.527015067762,-112.221844870334,-4.44078121518819));
#9399=CARTESIAN_POINT('Ctrl Pts',(242.51148947083,-112.235554060789,-4.46516461398005));
#9400=CARTESIAN_POINT('Ctrl Pts',(242.495389517576,-112.249770411144,-4.48895113265168));
#9401=CARTESIAN_POINT('Ctrl Pts',(242.474115195151,-112.268555758927,-4.52038240823494));
#9402=CARTESIAN_POINT('Ctrl Pts',(242.451838707893,-112.288226023961,-4.55076999897031));
#9403=CARTESIAN_POINT('Ctrl Pts',(242.428734426058,-112.308627236319,-4.57988007640216));
#9404=CARTESIAN_POINT('Ctrl Pts',(242.408836853242,-112.326196906361,-4.60494988335405));
#9405=CARTESIAN_POINT('Ctrl Pts',(242.388327836652,-112.344306484736,-4.62906862589014));
#9406=CARTESIAN_POINT('Ctrl Pts',(242.367321044284,-112.362855601956,-4.6520908347884));
#9407=CARTESIAN_POINT('Ctrl Pts',(242.349761772647,-112.378360538749,-4.67133476373589));
#9408=CARTESIAN_POINT('Ctrl Pts',(242.331855279262,-112.394172074322,-4.68981179660036));
#9409=CARTESIAN_POINT('Ctrl Pts',(242.313653476277,-112.410244369952,-4.70746224372046));
#9410=CARTESIAN_POINT('Ctrl Pts',(242.296515070028,-112.425377680213,-4.72408150575142));
#9411=CARTESIAN_POINT('Ctrl Pts',(242.279115280599,-112.440741793309,-4.73996732975736));
#9412=CARTESIAN_POINT('Ctrl Pts',(242.261476725053,-112.456316738245,-4.75510354321391));
#9413=CARTESIAN_POINT('Ctrl Pts',(242.242085500512,-112.473439299879,-4.77174377846782));
#9414=CARTESIAN_POINT('Ctrl Pts',(242.222401347638,-112.490820518898,-4.78748166556004));
#9415=CARTESIAN_POINT('Ctrl Pts',(242.202437602331,-112.508448619627,-4.80233618330535));
#9416=CARTESIAN_POINT('Ctrl Pts',(242.181294454063,-112.527118139883,-4.81806826495159));
#9417=CARTESIAN_POINT('Ctrl Pts',(242.159838026643,-112.546064287413,-4.83280944400234));
#9418=CARTESIAN_POINT('Ctrl Pts',(242.138133757982,-112.565229280169,-4.84656206015571));
#9419=CARTESIAN_POINT('Ctrl Pts',(242.10891696933,-112.591027870834,-4.86507488294764));
#9420=CARTESIAN_POINT('Ctrl Pts',(242.079252430357,-112.617221827582,-4.88179420119157));
#9421=CARTESIAN_POINT('Ctrl Pts',(242.049377671521,-112.643601409665,-4.89670695841401));
#9422=CARTESIAN_POINT('Ctrl Pts',(242.026378945765,-112.663909415404,-4.90818736618946));
#9423=CARTESIAN_POINT('Ctrl Pts',(242.003258517113,-112.684324885492,-4.91859599569545));
#9424=CARTESIAN_POINT('Ctrl Pts',(241.980124177717,-112.704752638847,-4.92794136272264));
#9425=CARTESIAN_POINT('Ctrl Pts',(241.959881630745,-112.722626923033,-4.93611855887143));
#9426=CARTESIAN_POINT('Ctrl Pts',(241.939629183073,-112.740509949593,-4.94348140463928));
#9427=CARTESIAN_POINT('Ctrl Pts',(241.919419719397,-112.75835502104,-4.950055520612));
#9428=CARTESIAN_POINT('Ctrl Pts',(241.900753520026,-112.774837381323,-4.95612761442944));
#9429=CARTESIAN_POINT('Ctrl Pts',(241.882124391632,-112.791287007721,-4.96152666106802));
#9430=CARTESIAN_POINT('Ctrl Pts',(241.86354892806,-112.807689247777,-4.96629414021776));
#9431=CARTESIAN_POINT('Ctrl Pts',(241.845876003016,-112.823294541175,-4.970829978655));
#9432=CARTESIAN_POINT('Ctrl Pts',(241.828251934025,-112.8388566944,-4.97479397939637));
#9433=CARTESIAN_POINT('Ctrl Pts',(241.810662456718,-112.854388302972,-4.97824434060532));
#9434=CARTESIAN_POINT('Ctrl Pts',(241.796554577572,-112.866845640552,-4.98101174967011));
#9435=CARTESIAN_POINT('Ctrl Pts',(241.782463718973,-112.879287948893,-4.98345040824001));
#9436=CARTESIAN_POINT('Ctrl Pts',(241.768407201628,-112.891699933711,-4.98559212703645));
#9437=CARTESIAN_POINT('Ctrl Pts',(241.75041422985,-112.907587830197,-4.98833362302121));
#9438=CARTESIAN_POINT('Ctrl Pts',(241.732483089804,-112.923421128911,-4.99058763273851));
#9439=CARTESIAN_POINT('Ctrl Pts',(241.714689726836,-112.939132769682,-4.99241891680117));
#9440=CARTESIAN_POINT('Ctrl Pts',(241.702413977266,-112.949972326419,-4.99368233083853));
#9441=CARTESIAN_POINT('Ctrl Pts',(241.690204976301,-112.960752943759,-4.99474445851769));
#9442=CARTESIAN_POINT('Ctrl Pts',(241.678065269506,-112.971472373951,-4.99563099903605));
#9443=CARTESIAN_POINT('Ctrl Pts',(241.664633077451,-112.983333075984,-4.99661192738195));
#9444=CARTESIAN_POINT('Ctrl Pts',(241.651282679529,-112.995121553333,-4.99737780238449));
#9445=CARTESIAN_POINT('Ctrl Pts',(241.637975627741,-113.006871755798,-4.99797274450507));
#9446=CARTESIAN_POINT('Ctrl Pts',(241.625261802322,-113.018098136003,-4.99854116419529));
#9447=CARTESIAN_POINT('Ctrl Pts',(241.612588470969,-113.029288759718,-4.99895372242664));
#9448=CARTESIAN_POINT('Ctrl Pts',(241.599988007948,-113.04041504028,-4.99925076987683));
#9449=CARTESIAN_POINT('Ctrl Pts',(241.587878453251,-113.051107845998,-4.99953624449311));
#9450=CARTESIAN_POINT('Ctrl Pts',(241.575840773502,-113.061737185728,-4.99971493807777));
#9451=CARTESIAN_POINT('Ctrl Pts',(241.563906776148,-113.072274973314,-4.99982505893415));
#9452=CARTESIAN_POINT('Ctrl Pts',(241.554573876425,-113.080515976887,-4.99991117818485));
#9453=CARTESIAN_POINT('Ctrl Pts',(241.545305097085,-113.088700361797,-4.99995538944919));
#9454=CARTESIAN_POINT('Ctrl Pts',(241.536090987751,-113.09683647278,-4.99997760258622));
#9455=CARTESIAN_POINT('Ctrl Pts',(241.527489811059,-113.104431360752,-4.99999833808105));
#9456=CARTESIAN_POINT('Ctrl Pts',(241.51893687114,-113.11198365538,-4.99999989857231));
#9457=CARTESIAN_POINT('Ctrl Pts',(241.510391724793,-113.119529068239,-4.99999999324929));
#9458=CARTESIAN_POINT('Ctrl Pts',(241.509782784956,-113.12006676558,-4.99999999999611));
#9459=CARTESIAN_POINT('Ctrl Pts',(241.509173867904,-113.120604442802,-5.));
#9460=CARTESIAN_POINT('Ctrl Pts',(241.508564950951,-113.121142119938,-5.));
#9461=CARTESIAN_POINT('',(242.170461654854,-113.870737179529,-5.));
#9462=CARTESIAN_POINT('Origin',(242.170461654854,-113.870737179529,-5.));
#9463=CARTESIAN_POINT('',(233.752719476876,-119.969597815565,-5.));
#9464=CARTESIAN_POINT('Origin',(224.960444020609,-133.432895936925,-3.3616464466755));
#9465=CARTESIAN_POINT('',(224.203268013414,-132.779685026018,-5.));
#9466=CARTESIAN_POINT('',(224.960444020609,-133.432895936925,-5.));
#9467=CARTESIAN_POINT('',(223.133077596459,-134.020207027899,-3.3616464466755));
#9468=CARTESIAN_POINT('Origin',(224.203268013414,-132.779685026018,-3.3616464466755));
#9469=CARTESIAN_POINT('',(223.890253603654,-134.673417938805,-3.3616464466755));
#9470=CARTESIAN_POINT('Origin',(239.76777211913,-116.268832416759,-3.60298878435381));
#9471=CARTESIAN_POINT('',(239.923139080654,-114.557838131582,-3.60298878435381));
#9472=CARTESIAN_POINT('',(240.680315087849,-115.211049042488,-3.60298878435381));
#9473=CARTESIAN_POINT('',(239.010596111935,-115.615621505852,-5.));
#9474=CARTESIAN_POINT('Origin',(239.010596111935,-115.615621505852,-3.60298878435381));
#9475=CARTESIAN_POINT('',(239.76777211913,-116.268832416759,-5.));
#9476=CARTESIAN_POINT('Origin',(239.76777211913,-116.268832416759,-5.));
#9477=CARTESIAN_POINT('',(227.194343032842,-129.312550288038,-5.));
#9478=CARTESIAN_POINT('Origin',(216.127349504713,-136.671024364439,-3.58764369102447));
#9479=CARTESIAN_POINT('',(215.929146817474,-135.690863308912,-5.));
#9480=CARTESIAN_POINT('',(216.127349504713,-136.671024364439,-5.));
#9481=CARTESIAN_POINT('',(214.544810166889,-135.970796124689,-3.58764369102447));
#9482=CARTESIAN_POINT('Origin',(215.929146817474,-135.690863308912,-3.58764369102447));
#9483=CARTESIAN_POINT('',(214.743012854127,-136.950957180216,-3.58764369102447));
#9484=CARTESIAN_POINT('Origin',(221.166456615588,-135.652044304961,-3.3616464466755));
#9485=CARTESIAN_POINT('',(222.574104276502,-134.347157172519,-3.3616464466755));
#9486=CARTESIAN_POINT('',(222.772306963741,-135.327318228045,-3.3616464466755));
#9487=CARTESIAN_POINT('',(220.96825392835,-134.671883249434,-5.));
#9488=CARTESIAN_POINT('Origin',(220.968253928349,-134.671883249434,-3.3616464466755));
#9489=CARTESIAN_POINT('',(221.166456615588,-135.652044304961,-5.));
#9490=CARTESIAN_POINT('Origin',(221.166456615588,-135.652044304961,-5.));
#9491=CARTESIAN_POINT('',(214.497652758062,-135.980332032181,-5.));
#9492=CARTESIAN_POINT('Origin',(212.997409797847,-137.033773820916,-3.58764369102447));
#9493=CARTESIAN_POINT('',(214.377842232028,-135.990147145249,-3.58764369102447));
#9494=CARTESIAN_POINT('',(214.409076984406,-136.989659221337,-3.58764369102447));
#9495=CARTESIAN_POINT('',(212.966175045469,-136.034261744829,-5.));
#9496=CARTESIAN_POINT('Origin',(212.966175045469,-136.034261744829,-3.58764369102447));
#9497=CARTESIAN_POINT('',(212.997409797847,-137.033773820916,-5.));
#9498=CARTESIAN_POINT('Origin',(212.997409797847,-137.033773820916,-5.));
#9499=CARTESIAN_POINT('',(182.39906380009,-136.989483971247,-5.));
#9500=CARTESIAN_POINT('',(194.389730584539,-136.614775634233,-5.));
#9501=CARTESIAN_POINT('',(182.430298552468,-137.988996047335,-5.));
#9502=CARTESIAN_POINT('Origin',(182.430298552468,-137.988996047335,-3.25100240790268));
#9503=CARTESIAN_POINT('',(180.650919585742,-137.044113477946,-3.25100240790268));
#9504=CARTESIAN_POINT('Origin',(182.39906380009,-136.989483971247,-3.25100240790268));
#9505=CARTESIAN_POINT('',(180.682154338119,-138.043625554033,-3.25100240790268));
#9506=CARTESIAN_POINT('Origin',(177.000002637506,-110.000001639128,-3.));
#9507=CARTESIAN_POINT('',(180.055,-82.68,-1.956));
#9508=CARTESIAN_POINT('',(177.52232855699,-105.328984520857,-1.956));
#9509=CARTESIAN_POINT('',(180.055,-82.68,-3.));
#9510=CARTESIAN_POINT('Origin',(180.055,-82.68,-3.));
#9511=CARTESIAN_POINT('',(192.000002861023,-76.0000011324883,-1.956));
#9512=CARTESIAN_POINT('',(186.177458180861,-79.256140316551,-1.956));
#9513=CARTESIAN_POINT('',(192.000002861023,-76.0000011324883,-3.));
#9514=CARTESIAN_POINT('Origin',(192.000002861023,-76.0000011324883,-3.));
#9515=CARTESIAN_POINT('',(196.42,-82.68,-1.956));
#9516=CARTESIAN_POINT('',(200.891217036708,-89.4374081616991,-1.956));
#9517=CARTESIAN_POINT('',(196.42,-82.68,-3.));
#9518=CARTESIAN_POINT('Origin',(196.42,-82.68,-3.));
#9519=CARTESIAN_POINT('',(199.255771615144,-92.5303476488433,-1.956));
#9520=CARTESIAN_POINT('',(199.701336493595,-94.0780635965662,-1.956));
#9521=CARTESIAN_POINT('',(199.255771615144,-92.5303476488433,-3.));
#9522=CARTESIAN_POINT('Origin',(199.255771615144,-92.5303476488433,-3.));
#9523=CARTESIAN_POINT('',(199.306447242239,-92.5303538613758,-1.956));
#9524=CARTESIAN_POINT('',(203.658681249519,-92.5308874195476,-1.956));
#9525=CARTESIAN_POINT('',(199.306447242239,-92.5303538613758,-3.));
#9526=CARTESIAN_POINT('Origin',(199.306447242239,-92.5303538613758,-3.));
#9527=CARTESIAN_POINT('',(235.000003501773,-91.0000013560057,-1.956));
#9528=CARTESIAN_POINT('',(203.42954838711,-92.3535769069847,-1.956));
#9529=CARTESIAN_POINT('',(235.000003501773,-91.0000013560057,-3.));
#9530=CARTESIAN_POINT('Origin',(235.000003501773,-91.0000013560057,-3.));
#9531=CARTESIAN_POINT('',(237.205,-92.535,-1.956));
#9532=CARTESIAN_POINT('',(228.978284470779,-86.808008056006,-1.956));
#9533=CARTESIAN_POINT('',(237.205,-92.535,-3.));
#9534=CARTESIAN_POINT('Origin',(237.205,-92.535,-3.));
#9535=CARTESIAN_POINT('',(237.636421761042,-96.7326416793175,-1.956));
#9536=CARTESIAN_POINT('Origin',(175.257325894212,-80.5919667973952,-3.23594539841945));
#9537=CARTESIAN_POINT('',(176.251131761864,-80.7030968897214,-1.956));
#9538=CARTESIAN_POINT('',(192.749604895605,-82.5480013144921,-1.956));
#9539=CARTESIAN_POINT('',(176.251131761864,-80.7030968897214,-3.));
#9540=CARTESIAN_POINT('Origin',(176.365368583512,-79.6815083957389,-3.));
#9541=CARTESIAN_POINT('',(172.981473731563,-109.942749873997,-1.956));
#9542=CARTESIAN_POINT('',(175.217399794689,-89.9474777145102,-1.956));
#9543=CARTESIAN_POINT('',(172.981473731563,-109.942749873997,-3.));
#9544=CARTESIAN_POINT('Origin',(171.987667863911,-109.831619781671,2.58944126219423));
#9545=CARTESIAN_POINT('',(171.987667863911,-109.831619781671,-1.956));
#9546=CARTESIAN_POINT('',(189.479946865303,-111.787654298768,-1.956));
#9547=CARTESIAN_POINT('',(171.987667863911,-109.831619781671,-3.));
#9548=CARTESIAN_POINT('Origin',(173.975279599215,-110.053879966324,-3.));
#9549=CARTESIAN_POINT('',(171.996844337611,-110.346785950631,-1.956));
#9550=CARTESIAN_POINT('Origin',(173.975279599215,-110.053879966324,-1.956));
#9551=CARTESIAN_POINT('',(171.996844337611,-110.346785950631,-3.));
#9552=CARTESIAN_POINT('Origin',(171.996844337611,-110.346785950631,-3.54544126219423));
#9553=CARTESIAN_POINT('',(172.986061968413,-110.200332958477,-1.956));
#9554=CARTESIAN_POINT('',(190.100461541584,-107.66655783321,-1.956));
#9555=CARTESIAN_POINT('',(172.986061968413,-110.200332958477,-3.));
#9556=CARTESIAN_POINT('Origin',(172.948015204489,-109.943345858967,-3.));
#9557=CARTESIAN_POINT('',(176.22002741406,-132.044172331075,-1.956));
#9558=CARTESIAN_POINT('',(172.895090784173,-109.585867538402,-1.956));
#9559=CARTESIAN_POINT('',(176.22002741406,-132.044172331075,-3.));
#9560=CARTESIAN_POINT('Origin',(175.230809783258,-132.190625323229,2.45884973187618));
#9561=CARTESIAN_POINT('',(175.230809783258,-132.190625323229,-1.956));
#9562=CARTESIAN_POINT('',(193.334426987231,-129.510397205808,-1.956));
#9563=CARTESIAN_POINT('',(175.230809783258,-132.190625323229,-3.));
#9564=CARTESIAN_POINT('Origin',(177.209245044862,-131.897719338922,-3.));
#9565=CARTESIAN_POINT('',(175.664536837629,-133.168103751022,-1.956));
#9566=CARTESIAN_POINT('Origin',(177.209245044862,-131.897719338922,-1.956));
#9567=CARTESIAN_POINT('',(175.664536837629,-133.168103751022,-3.));
#9568=CARTESIAN_POINT('Origin',(175.664536837629,-133.168103751022,-3.41484973187618));
#9569=CARTESIAN_POINT('',(176.436890941245,-132.532911544972,-1.956));
#9570=CARTESIAN_POINT('',(192.47834764113,-119.340247426601,-1.956));
#9571=CARTESIAN_POINT('',(176.436890941245,-132.532911544972,-3.));
#9572=CARTESIAN_POINT('Origin',(176.084429178386,-132.104340025486,-3.));
#9573=CARTESIAN_POINT('',(179.847330729748,-136.679793607909,-1.956));
#9574=CARTESIAN_POINT('',(175.644672408,-131.569623221714,-1.956));
#9575=CARTESIAN_POINT('',(179.847330729748,-136.679793607909,-3.));
#9576=CARTESIAN_POINT('Origin',(179.074976626131,-137.314985813959,2.29500240790268));
#9577=CARTESIAN_POINT('',(179.074976626131,-137.314985813959,-1.956));
#9578=CARTESIAN_POINT('',(195.888787429632,-123.487129489538,-1.956));
#9579=CARTESIAN_POINT('',(179.074976626131,-137.314985813959,-3.));
#9580=CARTESIAN_POINT('Origin',(180.619684833364,-136.044601401859,-3.));
#9581=CARTESIAN_POINT('',(180.682154338119,-138.043625554033,-1.956));
#9582=CARTESIAN_POINT('Origin',(180.619684833364,-136.044601401859,-1.956));
#9583=CARTESIAN_POINT('',(180.682154338119,-138.043625554033,-3.));
#9584=CARTESIAN_POINT('Origin',(180.682154338119,-138.043625554033,-3.25100240790268));
#9585=CARTESIAN_POINT('',(180.650919585742,-137.044113477946,-1.956));
#9586=CARTESIAN_POINT('',(180.164321344109,-121.472969745699,-1.956));
#9587=CARTESIAN_POINT('',(180.650919585742,-137.044113477946,-3.));
#9588=CARTESIAN_POINT('Origin',(179.668238161888,-137.074822272441,-3.));
#9589=CARTESIAN_POINT('',(214.377842232028,-135.990147145249,-1.956));
#9590=CARTESIAN_POINT('',(194.366426269266,-136.615503894086,-1.956));
#9591=CARTESIAN_POINT('',(214.377842232028,-135.990147145249,-3.));
#9592=CARTESIAN_POINT('Origin',(214.409076984406,-136.989659221337,0.822519058868204));
#9593=CARTESIAN_POINT('',(214.409076984406,-136.989659221337,-1.956));
#9594=CARTESIAN_POINT('',(213.891243990396,-120.419003413002,-1.956));
#9595=CARTESIAN_POINT('',(214.409076984406,-136.989659221337,-3.));
#9596=CARTESIAN_POINT('Origin',(214.34660747965,-134.990635069162,-3.));
#9597=CARTESIAN_POINT('',(214.743012854127,-136.950957180216,-1.956));
#9598=CARTESIAN_POINT('Origin',(214.34660747965,-134.990635069162,-1.956));
#9599=CARTESIAN_POINT('',(214.743012854127,-136.950957180216,-3.));
#9600=CARTESIAN_POINT('Origin',(214.743012854127,-136.950957180216,-3.58764369102447));
#9601=CARTESIAN_POINT('',(214.544810166889,-135.970796124689,-1.956));
#9602=CARTESIAN_POINT('',(211.412444706931,-120.480478216773,-1.956));
#9603=CARTESIAN_POINT('',(214.544810166889,-135.970796124689,-3.));
#9604=CARTESIAN_POINT('Origin',(214.379474319613,-136.004229415108,-3.));
#9605=CARTESIAN_POINT('',(222.574104276502,-134.347157172519,-1.956));
#9606=CARTESIAN_POINT('',(214.451295533884,-135.989706130808,-1.956));
#9607=CARTESIAN_POINT('',(222.574104276502,-134.347157172519,-3.));
#9608=CARTESIAN_POINT('Origin',(222.772306963741,-135.327318228045,2.4056464466755));
#9609=CARTESIAN_POINT('',(222.772306963741,-135.327318228045,-1.956));
#9610=CARTESIAN_POINT('',(219.441738816544,-118.856839264602,-1.956));
#9611=CARTESIAN_POINT('',(222.772306963741,-135.327318228045,-3.));
#9612=CARTESIAN_POINT('Origin',(222.375901589264,-133.366996116992,-3.));
#9613=CARTESIAN_POINT('',(223.890253603654,-134.673417938805,-1.956));
#9614=CARTESIAN_POINT('Origin',(222.375901589264,-133.366996116992,-1.956));
#9615=CARTESIAN_POINT('',(223.890253603654,-134.673417938805,-3.));
#9616=CARTESIAN_POINT('Origin',(223.890253603654,-134.673417938805,-3.3616464466755));
#9617=CARTESIAN_POINT('',(223.133077596459,-134.020207027899,-1.956));
#9618=CARTESIAN_POINT('',(211.770529570934,-124.217809335099,-1.956));
#9619=CARTESIAN_POINT('',(223.133077596459,-134.020207027899,-3.));
#9620=CARTESIAN_POINT('Origin',(222.685993308244,-134.53844928408,-3.));
#9621=CARTESIAN_POINT('',(239.923139080654,-114.557838131582,-1.956));
#9622=CARTESIAN_POINT('',(227.114224253745,-129.405420777868,-1.956));
#9623=CARTESIAN_POINT('',(239.923139080654,-114.557838131582,-3.));
#9624=CARTESIAN_POINT('Origin',(240.680315087849,-115.211049042488,2.64698878435382));
#9625=CARTESIAN_POINT('',(240.680315087849,-115.211049042488,-1.956));
#9626=CARTESIAN_POINT('',(228.560591055129,-104.755440438782,-1.956));
#9627=CARTESIAN_POINT('',(240.680315087849,-115.211049042488,-3.));
#9628=CARTESIAN_POINT('Origin',(242.19466710224,-116.517470864302,-3.));
#9629=CARTESIAN_POINT('',(240.870873694435,-115.018280745121,-1.956));
#9630=CARTESIAN_POINT('Origin',(242.19466710224,-116.517470864302,-1.956));
#9631=CARTESIAN_POINT('',(240.870873694435,-115.018280745121,-3.));
#9632=CARTESIAN_POINT('Origin',(240.870873694435,-115.018280745121,-3.60298878435381));
#9633=CARTESIAN_POINT('',(240.208976990532,-114.26868568553,-1.956));
#9634=CARTESIAN_POINT('',(230.953757095671,-103.787190510062,-1.956));
#9635=CARTESIAN_POINT('',(240.208976990532,-114.26868568553,-3.));
#9636=CARTESIAN_POINT('Origin',(240.107151226269,-114.358598414911,-3.));
#9637=CARTESIAN_POINT('',(233.669835430447,-120.042784900293,-1.956));
#9638=CARTESIAN_POINT('Origin',(208.060183141001,-104.014385975149,-1.956));
#9639=UNCERTAINTY_MEASURE_WITH_UNIT(LENGTH_MEASURE(0.01),#9643,
'DISTANCE_ACCURACY_VALUE',
'Maximum model space distance between geometric entities at asserted c
onnectivities');
#9640=UNCERTAINTY_MEASURE_WITH_UNIT(LENGTH_MEASURE(0.01),#9643,
'DISTANCE_ACCURACY_VALUE',
'Maximum model space distance between geometric entities at asserted c
onnectivities');
#9641=(
GEOMETRIC_REPRESENTATION_CONTEXT(3)
GLOBAL_UNCERTAINTY_ASSIGNED_CONTEXT((#9639))
GLOBAL_UNIT_ASSIGNED_CONTEXT((#9643,#9644,#9645))
REPRESENTATION_CONTEXT('','3D')
);
#9642=(
GEOMETRIC_REPRESENTATION_CONTEXT(3)
GLOBAL_UNCERTAINTY_ASSIGNED_CONTEXT((#9640))
GLOBAL_UNIT_ASSIGNED_CONTEXT((#9643,#9644,#9645))
REPRESENTATION_CONTEXT('','3D')
);
#9643=(
LENGTH_UNIT()
NAMED_UNIT(*)
SI_UNIT(.MILLI.,.METRE.)
);
#9644=(
NAMED_UNIT(*)
PLANE_ANGLE_UNIT()
SI_UNIT($,.RADIAN.)
);
#9645=(
NAMED_UNIT(*)
SI_UNIT($,.STERADIAN.)
SOLID_ANGLE_UNIT()
);
#9646=SHAPE_DEFINITION_REPRESENTATION(#9647,#9648);
#9647=PRODUCT_DEFINITION_SHAPE('',$,#9650);
#9648=SHAPE_REPRESENTATION('',(#3419),#9641);
#9649=PRODUCT_DEFINITION_CONTEXT('part definition',#9654,'design');
#9650=PRODUCT_DEFINITION('2026-06-12-05-57-02-625',
'withholesPathfinder',#9651,#9649);
#9651=PRODUCT_DEFINITION_FORMATION('',$,#9656);
#9652=PRODUCT_RELATED_PRODUCT_CATEGORY('withholesPathfinder',
'withholesPathfinder',(#9656));
#9653=APPLICATION_PROTOCOL_DEFINITION('international standard',
'automotive_design',2009,#9654);
#9654=APPLICATION_CONTEXT(
'Core Data for Automotive Mechanical Design Process');
#9655=PRODUCT_CONTEXT('part definition',#9654,'mechanical');
#9656=PRODUCT('2026-06-12-05-57-02-625','withholesPathfinder',
'KiCad electronic assembly',(#9655));
#9657=PRESENTATION_STYLE_ASSIGNMENT((#9664));
#9658=PRESENTATION_STYLE_ASSIGNMENT((#9665));
#9659=PRESENTATION_STYLE_ASSIGNMENT((#9666));
#9660=PRESENTATION_STYLE_ASSIGNMENT((#9667));
#9661=PRESENTATION_STYLE_ASSIGNMENT((#9668));
#9662=PRESENTATION_STYLE_ASSIGNMENT((#9669));
#9663=PRESENTATION_STYLE_ASSIGNMENT((#9670));
#9664=SURFACE_STYLE_USAGE(.BOTH.,#9671);
#9665=SURFACE_STYLE_USAGE(.BOTH.,#9672);
#9666=SURFACE_STYLE_USAGE(.BOTH.,#9673);
#9667=SURFACE_STYLE_USAGE(.BOTH.,#9674);
#9668=SURFACE_STYLE_USAGE(.BOTH.,#9675);
#9669=SURFACE_STYLE_USAGE(.BOTH.,#9676);
#9670=SURFACE_STYLE_USAGE(.BOTH.,#9677);
#9671=SURFACE_SIDE_STYLE('',(#9678));
#9672=SURFACE_SIDE_STYLE('',(#9679));
#9673=SURFACE_SIDE_STYLE('',(#9680));
#9674=SURFACE_SIDE_STYLE('',(#9681));
#9675=SURFACE_SIDE_STYLE('',(#9682));
#9676=SURFACE_SIDE_STYLE('',(#9683));
#9677=SURFACE_SIDE_STYLE('',(#9684));
#9678=SURFACE_STYLE_FILL_AREA(#9685);
#9679=SURFACE_STYLE_FILL_AREA(#9686);
#9680=SURFACE_STYLE_FILL_AREA(#9687);
#9681=SURFACE_STYLE_FILL_AREA(#9688);
#9682=SURFACE_STYLE_FILL_AREA(#9689);
#9683=SURFACE_STYLE_FILL_AREA(#9690);
#9684=SURFACE_STYLE_FILL_AREA(#9691);
#9685=FILL_AREA_STYLE('Opaque(202,209,238)',(#9692));
#9686=FILL_AREA_STYLE('Opaque(25,25,25)',(#9693));
#9687=FILL_AREA_STYLE('Opaque(244,229,167)',(#9694));
#9688=FILL_AREA_STYLE('Opaque(160,160,160)',(#9695));
#9689=FILL_AREA_STYLE('Opaque(246,246,243)',(#9696));
#9690=FILL_AREA_STYLE('Paint - Enamel Glossy (Red)',(#9697));
#9691=FILL_AREA_STYLE('Paint - Enamel Glossy (Blue)',(#9698));
#9692=FILL_AREA_STYLE_COLOUR('Opaque(202,209,238)',#9699);
#9693=FILL_AREA_STYLE_COLOUR('Opaque(25,25,25)',#9700);
#9694=FILL_AREA_STYLE_COLOUR('Opaque(244,229,167)',#9701);
#9695=FILL_AREA_STYLE_COLOUR('Opaque(160,160,160)',#9702);
#9696=FILL_AREA_STYLE_COLOUR('Opaque(246,246,243)',#9703);
#9697=FILL_AREA_STYLE_COLOUR('Paint - Enamel Glossy (Red)',#9704);
#9698=FILL_AREA_STYLE_COLOUR('Paint - Enamel Glossy (Blue)',#9705);
#9699=COLOUR_RGB('Opaque(202,209,238)',0.792156862745098,0.819607843137255,
0.933333333333333);
#9700=COLOUR_RGB('Opaque(25,25,25)',0.0980392156862745,0.0980392156862745,
0.0980392156862745);
#9701=COLOUR_RGB('Opaque(244,229,167)',0.956862745098039,0.898039215686275,
0.654901960784314);
#9702=COLOUR_RGB('Opaque(160,160,160)',0.627450980392157,0.627450980392157,
0.627450980392157);
#9703=COLOUR_RGB('Opaque(246,246,243)',0.964705882352941,0.964705882352941,
0.952941176470588);
#9704=COLOUR_RGB('Paint - Enamel Glossy (Red)',0.768627450980392,0.207843137254902,
0.152941176470588);
#9705=COLOUR_RGB('Paint - Enamel Glossy (Blue)',0.188235294117647,0.231372549019608,
0.588235294117647);
ENDSEC;
END-ISO-10303-21;
