ISO-10303-21;
HEADER;
/* Generated by software containing ST-Developer
 * from STEP Tools, Inc. (www.steptools.com) 
 */

FILE_DESCRIPTION(
/* description */ ('KiCad electronic assembly'),
/* implementation_level */ '2;1');

FILE_NAME(
/* name */ 'rightbottom.step',
/* time_stamp */ '2026-06-16T12:02:27+05:30',
/* author */ (''),
/* organization */ (''),
/* preprocessor_version */ 'ST-DEVELOPER v20.1',
/* originating_system */ 'Autodesk Translation Framework v15.8.0.0',
/* authorisation */ '');

FILE_SCHEMA (('AUTOMOTIVE_DESIGN { 1 0 10303 214 3 1 1 }'));
ENDSEC;

DATA;
#10=MECHANICAL_DESIGN_GEOMETRIC_PRESENTATION_REPRESENTATION('',(#13),#6658);
#11=SHAPE_REPRESENTATION_RELATIONSHIP('SRR','None',#6664,#12);
#12=ADVANCED_BREP_SHAPE_REPRESENTATION('',(#14),#6657);
#13=STYLED_ITEM('',(#6679),#14);
#14=MANIFOLD_SOLID_BREP('rightbottom',#2572);
#15=FACE_BOUND('',#665,.T.);
#16=FACE_BOUND('',#667,.T.);
#17=FACE_BOUND('',#764,.T.);
#18=PLANE('',#2677);
#19=PLANE('',#2678);
#20=PLANE('',#2679);
#21=PLANE('',#2680);
#22=PLANE('',#2681);
#23=PLANE('',#2682);
#24=PLANE('',#2683);
#25=PLANE('',#2724);
#26=PLANE('',#2728);
#27=PLANE('',#2730);
#28=PLANE('',#2731);
#29=PLANE('',#2734);
#30=PLANE('',#2736);
#31=PLANE('',#2738);
#32=PLANE('',#2739);
#33=PLANE('',#2742);
#34=PLANE('',#2744);
#35=PLANE('',#2746);
#36=PLANE('',#2747);
#37=PLANE('',#2750);
#38=PLANE('',#2752);
#39=PLANE('',#2754);
#40=PLANE('',#2755);
#41=PLANE('',#2758);
#42=PLANE('',#2760);
#43=PLANE('',#2762);
#44=PLANE('',#2763);
#45=PLANE('',#2766);
#46=PLANE('',#2771);
#47=PLANE('',#2776);
#48=PLANE('',#2781);
#49=PLANE('',#2786);
#50=PLANE('',#2789);
#51=PLANE('',#2790);
#52=PLANE('',#2791);
#53=PLANE('',#2792);
#54=PLANE('',#2793);
#55=PLANE('',#2794);
#56=PLANE('',#2797);
#57=PLANE('',#2798);
#58=PLANE('',#2799);
#59=PLANE('',#2802);
#60=PLANE('',#2803);
#61=PLANE('',#2804);
#62=PLANE('',#2807);
#63=PLANE('',#2808);
#64=PLANE('',#2809);
#65=PLANE('',#2812);
#66=PLANE('',#2813);
#67=PLANE('',#2814);
#68=PLANE('',#2817);
#69=PLANE('',#2818);
#70=PLANE('',#2819);
#71=LINE('',#5870,#242);
#72=LINE('',#5875,#243);
#73=LINE('',#5877,#244);
#74=LINE('',#5879,#245);
#75=LINE('',#5880,#246);
#76=LINE('',#5883,#247);
#77=LINE('',#5885,#248);
#78=LINE('',#5886,#249);
#79=LINE('',#5889,#250);
#80=LINE('',#5891,#251);
#81=LINE('',#5892,#252);
#82=LINE('',#5895,#253);
#83=LINE('',#5897,#254);
#84=LINE('',#5898,#255);
#85=LINE('',#5901,#256);
#86=LINE('',#5903,#257);
#87=LINE('',#5904,#258);
#88=LINE('',#5907,#259);
#89=LINE('',#5909,#260);
#90=LINE('',#5911,#261);
#91=LINE('',#5913,#262);
#92=LINE('',#5914,#263);
#93=LINE('',#5916,#264);
#94=LINE('',#5917,#265);
#95=LINE('',#5918,#266);
#96=LINE('',#5919,#267);
#97=LINE('',#5920,#268);
#98=LINE('',#5921,#269);
#99=LINE('',#5922,#270);
#100=LINE('',#5923,#271);
#101=LINE('',#5924,#272);
#102=LINE('',#5925,#273);
#103=LINE('',#5929,#274);
#104=LINE('',#5931,#275);
#105=LINE('',#5935,#276);
#106=LINE('',#5937,#277);
#107=LINE('',#5939,#278);
#108=LINE('',#5941,#279);
#109=LINE('',#5945,#280);
#110=LINE('',#5951,#281);
#111=LINE('',#5953,#282);
#112=LINE('',#5995,#283);
#113=LINE('',#5996,#284);
#114=LINE('',#6002,#285);
#115=LINE('',#6004,#286);
#116=LINE('',#6083,#287);
#117=LINE('',#6084,#288);
#118=LINE('',#6086,#289);
#119=LINE('',#6168,#290);
#120=LINE('',#6170,#291);
#121=LINE('',#6174,#292);
#122=LINE('',#6254,#293);
#123=LINE('',#6369,#294);
#124=LINE('',#6371,#295);
#125=LINE('',#6375,#296);
#126=LINE('',#6378,#297);
#127=LINE('',#6380,#298);
#128=LINE('',#6381,#299);
#129=LINE('',#6383,#300);
#130=LINE('',#6385,#301);
#131=LINE('',#6387,#302);
#132=LINE('',#6391,#303);
#133=LINE('',#6393,#304);
#134=LINE('',#6397,#305);
#135=LINE('',#6400,#306);
#136=LINE('',#6402,#307);
#137=LINE('',#6403,#308);
#138=LINE('',#6405,#309);
#139=LINE('',#6407,#310);
#140=LINE('',#6409,#311);
#141=LINE('',#6411,#312);
#142=LINE('',#6415,#313);
#143=LINE('',#6417,#314);
#144=LINE('',#6421,#315);
#145=LINE('',#6424,#316);
#146=LINE('',#6426,#317);
#147=LINE('',#6427,#318);
#148=LINE('',#6429,#319);
#149=LINE('',#6431,#320);
#150=LINE('',#6433,#321);
#151=LINE('',#6435,#322);
#152=LINE('',#6439,#323);
#153=LINE('',#6441,#324);
#154=LINE('',#6445,#325);
#155=LINE('',#6448,#326);
#156=LINE('',#6450,#327);
#157=LINE('',#6451,#328);
#158=LINE('',#6453,#329);
#159=LINE('',#6455,#330);
#160=LINE('',#6457,#331);
#161=LINE('',#6459,#332);
#162=LINE('',#6463,#333);
#163=LINE('',#6465,#334);
#164=LINE('',#6469,#335);
#165=LINE('',#6472,#336);
#166=LINE('',#6474,#337);
#167=LINE('',#6475,#338);
#168=LINE('',#6477,#339);
#169=LINE('',#6479,#340);
#170=LINE('',#6481,#341);
#171=LINE('',#6483,#342);
#172=LINE('',#6486,#343);
#173=LINE('',#6488,#344);
#174=LINE('',#6489,#345);
#175=LINE('',#6493,#346);
#176=LINE('',#6496,#347);
#177=LINE('',#6497,#348);
#178=LINE('',#6501,#349);
#179=LINE('',#6504,#350);
#180=LINE('',#6507,#351);
#181=LINE('',#6510,#352);
#182=LINE('',#6511,#353);
#183=LINE('',#6515,#354);
#184=LINE('',#6518,#355);
#185=LINE('',#6521,#356);
#186=LINE('',#6524,#357);
#187=LINE('',#6525,#358);
#188=LINE('',#6529,#359);
#189=LINE('',#6532,#360);
#190=LINE('',#6535,#361);
#191=LINE('',#6538,#362);
#192=LINE('',#6539,#363);
#193=LINE('',#6543,#364);
#194=LINE('',#6546,#365);
#195=LINE('',#6549,#366);
#196=LINE('',#6552,#367);
#197=LINE('',#6553,#368);
#198=LINE('',#6557,#369);
#199=LINE('',#6560,#370);
#200=LINE('',#6561,#371);
#201=LINE('',#6564,#372);
#202=LINE('',#6565,#373);
#203=LINE('',#6568,#374);
#204=LINE('',#6569,#375);
#205=LINE('',#6572,#376);
#206=LINE('',#6573,#377);
#207=LINE('',#6575,#378);
#208=LINE('',#6578,#379);
#209=LINE('',#6579,#380);
#210=LINE('',#6583,#381);
#211=LINE('',#6586,#382);
#212=LINE('',#6587,#383);
#213=LINE('',#6590,#384);
#214=LINE('',#6591,#385);
#215=LINE('',#6594,#386);
#216=LINE('',#6595,#387);
#217=LINE('',#6599,#388);
#218=LINE('',#6602,#389);
#219=LINE('',#6603,#390);
#220=LINE('',#6606,#391);
#221=LINE('',#6607,#392);
#222=LINE('',#6610,#393);
#223=LINE('',#6611,#394);
#224=LINE('',#6615,#395);
#225=LINE('',#6618,#396);
#226=LINE('',#6619,#397);
#227=LINE('',#6622,#398);
#228=LINE('',#6623,#399);
#229=LINE('',#6626,#400);
#230=LINE('',#6627,#401);
#231=LINE('',#6631,#402);
#232=LINE('',#6634,#403);
#233=LINE('',#6635,#404);
#234=LINE('',#6638,#405);
#235=LINE('',#6639,#406);
#236=LINE('',#6642,#407);
#237=LINE('',#6643,#408);
#238=LINE('',#6647,#409);
#239=LINE('',#6650,#410);
#240=LINE('',#6651,#411);
#241=LINE('',#6653,#412);
#242=VECTOR('',#3026,1.59999999999998);
#243=VECTOR('',#3031,10.);
#244=VECTOR('',#3032,10.);
#245=VECTOR('',#3033,10.);
#246=VECTOR('',#3034,10.);
#247=VECTOR('',#3037,10.);
#248=VECTOR('',#3038,10.);
#249=VECTOR('',#3039,10.);
#250=VECTOR('',#3042,10.);
#251=VECTOR('',#3043,10.);
#252=VECTOR('',#3044,10.);
#253=VECTOR('',#3047,10.);
#254=VECTOR('',#3048,10.);
#255=VECTOR('',#3049,10.);
#256=VECTOR('',#3052,10.);
#257=VECTOR('',#3053,10.);
#258=VECTOR('',#3054,10.);
#259=VECTOR('',#3057,10.);
#260=VECTOR('',#3058,10.);
#261=VECTOR('',#3059,10.);
#262=VECTOR('',#3060,10.);
#263=VECTOR('',#3061,10.);
#264=VECTOR('',#3064,10.);
#265=VECTOR('',#3065,10.);
#266=VECTOR('',#3066,10.);
#267=VECTOR('',#3067,10.);
#268=VECTOR('',#3068,10.);
#269=VECTOR('',#3069,10.);
#270=VECTOR('',#3070,10.);
#271=VECTOR('',#3071,10.);
#272=VECTOR('',#3072,10.);
#273=VECTOR('',#3073,10.);
#274=VECTOR('',#3078,10.);
#275=VECTOR('',#3081,10.);
#276=VECTOR('',#3086,10.);
#277=VECTOR('',#3089,10.);
#278=VECTOR('',#3092,10.);
#279=VECTOR('',#3095,10.);
#280=VECTOR('',#3100,10.);
#281=VECTOR('',#3105,10.);
#282=VECTOR('',#3108,10.);
#283=VECTOR('',#3115,10.);
#284=VECTOR('',#3116,10.);
#285=VECTOR('',#3121,10.);
#286=VECTOR('',#3124,10.);
#287=VECTOR('',#3133,10.);
#288=VECTOR('',#3134,10.);
#289=VECTOR('',#3137,10.);
#290=VECTOR('',#3148,10.);
#291=VECTOR('',#3151,10.);
#292=VECTOR('',#3156,10.);
#293=VECTOR('',#3167,10.);
#294=VECTOR('',#3176,10.);
#295=VECTOR('',#3177,10.);
#296=VECTOR('',#3180,10.);
#297=VECTOR('',#3183,10.);
#298=VECTOR('',#3186,10.);
#299=VECTOR('',#3187,10.);
#300=VECTOR('',#3190,10.);
#301=VECTOR('',#3193,10.);
#302=VECTOR('',#3196,10.);
#303=VECTOR('',#3199,10.);
#304=VECTOR('',#3200,10.);
#305=VECTOR('',#3203,10.);
#306=VECTOR('',#3206,10.);
#307=VECTOR('',#3209,10.);
#308=VECTOR('',#3210,10.);
#309=VECTOR('',#3213,10.);
#310=VECTOR('',#3216,10.);
#311=VECTOR('',#3219,10.);
#312=VECTOR('',#3222,10.);
#313=VECTOR('',#3225,10.);
#314=VECTOR('',#3226,10.);
#315=VECTOR('',#3229,10.);
#316=VECTOR('',#3232,10.);
#317=VECTOR('',#3235,10.);
#318=VECTOR('',#3236,10.);
#319=VECTOR('',#3239,10.);
#320=VECTOR('',#3242,10.);
#321=VECTOR('',#3245,10.);
#322=VECTOR('',#3248,10.);
#323=VECTOR('',#3251,10.);
#324=VECTOR('',#3252,10.);
#325=VECTOR('',#3255,10.);
#326=VECTOR('',#3258,10.);
#327=VECTOR('',#3261,10.);
#328=VECTOR('',#3262,10.);
#329=VECTOR('',#3265,10.);
#330=VECTOR('',#3268,10.);
#331=VECTOR('',#3271,10.);
#332=VECTOR('',#3274,10.);
#333=VECTOR('',#3277,10.);
#334=VECTOR('',#3278,10.);
#335=VECTOR('',#3281,10.);
#336=VECTOR('',#3284,10.);
#337=VECTOR('',#3287,10.);
#338=VECTOR('',#3288,10.);
#339=VECTOR('',#3291,10.);
#340=VECTOR('',#3294,10.);
#341=VECTOR('',#3297,10.);
#342=VECTOR('',#3300,10.);
#343=VECTOR('',#3303,10.);
#344=VECTOR('',#3304,10.);
#345=VECTOR('',#3305,10.);
#346=VECTOR('',#3310,10.);
#347=VECTOR('',#3313,10.);
#348=VECTOR('',#3314,10.);
#349=VECTOR('',#3319,10.);
#350=VECTOR('',#3322,10.);
#351=VECTOR('',#3325,10.);
#352=VECTOR('',#3328,10.);
#353=VECTOR('',#3329,10.);
#354=VECTOR('',#3334,10.);
#355=VECTOR('',#3337,10.);
#356=VECTOR('',#3340,10.);
#357=VECTOR('',#3343,10.);
#358=VECTOR('',#3344,10.);
#359=VECTOR('',#3349,10.);
#360=VECTOR('',#3352,10.);
#361=VECTOR('',#3355,10.);
#362=VECTOR('',#3358,10.);
#363=VECTOR('',#3359,10.);
#364=VECTOR('',#3364,10.);
#365=VECTOR('',#3367,10.);
#366=VECTOR('',#3370,10.);
#367=VECTOR('',#3373,10.);
#368=VECTOR('',#3374,10.);
#369=VECTOR('',#3379,10.);
#370=VECTOR('',#3382,10.);
#371=VECTOR('',#3383,10.);
#372=VECTOR('',#3386,10.);
#373=VECTOR('',#3387,10.);
#374=VECTOR('',#3390,10.);
#375=VECTOR('',#3391,10.);
#376=VECTOR('',#3394,10.);
#377=VECTOR('',#3395,10.);
#378=VECTOR('',#3398,10.);
#379=VECTOR('',#3401,10.);
#380=VECTOR('',#3402,10.);
#381=VECTOR('',#3407,10.);
#382=VECTOR('',#3410,10.);
#383=VECTOR('',#3411,10.);
#384=VECTOR('',#3414,10.);
#385=VECTOR('',#3415,10.);
#386=VECTOR('',#3418,10.);
#387=VECTOR('',#3419,10.);
#388=VECTOR('',#3424,10.);
#389=VECTOR('',#3427,10.);
#390=VECTOR('',#3428,10.);
#391=VECTOR('',#3431,10.);
#392=VECTOR('',#3432,10.);
#393=VECTOR('',#3435,10.);
#394=VECTOR('',#3436,10.);
#395=VECTOR('',#3441,10.);
#396=VECTOR('',#3444,10.);
#397=VECTOR('',#3445,10.);
#398=VECTOR('',#3448,10.);
#399=VECTOR('',#3449,10.);
#400=VECTOR('',#3452,10.);
#401=VECTOR('',#3453,10.);
#402=VECTOR('',#3458,10.);
#403=VECTOR('',#3461,10.);
#404=VECTOR('',#3462,10.);
#405=VECTOR('',#3465,10.);
#406=VECTOR('',#3466,10.);
#407=VECTOR('',#3469,10.);
#408=VECTOR('',#3470,10.);
#409=VECTOR('',#3475,10.);
#410=VECTOR('',#3478,10.);
#411=VECTOR('',#3479,10.);
#412=VECTOR('',#3482,10.);
#413=CYLINDRICAL_SURFACE('',#2674,1.59999999999998);
#414=CYLINDRICAL_SURFACE('',#2684,2.);
#415=CYLINDRICAL_SURFACE('',#2686,2.);
#416=CYLINDRICAL_SURFACE('',#2687,2.);
#417=CYLINDRICAL_SURFACE('',#2689,2.);
#418=CYLINDRICAL_SURFACE('',#2690,2.);
#419=CYLINDRICAL_SURFACE('',#2691,2.);
#420=CYLINDRICAL_SURFACE('',#2692,2.);
#421=CYLINDRICAL_SURFACE('',#2694,2.);
#422=CYLINDRICAL_SURFACE('',#2698,2.);
#423=CYLINDRICAL_SURFACE('',#2700,2.);
#424=CYLINDRICAL_SURFACE('',#2705,2.);
#425=CYLINDRICAL_SURFACE('',#2707,2.);
#426=CYLINDRICAL_SURFACE('',#2711,2.);
#427=CYLINDRICAL_SURFACE('',#2714,2.);
#428=CYLINDRICAL_SURFACE('',#2719,2.);
#429=CYLINDRICAL_SURFACE('',#2727,1.53975682302333);
#430=CYLINDRICAL_SURFACE('',#2729,1.86326067054209);
#431=CYLINDRICAL_SURFACE('',#2735,1.86326067054208);
#432=CYLINDRICAL_SURFACE('',#2737,1.76011187643021);
#433=CYLINDRICAL_SURFACE('',#2743,1.76011187643023);
#434=CYLINDRICAL_SURFACE('',#2745,1.43310506419554);
#435=CYLINDRICAL_SURFACE('',#2751,1.43310506419543);
#436=CYLINDRICAL_SURFACE('',#2753,1.64932971718281);
#437=CYLINDRICAL_SURFACE('',#2759,1.6493297171828);
#438=CYLINDRICAL_SURFACE('',#2761,1.69991062372798);
#439=CYLINDRICAL_SURFACE('',#2764,1.69991062372799);
#440=CYLINDRICAL_SURFACE('',#2767,1.84376534082433);
#441=CYLINDRICAL_SURFACE('',#2769,1.84376534082431);
#442=CYLINDRICAL_SURFACE('',#2772,1.56484189565725);
#443=CYLINDRICAL_SURFACE('',#2774,1.56484189565724);
#444=CYLINDRICAL_SURFACE('',#2777,1.78984231108269);
#445=CYLINDRICAL_SURFACE('',#2779,1.78984231108269);
#446=CYLINDRICAL_SURFACE('',#2782,1.44666640660257);
#447=CYLINDRICAL_SURFACE('',#2784,1.4466664066026);
#448=CYLINDRICAL_SURFACE('',#2787,1.53975682302334);
#449=CYLINDRICAL_SURFACE('',#2795,2.);
#450=CYLINDRICAL_SURFACE('',#2800,2.);
#451=CYLINDRICAL_SURFACE('',#2805,2.);
#452=CYLINDRICAL_SURFACE('',#2810,2.);
#453=CYLINDRICAL_SURFACE('',#2815,2.);
#454=FACE_OUTER_BOUND('',#608,.T.);
#455=FACE_OUTER_BOUND('',#609,.T.);
#456=FACE_OUTER_BOUND('',#610,.T.);
#457=FACE_OUTER_BOUND('',#611,.T.);
#458=FACE_OUTER_BOUND('',#612,.T.);
#459=FACE_OUTER_BOUND('',#613,.T.);
#460=FACE_OUTER_BOUND('',#614,.T.);
#461=FACE_OUTER_BOUND('',#615,.T.);
#462=FACE_OUTER_BOUND('',#616,.T.);
#463=FACE_OUTER_BOUND('',#617,.T.);
#464=FACE_OUTER_BOUND('',#618,.T.);
#465=FACE_OUTER_BOUND('',#619,.T.);
#466=FACE_OUTER_BOUND('',#620,.T.);
#467=FACE_OUTER_BOUND('',#621,.T.);
#468=FACE_OUTER_BOUND('',#622,.T.);
#469=FACE_OUTER_BOUND('',#623,.T.);
#470=FACE_OUTER_BOUND('',#624,.T.);
#471=FACE_OUTER_BOUND('',#625,.T.);
#472=FACE_OUTER_BOUND('',#626,.T.);
#473=FACE_OUTER_BOUND('',#627,.T.);
#474=FACE_OUTER_BOUND('',#628,.T.);
#475=FACE_OUTER_BOUND('',#629,.T.);
#476=FACE_OUTER_BOUND('',#630,.T.);
#477=FACE_OUTER_BOUND('',#631,.T.);
#478=FACE_OUTER_BOUND('',#632,.T.);
#479=FACE_OUTER_BOUND('',#633,.T.);
#480=FACE_OUTER_BOUND('',#634,.T.);
#481=FACE_OUTER_BOUND('',#635,.T.);
#482=FACE_OUTER_BOUND('',#636,.T.);
#483=FACE_OUTER_BOUND('',#637,.T.);
#484=FACE_OUTER_BOUND('',#638,.T.);
#485=FACE_OUTER_BOUND('',#639,.T.);
#486=FACE_OUTER_BOUND('',#640,.T.);
#487=FACE_OUTER_BOUND('',#641,.T.);
#488=FACE_OUTER_BOUND('',#642,.T.);
#489=FACE_OUTER_BOUND('',#643,.T.);
#490=FACE_OUTER_BOUND('',#644,.T.);
#491=FACE_OUTER_BOUND('',#645,.T.);
#492=FACE_OUTER_BOUND('',#646,.T.);
#493=FACE_OUTER_BOUND('',#647,.T.);
#494=FACE_OUTER_BOUND('',#648,.T.);
#495=FACE_OUTER_BOUND('',#649,.T.);
#496=FACE_OUTER_BOUND('',#650,.T.);
#497=FACE_OUTER_BOUND('',#651,.T.);
#498=FACE_OUTER_BOUND('',#652,.T.);
#499=FACE_OUTER_BOUND('',#653,.T.);
#500=FACE_OUTER_BOUND('',#654,.T.);
#501=FACE_OUTER_BOUND('',#655,.T.);
#502=FACE_OUTER_BOUND('',#656,.T.);
#503=FACE_OUTER_BOUND('',#657,.T.);
#504=FACE_OUTER_BOUND('',#658,.T.);
#505=FACE_OUTER_BOUND('',#659,.T.);
#506=FACE_OUTER_BOUND('',#660,.T.);
#507=FACE_OUTER_BOUND('',#661,.T.);
#508=FACE_OUTER_BOUND('',#662,.T.);
#509=FACE_OUTER_BOUND('',#663,.T.);
#510=FACE_OUTER_BOUND('',#664,.T.);
#511=FACE_OUTER_BOUND('',#666,.T.);
#512=FACE_OUTER_BOUND('',#668,.T.);
#513=FACE_OUTER_BOUND('',#669,.T.);
#514=FACE_OUTER_BOUND('',#670,.T.);
#515=FACE_OUTER_BOUND('',#671,.T.);
#516=FACE_OUTER_BOUND('',#672,.T.);
#517=FACE_OUTER_BOUND('',#673,.T.);
#518=FACE_OUTER_BOUND('',#674,.T.);
#519=FACE_OUTER_BOUND('',#675,.T.);
#520=FACE_OUTER_BOUND('',#676,.T.);
#521=FACE_OUTER_BOUND('',#677,.T.);
#522=FACE_OUTER_BOUND('',#678,.T.);
#523=FACE_OUTER_BOUND('',#679,.T.);
#524=FACE_OUTER_BOUND('',#680,.T.);
#525=FACE_OUTER_BOUND('',#681,.T.);
#526=FACE_OUTER_BOUND('',#682,.T.);
#527=FACE_OUTER_BOUND('',#683,.T.);
#528=FACE_OUTER_BOUND('',#684,.T.);
#529=FACE_OUTER_BOUND('',#685,.T.);
#530=FACE_OUTER_BOUND('',#686,.T.);
#531=FACE_OUTER_BOUND('',#687,.T.);
#532=FACE_OUTER_BOUND('',#688,.T.);
#533=FACE_OUTER_BOUND('',#689,.T.);
#534=FACE_OUTER_BOUND('',#690,.T.);
#535=FACE_OUTER_BOUND('',#691,.T.);
#536=FACE_OUTER_BOUND('',#692,.T.);
#537=FACE_OUTER_BOUND('',#693,.T.);
#538=FACE_OUTER_BOUND('',#694,.T.);
#539=FACE_OUTER_BOUND('',#695,.T.);
#540=FACE_OUTER_BOUND('',#696,.T.);
#541=FACE_OUTER_BOUND('',#697,.T.);
#542=FACE_OUTER_BOUND('',#698,.T.);
#543=FACE_OUTER_BOUND('',#699,.T.);
#544=FACE_OUTER_BOUND('',#700,.T.);
#545=FACE_OUTER_BOUND('',#701,.T.);
#546=FACE_OUTER_BOUND('',#702,.T.);
#547=FACE_OUTER_BOUND('',#703,.T.);
#548=FACE_OUTER_BOUND('',#704,.T.);
#549=FACE_OUTER_BOUND('',#705,.T.);
#550=FACE_OUTER_BOUND('',#706,.T.);
#551=FACE_OUTER_BOUND('',#707,.T.);
#552=FACE_OUTER_BOUND('',#708,.T.);
#553=FACE_OUTER_BOUND('',#709,.T.);
#554=FACE_OUTER_BOUND('',#710,.T.);
#555=FACE_OUTER_BOUND('',#711,.T.);
#556=FACE_OUTER_BOUND('',#712,.T.);
#557=FACE_OUTER_BOUND('',#713,.T.);
#558=FACE_OUTER_BOUND('',#714,.T.);
#559=FACE_OUTER_BOUND('',#715,.T.);
#560=FACE_OUTER_BOUND('',#716,.T.);
#561=FACE_OUTER_BOUND('',#717,.T.);
#562=FACE_OUTER_BOUND('',#718,.T.);
#563=FACE_OUTER_BOUND('',#719,.T.);
#564=FACE_OUTER_BOUND('',#720,.T.);
#565=FACE_OUTER_BOUND('',#721,.T.);
#566=FACE_OUTER_BOUND('',#722,.T.);
#567=FACE_OUTER_BOUND('',#723,.T.);
#568=FACE_OUTER_BOUND('',#724,.T.);
#569=FACE_OUTER_BOUND('',#725,.T.);
#570=FACE_OUTER_BOUND('',#726,.T.);
#571=FACE_OUTER_BOUND('',#727,.T.);
#572=FACE_OUTER_BOUND('',#728,.T.);
#573=FACE_OUTER_BOUND('',#729,.T.);
#574=FACE_OUTER_BOUND('',#730,.T.);
#575=FACE_OUTER_BOUND('',#731,.T.);
#576=FACE_OUTER_BOUND('',#732,.T.);
#577=FACE_OUTER_BOUND('',#733,.T.);
#578=FACE_OUTER_BOUND('',#734,.T.);
#579=FACE_OUTER_BOUND('',#735,.T.);
#580=FACE_OUTER_BOUND('',#736,.T.);
#581=FACE_OUTER_BOUND('',#737,.T.);
#582=FACE_OUTER_BOUND('',#738,.T.);
#583=FACE_OUTER_BOUND('',#739,.T.);
#584=FACE_OUTER_BOUND('',#740,.T.);
#585=FACE_OUTER_BOUND('',#741,.T.);
#586=FACE_OUTER_BOUND('',#742,.T.);
#587=FACE_OUTER_BOUND('',#743,.T.);
#588=FACE_OUTER_BOUND('',#744,.T.);
#589=FACE_OUTER_BOUND('',#745,.T.);
#590=FACE_OUTER_BOUND('',#746,.T.);
#591=FACE_OUTER_BOUND('',#747,.T.);
#592=FACE_OUTER_BOUND('',#748,.T.);
#593=FACE_OUTER_BOUND('',#749,.T.);
#594=FACE_OUTER_BOUND('',#750,.T.);
#595=FACE_OUTER_BOUND('',#751,.T.);
#596=FACE_OUTER_BOUND('',#752,.T.);
#597=FACE_OUTER_BOUND('',#753,.T.);
#598=FACE_OUTER_BOUND('',#754,.T.);
#599=FACE_OUTER_BOUND('',#755,.T.);
#600=FACE_OUTER_BOUND('',#756,.T.);
#601=FACE_OUTER_BOUND('',#757,.T.);
#602=FACE_OUTER_BOUND('',#758,.T.);
#603=FACE_OUTER_BOUND('',#759,.T.);
#604=FACE_OUTER_BOUND('',#760,.T.);
#605=FACE_OUTER_BOUND('',#761,.T.);
#606=FACE_OUTER_BOUND('',#762,.T.);
#607=FACE_OUTER_BOUND('',#763,.T.);
#608=EDGE_LOOP('',(#1592,#1593,#1594,#1595));
#609=EDGE_LOOP('',(#1596,#1597,#1598,#1599));
#610=EDGE_LOOP('',(#1600,#1601,#1602,#1603));
#611=EDGE_LOOP('',(#1604,#1605,#1606,#1607));
#612=EDGE_LOOP('',(#1608,#1609,#1610,#1611));
#613=EDGE_LOOP('',(#1612,#1613,#1614,#1615));
#614=EDGE_LOOP('',(#1616,#1617,#1618,#1619));
#615=EDGE_LOOP('',(#1620,#1621,#1622,#1623));
#616=EDGE_LOOP('',(#1624,#1625,#1626,#1627));
#617=EDGE_LOOP('',(#1628,#1629,#1630,#1631));
#618=EDGE_LOOP('',(#1632,#1633,#1634,#1635));
#619=EDGE_LOOP('',(#1636,#1637,#1638,#1639));
#620=EDGE_LOOP('',(#1640,#1641,#1642,#1643));
#621=EDGE_LOOP('',(#1644,#1645,#1646,#1647));
#622=EDGE_LOOP('',(#1648,#1649,#1650,#1651));
#623=EDGE_LOOP('',(#1652,#1653,#1654,#1655));
#624=EDGE_LOOP('',(#1656,#1657,#1658,#1659));
#625=EDGE_LOOP('',(#1660,#1661,#1662,#1663));
#626=EDGE_LOOP('',(#1664,#1665,#1666,#1667));
#627=EDGE_LOOP('',(#1668,#1669,#1670,#1671));
#628=EDGE_LOOP('',(#1672,#1673,#1674,#1675));
#629=EDGE_LOOP('',(#1676,#1677,#1678,#1679));
#630=EDGE_LOOP('',(#1680,#1681,#1682,#1683));
#631=EDGE_LOOP('',(#1684,#1685,#1686,#1687));
#632=EDGE_LOOP('',(#1688,#1689,#1690,#1691));
#633=EDGE_LOOP('',(#1692,#1693,#1694,#1695));
#634=EDGE_LOOP('',(#1696,#1697,#1698,#1699));
#635=EDGE_LOOP('',(#1700,#1701,#1702,#1703));
#636=EDGE_LOOP('',(#1704,#1705,#1706,#1707));
#637=EDGE_LOOP('',(#1708,#1709,#1710,#1711));
#638=EDGE_LOOP('',(#1712,#1713,#1714,#1715));
#639=EDGE_LOOP('',(#1716,#1717,#1718,#1719));
#640=EDGE_LOOP('',(#1720,#1721,#1722,#1723));
#641=EDGE_LOOP('',(#1724,#1725,#1726,#1727));
#642=EDGE_LOOP('',(#1728,#1729,#1730,#1731));
#643=EDGE_LOOP('',(#1732,#1733,#1734,#1735));
#644=EDGE_LOOP('',(#1736,#1737,#1738,#1739));
#645=EDGE_LOOP('',(#1740,#1741,#1742,#1743));
#646=EDGE_LOOP('',(#1744,#1745,#1746,#1747));
#647=EDGE_LOOP('',(#1748,#1749,#1750,#1751));
#648=EDGE_LOOP('',(#1752,#1753,#1754,#1755));
#649=EDGE_LOOP('',(#1756,#1757,#1758,#1759));
#650=EDGE_LOOP('',(#1760,#1761,#1762,#1763));
#651=EDGE_LOOP('',(#1764,#1765,#1766,#1767));
#652=EDGE_LOOP('',(#1768,#1769,#1770,#1771));
#653=EDGE_LOOP('',(#1772,#1773,#1774,#1775));
#654=EDGE_LOOP('',(#1776,#1777,#1778,#1779));
#655=EDGE_LOOP('',(#1780,#1781,#1782,#1783));
#656=EDGE_LOOP('',(#1784,#1785,#1786,#1787));
#657=EDGE_LOOP('',(#1788,#1789,#1790,#1791));
#658=EDGE_LOOP('',(#1792,#1793,#1794,#1795));
#659=EDGE_LOOP('',(#1796,#1797,#1798,#1799));
#660=EDGE_LOOP('',(#1800,#1801,#1802,#1803));
#661=EDGE_LOOP('',(#1804,#1805,#1806,#1807));
#662=EDGE_LOOP('',(#1808,#1809,#1810,#1811));
#663=EDGE_LOOP('',(#1812,#1813,#1814,#1815));
#664=EDGE_LOOP('',(#1816,#1817,#1818,#1819,#1820,#1821,#1822,#1823,#1824,
#1825));
#665=EDGE_LOOP('',(#1826));
#666=EDGE_LOOP('',(#1827,#1828,#1829,#1830,#1831,#1832,#1833,#1834,#1835,
#1836,#1837,#1838,#1839,#1840,#1841,#1842,#1843,#1844,#1845,#1846,#1847,
#1848,#1849,#1850,#1851,#1852,#1853,#1854,#1855,#1856));
#667=EDGE_LOOP('',(#1857));
#668=EDGE_LOOP('',(#1858,#1859,#1860,#1861,#1862,#1863));
#669=EDGE_LOOP('',(#1864,#1865,#1866,#1867,#1868,#1869));
#670=EDGE_LOOP('',(#1870,#1871,#1872,#1873,#1874,#1875));
#671=EDGE_LOOP('',(#1876,#1877,#1878,#1879,#1880,#1881));
#672=EDGE_LOOP('',(#1882,#1883,#1884,#1885,#1886,#1887));
#673=EDGE_LOOP('',(#1888,#1889,#1890,#1891,#1892,#1893));
#674=EDGE_LOOP('',(#1894,#1895,#1896,#1897,#1898,#1899));
#675=EDGE_LOOP('',(#1900,#1901,#1902,#1903,#1904));
#676=EDGE_LOOP('',(#1905,#1906,#1907,#1908));
#677=EDGE_LOOP('',(#1909,#1910,#1911,#1912,#1913));
#678=EDGE_LOOP('',(#1914,#1915,#1916,#1917,#1918));
#679=EDGE_LOOP('',(#1919,#1920,#1921,#1922));
#680=EDGE_LOOP('',(#1923,#1924,#1925,#1926));
#681=EDGE_LOOP('',(#1927,#1928,#1929,#1930,#1931));
#682=EDGE_LOOP('',(#1932,#1933,#1934,#1935,#1936,#1937));
#683=EDGE_LOOP('',(#1938,#1939,#1940,#1941));
#684=EDGE_LOOP('',(#1942,#1943,#1944,#1945));
#685=EDGE_LOOP('',(#1946,#1947,#1948,#1949,#1950));
#686=EDGE_LOOP('',(#1951,#1952,#1953,#1954,#1955,#1956));
#687=EDGE_LOOP('',(#1957,#1958,#1959,#1960));
#688=EDGE_LOOP('',(#1961,#1962,#1963,#1964));
#689=EDGE_LOOP('',(#1965,#1966,#1967,#1968,#1969,#1970));
#690=EDGE_LOOP('',(#1971,#1972,#1973,#1974));
#691=EDGE_LOOP('',(#1975,#1976,#1977,#1978));
#692=EDGE_LOOP('',(#1979,#1980,#1981,#1982));
#693=EDGE_LOOP('',(#1983,#1984,#1985,#1986,#1987,#1988));
#694=EDGE_LOOP('',(#1989,#1990,#1991,#1992,#1993));
#695=EDGE_LOOP('',(#1994,#1995,#1996,#1997));
#696=EDGE_LOOP('',(#1998,#1999,#2000,#2001,#2002));
#697=EDGE_LOOP('',(#2003,#2004,#2005,#2006));
#698=EDGE_LOOP('',(#2007,#2008,#2009,#2010,#2011,#2012));
#699=EDGE_LOOP('',(#2013,#2014,#2015,#2016));
#700=EDGE_LOOP('',(#2017,#2018,#2019,#2020,#2021));
#701=EDGE_LOOP('',(#2022,#2023,#2024,#2025));
#702=EDGE_LOOP('',(#2026,#2027,#2028,#2029,#2030));
#703=EDGE_LOOP('',(#2031,#2032,#2033,#2034));
#704=EDGE_LOOP('',(#2035,#2036,#2037,#2038,#2039,#2040));
#705=EDGE_LOOP('',(#2041,#2042,#2043,#2044));
#706=EDGE_LOOP('',(#2045,#2046,#2047,#2048,#2049));
#707=EDGE_LOOP('',(#2050,#2051,#2052,#2053));
#708=EDGE_LOOP('',(#2054,#2055,#2056,#2057,#2058));
#709=EDGE_LOOP('',(#2059,#2060,#2061,#2062));
#710=EDGE_LOOP('',(#2063,#2064,#2065,#2066,#2067,#2068));
#711=EDGE_LOOP('',(#2069,#2070,#2071,#2072));
#712=EDGE_LOOP('',(#2073,#2074,#2075,#2076,#2077));
#713=EDGE_LOOP('',(#2078,#2079,#2080,#2081));
#714=EDGE_LOOP('',(#2082,#2083,#2084,#2085,#2086));
#715=EDGE_LOOP('',(#2087,#2088,#2089,#2090));
#716=EDGE_LOOP('',(#2091,#2092,#2093,#2094,#2095,#2096));
#717=EDGE_LOOP('',(#2097,#2098,#2099,#2100));
#718=EDGE_LOOP('',(#2101,#2102,#2103,#2104,#2105));
#719=EDGE_LOOP('',(#2106,#2107,#2108,#2109));
#720=EDGE_LOOP('',(#2110,#2111,#2112,#2113,#2114));
#721=EDGE_LOOP('',(#2115,#2116,#2117,#2118));
#722=EDGE_LOOP('',(#2119,#2120,#2121,#2122));
#723=EDGE_LOOP('',(#2123,#2124,#2125,#2126,#2127));
#724=EDGE_LOOP('',(#2128,#2129,#2130,#2131));
#725=EDGE_LOOP('',(#2132,#2133,#2134,#2135,#2136));
#726=EDGE_LOOP('',(#2137,#2138,#2139,#2140,#2141));
#727=EDGE_LOOP('',(#2142,#2143,#2144,#2145));
#728=EDGE_LOOP('',(#2146,#2147,#2148,#2149,#2150));
#729=EDGE_LOOP('',(#2151,#2152,#2153,#2154,#2155));
#730=EDGE_LOOP('',(#2156,#2157,#2158,#2159));
#731=EDGE_LOOP('',(#2160,#2161,#2162,#2163,#2164));
#732=EDGE_LOOP('',(#2165,#2166,#2167,#2168,#2169));
#733=EDGE_LOOP('',(#2170,#2171,#2172,#2173));
#734=EDGE_LOOP('',(#2174,#2175,#2176,#2177,#2178));
#735=EDGE_LOOP('',(#2179,#2180,#2181,#2182,#2183));
#736=EDGE_LOOP('',(#2184,#2185,#2186,#2187));
#737=EDGE_LOOP('',(#2188,#2189,#2190,#2191,#2192));
#738=EDGE_LOOP('',(#2193,#2194,#2195,#2196));
#739=EDGE_LOOP('',(#2197,#2198,#2199,#2200));
#740=EDGE_LOOP('',(#2201,#2202,#2203,#2204));
#741=EDGE_LOOP('',(#2205,#2206,#2207,#2208));
#742=EDGE_LOOP('',(#2209,#2210,#2211,#2212));
#743=EDGE_LOOP('',(#2213,#2214,#2215,#2216));
#744=EDGE_LOOP('',(#2217,#2218,#2219,#2220,#2221));
#745=EDGE_LOOP('',(#2222,#2223,#2224,#2225));
#746=EDGE_LOOP('',(#2226,#2227,#2228,#2229,#2230,#2231));
#747=EDGE_LOOP('',(#2232,#2233,#2234,#2235));
#748=EDGE_LOOP('',(#2236,#2237,#2238,#2239,#2240));
#749=EDGE_LOOP('',(#2241,#2242,#2243,#2244));
#750=EDGE_LOOP('',(#2245,#2246,#2247,#2248,#2249,#2250));
#751=EDGE_LOOP('',(#2251,#2252,#2253,#2254));
#752=EDGE_LOOP('',(#2255,#2256,#2257,#2258,#2259));
#753=EDGE_LOOP('',(#2260,#2261,#2262,#2263));
#754=EDGE_LOOP('',(#2264,#2265,#2266,#2267,#2268,#2269));
#755=EDGE_LOOP('',(#2270,#2271,#2272,#2273));
#756=EDGE_LOOP('',(#2274,#2275,#2276,#2277,#2278));
#757=EDGE_LOOP('',(#2279,#2280,#2281,#2282));
#758=EDGE_LOOP('',(#2283,#2284,#2285,#2286,#2287,#2288));
#759=EDGE_LOOP('',(#2289,#2290,#2291,#2292));
#760=EDGE_LOOP('',(#2293,#2294,#2295,#2296,#2297));
#761=EDGE_LOOP('',(#2298,#2299,#2300,#2301));
#762=EDGE_LOOP('',(#2302,#2303,#2304,#2305,#2306,#2307));
#763=EDGE_LOOP('',(#2308,#2309,#2310,#2311,#2312,#2313,#2314,#2315,#2316,
#2317,#2318,#2319,#2320,#2321,#2322,#2323,#2324,#2325,#2326,#2327,#2328,
#2329,#2330,#2331,#2332,#2333,#2334,#2335,#2336,#2337,#2338,#2339,#2340,
#2341,#2342,#2343,#2344,#2345,#2346,#2347));
#764=EDGE_LOOP('',(#2348,#2349,#2350,#2351,#2352,#2353,#2354,#2355,#2356,
#2357));
#765=CIRCLE('',#2574,11.9241121504657);
#766=CIRCLE('',#2575,2.);
#767=CIRCLE('',#2576,2.);
#768=CIRCLE('',#2577,11.9241121504657);
#769=CIRCLE('',#2578,1.4466664066026);
#770=CIRCLE('',#2579,2.);
#771=CIRCLE('',#2580,2.);
#772=CIRCLE('',#2581,1.4466664066026);
#773=CIRCLE('',#2582,1.44666640660257);
#774=CIRCLE('',#2583,2.);
#775=CIRCLE('',#2584,10.853871483126);
#776=CIRCLE('',#2585,2.);
#777=CIRCLE('',#2586,2.);
#778=CIRCLE('',#2587,10.853871483126);
#779=CIRCLE('',#2588,1.53975682302333);
#780=CIRCLE('',#2589,2.);
#781=CIRCLE('',#2590,2.);
#782=CIRCLE('',#2591,1.53975682302333);
#783=CIRCLE('',#2592,1.53975682302334);
#784=CIRCLE('',#2593,2.);
#785=CIRCLE('',#2594,3.23176616921404);
#786=CIRCLE('',#2595,2.);
#787=CIRCLE('',#2596,2.);
#788=CIRCLE('',#2597,3.23176616921404);
#789=CIRCLE('',#2598,1.78984231108269);
#790=CIRCLE('',#2599,2.);
#791=CIRCLE('',#2600,2.);
#792=CIRCLE('',#2601,1.78984231108269);
#793=CIRCLE('',#2602,1.78984231108269);
#794=CIRCLE('',#2603,2.);
#795=CIRCLE('',#2604,1.86326067054209);
#796=CIRCLE('',#2605,2.);
#797=CIRCLE('',#2606,2.00000000000001);
#798=CIRCLE('',#2607,1.86326067054209);
#799=CIRCLE('',#2608,2.73965252493015);
#800=CIRCLE('',#2609,2.00000000000001);
#801=CIRCLE('',#2610,2.);
#802=CIRCLE('',#2611,2.73965252493015);
#803=CIRCLE('',#2612,1.86326067054208);
#804=CIRCLE('',#2613,2.);
#805=CIRCLE('',#2614,1.56484189565725);
#806=CIRCLE('',#2615,2.);
#807=CIRCLE('',#2616,1.99999999999999);
#808=CIRCLE('',#2617,1.56484189565725);
#809=CIRCLE('',#2618,6.1709373599185);
#810=CIRCLE('',#2619,1.99999999999999);
#811=CIRCLE('',#2620,2.);
#812=CIRCLE('',#2621,6.1709373599185);
#813=CIRCLE('',#2622,1.56484189565724);
#814=CIRCLE('',#2623,2.);
#815=CIRCLE('',#2624,3.46441653648588);
#816=CIRCLE('',#2625,2.00000000000002);
#817=CIRCLE('',#2626,2.);
#818=CIRCLE('',#2627,3.46441653648588);
#819=CIRCLE('',#2628,1.76011187643023);
#820=CIRCLE('',#2629,2.);
#821=CIRCLE('',#2630,2.00000000000001);
#822=CIRCLE('',#2631,1.76011187643023);
#823=CIRCLE('',#2632,1.76011187643021);
#824=CIRCLE('',#2633,2.00000000000001);
#825=CIRCLE('',#2634,1.84376534082433);
#826=CIRCLE('',#2635,1.99999999999999);
#827=CIRCLE('',#2636,2.);
#828=CIRCLE('',#2637,1.84376534082433);
#829=CIRCLE('',#2638,2.86109792769057);
#830=CIRCLE('',#2639,2.);
#831=CIRCLE('',#2640,2.);
#832=CIRCLE('',#2641,2.86109792769057);
#833=CIRCLE('',#2642,1.84376534082431);
#834=CIRCLE('',#2643,2.);
#835=CIRCLE('',#2644,1.43310506419554);
#836=CIRCLE('',#2645,2.00000000000001);
#837=CIRCLE('',#2646,2.00000000000001);
#838=CIRCLE('',#2647,1.43310506419554);
#839=CIRCLE('',#2648,13.4368337520851);
#840=CIRCLE('',#2649,2.00000000000001);
#841=CIRCLE('',#2650,2.);
#842=CIRCLE('',#2651,13.4368337520851);
#843=CIRCLE('',#2652,1.43310506419543);
#844=CIRCLE('',#2653,2.);
#845=CIRCLE('',#2654,4.02471154954871);
#846=CIRCLE('',#2655,2.);
#847=CIRCLE('',#2656,2.);
#848=CIRCLE('',#2657,4.02471154954871);
#849=CIRCLE('',#2658,1.69991062372799);
#850=CIRCLE('',#2659,2.);
#851=CIRCLE('',#2660,2.);
#852=CIRCLE('',#2661,1.69991062372799);
#853=CIRCLE('',#2662,1.69991062372798);
#854=CIRCLE('',#2663,2.);
#855=CIRCLE('',#2664,1.64932971718281);
#856=CIRCLE('',#2665,2.);
#857=CIRCLE('',#2666,2.00000000000001);
#858=CIRCLE('',#2667,1.64932971718281);
#859=CIRCLE('',#2668,4.63220721607058);
#860=CIRCLE('',#2669,2.00000000000001);
#861=CIRCLE('',#2670,2.);
#862=CIRCLE('',#2671,4.63220721607058);
#863=CIRCLE('',#2672,1.6493297171828);
#864=CIRCLE('',#2673,2.);
#865=CIRCLE('',#2675,1.59999999999998);
#866=CIRCLE('',#2676,1.59999999999998);
#867=CIRCLE('',#2685,2.);
#868=CIRCLE('',#2688,2.00000000000002);
#869=CIRCLE('',#2693,2.);
#870=CIRCLE('',#2695,2.);
#871=CIRCLE('',#2696,2.);
#872=CIRCLE('',#2697,1.6493297171828);
#873=CIRCLE('',#2699,2.);
#874=CIRCLE('',#2701,2.);
#875=CIRCLE('',#2702,2.00000000000001);
#876=CIRCLE('',#2703,1.69991062372798);
#877=CIRCLE('',#2704,1.43310506419543);
#878=CIRCLE('',#2706,2.);
#879=CIRCLE('',#2708,1.99999999999999);
#880=CIRCLE('',#2709,1.84376534082431);
#881=CIRCLE('',#2710,1.76011187643021);
#882=CIRCLE('',#2712,2.);
#883=CIRCLE('',#2713,2.);
#884=CIRCLE('',#2715,2.);
#885=CIRCLE('',#2716,2.);
#886=CIRCLE('',#2717,1.56484189565724);
#887=CIRCLE('',#2718,1.86326067054208);
#888=CIRCLE('',#2720,2.);
#889=CIRCLE('',#2721,1.78984231108269);
#890=CIRCLE('',#2722,1.53975682302334);
#891=CIRCLE('',#2723,1.44666640660257);
#892=CIRCLE('',#2725,1.86326067054209);
#893=CIRCLE('',#2726,1.53975682302333);
#894=CIRCLE('',#2732,1.76011187643021);
#895=CIRCLE('',#2733,1.86326067054208);
#896=CIRCLE('',#2740,1.43310506419554);
#897=CIRCLE('',#2741,1.76011187643023);
#898=CIRCLE('',#2748,1.64932971718281);
#899=CIRCLE('',#2749,1.43310506419543);
#900=CIRCLE('',#2756,1.69991062372798);
#901=CIRCLE('',#2757,1.6493297171828);
#902=CIRCLE('',#2765,1.69991062372799);
#903=CIRCLE('',#2768,1.84376534082433);
#904=CIRCLE('',#2770,1.84376534082431);
#905=CIRCLE('',#2773,1.56484189565725);
#906=CIRCLE('',#2775,1.56484189565724);
#907=CIRCLE('',#2778,1.78984231108269);
#908=CIRCLE('',#2780,1.78984231108269);
#909=CIRCLE('',#2783,1.44666640660257);
#910=CIRCLE('',#2785,1.4466664066026);
#911=CIRCLE('',#2788,1.53975682302334);
#912=CIRCLE('',#2796,2.);
#913=CIRCLE('',#2801,2.);
#914=CIRCLE('',#2806,2.);
#915=CIRCLE('',#2811,2.);
#916=CIRCLE('',#2816,2.);
#917=B_SPLINE_CURVE_WITH_KNOTS('',3,(#3524,#3525,#3526,#3527,#3528,#3529),
 .UNSPECIFIED.,.F.,.F.,(4,1,1,4),(0.,0.333333333333333,0.666666666666667,
1.),.UNSPECIFIED.);
#918=B_SPLINE_CURVE_WITH_KNOTS('',3,(#3531,#3532,#3533,#3534,#3535,#3536),
 .UNSPECIFIED.,.F.,.F.,(4,1,1,4),(0.,0.333333333333333,0.666666666666667,
1.),.UNSPECIFIED.);
#919=B_SPLINE_CURVE_WITH_KNOTS('',3,(#3577,#3578,#3579,#3580,#3581,#3582),
 .UNSPECIFIED.,.F.,.F.,(4,1,1,4),(0.,0.333333333333333,0.666666666666667,
1.),.UNSPECIFIED.);
#920=B_SPLINE_CURVE_WITH_KNOTS('',3,(#3623,#3624,#3625,#3626,#3627,#3628),
 .UNSPECIFIED.,.F.,.F.,(4,1,1,4),(0.,0.333333333333333,0.666666666666667,
1.),.UNSPECIFIED.);
#921=B_SPLINE_CURVE_WITH_KNOTS('',3,(#3669,#3670,#3671,#3672,#3673,#3674),
 .UNSPECIFIED.,.F.,.F.,(4,1,1,4),(0.,0.333333333333333,0.666666666666667,
1.),.UNSPECIFIED.);
#922=B_SPLINE_CURVE_WITH_KNOTS('',3,(#3715,#3716,#3717,#3718,#3719,#3720),
 .UNSPECIFIED.,.F.,.F.,(4,1,1,4),(0.,0.333333333333333,0.666666666666667,
1.),.UNSPECIFIED.);
#923=B_SPLINE_CURVE_WITH_KNOTS('',3,(#3762,#3763,#3764,#3765,#3766,#3767),
 .UNSPECIFIED.,.F.,.F.,(4,1,1,4),(0.,0.333333333333333,0.666666666666667,
1.),.UNSPECIFIED.);
#924=B_SPLINE_CURVE_WITH_KNOTS('',3,(#3769,#3770,#3771,#3772,#3773,#3774),
 .UNSPECIFIED.,.F.,.F.,(4,1,1,4),(0.,0.333333333333333,0.666666666666667,
1.),.UNSPECIFIED.);
#925=B_SPLINE_CURVE_WITH_KNOTS('',3,(#3815,#3816,#3817,#3818,#3819,#3820),
 .UNSPECIFIED.,.F.,.F.,(4,1,1,4),(0.,0.333333333333333,0.666666666666667,
1.),.UNSPECIFIED.);
#926=B_SPLINE_CURVE_WITH_KNOTS('',3,(#3861,#3862,#3863,#3864,#3865,#3866),
 .UNSPECIFIED.,.F.,.F.,(4,1,1,4),(0.,0.333333333333333,0.666666666666667,
1.),.UNSPECIFIED.);
#927=B_SPLINE_CURVE_WITH_KNOTS('',3,(#3907,#3908,#3909,#3910,#3911,#3912),
 .UNSPECIFIED.,.F.,.F.,(4,1,1,4),(0.,0.333333333333333,0.666666666666667,
1.),.UNSPECIFIED.);
#928=B_SPLINE_CURVE_WITH_KNOTS('',3,(#3953,#3954,#3955,#3956,#3957,#3958),
 .UNSPECIFIED.,.F.,.F.,(4,1,1,4),(0.,0.333333333333333,0.666666666666667,
1.),.UNSPECIFIED.);
#929=B_SPLINE_CURVE_WITH_KNOTS('',3,(#4000,#4001,#4002,#4003,#4004,#4005),
 .UNSPECIFIED.,.F.,.F.,(4,1,1,4),(0.,0.333333333333333,0.666666666666667,
1.),.UNSPECIFIED.);
#930=B_SPLINE_CURVE_WITH_KNOTS('',3,(#4007,#4008,#4009,#4010,#4011,#4012),
 .UNSPECIFIED.,.F.,.F.,(4,1,1,4),(0.,0.333333333333333,0.666666666666667,
1.),.UNSPECIFIED.);
#931=B_SPLINE_CURVE_WITH_KNOTS('',3,(#4053,#4054,#4055,#4056,#4057,#4058),
 .UNSPECIFIED.,.F.,.F.,(4,1,1,4),(0.,0.333333333333333,0.666666666666667,
1.),.UNSPECIFIED.);
#932=B_SPLINE_CURVE_WITH_KNOTS('',3,(#4099,#4100,#4101,#4102,#4103,#4104),
 .UNSPECIFIED.,.F.,.F.,(4,1,1,4),(0.,0.333333333333333,0.666666666666667,
1.),.UNSPECIFIED.);
#933=B_SPLINE_CURVE_WITH_KNOTS('',3,(#4145,#4146,#4147,#4148,#4149,#4150),
 .UNSPECIFIED.,.F.,.F.,(4,1,1,4),(0.,0.333333333333333,0.666666666666667,
1.),.UNSPECIFIED.);
#934=B_SPLINE_CURVE_WITH_KNOTS('',3,(#4191,#4192,#4193,#4194,#4195,#4196),
 .UNSPECIFIED.,.F.,.F.,(4,1,1,4),(0.,0.333333333333333,0.666666666666667,
1.),.UNSPECIFIED.);
#935=B_SPLINE_CURVE_WITH_KNOTS('',3,(#4238,#4239,#4240,#4241,#4242,#4243),
 .UNSPECIFIED.,.F.,.F.,(4,1,1,4),(0.,0.333333333333333,0.666666666666667,
1.),.UNSPECIFIED.);
#936=B_SPLINE_CURVE_WITH_KNOTS('',3,(#4245,#4246,#4247,#4248,#4249,#4250),
 .UNSPECIFIED.,.F.,.F.,(4,1,1,4),(0.,0.333333333333333,0.666666666666667,
1.),.UNSPECIFIED.);
#937=B_SPLINE_CURVE_WITH_KNOTS('',3,(#4291,#4292,#4293,#4294,#4295,#4296),
 .UNSPECIFIED.,.F.,.F.,(4,1,1,4),(0.,0.333333333333333,0.666666666666667,
1.),.UNSPECIFIED.);
#938=B_SPLINE_CURVE_WITH_KNOTS('',3,(#4337,#4338,#4339,#4340,#4341,#4342),
 .UNSPECIFIED.,.F.,.F.,(4,1,1,4),(0.,0.333333333333333,0.666666666666667,
1.),.UNSPECIFIED.);
#939=B_SPLINE_CURVE_WITH_KNOTS('',3,(#4383,#4384,#4385,#4386,#4387,#4388),
 .UNSPECIFIED.,.F.,.F.,(4,1,1,4),(0.,0.333333333333333,0.666666666666667,
1.),.UNSPECIFIED.);
#940=B_SPLINE_CURVE_WITH_KNOTS('',3,(#4429,#4430,#4431,#4432,#4433,#4434),
 .UNSPECIFIED.,.F.,.F.,(4,1,1,4),(0.,0.333333333333333,0.666666666666667,
1.),.UNSPECIFIED.);
#941=B_SPLINE_CURVE_WITH_KNOTS('',3,(#4476,#4477,#4478,#4479,#4480,#4481),
 .UNSPECIFIED.,.F.,.F.,(4,1,1,4),(0.,0.333333333333333,0.666666666666667,
1.),.UNSPECIFIED.);
#942=B_SPLINE_CURVE_WITH_KNOTS('',3,(#4483,#4484,#4485,#4486,#4487,#4488),
 .UNSPECIFIED.,.F.,.F.,(4,1,1,4),(0.,0.333333333333333,0.666666666666667,
1.),.UNSPECIFIED.);
#943=B_SPLINE_CURVE_WITH_KNOTS('',3,(#4529,#4530,#4531,#4532,#4533,#4534),
 .UNSPECIFIED.,.F.,.F.,(4,1,1,4),(0.,0.333333333333333,0.666666666666667,
1.),.UNSPECIFIED.);
#944=B_SPLINE_CURVE_WITH_KNOTS('',3,(#4575,#4576,#4577,#4578,#4579,#4580),
 .UNSPECIFIED.,.F.,.F.,(4,1,1,4),(0.,0.333333333333333,0.666666666666667,
1.),.UNSPECIFIED.);
#945=B_SPLINE_CURVE_WITH_KNOTS('',3,(#4621,#4622,#4623,#4624,#4625,#4626),
 .UNSPECIFIED.,.F.,.F.,(4,1,1,4),(0.,0.333333333333333,0.666666666666667,
1.),.UNSPECIFIED.);
#946=B_SPLINE_CURVE_WITH_KNOTS('',3,(#4667,#4668,#4669,#4670,#4671,#4672),
 .UNSPECIFIED.,.F.,.F.,(4,1,1,4),(0.,0.333333333333333,0.666666666666667,
1.),.UNSPECIFIED.);
#947=B_SPLINE_CURVE_WITH_KNOTS('',3,(#4714,#4715,#4716,#4717,#4718,#4719),
 .UNSPECIFIED.,.F.,.F.,(4,1,1,4),(0.,0.333333333333333,0.666666666666667,
1.),.UNSPECIFIED.);
#948=B_SPLINE_CURVE_WITH_KNOTS('',3,(#4721,#4722,#4723,#4724,#4725,#4726),
 .UNSPECIFIED.,.F.,.F.,(4,1,1,4),(0.,0.333333333333333,0.666666666666667,
1.),.UNSPECIFIED.);
#949=B_SPLINE_CURVE_WITH_KNOTS('',3,(#4767,#4768,#4769,#4770,#4771,#4772),
 .UNSPECIFIED.,.F.,.F.,(4,1,1,4),(0.,0.333333333333333,0.666666666666667,
1.),.UNSPECIFIED.);
#950=B_SPLINE_CURVE_WITH_KNOTS('',3,(#4813,#4814,#4815,#4816,#4817,#4818),
 .UNSPECIFIED.,.F.,.F.,(4,1,1,4),(0.,0.333333333333333,0.666666666666667,
1.),.UNSPECIFIED.);
#951=B_SPLINE_CURVE_WITH_KNOTS('',3,(#4859,#4860,#4861,#4862,#4863,#4864),
 .UNSPECIFIED.,.F.,.F.,(4,1,1,4),(0.,0.333333333333333,0.666666666666667,
1.),.UNSPECIFIED.);
#952=B_SPLINE_CURVE_WITH_KNOTS('',3,(#4905,#4906,#4907,#4908,#4909,#4910),
 .UNSPECIFIED.,.F.,.F.,(4,1,1,4),(0.,0.333333333333333,0.666666666666667,
1.),.UNSPECIFIED.);
#953=B_SPLINE_CURVE_WITH_KNOTS('',3,(#4952,#4953,#4954,#4955,#4956,#4957),
 .UNSPECIFIED.,.F.,.F.,(4,1,1,4),(0.,0.333333333333333,0.666666666666667,
1.),.UNSPECIFIED.);
#954=B_SPLINE_CURVE_WITH_KNOTS('',3,(#4959,#4960,#4961,#4962,#4963,#4964),
 .UNSPECIFIED.,.F.,.F.,(4,1,1,4),(0.,0.333333333333333,0.666666666666667,
1.),.UNSPECIFIED.);
#955=B_SPLINE_CURVE_WITH_KNOTS('',3,(#5005,#5006,#5007,#5008,#5009,#5010),
 .UNSPECIFIED.,.F.,.F.,(4,1,1,4),(0.,0.333333333333333,0.666666666666667,
1.),.UNSPECIFIED.);
#956=B_SPLINE_CURVE_WITH_KNOTS('',3,(#5051,#5052,#5053,#5054,#5055,#5056),
 .UNSPECIFIED.,.F.,.F.,(4,1,1,4),(0.,0.333333333333333,0.666666666666667,
1.),.UNSPECIFIED.);
#957=B_SPLINE_CURVE_WITH_KNOTS('',3,(#5097,#5098,#5099,#5100,#5101,#5102),
 .UNSPECIFIED.,.F.,.F.,(4,1,1,4),(0.,0.333333333333333,0.666666666666667,
1.),.UNSPECIFIED.);
#958=B_SPLINE_CURVE_WITH_KNOTS('',3,(#5143,#5144,#5145,#5146,#5147,#5148),
 .UNSPECIFIED.,.F.,.F.,(4,1,1,4),(0.,0.333333333333333,0.666666666666667,
1.),.UNSPECIFIED.);
#959=B_SPLINE_CURVE_WITH_KNOTS('',3,(#5190,#5191,#5192,#5193,#5194,#5195),
 .UNSPECIFIED.,.F.,.F.,(4,1,1,4),(0.,0.333333333333333,0.666666666666667,
1.),.UNSPECIFIED.);
#960=B_SPLINE_CURVE_WITH_KNOTS('',3,(#5197,#5198,#5199,#5200,#5201,#5202),
 .UNSPECIFIED.,.F.,.F.,(4,1,1,4),(0.,0.333333333333333,0.666666666666667,
1.),.UNSPECIFIED.);
#961=B_SPLINE_CURVE_WITH_KNOTS('',3,(#5243,#5244,#5245,#5246,#5247,#5248),
 .UNSPECIFIED.,.F.,.F.,(4,1,1,4),(0.,0.333333333333333,0.666666666666667,
1.),.UNSPECIFIED.);
#962=B_SPLINE_CURVE_WITH_KNOTS('',3,(#5289,#5290,#5291,#5292,#5293,#5294),
 .UNSPECIFIED.,.F.,.F.,(4,1,1,4),(0.,0.333333333333333,0.666666666666667,
1.),.UNSPECIFIED.);
#963=B_SPLINE_CURVE_WITH_KNOTS('',3,(#5335,#5336,#5337,#5338,#5339,#5340),
 .UNSPECIFIED.,.F.,.F.,(4,1,1,4),(0.,0.333333333333333,0.666666666666667,
1.),.UNSPECIFIED.);
#964=B_SPLINE_CURVE_WITH_KNOTS('',3,(#5381,#5382,#5383,#5384,#5385,#5386),
 .UNSPECIFIED.,.F.,.F.,(4,1,1,4),(0.,0.333333333333333,0.666666666666667,
1.),.UNSPECIFIED.);
#965=B_SPLINE_CURVE_WITH_KNOTS('',3,(#5428,#5429,#5430,#5431,#5432,#5433),
 .UNSPECIFIED.,.F.,.F.,(4,1,1,4),(0.,0.333333333333333,0.666666666666667,
1.),.UNSPECIFIED.);
#966=B_SPLINE_CURVE_WITH_KNOTS('',3,(#5435,#5436,#5437,#5438,#5439,#5440),
 .UNSPECIFIED.,.F.,.F.,(4,1,1,4),(0.,0.333333333333333,0.666666666666667,
1.),.UNSPECIFIED.);
#967=B_SPLINE_CURVE_WITH_KNOTS('',3,(#5481,#5482,#5483,#5484,#5485,#5486),
 .UNSPECIFIED.,.F.,.F.,(4,1,1,4),(0.,0.333333333333333,0.666666666666667,
1.),.UNSPECIFIED.);
#968=B_SPLINE_CURVE_WITH_KNOTS('',3,(#5527,#5528,#5529,#5530,#5531,#5532),
 .UNSPECIFIED.,.F.,.F.,(4,1,1,4),(0.,0.333333333333333,0.666666666666667,
1.),.UNSPECIFIED.);
#969=B_SPLINE_CURVE_WITH_KNOTS('',3,(#5573,#5574,#5575,#5576,#5577,#5578),
 .UNSPECIFIED.,.F.,.F.,(4,1,1,4),(0.,0.333333333333333,0.666666666666667,
1.),.UNSPECIFIED.);
#970=B_SPLINE_CURVE_WITH_KNOTS('',3,(#5619,#5620,#5621,#5622,#5623,#5624),
 .UNSPECIFIED.,.F.,.F.,(4,1,1,4),(0.,0.333333333333333,0.666666666666667,
1.),.UNSPECIFIED.);
#971=B_SPLINE_CURVE_WITH_KNOTS('',3,(#5666,#5667,#5668,#5669,#5670,#5671),
 .UNSPECIFIED.,.F.,.F.,(4,1,1,4),(0.,0.333333333333333,0.666666666666667,
1.),.UNSPECIFIED.);
#972=B_SPLINE_CURVE_WITH_KNOTS('',3,(#5673,#5674,#5675,#5676,#5677,#5678),
 .UNSPECIFIED.,.F.,.F.,(4,1,1,4),(0.,0.333333333333333,0.666666666666667,
1.),.UNSPECIFIED.);
#973=B_SPLINE_CURVE_WITH_KNOTS('',3,(#5719,#5720,#5721,#5722,#5723,#5724),
 .UNSPECIFIED.,.F.,.F.,(4,1,1,4),(0.,0.333333333333333,0.666666666666667,
1.),.UNSPECIFIED.);
#974=B_SPLINE_CURVE_WITH_KNOTS('',3,(#5765,#5766,#5767,#5768,#5769,#5770),
 .UNSPECIFIED.,.F.,.F.,(4,1,1,4),(0.,0.333333333333333,0.666666666666667,
1.),.UNSPECIFIED.);
#975=B_SPLINE_CURVE_WITH_KNOTS('',3,(#5811,#5812,#5813,#5814,#5815,#5816),
 .UNSPECIFIED.,.F.,.F.,(4,1,1,4),(0.,0.333333333333333,0.666666666666667,
1.),.UNSPECIFIED.);
#976=B_SPLINE_CURVE_WITH_KNOTS('',3,(#5857,#5858,#5859,#5860,#5861,#5862),
 .UNSPECIFIED.,.F.,.F.,(4,1,1,4),(0.,0.333333333333333,0.666666666666667,
1.),.UNSPECIFIED.);
#977=VERTEX_POINT('',#3522);
#978=VERTEX_POINT('',#3523);
#979=VERTEX_POINT('',#3530);
#980=VERTEX_POINT('',#3537);
#981=VERTEX_POINT('',#3576);
#982=VERTEX_POINT('',#3583);
#983=VERTEX_POINT('',#3622);
#984=VERTEX_POINT('',#3629);
#985=VERTEX_POINT('',#3668);
#986=VERTEX_POINT('',#3675);
#987=VERTEX_POINT('',#3714);
#988=VERTEX_POINT('',#3721);
#989=VERTEX_POINT('',#3760);
#990=VERTEX_POINT('',#3761);
#991=VERTEX_POINT('',#3768);
#992=VERTEX_POINT('',#3775);
#993=VERTEX_POINT('',#3814);
#994=VERTEX_POINT('',#3821);
#995=VERTEX_POINT('',#3860);
#996=VERTEX_POINT('',#3867);
#997=VERTEX_POINT('',#3906);
#998=VERTEX_POINT('',#3913);
#999=VERTEX_POINT('',#3952);
#1000=VERTEX_POINT('',#3959);
#1001=VERTEX_POINT('',#3998);
#1002=VERTEX_POINT('',#3999);
#1003=VERTEX_POINT('',#4006);
#1004=VERTEX_POINT('',#4013);
#1005=VERTEX_POINT('',#4052);
#1006=VERTEX_POINT('',#4059);
#1007=VERTEX_POINT('',#4098);
#1008=VERTEX_POINT('',#4105);
#1009=VERTEX_POINT('',#4144);
#1010=VERTEX_POINT('',#4151);
#1011=VERTEX_POINT('',#4190);
#1012=VERTEX_POINT('',#4197);
#1013=VERTEX_POINT('',#4236);
#1014=VERTEX_POINT('',#4237);
#1015=VERTEX_POINT('',#4244);
#1016=VERTEX_POINT('',#4251);
#1017=VERTEX_POINT('',#4290);
#1018=VERTEX_POINT('',#4297);
#1019=VERTEX_POINT('',#4336);
#1020=VERTEX_POINT('',#4343);
#1021=VERTEX_POINT('',#4382);
#1022=VERTEX_POINT('',#4389);
#1023=VERTEX_POINT('',#4428);
#1024=VERTEX_POINT('',#4435);
#1025=VERTEX_POINT('',#4474);
#1026=VERTEX_POINT('',#4475);
#1027=VERTEX_POINT('',#4482);
#1028=VERTEX_POINT('',#4489);
#1029=VERTEX_POINT('',#4528);
#1030=VERTEX_POINT('',#4535);
#1031=VERTEX_POINT('',#4574);
#1032=VERTEX_POINT('',#4581);
#1033=VERTEX_POINT('',#4620);
#1034=VERTEX_POINT('',#4627);
#1035=VERTEX_POINT('',#4666);
#1036=VERTEX_POINT('',#4673);
#1037=VERTEX_POINT('',#4712);
#1038=VERTEX_POINT('',#4713);
#1039=VERTEX_POINT('',#4720);
#1040=VERTEX_POINT('',#4727);
#1041=VERTEX_POINT('',#4766);
#1042=VERTEX_POINT('',#4773);
#1043=VERTEX_POINT('',#4812);
#1044=VERTEX_POINT('',#4819);
#1045=VERTEX_POINT('',#4858);
#1046=VERTEX_POINT('',#4865);
#1047=VERTEX_POINT('',#4904);
#1048=VERTEX_POINT('',#4911);
#1049=VERTEX_POINT('',#4950);
#1050=VERTEX_POINT('',#4951);
#1051=VERTEX_POINT('',#4958);
#1052=VERTEX_POINT('',#4965);
#1053=VERTEX_POINT('',#5004);
#1054=VERTEX_POINT('',#5011);
#1055=VERTEX_POINT('',#5050);
#1056=VERTEX_POINT('',#5057);
#1057=VERTEX_POINT('',#5096);
#1058=VERTEX_POINT('',#5103);
#1059=VERTEX_POINT('',#5142);
#1060=VERTEX_POINT('',#5149);
#1061=VERTEX_POINT('',#5188);
#1062=VERTEX_POINT('',#5189);
#1063=VERTEX_POINT('',#5196);
#1064=VERTEX_POINT('',#5203);
#1065=VERTEX_POINT('',#5242);
#1066=VERTEX_POINT('',#5249);
#1067=VERTEX_POINT('',#5288);
#1068=VERTEX_POINT('',#5295);
#1069=VERTEX_POINT('',#5334);
#1070=VERTEX_POINT('',#5341);
#1071=VERTEX_POINT('',#5380);
#1072=VERTEX_POINT('',#5387);
#1073=VERTEX_POINT('',#5426);
#1074=VERTEX_POINT('',#5427);
#1075=VERTEX_POINT('',#5434);
#1076=VERTEX_POINT('',#5441);
#1077=VERTEX_POINT('',#5480);
#1078=VERTEX_POINT('',#5487);
#1079=VERTEX_POINT('',#5526);
#1080=VERTEX_POINT('',#5533);
#1081=VERTEX_POINT('',#5572);
#1082=VERTEX_POINT('',#5579);
#1083=VERTEX_POINT('',#5618);
#1084=VERTEX_POINT('',#5625);
#1085=VERTEX_POINT('',#5664);
#1086=VERTEX_POINT('',#5665);
#1087=VERTEX_POINT('',#5672);
#1088=VERTEX_POINT('',#5679);
#1089=VERTEX_POINT('',#5718);
#1090=VERTEX_POINT('',#5725);
#1091=VERTEX_POINT('',#5764);
#1092=VERTEX_POINT('',#5771);
#1093=VERTEX_POINT('',#5810);
#1094=VERTEX_POINT('',#5817);
#1095=VERTEX_POINT('',#5856);
#1096=VERTEX_POINT('',#5863);
#1097=VERTEX_POINT('',#5867);
#1098=VERTEX_POINT('',#5869);
#1099=VERTEX_POINT('',#5873);
#1100=VERTEX_POINT('',#5874);
#1101=VERTEX_POINT('',#5876);
#1102=VERTEX_POINT('',#5878);
#1103=VERTEX_POINT('',#5882);
#1104=VERTEX_POINT('',#5884);
#1105=VERTEX_POINT('',#5888);
#1106=VERTEX_POINT('',#5890);
#1107=VERTEX_POINT('',#5894);
#1108=VERTEX_POINT('',#5896);
#1109=VERTEX_POINT('',#5900);
#1110=VERTEX_POINT('',#5902);
#1111=VERTEX_POINT('',#5906);
#1112=VERTEX_POINT('',#5908);
#1113=VERTEX_POINT('',#5910);
#1114=VERTEX_POINT('',#5912);
#1115=VERTEX_POINT('',#5927);
#1116=VERTEX_POINT('',#5933);
#1117=VERTEX_POINT('',#5943);
#1118=VERTEX_POINT('',#5947);
#1119=VERTEX_POINT('',#5948);
#1120=VERTEX_POINT('',#5950);
#1121=VERTEX_POINT('',#5992);
#1122=VERTEX_POINT('',#5993);
#1123=VERTEX_POINT('',#5998);
#1124=VERTEX_POINT('',#5999);
#1125=VERTEX_POINT('',#6001);
#1126=VERTEX_POINT('',#6080);
#1127=VERTEX_POINT('',#6081);
#1128=VERTEX_POINT('',#6123);
#1129=VERTEX_POINT('',#6164);
#1130=VERTEX_POINT('',#6165);
#1131=VERTEX_POINT('',#6167);
#1132=VERTEX_POINT('',#6172);
#1133=VERTEX_POINT('',#6211);
#1134=VERTEX_POINT('',#6252);
#1135=VERTEX_POINT('',#6367);
#1136=VERTEX_POINT('',#6368);
#1137=VERTEX_POINT('',#6370);
#1138=VERTEX_POINT('',#6372);
#1139=VERTEX_POINT('',#6374);
#1140=VERTEX_POINT('',#6376);
#1141=VERTEX_POINT('',#6389);
#1142=VERTEX_POINT('',#6390);
#1143=VERTEX_POINT('',#6392);
#1144=VERTEX_POINT('',#6394);
#1145=VERTEX_POINT('',#6396);
#1146=VERTEX_POINT('',#6398);
#1147=VERTEX_POINT('',#6413);
#1148=VERTEX_POINT('',#6414);
#1149=VERTEX_POINT('',#6416);
#1150=VERTEX_POINT('',#6418);
#1151=VERTEX_POINT('',#6420);
#1152=VERTEX_POINT('',#6422);
#1153=VERTEX_POINT('',#6437);
#1154=VERTEX_POINT('',#6438);
#1155=VERTEX_POINT('',#6440);
#1156=VERTEX_POINT('',#6442);
#1157=VERTEX_POINT('',#6444);
#1158=VERTEX_POINT('',#6446);
#1159=VERTEX_POINT('',#6461);
#1160=VERTEX_POINT('',#6462);
#1161=VERTEX_POINT('',#6464);
#1162=VERTEX_POINT('',#6466);
#1163=VERTEX_POINT('',#6468);
#1164=VERTEX_POINT('',#6470);
#1165=VERTEX_POINT('',#6485);
#1166=VERTEX_POINT('',#6487);
#1167=VERTEX_POINT('',#6491);
#1168=VERTEX_POINT('',#6495);
#1169=VERTEX_POINT('',#6499);
#1170=VERTEX_POINT('',#6503);
#1171=VERTEX_POINT('',#6505);
#1172=VERTEX_POINT('',#6509);
#1173=VERTEX_POINT('',#6513);
#1174=VERTEX_POINT('',#6517);
#1175=VERTEX_POINT('',#6519);
#1176=VERTEX_POINT('',#6523);
#1177=VERTEX_POINT('',#6527);
#1178=VERTEX_POINT('',#6531);
#1179=VERTEX_POINT('',#6533);
#1180=VERTEX_POINT('',#6537);
#1181=VERTEX_POINT('',#6541);
#1182=VERTEX_POINT('',#6545);
#1183=VERTEX_POINT('',#6547);
#1184=VERTEX_POINT('',#6551);
#1185=VERTEX_POINT('',#6555);
#1186=VERTEX_POINT('',#6559);
#1187=VERTEX_POINT('',#6563);
#1188=VERTEX_POINT('',#6567);
#1189=VERTEX_POINT('',#6571);
#1190=VERTEX_POINT('',#6577);
#1191=VERTEX_POINT('',#6581);
#1192=VERTEX_POINT('',#6585);
#1193=VERTEX_POINT('',#6589);
#1194=VERTEX_POINT('',#6593);
#1195=VERTEX_POINT('',#6597);
#1196=VERTEX_POINT('',#6601);
#1197=VERTEX_POINT('',#6605);
#1198=VERTEX_POINT('',#6609);
#1199=VERTEX_POINT('',#6613);
#1200=VERTEX_POINT('',#6617);
#1201=VERTEX_POINT('',#6621);
#1202=VERTEX_POINT('',#6625);
#1203=VERTEX_POINT('',#6629);
#1204=VERTEX_POINT('',#6633);
#1205=VERTEX_POINT('',#6637);
#1206=VERTEX_POINT('',#6641);
#1207=VERTEX_POINT('',#6645);
#1208=VERTEX_POINT('',#6649);
#1209=EDGE_CURVE('',#977,#978,#917,.T.);
#1210=EDGE_CURVE('',#977,#979,#918,.T.);
#1211=EDGE_CURVE('',#979,#980,#765,.T.);
#1212=EDGE_CURVE('',#978,#980,#766,.T.);
#1213=EDGE_CURVE('',#977,#981,#919,.T.);
#1214=EDGE_CURVE('',#982,#981,#767,.T.);
#1215=EDGE_CURVE('',#982,#979,#768,.T.);
#1216=EDGE_CURVE('',#977,#983,#920,.T.);
#1217=EDGE_CURVE('',#983,#984,#769,.T.);
#1218=EDGE_CURVE('',#981,#984,#770,.T.);
#1219=EDGE_CURVE('',#977,#985,#921,.T.);
#1220=EDGE_CURVE('',#986,#985,#771,.T.);
#1221=EDGE_CURVE('',#986,#983,#772,.T.);
#1222=EDGE_CURVE('',#977,#987,#922,.T.);
#1223=EDGE_CURVE('',#987,#988,#773,.T.);
#1224=EDGE_CURVE('',#985,#988,#774,.T.);
#1225=EDGE_CURVE('',#989,#990,#923,.T.);
#1226=EDGE_CURVE('',#989,#991,#924,.T.);
#1227=EDGE_CURVE('',#991,#992,#775,.T.);
#1228=EDGE_CURVE('',#990,#992,#776,.T.);
#1229=EDGE_CURVE('',#989,#993,#925,.T.);
#1230=EDGE_CURVE('',#994,#993,#777,.T.);
#1231=EDGE_CURVE('',#994,#991,#778,.T.);
#1232=EDGE_CURVE('',#989,#995,#926,.T.);
#1233=EDGE_CURVE('',#995,#996,#779,.T.);
#1234=EDGE_CURVE('',#993,#996,#780,.T.);
#1235=EDGE_CURVE('',#989,#997,#927,.T.);
#1236=EDGE_CURVE('',#998,#997,#781,.T.);
#1237=EDGE_CURVE('',#998,#995,#782,.T.);
#1238=EDGE_CURVE('',#989,#999,#928,.T.);
#1239=EDGE_CURVE('',#999,#1000,#783,.T.);
#1240=EDGE_CURVE('',#997,#1000,#784,.T.);
#1241=EDGE_CURVE('',#1001,#1002,#929,.T.);
#1242=EDGE_CURVE('',#1001,#1003,#930,.T.);
#1243=EDGE_CURVE('',#1003,#1004,#785,.T.);
#1244=EDGE_CURVE('',#1002,#1004,#786,.T.);
#1245=EDGE_CURVE('',#1001,#1005,#931,.T.);
#1246=EDGE_CURVE('',#1006,#1005,#787,.T.);
#1247=EDGE_CURVE('',#1006,#1003,#788,.T.);
#1248=EDGE_CURVE('',#1001,#1007,#932,.T.);
#1249=EDGE_CURVE('',#1007,#1008,#789,.T.);
#1250=EDGE_CURVE('',#1005,#1008,#790,.T.);
#1251=EDGE_CURVE('',#1001,#1009,#933,.T.);
#1252=EDGE_CURVE('',#1010,#1009,#791,.T.);
#1253=EDGE_CURVE('',#1010,#1007,#792,.T.);
#1254=EDGE_CURVE('',#1001,#1011,#934,.T.);
#1255=EDGE_CURVE('',#1011,#1012,#793,.T.);
#1256=EDGE_CURVE('',#1009,#1012,#794,.T.);
#1257=EDGE_CURVE('',#1013,#1014,#935,.T.);
#1258=EDGE_CURVE('',#1013,#1015,#936,.T.);
#1259=EDGE_CURVE('',#1015,#1016,#795,.T.);
#1260=EDGE_CURVE('',#1014,#1016,#796,.T.);
#1261=EDGE_CURVE('',#1013,#1017,#937,.T.);
#1262=EDGE_CURVE('',#1018,#1017,#797,.T.);
#1263=EDGE_CURVE('',#1018,#1015,#798,.T.);
#1264=EDGE_CURVE('',#1013,#1019,#938,.T.);
#1265=EDGE_CURVE('',#1019,#1020,#799,.T.);
#1266=EDGE_CURVE('',#1017,#1020,#800,.T.);
#1267=EDGE_CURVE('',#1013,#1021,#939,.T.);
#1268=EDGE_CURVE('',#1022,#1021,#801,.T.);
#1269=EDGE_CURVE('',#1022,#1019,#802,.T.);
#1270=EDGE_CURVE('',#1013,#1023,#940,.T.);
#1271=EDGE_CURVE('',#1023,#1024,#803,.T.);
#1272=EDGE_CURVE('',#1021,#1024,#804,.T.);
#1273=EDGE_CURVE('',#1025,#1026,#941,.T.);
#1274=EDGE_CURVE('',#1025,#1027,#942,.T.);
#1275=EDGE_CURVE('',#1027,#1028,#805,.T.);
#1276=EDGE_CURVE('',#1026,#1028,#806,.T.);
#1277=EDGE_CURVE('',#1025,#1029,#943,.T.);
#1278=EDGE_CURVE('',#1030,#1029,#807,.T.);
#1279=EDGE_CURVE('',#1030,#1027,#808,.T.);
#1280=EDGE_CURVE('',#1025,#1031,#944,.T.);
#1281=EDGE_CURVE('',#1031,#1032,#809,.T.);
#1282=EDGE_CURVE('',#1029,#1032,#810,.T.);
#1283=EDGE_CURVE('',#1025,#1033,#945,.T.);
#1284=EDGE_CURVE('',#1034,#1033,#811,.T.);
#1285=EDGE_CURVE('',#1034,#1031,#812,.T.);
#1286=EDGE_CURVE('',#1025,#1035,#946,.T.);
#1287=EDGE_CURVE('',#1035,#1036,#813,.T.);
#1288=EDGE_CURVE('',#1033,#1036,#814,.T.);
#1289=EDGE_CURVE('',#1037,#1038,#947,.T.);
#1290=EDGE_CURVE('',#1037,#1039,#948,.T.);
#1291=EDGE_CURVE('',#1039,#1040,#815,.T.);
#1292=EDGE_CURVE('',#1038,#1040,#816,.T.);
#1293=EDGE_CURVE('',#1037,#1041,#949,.T.);
#1294=EDGE_CURVE('',#1042,#1041,#817,.T.);
#1295=EDGE_CURVE('',#1042,#1039,#818,.T.);
#1296=EDGE_CURVE('',#1037,#1043,#950,.T.);
#1297=EDGE_CURVE('',#1043,#1044,#819,.T.);
#1298=EDGE_CURVE('',#1041,#1044,#820,.T.);
#1299=EDGE_CURVE('',#1037,#1045,#951,.T.);
#1300=EDGE_CURVE('',#1046,#1045,#821,.T.);
#1301=EDGE_CURVE('',#1046,#1043,#822,.T.);
#1302=EDGE_CURVE('',#1037,#1047,#952,.T.);
#1303=EDGE_CURVE('',#1047,#1048,#823,.T.);
#1304=EDGE_CURVE('',#1045,#1048,#824,.T.);
#1305=EDGE_CURVE('',#1049,#1050,#953,.T.);
#1306=EDGE_CURVE('',#1049,#1051,#954,.T.);
#1307=EDGE_CURVE('',#1051,#1052,#825,.T.);
#1308=EDGE_CURVE('',#1050,#1052,#826,.T.);
#1309=EDGE_CURVE('',#1049,#1053,#955,.T.);
#1310=EDGE_CURVE('',#1054,#1053,#827,.T.);
#1311=EDGE_CURVE('',#1054,#1051,#828,.T.);
#1312=EDGE_CURVE('',#1049,#1055,#956,.T.);
#1313=EDGE_CURVE('',#1055,#1056,#829,.T.);
#1314=EDGE_CURVE('',#1053,#1056,#830,.T.);
#1315=EDGE_CURVE('',#1049,#1057,#957,.T.);
#1316=EDGE_CURVE('',#1058,#1057,#831,.T.);
#1317=EDGE_CURVE('',#1058,#1055,#832,.T.);
#1318=EDGE_CURVE('',#1049,#1059,#958,.T.);
#1319=EDGE_CURVE('',#1059,#1060,#833,.T.);
#1320=EDGE_CURVE('',#1057,#1060,#834,.T.);
#1321=EDGE_CURVE('',#1061,#1062,#959,.T.);
#1322=EDGE_CURVE('',#1061,#1063,#960,.T.);
#1323=EDGE_CURVE('',#1063,#1064,#835,.T.);
#1324=EDGE_CURVE('',#1062,#1064,#836,.T.);
#1325=EDGE_CURVE('',#1061,#1065,#961,.T.);
#1326=EDGE_CURVE('',#1066,#1065,#837,.T.);
#1327=EDGE_CURVE('',#1066,#1063,#838,.T.);
#1328=EDGE_CURVE('',#1061,#1067,#962,.T.);
#1329=EDGE_CURVE('',#1067,#1068,#839,.T.);
#1330=EDGE_CURVE('',#1065,#1068,#840,.T.);
#1331=EDGE_CURVE('',#1061,#1069,#963,.T.);
#1332=EDGE_CURVE('',#1070,#1069,#841,.T.);
#1333=EDGE_CURVE('',#1070,#1067,#842,.T.);
#1334=EDGE_CURVE('',#1061,#1071,#964,.T.);
#1335=EDGE_CURVE('',#1071,#1072,#843,.T.);
#1336=EDGE_CURVE('',#1069,#1072,#844,.T.);
#1337=EDGE_CURVE('',#1073,#1074,#965,.T.);
#1338=EDGE_CURVE('',#1073,#1075,#966,.T.);
#1339=EDGE_CURVE('',#1075,#1076,#845,.T.);
#1340=EDGE_CURVE('',#1074,#1076,#846,.T.);
#1341=EDGE_CURVE('',#1073,#1077,#967,.T.);
#1342=EDGE_CURVE('',#1078,#1077,#847,.T.);
#1343=EDGE_CURVE('',#1078,#1075,#848,.T.);
#1344=EDGE_CURVE('',#1073,#1079,#968,.T.);
#1345=EDGE_CURVE('',#1079,#1080,#849,.T.);
#1346=EDGE_CURVE('',#1077,#1080,#850,.T.);
#1347=EDGE_CURVE('',#1073,#1081,#969,.T.);
#1348=EDGE_CURVE('',#1082,#1081,#851,.T.);
#1349=EDGE_CURVE('',#1082,#1079,#852,.T.);
#1350=EDGE_CURVE('',#1073,#1083,#970,.T.);
#1351=EDGE_CURVE('',#1083,#1084,#853,.T.);
#1352=EDGE_CURVE('',#1081,#1084,#854,.T.);
#1353=EDGE_CURVE('',#1085,#1086,#971,.T.);
#1354=EDGE_CURVE('',#1085,#1087,#972,.T.);
#1355=EDGE_CURVE('',#1087,#1088,#855,.T.);
#1356=EDGE_CURVE('',#1086,#1088,#856,.T.);
#1357=EDGE_CURVE('',#1085,#1089,#973,.T.);
#1358=EDGE_CURVE('',#1090,#1089,#857,.T.);
#1359=EDGE_CURVE('',#1090,#1087,#858,.T.);
#1360=EDGE_CURVE('',#1085,#1091,#974,.T.);
#1361=EDGE_CURVE('',#1091,#1092,#859,.T.);
#1362=EDGE_CURVE('',#1089,#1092,#860,.T.);
#1363=EDGE_CURVE('',#1085,#1093,#975,.T.);
#1364=EDGE_CURVE('',#1094,#1093,#861,.T.);
#1365=EDGE_CURVE('',#1094,#1091,#862,.T.);
#1366=EDGE_CURVE('',#1085,#1095,#976,.T.);
#1367=EDGE_CURVE('',#1095,#1096,#863,.T.);
#1368=EDGE_CURVE('',#1093,#1096,#864,.T.);
#1369=EDGE_CURVE('',#1097,#1097,#865,.T.);
#1370=EDGE_CURVE('',#1097,#1098,#71,.T.);
#1371=EDGE_CURVE('',#1098,#1098,#866,.T.);
#1372=EDGE_CURVE('',#1099,#1100,#72,.T.);
#1373=EDGE_CURVE('',#1099,#1101,#73,.T.);
#1374=EDGE_CURVE('',#1101,#1102,#74,.T.);
#1375=EDGE_CURVE('',#1100,#1102,#75,.T.);
#1376=EDGE_CURVE('',#1103,#1099,#76,.T.);
#1377=EDGE_CURVE('',#1103,#1104,#77,.T.);
#1378=EDGE_CURVE('',#1104,#1101,#78,.T.);
#1379=EDGE_CURVE('',#1105,#1103,#79,.T.);
#1380=EDGE_CURVE('',#1105,#1106,#80,.T.);
#1381=EDGE_CURVE('',#1106,#1104,#81,.T.);
#1382=EDGE_CURVE('',#1107,#1105,#82,.T.);
#1383=EDGE_CURVE('',#1107,#1108,#83,.T.);
#1384=EDGE_CURVE('',#1108,#1106,#84,.T.);
#1385=EDGE_CURVE('',#1100,#1109,#85,.T.);
#1386=EDGE_CURVE('',#1102,#1110,#86,.T.);
#1387=EDGE_CURVE('',#1109,#1110,#87,.T.);
#1388=EDGE_CURVE('',#1111,#1108,#88,.T.);
#1389=EDGE_CURVE('',#1112,#1111,#89,.T.);
#1390=EDGE_CURVE('',#1113,#1112,#90,.T.);
#1391=EDGE_CURVE('',#1114,#1113,#91,.T.);
#1392=EDGE_CURVE('',#1110,#1114,#92,.T.);
#1393=EDGE_CURVE('',#1076,#1094,#93,.T.);
#1394=EDGE_CURVE('',#1056,#1078,#94,.T.);
#1395=EDGE_CURVE('',#1032,#1058,#95,.T.);
#1396=EDGE_CURVE('',#1004,#1034,#96,.T.);
#1397=EDGE_CURVE('',#980,#1006,#97,.T.);
#1398=EDGE_CURVE('',#992,#982,#98,.T.);
#1399=EDGE_CURVE('',#1020,#994,#99,.T.);
#1400=EDGE_CURVE('',#1040,#1022,#100,.T.);
#1401=EDGE_CURVE('',#1068,#1042,#101,.T.);
#1402=EDGE_CURVE('',#1092,#1070,#102,.T.);
#1403=EDGE_CURVE('',#1115,#990,#867,.T.);
#1404=EDGE_CURVE('',#984,#1115,#103,.T.);
#1405=EDGE_CURVE('',#996,#1018,#104,.T.);
#1406=EDGE_CURVE('',#1116,#1038,#868,.T.);
#1407=EDGE_CURVE('',#1024,#1116,#105,.T.);
#1408=EDGE_CURVE('',#1044,#1066,#106,.T.);
#1409=EDGE_CURVE('',#1080,#1054,#107,.T.);
#1410=EDGE_CURVE('',#1072,#1090,#108,.T.);
#1411=EDGE_CURVE('',#1117,#1074,#869,.T.);
#1412=EDGE_CURVE('',#1096,#1117,#109,.T.);
#1413=EDGE_CURVE('',#1118,#1119,#870,.T.);
#1414=EDGE_CURVE('',#1118,#1120,#110,.T.);
#1415=EDGE_CURVE('',#1120,#1086,#871,.T.);
#1416=EDGE_CURVE('',#1088,#1119,#111,.T.);
#1417=EDGE_CURVE('',#1120,#1095,#872,.T.);
#1418=EDGE_CURVE('',#1121,#1122,#873,.T.);
#1419=EDGE_CURVE('',#1121,#1082,#112,.T.);
#1420=EDGE_CURVE('',#1084,#1122,#113,.T.);
#1421=EDGE_CURVE('',#1123,#1124,#874,.T.);
#1422=EDGE_CURVE('',#1123,#1125,#114,.T.);
#1423=EDGE_CURVE('',#1125,#1062,#875,.T.);
#1424=EDGE_CURVE('',#1064,#1124,#115,.T.);
#1425=EDGE_CURVE('',#1117,#1083,#876,.T.);
#1426=EDGE_CURVE('',#1125,#1071,#877,.T.);
#1427=EDGE_CURVE('',#1126,#1127,#878,.T.);
#1428=EDGE_CURVE('',#1126,#1046,#116,.T.);
#1429=EDGE_CURVE('',#1048,#1127,#117,.T.);
#1430=EDGE_CURVE('',#1060,#1030,#118,.T.);
#1431=EDGE_CURVE('',#1128,#1050,#879,.T.);
#1432=EDGE_CURVE('',#1128,#1059,#880,.T.);
#1433=EDGE_CURVE('',#1116,#1047,#881,.T.);
#1434=EDGE_CURVE('',#1129,#1130,#882,.T.);
#1435=EDGE_CURVE('',#1129,#1131,#119,.T.);
#1436=EDGE_CURVE('',#1131,#1014,#883,.T.);
#1437=EDGE_CURVE('',#1016,#1130,#120,.T.);
#1438=EDGE_CURVE('',#1132,#1002,#884,.T.);
#1439=EDGE_CURVE('',#1036,#1132,#121,.T.);
#1440=EDGE_CURVE('',#1133,#1026,#885,.T.);
#1441=EDGE_CURVE('',#1133,#1035,#886,.T.);
#1442=EDGE_CURVE('',#1131,#1023,#887,.T.);
#1443=EDGE_CURVE('',#1134,#978,#888,.T.);
#1444=EDGE_CURVE('',#1008,#1134,#122,.T.);
#1445=EDGE_CURVE('',#1132,#1011,#889,.T.);
#1446=EDGE_CURVE('',#1115,#999,#890,.T.);
#1447=EDGE_CURVE('',#1134,#987,#891,.T.);
#1448=EDGE_CURVE('',#1135,#1136,#123,.T.);
#1449=EDGE_CURVE('',#1137,#1135,#124,.T.);
#1450=EDGE_CURVE('',#1138,#1137,#892,.T.);
#1451=EDGE_CURVE('',#1139,#1138,#125,.T.);
#1452=EDGE_CURVE('',#1140,#1139,#893,.T.);
#1453=EDGE_CURVE('',#1136,#1140,#126,.T.);
#1454=EDGE_CURVE('',#998,#1140,#127,.T.);
#1455=EDGE_CURVE('',#996,#1139,#128,.T.);
#1456=EDGE_CURVE('',#1018,#1138,#129,.T.);
#1457=EDGE_CURVE('',#1016,#1137,#130,.T.);
#1458=EDGE_CURVE('',#1130,#1135,#131,.T.);
#1459=EDGE_CURVE('',#1141,#1142,#132,.T.);
#1460=EDGE_CURVE('',#1143,#1141,#133,.T.);
#1461=EDGE_CURVE('',#1144,#1143,#894,.T.);
#1462=EDGE_CURVE('',#1145,#1144,#134,.T.);
#1463=EDGE_CURVE('',#1146,#1145,#895,.T.);
#1464=EDGE_CURVE('',#1142,#1146,#135,.T.);
#1465=EDGE_CURVE('',#1142,#1129,#136,.T.);
#1466=EDGE_CURVE('',#1131,#1146,#137,.T.);
#1467=EDGE_CURVE('',#1024,#1145,#138,.T.);
#1468=EDGE_CURVE('',#1116,#1144,#139,.T.);
#1469=EDGE_CURVE('',#1048,#1143,#140,.T.);
#1470=EDGE_CURVE('',#1127,#1141,#141,.T.);
#1471=EDGE_CURVE('',#1147,#1148,#142,.T.);
#1472=EDGE_CURVE('',#1149,#1147,#143,.T.);
#1473=EDGE_CURVE('',#1150,#1149,#896,.T.);
#1474=EDGE_CURVE('',#1151,#1150,#144,.T.);
#1475=EDGE_CURVE('',#1152,#1151,#897,.T.);
#1476=EDGE_CURVE('',#1148,#1152,#145,.T.);
#1477=EDGE_CURVE('',#1148,#1126,#146,.T.);
#1478=EDGE_CURVE('',#1046,#1152,#147,.T.);
#1479=EDGE_CURVE('',#1044,#1151,#148,.T.);
#1480=EDGE_CURVE('',#1066,#1150,#149,.T.);
#1481=EDGE_CURVE('',#1064,#1149,#150,.T.);
#1482=EDGE_CURVE('',#1124,#1147,#151,.T.);
#1483=EDGE_CURVE('',#1153,#1154,#152,.T.);
#1484=EDGE_CURVE('',#1155,#1153,#153,.T.);
#1485=EDGE_CURVE('',#1156,#1155,#898,.T.);
#1486=EDGE_CURVE('',#1157,#1156,#154,.T.);
#1487=EDGE_CURVE('',#1158,#1157,#899,.T.);
#1488=EDGE_CURVE('',#1154,#1158,#155,.T.);
#1489=EDGE_CURVE('',#1154,#1123,#156,.T.);
#1490=EDGE_CURVE('',#1125,#1158,#157,.T.);
#1491=EDGE_CURVE('',#1072,#1157,#158,.T.);
#1492=EDGE_CURVE('',#1090,#1156,#159,.T.);
#1493=EDGE_CURVE('',#1088,#1155,#160,.T.);
#1494=EDGE_CURVE('',#1119,#1153,#161,.T.);
#1495=EDGE_CURVE('',#1159,#1160,#162,.T.);
#1496=EDGE_CURVE('',#1161,#1159,#163,.T.);
#1497=EDGE_CURVE('',#1162,#1161,#900,.T.);
#1498=EDGE_CURVE('',#1163,#1162,#164,.T.);
#1499=EDGE_CURVE('',#1164,#1163,#901,.T.);
#1500=EDGE_CURVE('',#1160,#1164,#165,.T.);
#1501=EDGE_CURVE('',#1160,#1118,#166,.T.);
#1502=EDGE_CURVE('',#1120,#1164,#167,.T.);
#1503=EDGE_CURVE('',#1096,#1163,#168,.T.);
#1504=EDGE_CURVE('',#1117,#1162,#169,.T.);
#1505=EDGE_CURVE('',#1084,#1161,#170,.T.);
#1506=EDGE_CURVE('',#1122,#1159,#171,.T.);
#1507=EDGE_CURVE('',#1165,#1121,#172,.T.);
#1508=EDGE_CURVE('',#1165,#1166,#173,.T.);
#1509=EDGE_CURVE('',#1082,#1166,#174,.T.);
#1510=EDGE_CURVE('',#1166,#1167,#902,.T.);
#1511=EDGE_CURVE('',#1080,#1167,#175,.T.);
#1512=EDGE_CURVE('',#1167,#1168,#176,.T.);
#1513=EDGE_CURVE('',#1054,#1168,#177,.T.);
#1514=EDGE_CURVE('',#1168,#1169,#903,.T.);
#1515=EDGE_CURVE('',#1052,#1169,#178,.T.);
#1516=EDGE_CURVE('',#1128,#1170,#179,.T.);
#1517=EDGE_CURVE('',#1170,#1171,#904,.T.);
#1518=EDGE_CURVE('',#1060,#1171,#180,.T.);
#1519=EDGE_CURVE('',#1171,#1172,#181,.T.);
#1520=EDGE_CURVE('',#1030,#1172,#182,.T.);
#1521=EDGE_CURVE('',#1172,#1173,#905,.T.);
#1522=EDGE_CURVE('',#1028,#1173,#183,.T.);
#1523=EDGE_CURVE('',#1133,#1174,#184,.T.);
#1524=EDGE_CURVE('',#1174,#1175,#906,.T.);
#1525=EDGE_CURVE('',#1036,#1175,#185,.T.);
#1526=EDGE_CURVE('',#1175,#1176,#186,.T.);
#1527=EDGE_CURVE('',#1132,#1176,#187,.T.);
#1528=EDGE_CURVE('',#1176,#1177,#907,.T.);
#1529=EDGE_CURVE('',#1012,#1177,#188,.T.);
#1530=EDGE_CURVE('',#1010,#1178,#189,.T.);
#1531=EDGE_CURVE('',#1178,#1179,#908,.T.);
#1532=EDGE_CURVE('',#1008,#1179,#190,.T.);
#1533=EDGE_CURVE('',#1179,#1180,#191,.T.);
#1534=EDGE_CURVE('',#1134,#1180,#192,.T.);
#1535=EDGE_CURVE('',#1180,#1181,#909,.T.);
#1536=EDGE_CURVE('',#988,#1181,#193,.T.);
#1537=EDGE_CURVE('',#986,#1182,#194,.T.);
#1538=EDGE_CURVE('',#1182,#1183,#910,.T.);
#1539=EDGE_CURVE('',#984,#1183,#195,.T.);
#1540=EDGE_CURVE('',#1183,#1184,#196,.T.);
#1541=EDGE_CURVE('',#1115,#1184,#197,.T.);
#1542=EDGE_CURVE('',#1184,#1185,#911,.T.);
#1543=EDGE_CURVE('',#1000,#1185,#198,.T.);
#1544=EDGE_CURVE('',#1109,#1186,#199,.T.);
#1545=EDGE_CURVE('',#1114,#1186,#200,.T.);
#1546=EDGE_CURVE('',#1186,#1187,#201,.T.);
#1547=EDGE_CURVE('',#1187,#1113,#202,.T.);
#1548=EDGE_CURVE('',#1187,#1188,#203,.T.);
#1549=EDGE_CURVE('',#1188,#1112,#204,.T.);
#1550=EDGE_CURVE('',#1188,#1189,#205,.T.);
#1551=EDGE_CURVE('',#1189,#1111,#206,.T.);
#1552=EDGE_CURVE('',#1189,#1107,#207,.T.);
#1553=EDGE_CURVE('',#1136,#1190,#208,.T.);
#1554=EDGE_CURVE('',#1190,#998,#209,.T.);
#1555=EDGE_CURVE('',#1190,#1191,#912,.T.);
#1556=EDGE_CURVE('',#1000,#1191,#210,.T.);
#1557=EDGE_CURVE('',#1191,#1192,#211,.T.);
#1558=EDGE_CURVE('',#1185,#1192,#212,.T.);
#1559=EDGE_CURVE('',#1192,#1193,#213,.T.);
#1560=EDGE_CURVE('',#1193,#1182,#214,.T.);
#1561=EDGE_CURVE('',#1193,#1194,#215,.T.);
#1562=EDGE_CURVE('',#1194,#986,#216,.T.);
#1563=EDGE_CURVE('',#1194,#1195,#913,.T.);
#1564=EDGE_CURVE('',#988,#1195,#217,.T.);
#1565=EDGE_CURVE('',#1195,#1196,#218,.T.);
#1566=EDGE_CURVE('',#1181,#1196,#219,.T.);
#1567=EDGE_CURVE('',#1196,#1197,#220,.T.);
#1568=EDGE_CURVE('',#1197,#1178,#221,.T.);
#1569=EDGE_CURVE('',#1197,#1198,#222,.T.);
#1570=EDGE_CURVE('',#1198,#1010,#223,.T.);
#1571=EDGE_CURVE('',#1198,#1199,#914,.T.);
#1572=EDGE_CURVE('',#1012,#1199,#224,.T.);
#1573=EDGE_CURVE('',#1199,#1200,#225,.T.);
#1574=EDGE_CURVE('',#1177,#1200,#226,.T.);
#1575=EDGE_CURVE('',#1200,#1201,#227,.T.);
#1576=EDGE_CURVE('',#1201,#1174,#228,.T.);
#1577=EDGE_CURVE('',#1201,#1202,#229,.T.);
#1578=EDGE_CURVE('',#1202,#1133,#230,.T.);
#1579=EDGE_CURVE('',#1202,#1203,#915,.T.);
#1580=EDGE_CURVE('',#1028,#1203,#231,.T.);
#1581=EDGE_CURVE('',#1203,#1204,#232,.T.);
#1582=EDGE_CURVE('',#1173,#1204,#233,.T.);
#1583=EDGE_CURVE('',#1204,#1205,#234,.T.);
#1584=EDGE_CURVE('',#1205,#1170,#235,.T.);
#1585=EDGE_CURVE('',#1205,#1206,#236,.T.);
#1586=EDGE_CURVE('',#1206,#1128,#237,.T.);
#1587=EDGE_CURVE('',#1206,#1207,#916,.T.);
#1588=EDGE_CURVE('',#1052,#1207,#238,.T.);
#1589=EDGE_CURVE('',#1207,#1208,#239,.T.);
#1590=EDGE_CURVE('',#1169,#1208,#240,.T.);
#1591=EDGE_CURVE('',#1208,#1165,#241,.T.);
#1592=ORIENTED_EDGE('',*,*,#1209,.F.);
#1593=ORIENTED_EDGE('',*,*,#1210,.T.);
#1594=ORIENTED_EDGE('',*,*,#1211,.T.);
#1595=ORIENTED_EDGE('',*,*,#1212,.F.);
#1596=ORIENTED_EDGE('',*,*,#1210,.F.);
#1597=ORIENTED_EDGE('',*,*,#1213,.T.);
#1598=ORIENTED_EDGE('',*,*,#1214,.F.);
#1599=ORIENTED_EDGE('',*,*,#1215,.T.);
#1600=ORIENTED_EDGE('',*,*,#1213,.F.);
#1601=ORIENTED_EDGE('',*,*,#1216,.T.);
#1602=ORIENTED_EDGE('',*,*,#1217,.T.);
#1603=ORIENTED_EDGE('',*,*,#1218,.F.);
#1604=ORIENTED_EDGE('',*,*,#1216,.F.);
#1605=ORIENTED_EDGE('',*,*,#1219,.T.);
#1606=ORIENTED_EDGE('',*,*,#1220,.F.);
#1607=ORIENTED_EDGE('',*,*,#1221,.T.);
#1608=ORIENTED_EDGE('',*,*,#1219,.F.);
#1609=ORIENTED_EDGE('',*,*,#1222,.T.);
#1610=ORIENTED_EDGE('',*,*,#1223,.T.);
#1611=ORIENTED_EDGE('',*,*,#1224,.F.);
#1612=ORIENTED_EDGE('',*,*,#1225,.F.);
#1613=ORIENTED_EDGE('',*,*,#1226,.T.);
#1614=ORIENTED_EDGE('',*,*,#1227,.T.);
#1615=ORIENTED_EDGE('',*,*,#1228,.F.);
#1616=ORIENTED_EDGE('',*,*,#1226,.F.);
#1617=ORIENTED_EDGE('',*,*,#1229,.T.);
#1618=ORIENTED_EDGE('',*,*,#1230,.F.);
#1619=ORIENTED_EDGE('',*,*,#1231,.T.);
#1620=ORIENTED_EDGE('',*,*,#1229,.F.);
#1621=ORIENTED_EDGE('',*,*,#1232,.T.);
#1622=ORIENTED_EDGE('',*,*,#1233,.T.);
#1623=ORIENTED_EDGE('',*,*,#1234,.F.);
#1624=ORIENTED_EDGE('',*,*,#1232,.F.);
#1625=ORIENTED_EDGE('',*,*,#1235,.T.);
#1626=ORIENTED_EDGE('',*,*,#1236,.F.);
#1627=ORIENTED_EDGE('',*,*,#1237,.T.);
#1628=ORIENTED_EDGE('',*,*,#1235,.F.);
#1629=ORIENTED_EDGE('',*,*,#1238,.T.);
#1630=ORIENTED_EDGE('',*,*,#1239,.T.);
#1631=ORIENTED_EDGE('',*,*,#1240,.F.);
#1632=ORIENTED_EDGE('',*,*,#1241,.F.);
#1633=ORIENTED_EDGE('',*,*,#1242,.T.);
#1634=ORIENTED_EDGE('',*,*,#1243,.T.);
#1635=ORIENTED_EDGE('',*,*,#1244,.F.);
#1636=ORIENTED_EDGE('',*,*,#1242,.F.);
#1637=ORIENTED_EDGE('',*,*,#1245,.T.);
#1638=ORIENTED_EDGE('',*,*,#1246,.F.);
#1639=ORIENTED_EDGE('',*,*,#1247,.T.);
#1640=ORIENTED_EDGE('',*,*,#1245,.F.);
#1641=ORIENTED_EDGE('',*,*,#1248,.T.);
#1642=ORIENTED_EDGE('',*,*,#1249,.T.);
#1643=ORIENTED_EDGE('',*,*,#1250,.F.);
#1644=ORIENTED_EDGE('',*,*,#1248,.F.);
#1645=ORIENTED_EDGE('',*,*,#1251,.T.);
#1646=ORIENTED_EDGE('',*,*,#1252,.F.);
#1647=ORIENTED_EDGE('',*,*,#1253,.T.);
#1648=ORIENTED_EDGE('',*,*,#1251,.F.);
#1649=ORIENTED_EDGE('',*,*,#1254,.T.);
#1650=ORIENTED_EDGE('',*,*,#1255,.T.);
#1651=ORIENTED_EDGE('',*,*,#1256,.F.);
#1652=ORIENTED_EDGE('',*,*,#1257,.F.);
#1653=ORIENTED_EDGE('',*,*,#1258,.T.);
#1654=ORIENTED_EDGE('',*,*,#1259,.T.);
#1655=ORIENTED_EDGE('',*,*,#1260,.F.);
#1656=ORIENTED_EDGE('',*,*,#1258,.F.);
#1657=ORIENTED_EDGE('',*,*,#1261,.T.);
#1658=ORIENTED_EDGE('',*,*,#1262,.F.);
#1659=ORIENTED_EDGE('',*,*,#1263,.T.);
#1660=ORIENTED_EDGE('',*,*,#1261,.F.);
#1661=ORIENTED_EDGE('',*,*,#1264,.T.);
#1662=ORIENTED_EDGE('',*,*,#1265,.T.);
#1663=ORIENTED_EDGE('',*,*,#1266,.F.);
#1664=ORIENTED_EDGE('',*,*,#1264,.F.);
#1665=ORIENTED_EDGE('',*,*,#1267,.T.);
#1666=ORIENTED_EDGE('',*,*,#1268,.F.);
#1667=ORIENTED_EDGE('',*,*,#1269,.T.);
#1668=ORIENTED_EDGE('',*,*,#1267,.F.);
#1669=ORIENTED_EDGE('',*,*,#1270,.T.);
#1670=ORIENTED_EDGE('',*,*,#1271,.T.);
#1671=ORIENTED_EDGE('',*,*,#1272,.F.);
#1672=ORIENTED_EDGE('',*,*,#1273,.F.);
#1673=ORIENTED_EDGE('',*,*,#1274,.T.);
#1674=ORIENTED_EDGE('',*,*,#1275,.T.);
#1675=ORIENTED_EDGE('',*,*,#1276,.F.);
#1676=ORIENTED_EDGE('',*,*,#1274,.F.);
#1677=ORIENTED_EDGE('',*,*,#1277,.T.);
#1678=ORIENTED_EDGE('',*,*,#1278,.F.);
#1679=ORIENTED_EDGE('',*,*,#1279,.T.);
#1680=ORIENTED_EDGE('',*,*,#1277,.F.);
#1681=ORIENTED_EDGE('',*,*,#1280,.T.);
#1682=ORIENTED_EDGE('',*,*,#1281,.T.);
#1683=ORIENTED_EDGE('',*,*,#1282,.F.);
#1684=ORIENTED_EDGE('',*,*,#1280,.F.);
#1685=ORIENTED_EDGE('',*,*,#1283,.T.);
#1686=ORIENTED_EDGE('',*,*,#1284,.F.);
#1687=ORIENTED_EDGE('',*,*,#1285,.T.);
#1688=ORIENTED_EDGE('',*,*,#1283,.F.);
#1689=ORIENTED_EDGE('',*,*,#1286,.T.);
#1690=ORIENTED_EDGE('',*,*,#1287,.T.);
#1691=ORIENTED_EDGE('',*,*,#1288,.F.);
#1692=ORIENTED_EDGE('',*,*,#1289,.F.);
#1693=ORIENTED_EDGE('',*,*,#1290,.T.);
#1694=ORIENTED_EDGE('',*,*,#1291,.T.);
#1695=ORIENTED_EDGE('',*,*,#1292,.F.);
#1696=ORIENTED_EDGE('',*,*,#1290,.F.);
#1697=ORIENTED_EDGE('',*,*,#1293,.T.);
#1698=ORIENTED_EDGE('',*,*,#1294,.F.);
#1699=ORIENTED_EDGE('',*,*,#1295,.T.);
#1700=ORIENTED_EDGE('',*,*,#1293,.F.);
#1701=ORIENTED_EDGE('',*,*,#1296,.T.);
#1702=ORIENTED_EDGE('',*,*,#1297,.T.);
#1703=ORIENTED_EDGE('',*,*,#1298,.F.);
#1704=ORIENTED_EDGE('',*,*,#1296,.F.);
#1705=ORIENTED_EDGE('',*,*,#1299,.T.);
#1706=ORIENTED_EDGE('',*,*,#1300,.F.);
#1707=ORIENTED_EDGE('',*,*,#1301,.T.);
#1708=ORIENTED_EDGE('',*,*,#1299,.F.);
#1709=ORIENTED_EDGE('',*,*,#1302,.T.);
#1710=ORIENTED_EDGE('',*,*,#1303,.T.);
#1711=ORIENTED_EDGE('',*,*,#1304,.F.);
#1712=ORIENTED_EDGE('',*,*,#1305,.F.);
#1713=ORIENTED_EDGE('',*,*,#1306,.T.);
#1714=ORIENTED_EDGE('',*,*,#1307,.T.);
#1715=ORIENTED_EDGE('',*,*,#1308,.F.);
#1716=ORIENTED_EDGE('',*,*,#1306,.F.);
#1717=ORIENTED_EDGE('',*,*,#1309,.T.);
#1718=ORIENTED_EDGE('',*,*,#1310,.F.);
#1719=ORIENTED_EDGE('',*,*,#1311,.T.);
#1720=ORIENTED_EDGE('',*,*,#1309,.F.);
#1721=ORIENTED_EDGE('',*,*,#1312,.T.);
#1722=ORIENTED_EDGE('',*,*,#1313,.T.);
#1723=ORIENTED_EDGE('',*,*,#1314,.F.);
#1724=ORIENTED_EDGE('',*,*,#1312,.F.);
#1725=ORIENTED_EDGE('',*,*,#1315,.T.);
#1726=ORIENTED_EDGE('',*,*,#1316,.F.);
#1727=ORIENTED_EDGE('',*,*,#1317,.T.);
#1728=ORIENTED_EDGE('',*,*,#1315,.F.);
#1729=ORIENTED_EDGE('',*,*,#1318,.T.);
#1730=ORIENTED_EDGE('',*,*,#1319,.T.);
#1731=ORIENTED_EDGE('',*,*,#1320,.F.);
#1732=ORIENTED_EDGE('',*,*,#1321,.F.);
#1733=ORIENTED_EDGE('',*,*,#1322,.T.);
#1734=ORIENTED_EDGE('',*,*,#1323,.T.);
#1735=ORIENTED_EDGE('',*,*,#1324,.F.);
#1736=ORIENTED_EDGE('',*,*,#1322,.F.);
#1737=ORIENTED_EDGE('',*,*,#1325,.T.);
#1738=ORIENTED_EDGE('',*,*,#1326,.F.);
#1739=ORIENTED_EDGE('',*,*,#1327,.T.);
#1740=ORIENTED_EDGE('',*,*,#1325,.F.);
#1741=ORIENTED_EDGE('',*,*,#1328,.T.);
#1742=ORIENTED_EDGE('',*,*,#1329,.T.);
#1743=ORIENTED_EDGE('',*,*,#1330,.F.);
#1744=ORIENTED_EDGE('',*,*,#1328,.F.);
#1745=ORIENTED_EDGE('',*,*,#1331,.T.);
#1746=ORIENTED_EDGE('',*,*,#1332,.F.);
#1747=ORIENTED_EDGE('',*,*,#1333,.T.);
#1748=ORIENTED_EDGE('',*,*,#1331,.F.);
#1749=ORIENTED_EDGE('',*,*,#1334,.T.);
#1750=ORIENTED_EDGE('',*,*,#1335,.T.);
#1751=ORIENTED_EDGE('',*,*,#1336,.F.);
#1752=ORIENTED_EDGE('',*,*,#1337,.F.);
#1753=ORIENTED_EDGE('',*,*,#1338,.T.);
#1754=ORIENTED_EDGE('',*,*,#1339,.T.);
#1755=ORIENTED_EDGE('',*,*,#1340,.F.);
#1756=ORIENTED_EDGE('',*,*,#1338,.F.);
#1757=ORIENTED_EDGE('',*,*,#1341,.T.);
#1758=ORIENTED_EDGE('',*,*,#1342,.F.);
#1759=ORIENTED_EDGE('',*,*,#1343,.T.);
#1760=ORIENTED_EDGE('',*,*,#1341,.F.);
#1761=ORIENTED_EDGE('',*,*,#1344,.T.);
#1762=ORIENTED_EDGE('',*,*,#1345,.T.);
#1763=ORIENTED_EDGE('',*,*,#1346,.F.);
#1764=ORIENTED_EDGE('',*,*,#1344,.F.);
#1765=ORIENTED_EDGE('',*,*,#1347,.T.);
#1766=ORIENTED_EDGE('',*,*,#1348,.F.);
#1767=ORIENTED_EDGE('',*,*,#1349,.T.);
#1768=ORIENTED_EDGE('',*,*,#1347,.F.);
#1769=ORIENTED_EDGE('',*,*,#1350,.T.);
#1770=ORIENTED_EDGE('',*,*,#1351,.T.);
#1771=ORIENTED_EDGE('',*,*,#1352,.F.);
#1772=ORIENTED_EDGE('',*,*,#1353,.F.);
#1773=ORIENTED_EDGE('',*,*,#1354,.T.);
#1774=ORIENTED_EDGE('',*,*,#1355,.T.);
#1775=ORIENTED_EDGE('',*,*,#1356,.F.);
#1776=ORIENTED_EDGE('',*,*,#1354,.F.);
#1777=ORIENTED_EDGE('',*,*,#1357,.T.);
#1778=ORIENTED_EDGE('',*,*,#1358,.F.);
#1779=ORIENTED_EDGE('',*,*,#1359,.T.);
#1780=ORIENTED_EDGE('',*,*,#1357,.F.);
#1781=ORIENTED_EDGE('',*,*,#1360,.T.);
#1782=ORIENTED_EDGE('',*,*,#1361,.T.);
#1783=ORIENTED_EDGE('',*,*,#1362,.F.);
#1784=ORIENTED_EDGE('',*,*,#1360,.F.);
#1785=ORIENTED_EDGE('',*,*,#1363,.T.);
#1786=ORIENTED_EDGE('',*,*,#1364,.F.);
#1787=ORIENTED_EDGE('',*,*,#1365,.T.);
#1788=ORIENTED_EDGE('',*,*,#1363,.F.);
#1789=ORIENTED_EDGE('',*,*,#1366,.T.);
#1790=ORIENTED_EDGE('',*,*,#1367,.T.);
#1791=ORIENTED_EDGE('',*,*,#1368,.F.);
#1792=ORIENTED_EDGE('',*,*,#1369,.F.);
#1793=ORIENTED_EDGE('',*,*,#1370,.T.);
#1794=ORIENTED_EDGE('',*,*,#1371,.F.);
#1795=ORIENTED_EDGE('',*,*,#1370,.F.);
#1796=ORIENTED_EDGE('',*,*,#1372,.F.);
#1797=ORIENTED_EDGE('',*,*,#1373,.T.);
#1798=ORIENTED_EDGE('',*,*,#1374,.T.);
#1799=ORIENTED_EDGE('',*,*,#1375,.F.);
#1800=ORIENTED_EDGE('',*,*,#1376,.F.);
#1801=ORIENTED_EDGE('',*,*,#1377,.T.);
#1802=ORIENTED_EDGE('',*,*,#1378,.T.);
#1803=ORIENTED_EDGE('',*,*,#1373,.F.);
#1804=ORIENTED_EDGE('',*,*,#1379,.F.);
#1805=ORIENTED_EDGE('',*,*,#1380,.T.);
#1806=ORIENTED_EDGE('',*,*,#1381,.T.);
#1807=ORIENTED_EDGE('',*,*,#1377,.F.);
#1808=ORIENTED_EDGE('',*,*,#1382,.F.);
#1809=ORIENTED_EDGE('',*,*,#1383,.T.);
#1810=ORIENTED_EDGE('',*,*,#1384,.T.);
#1811=ORIENTED_EDGE('',*,*,#1380,.F.);
#1812=ORIENTED_EDGE('',*,*,#1385,.F.);
#1813=ORIENTED_EDGE('',*,*,#1375,.T.);
#1814=ORIENTED_EDGE('',*,*,#1386,.T.);
#1815=ORIENTED_EDGE('',*,*,#1387,.F.);
#1816=ORIENTED_EDGE('',*,*,#1384,.F.);
#1817=ORIENTED_EDGE('',*,*,#1388,.F.);
#1818=ORIENTED_EDGE('',*,*,#1389,.F.);
#1819=ORIENTED_EDGE('',*,*,#1390,.F.);
#1820=ORIENTED_EDGE('',*,*,#1391,.F.);
#1821=ORIENTED_EDGE('',*,*,#1392,.F.);
#1822=ORIENTED_EDGE('',*,*,#1386,.F.);
#1823=ORIENTED_EDGE('',*,*,#1374,.F.);
#1824=ORIENTED_EDGE('',*,*,#1378,.F.);
#1825=ORIENTED_EDGE('',*,*,#1381,.F.);
#1826=ORIENTED_EDGE('',*,*,#1371,.T.);
#1827=ORIENTED_EDGE('',*,*,#1365,.F.);
#1828=ORIENTED_EDGE('',*,*,#1393,.F.);
#1829=ORIENTED_EDGE('',*,*,#1339,.F.);
#1830=ORIENTED_EDGE('',*,*,#1343,.F.);
#1831=ORIENTED_EDGE('',*,*,#1394,.F.);
#1832=ORIENTED_EDGE('',*,*,#1313,.F.);
#1833=ORIENTED_EDGE('',*,*,#1317,.F.);
#1834=ORIENTED_EDGE('',*,*,#1395,.F.);
#1835=ORIENTED_EDGE('',*,*,#1281,.F.);
#1836=ORIENTED_EDGE('',*,*,#1285,.F.);
#1837=ORIENTED_EDGE('',*,*,#1396,.F.);
#1838=ORIENTED_EDGE('',*,*,#1243,.F.);
#1839=ORIENTED_EDGE('',*,*,#1247,.F.);
#1840=ORIENTED_EDGE('',*,*,#1397,.F.);
#1841=ORIENTED_EDGE('',*,*,#1211,.F.);
#1842=ORIENTED_EDGE('',*,*,#1215,.F.);
#1843=ORIENTED_EDGE('',*,*,#1398,.F.);
#1844=ORIENTED_EDGE('',*,*,#1227,.F.);
#1845=ORIENTED_EDGE('',*,*,#1231,.F.);
#1846=ORIENTED_EDGE('',*,*,#1399,.F.);
#1847=ORIENTED_EDGE('',*,*,#1265,.F.);
#1848=ORIENTED_EDGE('',*,*,#1269,.F.);
#1849=ORIENTED_EDGE('',*,*,#1400,.F.);
#1850=ORIENTED_EDGE('',*,*,#1291,.F.);
#1851=ORIENTED_EDGE('',*,*,#1295,.F.);
#1852=ORIENTED_EDGE('',*,*,#1401,.F.);
#1853=ORIENTED_EDGE('',*,*,#1329,.F.);
#1854=ORIENTED_EDGE('',*,*,#1333,.F.);
#1855=ORIENTED_EDGE('',*,*,#1402,.F.);
#1856=ORIENTED_EDGE('',*,*,#1361,.F.);
#1857=ORIENTED_EDGE('',*,*,#1369,.T.);
#1858=ORIENTED_EDGE('',*,*,#1403,.T.);
#1859=ORIENTED_EDGE('',*,*,#1228,.T.);
#1860=ORIENTED_EDGE('',*,*,#1398,.T.);
#1861=ORIENTED_EDGE('',*,*,#1214,.T.);
#1862=ORIENTED_EDGE('',*,*,#1218,.T.);
#1863=ORIENTED_EDGE('',*,*,#1404,.T.);
#1864=ORIENTED_EDGE('',*,*,#1262,.T.);
#1865=ORIENTED_EDGE('',*,*,#1266,.T.);
#1866=ORIENTED_EDGE('',*,*,#1399,.T.);
#1867=ORIENTED_EDGE('',*,*,#1230,.T.);
#1868=ORIENTED_EDGE('',*,*,#1234,.T.);
#1869=ORIENTED_EDGE('',*,*,#1405,.T.);
#1870=ORIENTED_EDGE('',*,*,#1406,.T.);
#1871=ORIENTED_EDGE('',*,*,#1292,.T.);
#1872=ORIENTED_EDGE('',*,*,#1400,.T.);
#1873=ORIENTED_EDGE('',*,*,#1268,.T.);
#1874=ORIENTED_EDGE('',*,*,#1272,.T.);
#1875=ORIENTED_EDGE('',*,*,#1407,.T.);
#1876=ORIENTED_EDGE('',*,*,#1326,.T.);
#1877=ORIENTED_EDGE('',*,*,#1330,.T.);
#1878=ORIENTED_EDGE('',*,*,#1401,.T.);
#1879=ORIENTED_EDGE('',*,*,#1294,.T.);
#1880=ORIENTED_EDGE('',*,*,#1298,.T.);
#1881=ORIENTED_EDGE('',*,*,#1408,.T.);
#1882=ORIENTED_EDGE('',*,*,#1310,.T.);
#1883=ORIENTED_EDGE('',*,*,#1314,.T.);
#1884=ORIENTED_EDGE('',*,*,#1394,.T.);
#1885=ORIENTED_EDGE('',*,*,#1342,.T.);
#1886=ORIENTED_EDGE('',*,*,#1346,.T.);
#1887=ORIENTED_EDGE('',*,*,#1409,.T.);
#1888=ORIENTED_EDGE('',*,*,#1358,.T.);
#1889=ORIENTED_EDGE('',*,*,#1362,.T.);
#1890=ORIENTED_EDGE('',*,*,#1402,.T.);
#1891=ORIENTED_EDGE('',*,*,#1332,.T.);
#1892=ORIENTED_EDGE('',*,*,#1336,.T.);
#1893=ORIENTED_EDGE('',*,*,#1410,.T.);
#1894=ORIENTED_EDGE('',*,*,#1411,.T.);
#1895=ORIENTED_EDGE('',*,*,#1340,.T.);
#1896=ORIENTED_EDGE('',*,*,#1393,.T.);
#1897=ORIENTED_EDGE('',*,*,#1364,.T.);
#1898=ORIENTED_EDGE('',*,*,#1368,.T.);
#1899=ORIENTED_EDGE('',*,*,#1412,.T.);
#1900=ORIENTED_EDGE('',*,*,#1413,.F.);
#1901=ORIENTED_EDGE('',*,*,#1414,.T.);
#1902=ORIENTED_EDGE('',*,*,#1415,.T.);
#1903=ORIENTED_EDGE('',*,*,#1356,.T.);
#1904=ORIENTED_EDGE('',*,*,#1416,.T.);
#1905=ORIENTED_EDGE('',*,*,#1353,.T.);
#1906=ORIENTED_EDGE('',*,*,#1415,.F.);
#1907=ORIENTED_EDGE('',*,*,#1417,.T.);
#1908=ORIENTED_EDGE('',*,*,#1366,.F.);
#1909=ORIENTED_EDGE('',*,*,#1418,.F.);
#1910=ORIENTED_EDGE('',*,*,#1419,.T.);
#1911=ORIENTED_EDGE('',*,*,#1348,.T.);
#1912=ORIENTED_EDGE('',*,*,#1352,.T.);
#1913=ORIENTED_EDGE('',*,*,#1420,.T.);
#1914=ORIENTED_EDGE('',*,*,#1421,.F.);
#1915=ORIENTED_EDGE('',*,*,#1422,.T.);
#1916=ORIENTED_EDGE('',*,*,#1423,.T.);
#1917=ORIENTED_EDGE('',*,*,#1324,.T.);
#1918=ORIENTED_EDGE('',*,*,#1424,.T.);
#1919=ORIENTED_EDGE('',*,*,#1337,.T.);
#1920=ORIENTED_EDGE('',*,*,#1411,.F.);
#1921=ORIENTED_EDGE('',*,*,#1425,.T.);
#1922=ORIENTED_EDGE('',*,*,#1350,.F.);
#1923=ORIENTED_EDGE('',*,*,#1321,.T.);
#1924=ORIENTED_EDGE('',*,*,#1423,.F.);
#1925=ORIENTED_EDGE('',*,*,#1426,.T.);
#1926=ORIENTED_EDGE('',*,*,#1334,.F.);
#1927=ORIENTED_EDGE('',*,*,#1427,.F.);
#1928=ORIENTED_EDGE('',*,*,#1428,.T.);
#1929=ORIENTED_EDGE('',*,*,#1300,.T.);
#1930=ORIENTED_EDGE('',*,*,#1304,.T.);
#1931=ORIENTED_EDGE('',*,*,#1429,.T.);
#1932=ORIENTED_EDGE('',*,*,#1278,.T.);
#1933=ORIENTED_EDGE('',*,*,#1282,.T.);
#1934=ORIENTED_EDGE('',*,*,#1395,.T.);
#1935=ORIENTED_EDGE('',*,*,#1316,.T.);
#1936=ORIENTED_EDGE('',*,*,#1320,.T.);
#1937=ORIENTED_EDGE('',*,*,#1430,.T.);
#1938=ORIENTED_EDGE('',*,*,#1305,.T.);
#1939=ORIENTED_EDGE('',*,*,#1431,.F.);
#1940=ORIENTED_EDGE('',*,*,#1432,.T.);
#1941=ORIENTED_EDGE('',*,*,#1318,.F.);
#1942=ORIENTED_EDGE('',*,*,#1289,.T.);
#1943=ORIENTED_EDGE('',*,*,#1406,.F.);
#1944=ORIENTED_EDGE('',*,*,#1433,.T.);
#1945=ORIENTED_EDGE('',*,*,#1302,.F.);
#1946=ORIENTED_EDGE('',*,*,#1434,.F.);
#1947=ORIENTED_EDGE('',*,*,#1435,.T.);
#1948=ORIENTED_EDGE('',*,*,#1436,.T.);
#1949=ORIENTED_EDGE('',*,*,#1260,.T.);
#1950=ORIENTED_EDGE('',*,*,#1437,.T.);
#1951=ORIENTED_EDGE('',*,*,#1438,.T.);
#1952=ORIENTED_EDGE('',*,*,#1244,.T.);
#1953=ORIENTED_EDGE('',*,*,#1396,.T.);
#1954=ORIENTED_EDGE('',*,*,#1284,.T.);
#1955=ORIENTED_EDGE('',*,*,#1288,.T.);
#1956=ORIENTED_EDGE('',*,*,#1439,.T.);
#1957=ORIENTED_EDGE('',*,*,#1273,.T.);
#1958=ORIENTED_EDGE('',*,*,#1440,.F.);
#1959=ORIENTED_EDGE('',*,*,#1441,.T.);
#1960=ORIENTED_EDGE('',*,*,#1286,.F.);
#1961=ORIENTED_EDGE('',*,*,#1257,.T.);
#1962=ORIENTED_EDGE('',*,*,#1436,.F.);
#1963=ORIENTED_EDGE('',*,*,#1442,.T.);
#1964=ORIENTED_EDGE('',*,*,#1270,.F.);
#1965=ORIENTED_EDGE('',*,*,#1443,.T.);
#1966=ORIENTED_EDGE('',*,*,#1212,.T.);
#1967=ORIENTED_EDGE('',*,*,#1397,.T.);
#1968=ORIENTED_EDGE('',*,*,#1246,.T.);
#1969=ORIENTED_EDGE('',*,*,#1250,.T.);
#1970=ORIENTED_EDGE('',*,*,#1444,.T.);
#1971=ORIENTED_EDGE('',*,*,#1241,.T.);
#1972=ORIENTED_EDGE('',*,*,#1438,.F.);
#1973=ORIENTED_EDGE('',*,*,#1445,.T.);
#1974=ORIENTED_EDGE('',*,*,#1254,.F.);
#1975=ORIENTED_EDGE('',*,*,#1225,.T.);
#1976=ORIENTED_EDGE('',*,*,#1403,.F.);
#1977=ORIENTED_EDGE('',*,*,#1446,.T.);
#1978=ORIENTED_EDGE('',*,*,#1238,.F.);
#1979=ORIENTED_EDGE('',*,*,#1209,.T.);
#1980=ORIENTED_EDGE('',*,*,#1443,.F.);
#1981=ORIENTED_EDGE('',*,*,#1447,.T.);
#1982=ORIENTED_EDGE('',*,*,#1222,.F.);
#1983=ORIENTED_EDGE('',*,*,#1448,.F.);
#1984=ORIENTED_EDGE('',*,*,#1449,.F.);
#1985=ORIENTED_EDGE('',*,*,#1450,.F.);
#1986=ORIENTED_EDGE('',*,*,#1451,.F.);
#1987=ORIENTED_EDGE('',*,*,#1452,.F.);
#1988=ORIENTED_EDGE('',*,*,#1453,.F.);
#1989=ORIENTED_EDGE('',*,*,#1237,.F.);
#1990=ORIENTED_EDGE('',*,*,#1454,.T.);
#1991=ORIENTED_EDGE('',*,*,#1452,.T.);
#1992=ORIENTED_EDGE('',*,*,#1455,.F.);
#1993=ORIENTED_EDGE('',*,*,#1233,.F.);
#1994=ORIENTED_EDGE('',*,*,#1405,.F.);
#1995=ORIENTED_EDGE('',*,*,#1455,.T.);
#1996=ORIENTED_EDGE('',*,*,#1451,.T.);
#1997=ORIENTED_EDGE('',*,*,#1456,.F.);
#1998=ORIENTED_EDGE('',*,*,#1263,.F.);
#1999=ORIENTED_EDGE('',*,*,#1456,.T.);
#2000=ORIENTED_EDGE('',*,*,#1450,.T.);
#2001=ORIENTED_EDGE('',*,*,#1457,.F.);
#2002=ORIENTED_EDGE('',*,*,#1259,.F.);
#2003=ORIENTED_EDGE('',*,*,#1458,.F.);
#2004=ORIENTED_EDGE('',*,*,#1437,.F.);
#2005=ORIENTED_EDGE('',*,*,#1457,.T.);
#2006=ORIENTED_EDGE('',*,*,#1449,.T.);
#2007=ORIENTED_EDGE('',*,*,#1459,.F.);
#2008=ORIENTED_EDGE('',*,*,#1460,.F.);
#2009=ORIENTED_EDGE('',*,*,#1461,.F.);
#2010=ORIENTED_EDGE('',*,*,#1462,.F.);
#2011=ORIENTED_EDGE('',*,*,#1463,.F.);
#2012=ORIENTED_EDGE('',*,*,#1464,.F.);
#2013=ORIENTED_EDGE('',*,*,#1465,.F.);
#2014=ORIENTED_EDGE('',*,*,#1464,.T.);
#2015=ORIENTED_EDGE('',*,*,#1466,.F.);
#2016=ORIENTED_EDGE('',*,*,#1435,.F.);
#2017=ORIENTED_EDGE('',*,*,#1442,.F.);
#2018=ORIENTED_EDGE('',*,*,#1466,.T.);
#2019=ORIENTED_EDGE('',*,*,#1463,.T.);
#2020=ORIENTED_EDGE('',*,*,#1467,.F.);
#2021=ORIENTED_EDGE('',*,*,#1271,.F.);
#2022=ORIENTED_EDGE('',*,*,#1407,.F.);
#2023=ORIENTED_EDGE('',*,*,#1467,.T.);
#2024=ORIENTED_EDGE('',*,*,#1462,.T.);
#2025=ORIENTED_EDGE('',*,*,#1468,.F.);
#2026=ORIENTED_EDGE('',*,*,#1433,.F.);
#2027=ORIENTED_EDGE('',*,*,#1468,.T.);
#2028=ORIENTED_EDGE('',*,*,#1461,.T.);
#2029=ORIENTED_EDGE('',*,*,#1469,.F.);
#2030=ORIENTED_EDGE('',*,*,#1303,.F.);
#2031=ORIENTED_EDGE('',*,*,#1470,.F.);
#2032=ORIENTED_EDGE('',*,*,#1429,.F.);
#2033=ORIENTED_EDGE('',*,*,#1469,.T.);
#2034=ORIENTED_EDGE('',*,*,#1460,.T.);
#2035=ORIENTED_EDGE('',*,*,#1471,.F.);
#2036=ORIENTED_EDGE('',*,*,#1472,.F.);
#2037=ORIENTED_EDGE('',*,*,#1473,.F.);
#2038=ORIENTED_EDGE('',*,*,#1474,.F.);
#2039=ORIENTED_EDGE('',*,*,#1475,.F.);
#2040=ORIENTED_EDGE('',*,*,#1476,.F.);
#2041=ORIENTED_EDGE('',*,*,#1477,.F.);
#2042=ORIENTED_EDGE('',*,*,#1476,.T.);
#2043=ORIENTED_EDGE('',*,*,#1478,.F.);
#2044=ORIENTED_EDGE('',*,*,#1428,.F.);
#2045=ORIENTED_EDGE('',*,*,#1301,.F.);
#2046=ORIENTED_EDGE('',*,*,#1478,.T.);
#2047=ORIENTED_EDGE('',*,*,#1475,.T.);
#2048=ORIENTED_EDGE('',*,*,#1479,.F.);
#2049=ORIENTED_EDGE('',*,*,#1297,.F.);
#2050=ORIENTED_EDGE('',*,*,#1408,.F.);
#2051=ORIENTED_EDGE('',*,*,#1479,.T.);
#2052=ORIENTED_EDGE('',*,*,#1474,.T.);
#2053=ORIENTED_EDGE('',*,*,#1480,.F.);
#2054=ORIENTED_EDGE('',*,*,#1327,.F.);
#2055=ORIENTED_EDGE('',*,*,#1480,.T.);
#2056=ORIENTED_EDGE('',*,*,#1473,.T.);
#2057=ORIENTED_EDGE('',*,*,#1481,.F.);
#2058=ORIENTED_EDGE('',*,*,#1323,.F.);
#2059=ORIENTED_EDGE('',*,*,#1482,.F.);
#2060=ORIENTED_EDGE('',*,*,#1424,.F.);
#2061=ORIENTED_EDGE('',*,*,#1481,.T.);
#2062=ORIENTED_EDGE('',*,*,#1472,.T.);
#2063=ORIENTED_EDGE('',*,*,#1483,.F.);
#2064=ORIENTED_EDGE('',*,*,#1484,.F.);
#2065=ORIENTED_EDGE('',*,*,#1485,.F.);
#2066=ORIENTED_EDGE('',*,*,#1486,.F.);
#2067=ORIENTED_EDGE('',*,*,#1487,.F.);
#2068=ORIENTED_EDGE('',*,*,#1488,.F.);
#2069=ORIENTED_EDGE('',*,*,#1489,.F.);
#2070=ORIENTED_EDGE('',*,*,#1488,.T.);
#2071=ORIENTED_EDGE('',*,*,#1490,.F.);
#2072=ORIENTED_EDGE('',*,*,#1422,.F.);
#2073=ORIENTED_EDGE('',*,*,#1426,.F.);
#2074=ORIENTED_EDGE('',*,*,#1490,.T.);
#2075=ORIENTED_EDGE('',*,*,#1487,.T.);
#2076=ORIENTED_EDGE('',*,*,#1491,.F.);
#2077=ORIENTED_EDGE('',*,*,#1335,.F.);
#2078=ORIENTED_EDGE('',*,*,#1410,.F.);
#2079=ORIENTED_EDGE('',*,*,#1491,.T.);
#2080=ORIENTED_EDGE('',*,*,#1486,.T.);
#2081=ORIENTED_EDGE('',*,*,#1492,.F.);
#2082=ORIENTED_EDGE('',*,*,#1359,.F.);
#2083=ORIENTED_EDGE('',*,*,#1492,.T.);
#2084=ORIENTED_EDGE('',*,*,#1485,.T.);
#2085=ORIENTED_EDGE('',*,*,#1493,.F.);
#2086=ORIENTED_EDGE('',*,*,#1355,.F.);
#2087=ORIENTED_EDGE('',*,*,#1494,.F.);
#2088=ORIENTED_EDGE('',*,*,#1416,.F.);
#2089=ORIENTED_EDGE('',*,*,#1493,.T.);
#2090=ORIENTED_EDGE('',*,*,#1484,.T.);
#2091=ORIENTED_EDGE('',*,*,#1495,.F.);
#2092=ORIENTED_EDGE('',*,*,#1496,.F.);
#2093=ORIENTED_EDGE('',*,*,#1497,.F.);
#2094=ORIENTED_EDGE('',*,*,#1498,.F.);
#2095=ORIENTED_EDGE('',*,*,#1499,.F.);
#2096=ORIENTED_EDGE('',*,*,#1500,.F.);
#2097=ORIENTED_EDGE('',*,*,#1501,.F.);
#2098=ORIENTED_EDGE('',*,*,#1500,.T.);
#2099=ORIENTED_EDGE('',*,*,#1502,.F.);
#2100=ORIENTED_EDGE('',*,*,#1414,.F.);
#2101=ORIENTED_EDGE('',*,*,#1417,.F.);
#2102=ORIENTED_EDGE('',*,*,#1502,.T.);
#2103=ORIENTED_EDGE('',*,*,#1499,.T.);
#2104=ORIENTED_EDGE('',*,*,#1503,.F.);
#2105=ORIENTED_EDGE('',*,*,#1367,.F.);
#2106=ORIENTED_EDGE('',*,*,#1412,.F.);
#2107=ORIENTED_EDGE('',*,*,#1503,.T.);
#2108=ORIENTED_EDGE('',*,*,#1498,.T.);
#2109=ORIENTED_EDGE('',*,*,#1504,.F.);
#2110=ORIENTED_EDGE('',*,*,#1425,.F.);
#2111=ORIENTED_EDGE('',*,*,#1504,.T.);
#2112=ORIENTED_EDGE('',*,*,#1497,.T.);
#2113=ORIENTED_EDGE('',*,*,#1505,.F.);
#2114=ORIENTED_EDGE('',*,*,#1351,.F.);
#2115=ORIENTED_EDGE('',*,*,#1506,.F.);
#2116=ORIENTED_EDGE('',*,*,#1420,.F.);
#2117=ORIENTED_EDGE('',*,*,#1505,.T.);
#2118=ORIENTED_EDGE('',*,*,#1496,.T.);
#2119=ORIENTED_EDGE('',*,*,#1507,.F.);
#2120=ORIENTED_EDGE('',*,*,#1508,.T.);
#2121=ORIENTED_EDGE('',*,*,#1509,.F.);
#2122=ORIENTED_EDGE('',*,*,#1419,.F.);
#2123=ORIENTED_EDGE('',*,*,#1349,.F.);
#2124=ORIENTED_EDGE('',*,*,#1509,.T.);
#2125=ORIENTED_EDGE('',*,*,#1510,.T.);
#2126=ORIENTED_EDGE('',*,*,#1511,.F.);
#2127=ORIENTED_EDGE('',*,*,#1345,.F.);
#2128=ORIENTED_EDGE('',*,*,#1409,.F.);
#2129=ORIENTED_EDGE('',*,*,#1511,.T.);
#2130=ORIENTED_EDGE('',*,*,#1512,.T.);
#2131=ORIENTED_EDGE('',*,*,#1513,.F.);
#2132=ORIENTED_EDGE('',*,*,#1311,.F.);
#2133=ORIENTED_EDGE('',*,*,#1513,.T.);
#2134=ORIENTED_EDGE('',*,*,#1514,.T.);
#2135=ORIENTED_EDGE('',*,*,#1515,.F.);
#2136=ORIENTED_EDGE('',*,*,#1307,.F.);
#2137=ORIENTED_EDGE('',*,*,#1432,.F.);
#2138=ORIENTED_EDGE('',*,*,#1516,.T.);
#2139=ORIENTED_EDGE('',*,*,#1517,.T.);
#2140=ORIENTED_EDGE('',*,*,#1518,.F.);
#2141=ORIENTED_EDGE('',*,*,#1319,.F.);
#2142=ORIENTED_EDGE('',*,*,#1430,.F.);
#2143=ORIENTED_EDGE('',*,*,#1518,.T.);
#2144=ORIENTED_EDGE('',*,*,#1519,.T.);
#2145=ORIENTED_EDGE('',*,*,#1520,.F.);
#2146=ORIENTED_EDGE('',*,*,#1279,.F.);
#2147=ORIENTED_EDGE('',*,*,#1520,.T.);
#2148=ORIENTED_EDGE('',*,*,#1521,.T.);
#2149=ORIENTED_EDGE('',*,*,#1522,.F.);
#2150=ORIENTED_EDGE('',*,*,#1275,.F.);
#2151=ORIENTED_EDGE('',*,*,#1441,.F.);
#2152=ORIENTED_EDGE('',*,*,#1523,.T.);
#2153=ORIENTED_EDGE('',*,*,#1524,.T.);
#2154=ORIENTED_EDGE('',*,*,#1525,.F.);
#2155=ORIENTED_EDGE('',*,*,#1287,.F.);
#2156=ORIENTED_EDGE('',*,*,#1439,.F.);
#2157=ORIENTED_EDGE('',*,*,#1525,.T.);
#2158=ORIENTED_EDGE('',*,*,#1526,.T.);
#2159=ORIENTED_EDGE('',*,*,#1527,.F.);
#2160=ORIENTED_EDGE('',*,*,#1445,.F.);
#2161=ORIENTED_EDGE('',*,*,#1527,.T.);
#2162=ORIENTED_EDGE('',*,*,#1528,.T.);
#2163=ORIENTED_EDGE('',*,*,#1529,.F.);
#2164=ORIENTED_EDGE('',*,*,#1255,.F.);
#2165=ORIENTED_EDGE('',*,*,#1253,.F.);
#2166=ORIENTED_EDGE('',*,*,#1530,.T.);
#2167=ORIENTED_EDGE('',*,*,#1531,.T.);
#2168=ORIENTED_EDGE('',*,*,#1532,.F.);
#2169=ORIENTED_EDGE('',*,*,#1249,.F.);
#2170=ORIENTED_EDGE('',*,*,#1444,.F.);
#2171=ORIENTED_EDGE('',*,*,#1532,.T.);
#2172=ORIENTED_EDGE('',*,*,#1533,.T.);
#2173=ORIENTED_EDGE('',*,*,#1534,.F.);
#2174=ORIENTED_EDGE('',*,*,#1447,.F.);
#2175=ORIENTED_EDGE('',*,*,#1534,.T.);
#2176=ORIENTED_EDGE('',*,*,#1535,.T.);
#2177=ORIENTED_EDGE('',*,*,#1536,.F.);
#2178=ORIENTED_EDGE('',*,*,#1223,.F.);
#2179=ORIENTED_EDGE('',*,*,#1221,.F.);
#2180=ORIENTED_EDGE('',*,*,#1537,.T.);
#2181=ORIENTED_EDGE('',*,*,#1538,.T.);
#2182=ORIENTED_EDGE('',*,*,#1539,.F.);
#2183=ORIENTED_EDGE('',*,*,#1217,.F.);
#2184=ORIENTED_EDGE('',*,*,#1404,.F.);
#2185=ORIENTED_EDGE('',*,*,#1539,.T.);
#2186=ORIENTED_EDGE('',*,*,#1540,.T.);
#2187=ORIENTED_EDGE('',*,*,#1541,.F.);
#2188=ORIENTED_EDGE('',*,*,#1446,.F.);
#2189=ORIENTED_EDGE('',*,*,#1541,.T.);
#2190=ORIENTED_EDGE('',*,*,#1542,.T.);
#2191=ORIENTED_EDGE('',*,*,#1543,.F.);
#2192=ORIENTED_EDGE('',*,*,#1239,.F.);
#2193=ORIENTED_EDGE('',*,*,#1544,.F.);
#2194=ORIENTED_EDGE('',*,*,#1387,.T.);
#2195=ORIENTED_EDGE('',*,*,#1392,.T.);
#2196=ORIENTED_EDGE('',*,*,#1545,.T.);
#2197=ORIENTED_EDGE('',*,*,#1546,.F.);
#2198=ORIENTED_EDGE('',*,*,#1545,.F.);
#2199=ORIENTED_EDGE('',*,*,#1391,.T.);
#2200=ORIENTED_EDGE('',*,*,#1547,.F.);
#2201=ORIENTED_EDGE('',*,*,#1548,.F.);
#2202=ORIENTED_EDGE('',*,*,#1547,.T.);
#2203=ORIENTED_EDGE('',*,*,#1390,.T.);
#2204=ORIENTED_EDGE('',*,*,#1549,.F.);
#2205=ORIENTED_EDGE('',*,*,#1550,.F.);
#2206=ORIENTED_EDGE('',*,*,#1549,.T.);
#2207=ORIENTED_EDGE('',*,*,#1389,.T.);
#2208=ORIENTED_EDGE('',*,*,#1551,.F.);
#2209=ORIENTED_EDGE('',*,*,#1552,.F.);
#2210=ORIENTED_EDGE('',*,*,#1551,.T.);
#2211=ORIENTED_EDGE('',*,*,#1388,.T.);
#2212=ORIENTED_EDGE('',*,*,#1383,.F.);
#2213=ORIENTED_EDGE('',*,*,#1553,.F.);
#2214=ORIENTED_EDGE('',*,*,#1453,.T.);
#2215=ORIENTED_EDGE('',*,*,#1454,.F.);
#2216=ORIENTED_EDGE('',*,*,#1554,.F.);
#2217=ORIENTED_EDGE('',*,*,#1555,.F.);
#2218=ORIENTED_EDGE('',*,*,#1554,.T.);
#2219=ORIENTED_EDGE('',*,*,#1236,.T.);
#2220=ORIENTED_EDGE('',*,*,#1240,.T.);
#2221=ORIENTED_EDGE('',*,*,#1556,.T.);
#2222=ORIENTED_EDGE('',*,*,#1557,.F.);
#2223=ORIENTED_EDGE('',*,*,#1556,.F.);
#2224=ORIENTED_EDGE('',*,*,#1543,.T.);
#2225=ORIENTED_EDGE('',*,*,#1558,.T.);
#2226=ORIENTED_EDGE('',*,*,#1559,.F.);
#2227=ORIENTED_EDGE('',*,*,#1558,.F.);
#2228=ORIENTED_EDGE('',*,*,#1542,.F.);
#2229=ORIENTED_EDGE('',*,*,#1540,.F.);
#2230=ORIENTED_EDGE('',*,*,#1538,.F.);
#2231=ORIENTED_EDGE('',*,*,#1560,.F.);
#2232=ORIENTED_EDGE('',*,*,#1561,.F.);
#2233=ORIENTED_EDGE('',*,*,#1560,.T.);
#2234=ORIENTED_EDGE('',*,*,#1537,.F.);
#2235=ORIENTED_EDGE('',*,*,#1562,.F.);
#2236=ORIENTED_EDGE('',*,*,#1563,.F.);
#2237=ORIENTED_EDGE('',*,*,#1562,.T.);
#2238=ORIENTED_EDGE('',*,*,#1220,.T.);
#2239=ORIENTED_EDGE('',*,*,#1224,.T.);
#2240=ORIENTED_EDGE('',*,*,#1564,.T.);
#2241=ORIENTED_EDGE('',*,*,#1565,.F.);
#2242=ORIENTED_EDGE('',*,*,#1564,.F.);
#2243=ORIENTED_EDGE('',*,*,#1536,.T.);
#2244=ORIENTED_EDGE('',*,*,#1566,.T.);
#2245=ORIENTED_EDGE('',*,*,#1567,.F.);
#2246=ORIENTED_EDGE('',*,*,#1566,.F.);
#2247=ORIENTED_EDGE('',*,*,#1535,.F.);
#2248=ORIENTED_EDGE('',*,*,#1533,.F.);
#2249=ORIENTED_EDGE('',*,*,#1531,.F.);
#2250=ORIENTED_EDGE('',*,*,#1568,.F.);
#2251=ORIENTED_EDGE('',*,*,#1569,.F.);
#2252=ORIENTED_EDGE('',*,*,#1568,.T.);
#2253=ORIENTED_EDGE('',*,*,#1530,.F.);
#2254=ORIENTED_EDGE('',*,*,#1570,.F.);
#2255=ORIENTED_EDGE('',*,*,#1571,.F.);
#2256=ORIENTED_EDGE('',*,*,#1570,.T.);
#2257=ORIENTED_EDGE('',*,*,#1252,.T.);
#2258=ORIENTED_EDGE('',*,*,#1256,.T.);
#2259=ORIENTED_EDGE('',*,*,#1572,.T.);
#2260=ORIENTED_EDGE('',*,*,#1573,.F.);
#2261=ORIENTED_EDGE('',*,*,#1572,.F.);
#2262=ORIENTED_EDGE('',*,*,#1529,.T.);
#2263=ORIENTED_EDGE('',*,*,#1574,.T.);
#2264=ORIENTED_EDGE('',*,*,#1575,.F.);
#2265=ORIENTED_EDGE('',*,*,#1574,.F.);
#2266=ORIENTED_EDGE('',*,*,#1528,.F.);
#2267=ORIENTED_EDGE('',*,*,#1526,.F.);
#2268=ORIENTED_EDGE('',*,*,#1524,.F.);
#2269=ORIENTED_EDGE('',*,*,#1576,.F.);
#2270=ORIENTED_EDGE('',*,*,#1577,.F.);
#2271=ORIENTED_EDGE('',*,*,#1576,.T.);
#2272=ORIENTED_EDGE('',*,*,#1523,.F.);
#2273=ORIENTED_EDGE('',*,*,#1578,.F.);
#2274=ORIENTED_EDGE('',*,*,#1579,.F.);
#2275=ORIENTED_EDGE('',*,*,#1578,.T.);
#2276=ORIENTED_EDGE('',*,*,#1440,.T.);
#2277=ORIENTED_EDGE('',*,*,#1276,.T.);
#2278=ORIENTED_EDGE('',*,*,#1580,.T.);
#2279=ORIENTED_EDGE('',*,*,#1581,.F.);
#2280=ORIENTED_EDGE('',*,*,#1580,.F.);
#2281=ORIENTED_EDGE('',*,*,#1522,.T.);
#2282=ORIENTED_EDGE('',*,*,#1582,.T.);
#2283=ORIENTED_EDGE('',*,*,#1583,.F.);
#2284=ORIENTED_EDGE('',*,*,#1582,.F.);
#2285=ORIENTED_EDGE('',*,*,#1521,.F.);
#2286=ORIENTED_EDGE('',*,*,#1519,.F.);
#2287=ORIENTED_EDGE('',*,*,#1517,.F.);
#2288=ORIENTED_EDGE('',*,*,#1584,.F.);
#2289=ORIENTED_EDGE('',*,*,#1585,.F.);
#2290=ORIENTED_EDGE('',*,*,#1584,.T.);
#2291=ORIENTED_EDGE('',*,*,#1516,.F.);
#2292=ORIENTED_EDGE('',*,*,#1586,.F.);
#2293=ORIENTED_EDGE('',*,*,#1587,.F.);
#2294=ORIENTED_EDGE('',*,*,#1586,.T.);
#2295=ORIENTED_EDGE('',*,*,#1431,.T.);
#2296=ORIENTED_EDGE('',*,*,#1308,.T.);
#2297=ORIENTED_EDGE('',*,*,#1588,.T.);
#2298=ORIENTED_EDGE('',*,*,#1589,.F.);
#2299=ORIENTED_EDGE('',*,*,#1588,.F.);
#2300=ORIENTED_EDGE('',*,*,#1515,.T.);
#2301=ORIENTED_EDGE('',*,*,#1590,.T.);
#2302=ORIENTED_EDGE('',*,*,#1591,.F.);
#2303=ORIENTED_EDGE('',*,*,#1590,.F.);
#2304=ORIENTED_EDGE('',*,*,#1514,.F.);
#2305=ORIENTED_EDGE('',*,*,#1512,.F.);
#2306=ORIENTED_EDGE('',*,*,#1510,.F.);
#2307=ORIENTED_EDGE('',*,*,#1508,.F.);
#2308=ORIENTED_EDGE('',*,*,#1553,.T.);
#2309=ORIENTED_EDGE('',*,*,#1555,.T.);
#2310=ORIENTED_EDGE('',*,*,#1557,.T.);
#2311=ORIENTED_EDGE('',*,*,#1559,.T.);
#2312=ORIENTED_EDGE('',*,*,#1561,.T.);
#2313=ORIENTED_EDGE('',*,*,#1563,.T.);
#2314=ORIENTED_EDGE('',*,*,#1565,.T.);
#2315=ORIENTED_EDGE('',*,*,#1567,.T.);
#2316=ORIENTED_EDGE('',*,*,#1569,.T.);
#2317=ORIENTED_EDGE('',*,*,#1571,.T.);
#2318=ORIENTED_EDGE('',*,*,#1573,.T.);
#2319=ORIENTED_EDGE('',*,*,#1575,.T.);
#2320=ORIENTED_EDGE('',*,*,#1577,.T.);
#2321=ORIENTED_EDGE('',*,*,#1579,.T.);
#2322=ORIENTED_EDGE('',*,*,#1581,.T.);
#2323=ORIENTED_EDGE('',*,*,#1583,.T.);
#2324=ORIENTED_EDGE('',*,*,#1585,.T.);
#2325=ORIENTED_EDGE('',*,*,#1587,.T.);
#2326=ORIENTED_EDGE('',*,*,#1589,.T.);
#2327=ORIENTED_EDGE('',*,*,#1591,.T.);
#2328=ORIENTED_EDGE('',*,*,#1507,.T.);
#2329=ORIENTED_EDGE('',*,*,#1418,.T.);
#2330=ORIENTED_EDGE('',*,*,#1506,.T.);
#2331=ORIENTED_EDGE('',*,*,#1495,.T.);
#2332=ORIENTED_EDGE('',*,*,#1501,.T.);
#2333=ORIENTED_EDGE('',*,*,#1413,.T.);
#2334=ORIENTED_EDGE('',*,*,#1494,.T.);
#2335=ORIENTED_EDGE('',*,*,#1483,.T.);
#2336=ORIENTED_EDGE('',*,*,#1489,.T.);
#2337=ORIENTED_EDGE('',*,*,#1421,.T.);
#2338=ORIENTED_EDGE('',*,*,#1482,.T.);
#2339=ORIENTED_EDGE('',*,*,#1471,.T.);
#2340=ORIENTED_EDGE('',*,*,#1477,.T.);
#2341=ORIENTED_EDGE('',*,*,#1427,.T.);
#2342=ORIENTED_EDGE('',*,*,#1470,.T.);
#2343=ORIENTED_EDGE('',*,*,#1459,.T.);
#2344=ORIENTED_EDGE('',*,*,#1465,.T.);
#2345=ORIENTED_EDGE('',*,*,#1434,.T.);
#2346=ORIENTED_EDGE('',*,*,#1458,.T.);
#2347=ORIENTED_EDGE('',*,*,#1448,.T.);
#2348=ORIENTED_EDGE('',*,*,#1544,.T.);
#2349=ORIENTED_EDGE('',*,*,#1546,.T.);
#2350=ORIENTED_EDGE('',*,*,#1548,.T.);
#2351=ORIENTED_EDGE('',*,*,#1550,.T.);
#2352=ORIENTED_EDGE('',*,*,#1552,.T.);
#2353=ORIENTED_EDGE('',*,*,#1382,.T.);
#2354=ORIENTED_EDGE('',*,*,#1379,.T.);
#2355=ORIENTED_EDGE('',*,*,#1376,.T.);
#2356=ORIENTED_EDGE('',*,*,#1372,.T.);
#2357=ORIENTED_EDGE('',*,*,#1385,.T.);
#2358=B_SPLINE_SURFACE_WITH_KNOTS('',3,3,((#3486,#3487,#3488,#3489,#3490,
#3491),(#3492,#3493,#3494,#3495,#3496,#3497),(#3498,#3499,#3500,#3501,#3502,
#3503),(#3504,#3505,#3506,#3507,#3508,#3509),(#3510,#3511,#3512,#3513,#3514,
#3515),(#3516,#3517,#3518,#3519,#3520,#3521)),.UNSPECIFIED.,.F.,.F.,.F.,
(4,1,1,4),(4,1,1,4),(0.,0.333333333333333,0.666666666666667,1.),(0.,0.333333333333333,
0.666666666666667,1.),.UNSPECIFIED.);
#2359=B_SPLINE_SURFACE_WITH_KNOTS('',3,3,((#3540,#3541,#3542,#3543,#3544,
#3545),(#3546,#3547,#3548,#3549,#3550,#3551),(#3552,#3553,#3554,#3555,#3556,
#3557),(#3558,#3559,#3560,#3561,#3562,#3563),(#3564,#3565,#3566,#3567,#3568,
#3569),(#3570,#3571,#3572,#3573,#3574,#3575)),.UNSPECIFIED.,.F.,.F.,.F.,
(4,1,1,4),(4,1,1,4),(0.,0.333333333333333,0.666666666666667,1.),(0.,0.333333333333333,
0.666666666666667,1.),.UNSPECIFIED.);
#2360=B_SPLINE_SURFACE_WITH_KNOTS('',3,3,((#3586,#3587,#3588,#3589,#3590,
#3591),(#3592,#3593,#3594,#3595,#3596,#3597),(#3598,#3599,#3600,#3601,#3602,
#3603),(#3604,#3605,#3606,#3607,#3608,#3609),(#3610,#3611,#3612,#3613,#3614,
#3615),(#3616,#3617,#3618,#3619,#3620,#3621)),.UNSPECIFIED.,.F.,.F.,.F.,
(4,1,1,4),(4,1,1,4),(0.,0.333333333333333,0.666666666666667,1.),(0.,0.333333333333333,
0.666666666666667,1.),.UNSPECIFIED.);
#2361=B_SPLINE_SURFACE_WITH_KNOTS('',3,3,((#3632,#3633,#3634,#3635,#3636,
#3637),(#3638,#3639,#3640,#3641,#3642,#3643),(#3644,#3645,#3646,#3647,#3648,
#3649),(#3650,#3651,#3652,#3653,#3654,#3655),(#3656,#3657,#3658,#3659,#3660,
#3661),(#3662,#3663,#3664,#3665,#3666,#3667)),.UNSPECIFIED.,.F.,.F.,.F.,
(4,1,1,4),(4,1,1,4),(0.,0.333333333333333,0.666666666666667,1.),(0.,0.333333333333333,
0.666666666666667,1.),.UNSPECIFIED.);
#2362=B_SPLINE_SURFACE_WITH_KNOTS('',3,3,((#3678,#3679,#3680,#3681,#3682,
#3683),(#3684,#3685,#3686,#3687,#3688,#3689),(#3690,#3691,#3692,#3693,#3694,
#3695),(#3696,#3697,#3698,#3699,#3700,#3701),(#3702,#3703,#3704,#3705,#3706,
#3707),(#3708,#3709,#3710,#3711,#3712,#3713)),.UNSPECIFIED.,.F.,.F.,.F.,
(4,1,1,4),(4,1,1,4),(0.,0.333333333333333,0.666666666666667,1.),(0.,0.333333333333333,
0.666666666666667,1.),.UNSPECIFIED.);
#2363=B_SPLINE_SURFACE_WITH_KNOTS('',3,3,((#3724,#3725,#3726,#3727,#3728,
#3729),(#3730,#3731,#3732,#3733,#3734,#3735),(#3736,#3737,#3738,#3739,#3740,
#3741),(#3742,#3743,#3744,#3745,#3746,#3747),(#3748,#3749,#3750,#3751,#3752,
#3753),(#3754,#3755,#3756,#3757,#3758,#3759)),.UNSPECIFIED.,.F.,.F.,.F.,
(4,1,1,4),(4,1,1,4),(0.,0.333333333333333,0.666666666666667,1.),(0.,0.333333333333333,
0.666666666666667,1.),.UNSPECIFIED.);
#2364=B_SPLINE_SURFACE_WITH_KNOTS('',3,3,((#3778,#3779,#3780,#3781,#3782,
#3783),(#3784,#3785,#3786,#3787,#3788,#3789),(#3790,#3791,#3792,#3793,#3794,
#3795),(#3796,#3797,#3798,#3799,#3800,#3801),(#3802,#3803,#3804,#3805,#3806,
#3807),(#3808,#3809,#3810,#3811,#3812,#3813)),.UNSPECIFIED.,.F.,.F.,.F.,
(4,1,1,4),(4,1,1,4),(0.,0.333333333333333,0.666666666666667,1.),(0.,0.333333333333333,
0.666666666666667,1.),.UNSPECIFIED.);
#2365=B_SPLINE_SURFACE_WITH_KNOTS('',3,3,((#3824,#3825,#3826,#3827,#3828,
#3829),(#3830,#3831,#3832,#3833,#3834,#3835),(#3836,#3837,#3838,#3839,#3840,
#3841),(#3842,#3843,#3844,#3845,#3846,#3847),(#3848,#3849,#3850,#3851,#3852,
#3853),(#3854,#3855,#3856,#3857,#3858,#3859)),.UNSPECIFIED.,.F.,.F.,.F.,
(4,1,1,4),(4,1,1,4),(0.,0.333333333333333,0.666666666666667,1.),(0.,0.333333333333333,
0.666666666666667,1.),.UNSPECIFIED.);
#2366=B_SPLINE_SURFACE_WITH_KNOTS('',3,3,((#3870,#3871,#3872,#3873,#3874,
#3875),(#3876,#3877,#3878,#3879,#3880,#3881),(#3882,#3883,#3884,#3885,#3886,
#3887),(#3888,#3889,#3890,#3891,#3892,#3893),(#3894,#3895,#3896,#3897,#3898,
#3899),(#3900,#3901,#3902,#3903,#3904,#3905)),.UNSPECIFIED.,.F.,.F.,.F.,
(4,1,1,4),(4,1,1,4),(0.,0.333333333333333,0.666666666666667,1.),(0.,0.333333333333333,
0.666666666666667,1.),.UNSPECIFIED.);
#2367=B_SPLINE_SURFACE_WITH_KNOTS('',3,3,((#3916,#3917,#3918,#3919,#3920,
#3921),(#3922,#3923,#3924,#3925,#3926,#3927),(#3928,#3929,#3930,#3931,#3932,
#3933),(#3934,#3935,#3936,#3937,#3938,#3939),(#3940,#3941,#3942,#3943,#3944,
#3945),(#3946,#3947,#3948,#3949,#3950,#3951)),.UNSPECIFIED.,.F.,.F.,.F.,
(4,1,1,4),(4,1,1,4),(0.,0.333333333333333,0.666666666666667,1.),(0.,0.333333333333333,
0.666666666666667,1.),.UNSPECIFIED.);
#2368=B_SPLINE_SURFACE_WITH_KNOTS('',3,3,((#3962,#3963,#3964,#3965,#3966,
#3967),(#3968,#3969,#3970,#3971,#3972,#3973),(#3974,#3975,#3976,#3977,#3978,
#3979),(#3980,#3981,#3982,#3983,#3984,#3985),(#3986,#3987,#3988,#3989,#3990,
#3991),(#3992,#3993,#3994,#3995,#3996,#3997)),.UNSPECIFIED.,.F.,.F.,.F.,
(4,1,1,4),(4,1,1,4),(0.,0.333333333333333,0.666666666666667,1.),(0.,0.333333333333333,
0.666666666666667,1.),.UNSPECIFIED.);
#2369=B_SPLINE_SURFACE_WITH_KNOTS('',3,3,((#4016,#4017,#4018,#4019,#4020,
#4021),(#4022,#4023,#4024,#4025,#4026,#4027),(#4028,#4029,#4030,#4031,#4032,
#4033),(#4034,#4035,#4036,#4037,#4038,#4039),(#4040,#4041,#4042,#4043,#4044,
#4045),(#4046,#4047,#4048,#4049,#4050,#4051)),.UNSPECIFIED.,.F.,.F.,.F.,
(4,1,1,4),(4,1,1,4),(0.,0.333333333333333,0.666666666666667,1.),(0.,0.333333333333333,
0.666666666666667,1.),.UNSPECIFIED.);
#2370=B_SPLINE_SURFACE_WITH_KNOTS('',3,3,((#4062,#4063,#4064,#4065,#4066,
#4067),(#4068,#4069,#4070,#4071,#4072,#4073),(#4074,#4075,#4076,#4077,#4078,
#4079),(#4080,#4081,#4082,#4083,#4084,#4085),(#4086,#4087,#4088,#4089,#4090,
#4091),(#4092,#4093,#4094,#4095,#4096,#4097)),.UNSPECIFIED.,.F.,.F.,.F.,
(4,1,1,4),(4,1,1,4),(0.,0.333333333333333,0.666666666666667,1.),(0.,0.333333333333333,
0.666666666666667,1.),.UNSPECIFIED.);
#2371=B_SPLINE_SURFACE_WITH_KNOTS('',3,3,((#4108,#4109,#4110,#4111,#4112,
#4113),(#4114,#4115,#4116,#4117,#4118,#4119),(#4120,#4121,#4122,#4123,#4124,
#4125),(#4126,#4127,#4128,#4129,#4130,#4131),(#4132,#4133,#4134,#4135,#4136,
#4137),(#4138,#4139,#4140,#4141,#4142,#4143)),.UNSPECIFIED.,.F.,.F.,.F.,
(4,1,1,4),(4,1,1,4),(0.,0.333333333333333,0.666666666666667,1.),(0.,0.333333333333333,
0.666666666666667,1.),.UNSPECIFIED.);
#2372=B_SPLINE_SURFACE_WITH_KNOTS('',3,3,((#4154,#4155,#4156,#4157,#4158,
#4159),(#4160,#4161,#4162,#4163,#4164,#4165),(#4166,#4167,#4168,#4169,#4170,
#4171),(#4172,#4173,#4174,#4175,#4176,#4177),(#4178,#4179,#4180,#4181,#4182,
#4183),(#4184,#4185,#4186,#4187,#4188,#4189)),.UNSPECIFIED.,.F.,.F.,.F.,
(4,1,1,4),(4,1,1,4),(0.,0.333333333333333,0.666666666666667,1.),(0.,0.333333333333333,
0.666666666666667,1.),.UNSPECIFIED.);
#2373=B_SPLINE_SURFACE_WITH_KNOTS('',3,3,((#4200,#4201,#4202,#4203,#4204,
#4205),(#4206,#4207,#4208,#4209,#4210,#4211),(#4212,#4213,#4214,#4215,#4216,
#4217),(#4218,#4219,#4220,#4221,#4222,#4223),(#4224,#4225,#4226,#4227,#4228,
#4229),(#4230,#4231,#4232,#4233,#4234,#4235)),.UNSPECIFIED.,.F.,.F.,.F.,
(4,1,1,4),(4,1,1,4),(0.,0.333333333333333,0.666666666666667,1.),(0.,0.333333333333333,
0.666666666666667,1.),.UNSPECIFIED.);
#2374=B_SPLINE_SURFACE_WITH_KNOTS('',3,3,((#4254,#4255,#4256,#4257,#4258,
#4259),(#4260,#4261,#4262,#4263,#4264,#4265),(#4266,#4267,#4268,#4269,#4270,
#4271),(#4272,#4273,#4274,#4275,#4276,#4277),(#4278,#4279,#4280,#4281,#4282,
#4283),(#4284,#4285,#4286,#4287,#4288,#4289)),.UNSPECIFIED.,.F.,.F.,.F.,
(4,1,1,4),(4,1,1,4),(0.,0.333333333333333,0.666666666666667,1.),(0.,0.333333333333333,
0.666666666666667,1.),.UNSPECIFIED.);
#2375=B_SPLINE_SURFACE_WITH_KNOTS('',3,3,((#4300,#4301,#4302,#4303,#4304,
#4305),(#4306,#4307,#4308,#4309,#4310,#4311),(#4312,#4313,#4314,#4315,#4316,
#4317),(#4318,#4319,#4320,#4321,#4322,#4323),(#4324,#4325,#4326,#4327,#4328,
#4329),(#4330,#4331,#4332,#4333,#4334,#4335)),.UNSPECIFIED.,.F.,.F.,.F.,
(4,1,1,4),(4,1,1,4),(0.,0.333333333333333,0.666666666666667,1.),(0.,0.333333333333333,
0.666666666666667,1.),.UNSPECIFIED.);
#2376=B_SPLINE_SURFACE_WITH_KNOTS('',3,3,((#4346,#4347,#4348,#4349,#4350,
#4351),(#4352,#4353,#4354,#4355,#4356,#4357),(#4358,#4359,#4360,#4361,#4362,
#4363),(#4364,#4365,#4366,#4367,#4368,#4369),(#4370,#4371,#4372,#4373,#4374,
#4375),(#4376,#4377,#4378,#4379,#4380,#4381)),.UNSPECIFIED.,.F.,.F.,.F.,
(4,1,1,4),(4,1,1,4),(0.,0.333333333333333,0.666666666666667,1.),(0.,0.333333333333333,
0.666666666666667,1.),.UNSPECIFIED.);
#2377=B_SPLINE_SURFACE_WITH_KNOTS('',3,3,((#4392,#4393,#4394,#4395,#4396,
#4397),(#4398,#4399,#4400,#4401,#4402,#4403),(#4404,#4405,#4406,#4407,#4408,
#4409),(#4410,#4411,#4412,#4413,#4414,#4415),(#4416,#4417,#4418,#4419,#4420,
#4421),(#4422,#4423,#4424,#4425,#4426,#4427)),.UNSPECIFIED.,.F.,.F.,.F.,
(4,1,1,4),(4,1,1,4),(0.,0.333333333333333,0.666666666666667,1.),(0.,0.333333333333333,
0.666666666666667,1.),.UNSPECIFIED.);
#2378=B_SPLINE_SURFACE_WITH_KNOTS('',3,3,((#4438,#4439,#4440,#4441,#4442,
#4443),(#4444,#4445,#4446,#4447,#4448,#4449),(#4450,#4451,#4452,#4453,#4454,
#4455),(#4456,#4457,#4458,#4459,#4460,#4461),(#4462,#4463,#4464,#4465,#4466,
#4467),(#4468,#4469,#4470,#4471,#4472,#4473)),.UNSPECIFIED.,.F.,.F.,.F.,
(4,1,1,4),(4,1,1,4),(0.,0.333333333333333,0.666666666666667,1.),(0.,0.333333333333333,
0.666666666666667,1.),.UNSPECIFIED.);
#2379=B_SPLINE_SURFACE_WITH_KNOTS('',3,3,((#4492,#4493,#4494,#4495,#4496,
#4497),(#4498,#4499,#4500,#4501,#4502,#4503),(#4504,#4505,#4506,#4507,#4508,
#4509),(#4510,#4511,#4512,#4513,#4514,#4515),(#4516,#4517,#4518,#4519,#4520,
#4521),(#4522,#4523,#4524,#4525,#4526,#4527)),.UNSPECIFIED.,.F.,.F.,.F.,
(4,1,1,4),(4,1,1,4),(0.,0.333333333333333,0.666666666666667,1.),(0.,0.333333333333333,
0.666666666666667,1.),.UNSPECIFIED.);
#2380=B_SPLINE_SURFACE_WITH_KNOTS('',3,3,((#4538,#4539,#4540,#4541,#4542,
#4543),(#4544,#4545,#4546,#4547,#4548,#4549),(#4550,#4551,#4552,#4553,#4554,
#4555),(#4556,#4557,#4558,#4559,#4560,#4561),(#4562,#4563,#4564,#4565,#4566,
#4567),(#4568,#4569,#4570,#4571,#4572,#4573)),.UNSPECIFIED.,.F.,.F.,.F.,
(4,1,1,4),(4,1,1,4),(0.,0.333333333333333,0.666666666666667,1.),(0.,0.333333333333333,
0.666666666666667,1.),.UNSPECIFIED.);
#2381=B_SPLINE_SURFACE_WITH_KNOTS('',3,3,((#4584,#4585,#4586,#4587,#4588,
#4589),(#4590,#4591,#4592,#4593,#4594,#4595),(#4596,#4597,#4598,#4599,#4600,
#4601),(#4602,#4603,#4604,#4605,#4606,#4607),(#4608,#4609,#4610,#4611,#4612,
#4613),(#4614,#4615,#4616,#4617,#4618,#4619)),.UNSPECIFIED.,.F.,.F.,.F.,
(4,1,1,4),(4,1,1,4),(0.,0.333333333333333,0.666666666666667,1.),(0.,0.333333333333333,
0.666666666666667,1.),.UNSPECIFIED.);
#2382=B_SPLINE_SURFACE_WITH_KNOTS('',3,3,((#4630,#4631,#4632,#4633,#4634,
#4635),(#4636,#4637,#4638,#4639,#4640,#4641),(#4642,#4643,#4644,#4645,#4646,
#4647),(#4648,#4649,#4650,#4651,#4652,#4653),(#4654,#4655,#4656,#4657,#4658,
#4659),(#4660,#4661,#4662,#4663,#4664,#4665)),.UNSPECIFIED.,.F.,.F.,.F.,
(4,1,1,4),(4,1,1,4),(0.,0.333333333333333,0.666666666666667,1.),(0.,0.333333333333333,
0.666666666666667,1.),.UNSPECIFIED.);
#2383=B_SPLINE_SURFACE_WITH_KNOTS('',3,3,((#4676,#4677,#4678,#4679,#4680,
#4681),(#4682,#4683,#4684,#4685,#4686,#4687),(#4688,#4689,#4690,#4691,#4692,
#4693),(#4694,#4695,#4696,#4697,#4698,#4699),(#4700,#4701,#4702,#4703,#4704,
#4705),(#4706,#4707,#4708,#4709,#4710,#4711)),.UNSPECIFIED.,.F.,.F.,.F.,
(4,1,1,4),(4,1,1,4),(0.,0.333333333333333,0.666666666666667,1.),(0.,0.333333333333333,
0.666666666666667,1.),.UNSPECIFIED.);
#2384=B_SPLINE_SURFACE_WITH_KNOTS('',3,3,((#4730,#4731,#4732,#4733,#4734,
#4735),(#4736,#4737,#4738,#4739,#4740,#4741),(#4742,#4743,#4744,#4745,#4746,
#4747),(#4748,#4749,#4750,#4751,#4752,#4753),(#4754,#4755,#4756,#4757,#4758,
#4759),(#4760,#4761,#4762,#4763,#4764,#4765)),.UNSPECIFIED.,.F.,.F.,.F.,
(4,1,1,4),(4,1,1,4),(0.,0.333333333333333,0.666666666666667,1.),(0.,0.333333333333333,
0.666666666666667,1.),.UNSPECIFIED.);
#2385=B_SPLINE_SURFACE_WITH_KNOTS('',3,3,((#4776,#4777,#4778,#4779,#4780,
#4781),(#4782,#4783,#4784,#4785,#4786,#4787),(#4788,#4789,#4790,#4791,#4792,
#4793),(#4794,#4795,#4796,#4797,#4798,#4799),(#4800,#4801,#4802,#4803,#4804,
#4805),(#4806,#4807,#4808,#4809,#4810,#4811)),.UNSPECIFIED.,.F.,.F.,.F.,
(4,1,1,4),(4,1,1,4),(0.,0.333333333333333,0.666666666666667,1.),(0.,0.333333333333333,
0.666666666666667,1.),.UNSPECIFIED.);
#2386=B_SPLINE_SURFACE_WITH_KNOTS('',3,3,((#4822,#4823,#4824,#4825,#4826,
#4827),(#4828,#4829,#4830,#4831,#4832,#4833),(#4834,#4835,#4836,#4837,#4838,
#4839),(#4840,#4841,#4842,#4843,#4844,#4845),(#4846,#4847,#4848,#4849,#4850,
#4851),(#4852,#4853,#4854,#4855,#4856,#4857)),.UNSPECIFIED.,.F.,.F.,.F.,
(4,1,1,4),(4,1,1,4),(0.,0.333333333333333,0.666666666666667,1.),(0.,0.333333333333333,
0.666666666666667,1.),.UNSPECIFIED.);
#2387=B_SPLINE_SURFACE_WITH_KNOTS('',3,3,((#4868,#4869,#4870,#4871,#4872,
#4873),(#4874,#4875,#4876,#4877,#4878,#4879),(#4880,#4881,#4882,#4883,#4884,
#4885),(#4886,#4887,#4888,#4889,#4890,#4891),(#4892,#4893,#4894,#4895,#4896,
#4897),(#4898,#4899,#4900,#4901,#4902,#4903)),.UNSPECIFIED.,.F.,.F.,.F.,
(4,1,1,4),(4,1,1,4),(0.,0.333333333333333,0.666666666666667,1.),(0.,0.333333333333333,
0.666666666666667,1.),.UNSPECIFIED.);
#2388=B_SPLINE_SURFACE_WITH_KNOTS('',3,3,((#4914,#4915,#4916,#4917,#4918,
#4919),(#4920,#4921,#4922,#4923,#4924,#4925),(#4926,#4927,#4928,#4929,#4930,
#4931),(#4932,#4933,#4934,#4935,#4936,#4937),(#4938,#4939,#4940,#4941,#4942,
#4943),(#4944,#4945,#4946,#4947,#4948,#4949)),.UNSPECIFIED.,.F.,.F.,.F.,
(4,1,1,4),(4,1,1,4),(0.,0.333333333333333,0.666666666666667,1.),(0.,0.333333333333333,
0.666666666666667,1.),.UNSPECIFIED.);
#2389=B_SPLINE_SURFACE_WITH_KNOTS('',3,3,((#4968,#4969,#4970,#4971,#4972,
#4973),(#4974,#4975,#4976,#4977,#4978,#4979),(#4980,#4981,#4982,#4983,#4984,
#4985),(#4986,#4987,#4988,#4989,#4990,#4991),(#4992,#4993,#4994,#4995,#4996,
#4997),(#4998,#4999,#5000,#5001,#5002,#5003)),.UNSPECIFIED.,.F.,.F.,.F.,
(4,1,1,4),(4,1,1,4),(0.,0.333333333333333,0.666666666666667,1.),(0.,0.333333333333333,
0.666666666666667,1.),.UNSPECIFIED.);
#2390=B_SPLINE_SURFACE_WITH_KNOTS('',3,3,((#5014,#5015,#5016,#5017,#5018,
#5019),(#5020,#5021,#5022,#5023,#5024,#5025),(#5026,#5027,#5028,#5029,#5030,
#5031),(#5032,#5033,#5034,#5035,#5036,#5037),(#5038,#5039,#5040,#5041,#5042,
#5043),(#5044,#5045,#5046,#5047,#5048,#5049)),.UNSPECIFIED.,.F.,.F.,.F.,
(4,1,1,4),(4,1,1,4),(0.,0.333333333333333,0.666666666666667,1.),(0.,0.333333333333333,
0.666666666666667,1.),.UNSPECIFIED.);
#2391=B_SPLINE_SURFACE_WITH_KNOTS('',3,3,((#5060,#5061,#5062,#5063,#5064,
#5065),(#5066,#5067,#5068,#5069,#5070,#5071),(#5072,#5073,#5074,#5075,#5076,
#5077),(#5078,#5079,#5080,#5081,#5082,#5083),(#5084,#5085,#5086,#5087,#5088,
#5089),(#5090,#5091,#5092,#5093,#5094,#5095)),.UNSPECIFIED.,.F.,.F.,.F.,
(4,1,1,4),(4,1,1,4),(0.,0.333333333333333,0.666666666666667,1.),(0.,0.333333333333333,
0.666666666666667,1.),.UNSPECIFIED.);
#2392=B_SPLINE_SURFACE_WITH_KNOTS('',3,3,((#5106,#5107,#5108,#5109,#5110,
#5111),(#5112,#5113,#5114,#5115,#5116,#5117),(#5118,#5119,#5120,#5121,#5122,
#5123),(#5124,#5125,#5126,#5127,#5128,#5129),(#5130,#5131,#5132,#5133,#5134,
#5135),(#5136,#5137,#5138,#5139,#5140,#5141)),.UNSPECIFIED.,.F.,.F.,.F.,
(4,1,1,4),(4,1,1,4),(0.,0.333333333333333,0.666666666666667,1.),(0.,0.333333333333333,
0.666666666666667,1.),.UNSPECIFIED.);
#2393=B_SPLINE_SURFACE_WITH_KNOTS('',3,3,((#5152,#5153,#5154,#5155,#5156,
#5157),(#5158,#5159,#5160,#5161,#5162,#5163),(#5164,#5165,#5166,#5167,#5168,
#5169),(#5170,#5171,#5172,#5173,#5174,#5175),(#5176,#5177,#5178,#5179,#5180,
#5181),(#5182,#5183,#5184,#5185,#5186,#5187)),.UNSPECIFIED.,.F.,.F.,.F.,
(4,1,1,4),(4,1,1,4),(0.,0.333333333333333,0.666666666666667,1.),(0.,0.333333333333333,
0.666666666666667,1.),.UNSPECIFIED.);
#2394=B_SPLINE_SURFACE_WITH_KNOTS('',3,3,((#5206,#5207,#5208,#5209,#5210,
#5211),(#5212,#5213,#5214,#5215,#5216,#5217),(#5218,#5219,#5220,#5221,#5222,
#5223),(#5224,#5225,#5226,#5227,#5228,#5229),(#5230,#5231,#5232,#5233,#5234,
#5235),(#5236,#5237,#5238,#5239,#5240,#5241)),.UNSPECIFIED.,.F.,.F.,.F.,
(4,1,1,4),(4,1,1,4),(0.,0.333333333333333,0.666666666666667,1.),(0.,0.333333333333333,
0.666666666666667,1.),.UNSPECIFIED.);
#2395=B_SPLINE_SURFACE_WITH_KNOTS('',3,3,((#5252,#5253,#5254,#5255,#5256,
#5257),(#5258,#5259,#5260,#5261,#5262,#5263),(#5264,#5265,#5266,#5267,#5268,
#5269),(#5270,#5271,#5272,#5273,#5274,#5275),(#5276,#5277,#5278,#5279,#5280,
#5281),(#5282,#5283,#5284,#5285,#5286,#5287)),.UNSPECIFIED.,.F.,.F.,.F.,
(4,1,1,4),(4,1,1,4),(0.,0.333333333333333,0.666666666666667,1.),(0.,0.333333333333333,
0.666666666666667,1.),.UNSPECIFIED.);
#2396=B_SPLINE_SURFACE_WITH_KNOTS('',3,3,((#5298,#5299,#5300,#5301,#5302,
#5303),(#5304,#5305,#5306,#5307,#5308,#5309),(#5310,#5311,#5312,#5313,#5314,
#5315),(#5316,#5317,#5318,#5319,#5320,#5321),(#5322,#5323,#5324,#5325,#5326,
#5327),(#5328,#5329,#5330,#5331,#5332,#5333)),.UNSPECIFIED.,.F.,.F.,.F.,
(4,1,1,4),(4,1,1,4),(0.,0.333333333333333,0.666666666666667,1.),(0.,0.333333333333333,
0.666666666666667,1.),.UNSPECIFIED.);
#2397=B_SPLINE_SURFACE_WITH_KNOTS('',3,3,((#5344,#5345,#5346,#5347,#5348,
#5349),(#5350,#5351,#5352,#5353,#5354,#5355),(#5356,#5357,#5358,#5359,#5360,
#5361),(#5362,#5363,#5364,#5365,#5366,#5367),(#5368,#5369,#5370,#5371,#5372,
#5373),(#5374,#5375,#5376,#5377,#5378,#5379)),.UNSPECIFIED.,.F.,.F.,.F.,
(4,1,1,4),(4,1,1,4),(0.,0.333333333333333,0.666666666666667,1.),(0.,0.333333333333333,
0.666666666666667,1.),.UNSPECIFIED.);
#2398=B_SPLINE_SURFACE_WITH_KNOTS('',3,3,((#5390,#5391,#5392,#5393,#5394,
#5395),(#5396,#5397,#5398,#5399,#5400,#5401),(#5402,#5403,#5404,#5405,#5406,
#5407),(#5408,#5409,#5410,#5411,#5412,#5413),(#5414,#5415,#5416,#5417,#5418,
#5419),(#5420,#5421,#5422,#5423,#5424,#5425)),.UNSPECIFIED.,.F.,.F.,.F.,
(4,1,1,4),(4,1,1,4),(0.,0.333333333333333,0.666666666666667,1.),(0.,0.333333333333333,
0.666666666666667,1.),.UNSPECIFIED.);
#2399=B_SPLINE_SURFACE_WITH_KNOTS('',3,3,((#5444,#5445,#5446,#5447,#5448,
#5449),(#5450,#5451,#5452,#5453,#5454,#5455),(#5456,#5457,#5458,#5459,#5460,
#5461),(#5462,#5463,#5464,#5465,#5466,#5467),(#5468,#5469,#5470,#5471,#5472,
#5473),(#5474,#5475,#5476,#5477,#5478,#5479)),.UNSPECIFIED.,.F.,.F.,.F.,
(4,1,1,4),(4,1,1,4),(0.,0.333333333333333,0.666666666666667,1.),(0.,0.333333333333333,
0.666666666666667,1.),.UNSPECIFIED.);
#2400=B_SPLINE_SURFACE_WITH_KNOTS('',3,3,((#5490,#5491,#5492,#5493,#5494,
#5495),(#5496,#5497,#5498,#5499,#5500,#5501),(#5502,#5503,#5504,#5505,#5506,
#5507),(#5508,#5509,#5510,#5511,#5512,#5513),(#5514,#5515,#5516,#5517,#5518,
#5519),(#5520,#5521,#5522,#5523,#5524,#5525)),.UNSPECIFIED.,.F.,.F.,.F.,
(4,1,1,4),(4,1,1,4),(0.,0.333333333333333,0.666666666666667,1.),(0.,0.333333333333333,
0.666666666666667,1.),.UNSPECIFIED.);
#2401=B_SPLINE_SURFACE_WITH_KNOTS('',3,3,((#5536,#5537,#5538,#5539,#5540,
#5541),(#5542,#5543,#5544,#5545,#5546,#5547),(#5548,#5549,#5550,#5551,#5552,
#5553),(#5554,#5555,#5556,#5557,#5558,#5559),(#5560,#5561,#5562,#5563,#5564,
#5565),(#5566,#5567,#5568,#5569,#5570,#5571)),.UNSPECIFIED.,.F.,.F.,.F.,
(4,1,1,4),(4,1,1,4),(0.,0.333333333333333,0.666666666666667,1.),(0.,0.333333333333333,
0.666666666666667,1.),.UNSPECIFIED.);
#2402=B_SPLINE_SURFACE_WITH_KNOTS('',3,3,((#5582,#5583,#5584,#5585,#5586,
#5587),(#5588,#5589,#5590,#5591,#5592,#5593),(#5594,#5595,#5596,#5597,#5598,
#5599),(#5600,#5601,#5602,#5603,#5604,#5605),(#5606,#5607,#5608,#5609,#5610,
#5611),(#5612,#5613,#5614,#5615,#5616,#5617)),.UNSPECIFIED.,.F.,.F.,.F.,
(4,1,1,4),(4,1,1,4),(0.,0.333333333333333,0.666666666666667,1.),(0.,0.333333333333333,
0.666666666666667,1.),.UNSPECIFIED.);
#2403=B_SPLINE_SURFACE_WITH_KNOTS('',3,3,((#5628,#5629,#5630,#5631,#5632,
#5633),(#5634,#5635,#5636,#5637,#5638,#5639),(#5640,#5641,#5642,#5643,#5644,
#5645),(#5646,#5647,#5648,#5649,#5650,#5651),(#5652,#5653,#5654,#5655,#5656,
#5657),(#5658,#5659,#5660,#5661,#5662,#5663)),.UNSPECIFIED.,.F.,.F.,.F.,
(4,1,1,4),(4,1,1,4),(0.,0.333333333333333,0.666666666666667,1.),(0.,0.333333333333333,
0.666666666666667,1.),.UNSPECIFIED.);
#2404=B_SPLINE_SURFACE_WITH_KNOTS('',3,3,((#5682,#5683,#5684,#5685,#5686,
#5687),(#5688,#5689,#5690,#5691,#5692,#5693),(#5694,#5695,#5696,#5697,#5698,
#5699),(#5700,#5701,#5702,#5703,#5704,#5705),(#5706,#5707,#5708,#5709,#5710,
#5711),(#5712,#5713,#5714,#5715,#5716,#5717)),.UNSPECIFIED.,.F.,.F.,.F.,
(4,1,1,4),(4,1,1,4),(0.,0.333333333333333,0.666666666666667,1.),(0.,0.333333333333333,
0.666666666666667,1.),.UNSPECIFIED.);
#2405=B_SPLINE_SURFACE_WITH_KNOTS('',3,3,((#5728,#5729,#5730,#5731,#5732,
#5733),(#5734,#5735,#5736,#5737,#5738,#5739),(#5740,#5741,#5742,#5743,#5744,
#5745),(#5746,#5747,#5748,#5749,#5750,#5751),(#5752,#5753,#5754,#5755,#5756,
#5757),(#5758,#5759,#5760,#5761,#5762,#5763)),.UNSPECIFIED.,.F.,.F.,.F.,
(4,1,1,4),(4,1,1,4),(0.,0.333333333333333,0.666666666666667,1.),(0.,0.333333333333333,
0.666666666666667,1.),.UNSPECIFIED.);
#2406=B_SPLINE_SURFACE_WITH_KNOTS('',3,3,((#5774,#5775,#5776,#5777,#5778,
#5779),(#5780,#5781,#5782,#5783,#5784,#5785),(#5786,#5787,#5788,#5789,#5790,
#5791),(#5792,#5793,#5794,#5795,#5796,#5797),(#5798,#5799,#5800,#5801,#5802,
#5803),(#5804,#5805,#5806,#5807,#5808,#5809)),.UNSPECIFIED.,.F.,.F.,.F.,
(4,1,1,4),(4,1,1,4),(0.,0.333333333333333,0.666666666666667,1.),(0.,0.333333333333333,
0.666666666666667,1.),.UNSPECIFIED.);
#2407=B_SPLINE_SURFACE_WITH_KNOTS('',3,3,((#5820,#5821,#5822,#5823,#5824,
#5825),(#5826,#5827,#5828,#5829,#5830,#5831),(#5832,#5833,#5834,#5835,#5836,
#5837),(#5838,#5839,#5840,#5841,#5842,#5843),(#5844,#5845,#5846,#5847,#5848,
#5849),(#5850,#5851,#5852,#5853,#5854,#5855)),.UNSPECIFIED.,.F.,.F.,.F.,
(4,1,1,4),(4,1,1,4),(0.,0.333333333333333,0.666666666666667,1.),(0.,0.333333333333333,
0.666666666666667,1.),.UNSPECIFIED.);
#2408=B_SPLINE_SURFACE_WITH_KNOTS('',3,3,((#5954,#5955,#5956,#5957,#5958,
#5959),(#5960,#5961,#5962,#5963,#5964,#5965),(#5966,#5967,#5968,#5969,#5970,
#5971),(#5972,#5973,#5974,#5975,#5976,#5977),(#5978,#5979,#5980,#5981,#5982,
#5983),(#5984,#5985,#5986,#5987,#5988,#5989)),.UNSPECIFIED.,.F.,.F.,.F.,
(4,1,1,4),(4,1,1,4),(0.,0.333333333333333,0.666666666666667,1.),(0.,0.333333333333333,
0.666666666666667,1.),.UNSPECIFIED.);
#2409=B_SPLINE_SURFACE_WITH_KNOTS('',3,3,((#6005,#6006,#6007,#6008,#6009,
#6010),(#6011,#6012,#6013,#6014,#6015,#6016),(#6017,#6018,#6019,#6020,#6021,
#6022),(#6023,#6024,#6025,#6026,#6027,#6028),(#6029,#6030,#6031,#6032,#6033,
#6034),(#6035,#6036,#6037,#6038,#6039,#6040)),.UNSPECIFIED.,.F.,.F.,.F.,
(4,1,1,4),(4,1,1,4),(0.,0.333333333333333,0.666666666666667,1.),(0.,0.333333333333333,
0.666666666666667,1.),.UNSPECIFIED.);
#2410=B_SPLINE_SURFACE_WITH_KNOTS('',3,3,((#6042,#6043,#6044,#6045,#6046,
#6047),(#6048,#6049,#6050,#6051,#6052,#6053),(#6054,#6055,#6056,#6057,#6058,
#6059),(#6060,#6061,#6062,#6063,#6064,#6065),(#6066,#6067,#6068,#6069,#6070,
#6071),(#6072,#6073,#6074,#6075,#6076,#6077)),.UNSPECIFIED.,.F.,.F.,.F.,
(4,1,1,4),(4,1,1,4),(0.,0.333333333333333,0.666666666666667,1.),(0.,0.333333333333333,
0.666666666666667,1.),.UNSPECIFIED.);
#2411=B_SPLINE_SURFACE_WITH_KNOTS('',3,3,((#6087,#6088,#6089,#6090,#6091,
#6092),(#6093,#6094,#6095,#6096,#6097,#6098),(#6099,#6100,#6101,#6102,#6103,
#6104),(#6105,#6106,#6107,#6108,#6109,#6110),(#6111,#6112,#6113,#6114,#6115,
#6116),(#6117,#6118,#6119,#6120,#6121,#6122)),.UNSPECIFIED.,.F.,.F.,.F.,
(4,1,1,4),(4,1,1,4),(0.,0.333333333333333,0.666666666666667,1.),(0.,0.333333333333333,
0.666666666666667,1.),.UNSPECIFIED.);
#2412=B_SPLINE_SURFACE_WITH_KNOTS('',3,3,((#6126,#6127,#6128,#6129,#6130,
#6131),(#6132,#6133,#6134,#6135,#6136,#6137),(#6138,#6139,#6140,#6141,#6142,
#6143),(#6144,#6145,#6146,#6147,#6148,#6149),(#6150,#6151,#6152,#6153,#6154,
#6155),(#6156,#6157,#6158,#6159,#6160,#6161)),.UNSPECIFIED.,.F.,.F.,.F.,
(4,1,1,4),(4,1,1,4),(0.,0.333333333333333,0.666666666666667,1.),(0.,0.333333333333333,
0.666666666666667,1.),.UNSPECIFIED.);
#2413=B_SPLINE_SURFACE_WITH_KNOTS('',3,3,((#6175,#6176,#6177,#6178,#6179,
#6180),(#6181,#6182,#6183,#6184,#6185,#6186),(#6187,#6188,#6189,#6190,#6191,
#6192),(#6193,#6194,#6195,#6196,#6197,#6198),(#6199,#6200,#6201,#6202,#6203,
#6204),(#6205,#6206,#6207,#6208,#6209,#6210)),.UNSPECIFIED.,.F.,.F.,.F.,
(4,1,1,4),(4,1,1,4),(0.,0.333333333333333,0.666666666666667,1.),(0.,0.333333333333333,
0.666666666666667,1.),.UNSPECIFIED.);
#2414=B_SPLINE_SURFACE_WITH_KNOTS('',3,3,((#6214,#6215,#6216,#6217,#6218,
#6219),(#6220,#6221,#6222,#6223,#6224,#6225),(#6226,#6227,#6228,#6229,#6230,
#6231),(#6232,#6233,#6234,#6235,#6236,#6237),(#6238,#6239,#6240,#6241,#6242,
#6243),(#6244,#6245,#6246,#6247,#6248,#6249)),.UNSPECIFIED.,.F.,.F.,.F.,
(4,1,1,4),(4,1,1,4),(0.,0.333333333333333,0.666666666666667,1.),(0.,0.333333333333333,
0.666666666666667,1.),.UNSPECIFIED.);
#2415=B_SPLINE_SURFACE_WITH_KNOTS('',3,3,((#6255,#6256,#6257,#6258,#6259,
#6260),(#6261,#6262,#6263,#6264,#6265,#6266),(#6267,#6268,#6269,#6270,#6271,
#6272),(#6273,#6274,#6275,#6276,#6277,#6278),(#6279,#6280,#6281,#6282,#6283,
#6284),(#6285,#6286,#6287,#6288,#6289,#6290)),.UNSPECIFIED.,.F.,.F.,.F.,
(4,1,1,4),(4,1,1,4),(0.,0.333333333333333,0.666666666666667,1.),(0.,0.333333333333333,
0.666666666666667,1.),.UNSPECIFIED.);
#2416=B_SPLINE_SURFACE_WITH_KNOTS('',3,3,((#6292,#6293,#6294,#6295,#6296,
#6297),(#6298,#6299,#6300,#6301,#6302,#6303),(#6304,#6305,#6306,#6307,#6308,
#6309),(#6310,#6311,#6312,#6313,#6314,#6315),(#6316,#6317,#6318,#6319,#6320,
#6321),(#6322,#6323,#6324,#6325,#6326,#6327)),.UNSPECIFIED.,.F.,.F.,.F.,
(4,1,1,4),(4,1,1,4),(0.,0.333333333333333,0.666666666666667,1.),(0.,0.333333333333333,
0.666666666666667,1.),.UNSPECIFIED.);
#2417=B_SPLINE_SURFACE_WITH_KNOTS('',3,3,((#6329,#6330,#6331,#6332,#6333,
#6334),(#6335,#6336,#6337,#6338,#6339,#6340),(#6341,#6342,#6343,#6344,#6345,
#6346),(#6347,#6348,#6349,#6350,#6351,#6352),(#6353,#6354,#6355,#6356,#6357,
#6358),(#6359,#6360,#6361,#6362,#6363,#6364)),.UNSPECIFIED.,.F.,.F.,.F.,
(4,1,1,4),(4,1,1,4),(0.,0.333333333333333,0.666666666666667,1.),(0.,0.333333333333333,
0.666666666666667,1.),.UNSPECIFIED.);
#2418=ADVANCED_FACE('',(#454),#2358,.T.);
#2419=ADVANCED_FACE('',(#455),#2359,.T.);
#2420=ADVANCED_FACE('',(#456),#2360,.T.);
#2421=ADVANCED_FACE('',(#457),#2361,.T.);
#2422=ADVANCED_FACE('',(#458),#2362,.T.);
#2423=ADVANCED_FACE('',(#459),#2363,.T.);
#2424=ADVANCED_FACE('',(#460),#2364,.T.);
#2425=ADVANCED_FACE('',(#461),#2365,.T.);
#2426=ADVANCED_FACE('',(#462),#2366,.T.);
#2427=ADVANCED_FACE('',(#463),#2367,.T.);
#2428=ADVANCED_FACE('',(#464),#2368,.T.);
#2429=ADVANCED_FACE('',(#465),#2369,.T.);
#2430=ADVANCED_FACE('',(#466),#2370,.T.);
#2431=ADVANCED_FACE('',(#467),#2371,.T.);
#2432=ADVANCED_FACE('',(#468),#2372,.T.);
#2433=ADVANCED_FACE('',(#469),#2373,.T.);
#2434=ADVANCED_FACE('',(#470),#2374,.T.);
#2435=ADVANCED_FACE('',(#471),#2375,.T.);
#2436=ADVANCED_FACE('',(#472),#2376,.T.);
#2437=ADVANCED_FACE('',(#473),#2377,.T.);
#2438=ADVANCED_FACE('',(#474),#2378,.T.);
#2439=ADVANCED_FACE('',(#475),#2379,.T.);
#2440=ADVANCED_FACE('',(#476),#2380,.T.);
#2441=ADVANCED_FACE('',(#477),#2381,.T.);
#2442=ADVANCED_FACE('',(#478),#2382,.T.);
#2443=ADVANCED_FACE('',(#479),#2383,.T.);
#2444=ADVANCED_FACE('',(#480),#2384,.T.);
#2445=ADVANCED_FACE('',(#481),#2385,.T.);
#2446=ADVANCED_FACE('',(#482),#2386,.T.);
#2447=ADVANCED_FACE('',(#483),#2387,.T.);
#2448=ADVANCED_FACE('',(#484),#2388,.T.);
#2449=ADVANCED_FACE('',(#485),#2389,.T.);
#2450=ADVANCED_FACE('',(#486),#2390,.T.);
#2451=ADVANCED_FACE('',(#487),#2391,.T.);
#2452=ADVANCED_FACE('',(#488),#2392,.T.);
#2453=ADVANCED_FACE('',(#489),#2393,.T.);
#2454=ADVANCED_FACE('',(#490),#2394,.T.);
#2455=ADVANCED_FACE('',(#491),#2395,.T.);
#2456=ADVANCED_FACE('',(#492),#2396,.T.);
#2457=ADVANCED_FACE('',(#493),#2397,.T.);
#2458=ADVANCED_FACE('',(#494),#2398,.T.);
#2459=ADVANCED_FACE('',(#495),#2399,.T.);
#2460=ADVANCED_FACE('',(#496),#2400,.T.);
#2461=ADVANCED_FACE('',(#497),#2401,.T.);
#2462=ADVANCED_FACE('',(#498),#2402,.T.);
#2463=ADVANCED_FACE('',(#499),#2403,.T.);
#2464=ADVANCED_FACE('',(#500),#2404,.T.);
#2465=ADVANCED_FACE('',(#501),#2405,.T.);
#2466=ADVANCED_FACE('',(#502),#2406,.T.);
#2467=ADVANCED_FACE('',(#503),#2407,.T.);
#2468=ADVANCED_FACE('',(#504),#413,.F.);
#2469=ADVANCED_FACE('',(#505),#18,.T.);
#2470=ADVANCED_FACE('',(#506),#19,.T.);
#2471=ADVANCED_FACE('',(#507),#20,.T.);
#2472=ADVANCED_FACE('',(#508),#21,.T.);
#2473=ADVANCED_FACE('',(#509),#22,.T.);
#2474=ADVANCED_FACE('',(#510,#15),#23,.F.);
#2475=ADVANCED_FACE('',(#511,#16),#24,.T.);
#2476=ADVANCED_FACE('',(#512),#414,.T.);
#2477=ADVANCED_FACE('',(#513),#415,.T.);
#2478=ADVANCED_FACE('',(#514),#416,.T.);
#2479=ADVANCED_FACE('',(#515),#417,.T.);
#2480=ADVANCED_FACE('',(#516),#418,.T.);
#2481=ADVANCED_FACE('',(#517),#419,.T.);
#2482=ADVANCED_FACE('',(#518),#420,.T.);
#2483=ADVANCED_FACE('',(#519),#421,.T.);
#2484=ADVANCED_FACE('',(#520),#2408,.T.);
#2485=ADVANCED_FACE('',(#521),#422,.T.);
#2486=ADVANCED_FACE('',(#522),#423,.T.);
#2487=ADVANCED_FACE('',(#523),#2409,.T.);
#2488=ADVANCED_FACE('',(#524),#2410,.T.);
#2489=ADVANCED_FACE('',(#525),#424,.T.);
#2490=ADVANCED_FACE('',(#526),#425,.T.);
#2491=ADVANCED_FACE('',(#527),#2411,.T.);
#2492=ADVANCED_FACE('',(#528),#2412,.T.);
#2493=ADVANCED_FACE('',(#529),#426,.T.);
#2494=ADVANCED_FACE('',(#530),#427,.T.);
#2495=ADVANCED_FACE('',(#531),#2413,.T.);
#2496=ADVANCED_FACE('',(#532),#2414,.T.);
#2497=ADVANCED_FACE('',(#533),#428,.T.);
#2498=ADVANCED_FACE('',(#534),#2415,.T.);
#2499=ADVANCED_FACE('',(#535),#2416,.T.);
#2500=ADVANCED_FACE('',(#536),#2417,.T.);
#2501=ADVANCED_FACE('',(#537),#25,.T.);
#2502=ADVANCED_FACE('',(#538),#429,.F.);
#2503=ADVANCED_FACE('',(#539),#26,.F.);
#2504=ADVANCED_FACE('',(#540),#430,.F.);
#2505=ADVANCED_FACE('',(#541),#27,.F.);
#2506=ADVANCED_FACE('',(#542),#28,.T.);
#2507=ADVANCED_FACE('',(#543),#29,.F.);
#2508=ADVANCED_FACE('',(#544),#431,.F.);
#2509=ADVANCED_FACE('',(#545),#30,.F.);
#2510=ADVANCED_FACE('',(#546),#432,.F.);
#2511=ADVANCED_FACE('',(#547),#31,.F.);
#2512=ADVANCED_FACE('',(#548),#32,.T.);
#2513=ADVANCED_FACE('',(#549),#33,.F.);
#2514=ADVANCED_FACE('',(#550),#433,.F.);
#2515=ADVANCED_FACE('',(#551),#34,.F.);
#2516=ADVANCED_FACE('',(#552),#434,.F.);
#2517=ADVANCED_FACE('',(#553),#35,.F.);
#2518=ADVANCED_FACE('',(#554),#36,.T.);
#2519=ADVANCED_FACE('',(#555),#37,.F.);
#2520=ADVANCED_FACE('',(#556),#435,.F.);
#2521=ADVANCED_FACE('',(#557),#38,.F.);
#2522=ADVANCED_FACE('',(#558),#436,.F.);
#2523=ADVANCED_FACE('',(#559),#39,.F.);
#2524=ADVANCED_FACE('',(#560),#40,.T.);
#2525=ADVANCED_FACE('',(#561),#41,.F.);
#2526=ADVANCED_FACE('',(#562),#437,.F.);
#2527=ADVANCED_FACE('',(#563),#42,.F.);
#2528=ADVANCED_FACE('',(#564),#438,.F.);
#2529=ADVANCED_FACE('',(#565),#43,.F.);
#2530=ADVANCED_FACE('',(#566),#44,.F.);
#2531=ADVANCED_FACE('',(#567),#439,.F.);
#2532=ADVANCED_FACE('',(#568),#45,.F.);
#2533=ADVANCED_FACE('',(#569),#440,.F.);
#2534=ADVANCED_FACE('',(#570),#441,.F.);
#2535=ADVANCED_FACE('',(#571),#46,.F.);
#2536=ADVANCED_FACE('',(#572),#442,.F.);
#2537=ADVANCED_FACE('',(#573),#443,.F.);
#2538=ADVANCED_FACE('',(#574),#47,.F.);
#2539=ADVANCED_FACE('',(#575),#444,.F.);
#2540=ADVANCED_FACE('',(#576),#445,.F.);
#2541=ADVANCED_FACE('',(#577),#48,.F.);
#2542=ADVANCED_FACE('',(#578),#446,.F.);
#2543=ADVANCED_FACE('',(#579),#447,.F.);
#2544=ADVANCED_FACE('',(#580),#49,.F.);
#2545=ADVANCED_FACE('',(#581),#448,.F.);
#2546=ADVANCED_FACE('',(#582),#50,.T.);
#2547=ADVANCED_FACE('',(#583),#51,.T.);
#2548=ADVANCED_FACE('',(#584),#52,.T.);
#2549=ADVANCED_FACE('',(#585),#53,.T.);
#2550=ADVANCED_FACE('',(#586),#54,.T.);
#2551=ADVANCED_FACE('',(#587),#55,.F.);
#2552=ADVANCED_FACE('',(#588),#449,.F.);
#2553=ADVANCED_FACE('',(#589),#56,.F.);
#2554=ADVANCED_FACE('',(#590),#57,.T.);
#2555=ADVANCED_FACE('',(#591),#58,.F.);
#2556=ADVANCED_FACE('',(#592),#450,.T.);
#2557=ADVANCED_FACE('',(#593),#59,.F.);
#2558=ADVANCED_FACE('',(#594),#60,.T.);
#2559=ADVANCED_FACE('',(#595),#61,.F.);
#2560=ADVANCED_FACE('',(#596),#451,.T.);
#2561=ADVANCED_FACE('',(#597),#62,.F.);
#2562=ADVANCED_FACE('',(#598),#63,.T.);
#2563=ADVANCED_FACE('',(#599),#64,.F.);
#2564=ADVANCED_FACE('',(#600),#452,.T.);
#2565=ADVANCED_FACE('',(#601),#65,.F.);
#2566=ADVANCED_FACE('',(#602),#66,.T.);
#2567=ADVANCED_FACE('',(#603),#67,.F.);
#2568=ADVANCED_FACE('',(#604),#453,.T.);
#2569=ADVANCED_FACE('',(#605),#68,.F.);
#2570=ADVANCED_FACE('',(#606),#69,.T.);
#2571=ADVANCED_FACE('',(#607,#17),#70,.T.);
#2572=CLOSED_SHELL('',(#2418,#2419,#2420,#2421,#2422,#2423,#2424,#2425,
#2426,#2427,#2428,#2429,#2430,#2431,#2432,#2433,#2434,#2435,#2436,#2437,
#2438,#2439,#2440,#2441,#2442,#2443,#2444,#2445,#2446,#2447,#2448,#2449,
#2450,#2451,#2452,#2453,#2454,#2455,#2456,#2457,#2458,#2459,#2460,#2461,
#2462,#2463,#2464,#2465,#2466,#2467,#2468,#2469,#2470,#2471,#2472,#2473,
#2474,#2475,#2476,#2477,#2478,#2479,#2480,#2481,#2482,#2483,#2484,#2485,
#2486,#2487,#2488,#2489,#2490,#2491,#2492,#2493,#2494,#2495,#2496,#2497,
#2498,#2499,#2500,#2501,#2502,#2503,#2504,#2505,#2506,#2507,#2508,#2509,
#2510,#2511,#2512,#2513,#2514,#2515,#2516,#2517,#2518,#2519,#2520,#2521,
#2522,#2523,#2524,#2525,#2526,#2527,#2528,#2529,#2530,#2531,#2532,#2533,
#2534,#2535,#2536,#2537,#2538,#2539,#2540,#2541,#2542,#2543,#2544,#2545,
#2546,#2547,#2548,#2549,#2550,#2551,#2552,#2553,#2554,#2555,#2556,#2557,
#2558,#2559,#2560,#2561,#2562,#2563,#2564,#2565,#2566,#2567,#2568,#2569,
#2570,#2571));
#2573=AXIS2_PLACEMENT_3D('',#3485,#2820,#2821);
#2574=AXIS2_PLACEMENT_3D('',#3538,#2822,#2823);
#2575=AXIS2_PLACEMENT_3D('',#3539,#2824,#2825);
#2576=AXIS2_PLACEMENT_3D('',#3584,#2826,#2827);
#2577=AXIS2_PLACEMENT_3D('',#3585,#2828,#2829);
#2578=AXIS2_PLACEMENT_3D('',#3630,#2830,#2831);
#2579=AXIS2_PLACEMENT_3D('',#3631,#2832,#2833);
#2580=AXIS2_PLACEMENT_3D('',#3676,#2834,#2835);
#2581=AXIS2_PLACEMENT_3D('',#3677,#2836,#2837);
#2582=AXIS2_PLACEMENT_3D('',#3722,#2838,#2839);
#2583=AXIS2_PLACEMENT_3D('',#3723,#2840,#2841);
#2584=AXIS2_PLACEMENT_3D('',#3776,#2842,#2843);
#2585=AXIS2_PLACEMENT_3D('',#3777,#2844,#2845);
#2586=AXIS2_PLACEMENT_3D('',#3822,#2846,#2847);
#2587=AXIS2_PLACEMENT_3D('',#3823,#2848,#2849);
#2588=AXIS2_PLACEMENT_3D('',#3868,#2850,#2851);
#2589=AXIS2_PLACEMENT_3D('',#3869,#2852,#2853);
#2590=AXIS2_PLACEMENT_3D('',#3914,#2854,#2855);
#2591=AXIS2_PLACEMENT_3D('',#3915,#2856,#2857);
#2592=AXIS2_PLACEMENT_3D('',#3960,#2858,#2859);
#2593=AXIS2_PLACEMENT_3D('',#3961,#2860,#2861);
#2594=AXIS2_PLACEMENT_3D('',#4014,#2862,#2863);
#2595=AXIS2_PLACEMENT_3D('',#4015,#2864,#2865);
#2596=AXIS2_PLACEMENT_3D('',#4060,#2866,#2867);
#2597=AXIS2_PLACEMENT_3D('',#4061,#2868,#2869);
#2598=AXIS2_PLACEMENT_3D('',#4106,#2870,#2871);
#2599=AXIS2_PLACEMENT_3D('',#4107,#2872,#2873);
#2600=AXIS2_PLACEMENT_3D('',#4152,#2874,#2875);
#2601=AXIS2_PLACEMENT_3D('',#4153,#2876,#2877);
#2602=AXIS2_PLACEMENT_3D('',#4198,#2878,#2879);
#2603=AXIS2_PLACEMENT_3D('',#4199,#2880,#2881);
#2604=AXIS2_PLACEMENT_3D('',#4252,#2882,#2883);
#2605=AXIS2_PLACEMENT_3D('',#4253,#2884,#2885);
#2606=AXIS2_PLACEMENT_3D('',#4298,#2886,#2887);
#2607=AXIS2_PLACEMENT_3D('',#4299,#2888,#2889);
#2608=AXIS2_PLACEMENT_3D('',#4344,#2890,#2891);
#2609=AXIS2_PLACEMENT_3D('',#4345,#2892,#2893);
#2610=AXIS2_PLACEMENT_3D('',#4390,#2894,#2895);
#2611=AXIS2_PLACEMENT_3D('',#4391,#2896,#2897);
#2612=AXIS2_PLACEMENT_3D('',#4436,#2898,#2899);
#2613=AXIS2_PLACEMENT_3D('',#4437,#2900,#2901);
#2614=AXIS2_PLACEMENT_3D('',#4490,#2902,#2903);
#2615=AXIS2_PLACEMENT_3D('',#4491,#2904,#2905);
#2616=AXIS2_PLACEMENT_3D('',#4536,#2906,#2907);
#2617=AXIS2_PLACEMENT_3D('',#4537,#2908,#2909);
#2618=AXIS2_PLACEMENT_3D('',#4582,#2910,#2911);
#2619=AXIS2_PLACEMENT_3D('',#4583,#2912,#2913);
#2620=AXIS2_PLACEMENT_3D('',#4628,#2914,#2915);
#2621=AXIS2_PLACEMENT_3D('',#4629,#2916,#2917);
#2622=AXIS2_PLACEMENT_3D('',#4674,#2918,#2919);
#2623=AXIS2_PLACEMENT_3D('',#4675,#2920,#2921);
#2624=AXIS2_PLACEMENT_3D('',#4728,#2922,#2923);
#2625=AXIS2_PLACEMENT_3D('',#4729,#2924,#2925);
#2626=AXIS2_PLACEMENT_3D('',#4774,#2926,#2927);
#2627=AXIS2_PLACEMENT_3D('',#4775,#2928,#2929);
#2628=AXIS2_PLACEMENT_3D('',#4820,#2930,#2931);
#2629=AXIS2_PLACEMENT_3D('',#4821,#2932,#2933);
#2630=AXIS2_PLACEMENT_3D('',#4866,#2934,#2935);
#2631=AXIS2_PLACEMENT_3D('',#4867,#2936,#2937);
#2632=AXIS2_PLACEMENT_3D('',#4912,#2938,#2939);
#2633=AXIS2_PLACEMENT_3D('',#4913,#2940,#2941);
#2634=AXIS2_PLACEMENT_3D('',#4966,#2942,#2943);
#2635=AXIS2_PLACEMENT_3D('',#4967,#2944,#2945);
#2636=AXIS2_PLACEMENT_3D('',#5012,#2946,#2947);
#2637=AXIS2_PLACEMENT_3D('',#5013,#2948,#2949);
#2638=AXIS2_PLACEMENT_3D('',#5058,#2950,#2951);
#2639=AXIS2_PLACEMENT_3D('',#5059,#2952,#2953);
#2640=AXIS2_PLACEMENT_3D('',#5104,#2954,#2955);
#2641=AXIS2_PLACEMENT_3D('',#5105,#2956,#2957);
#2642=AXIS2_PLACEMENT_3D('',#5150,#2958,#2959);
#2643=AXIS2_PLACEMENT_3D('',#5151,#2960,#2961);
#2644=AXIS2_PLACEMENT_3D('',#5204,#2962,#2963);
#2645=AXIS2_PLACEMENT_3D('',#5205,#2964,#2965);
#2646=AXIS2_PLACEMENT_3D('',#5250,#2966,#2967);
#2647=AXIS2_PLACEMENT_3D('',#5251,#2968,#2969);
#2648=AXIS2_PLACEMENT_3D('',#5296,#2970,#2971);
#2649=AXIS2_PLACEMENT_3D('',#5297,#2972,#2973);
#2650=AXIS2_PLACEMENT_3D('',#5342,#2974,#2975);
#2651=AXIS2_PLACEMENT_3D('',#5343,#2976,#2977);
#2652=AXIS2_PLACEMENT_3D('',#5388,#2978,#2979);
#2653=AXIS2_PLACEMENT_3D('',#5389,#2980,#2981);
#2654=AXIS2_PLACEMENT_3D('',#5442,#2982,#2983);
#2655=AXIS2_PLACEMENT_3D('',#5443,#2984,#2985);
#2656=AXIS2_PLACEMENT_3D('',#5488,#2986,#2987);
#2657=AXIS2_PLACEMENT_3D('',#5489,#2988,#2989);
#2658=AXIS2_PLACEMENT_3D('',#5534,#2990,#2991);
#2659=AXIS2_PLACEMENT_3D('',#5535,#2992,#2993);
#2660=AXIS2_PLACEMENT_3D('',#5580,#2994,#2995);
#2661=AXIS2_PLACEMENT_3D('',#5581,#2996,#2997);
#2662=AXIS2_PLACEMENT_3D('',#5626,#2998,#2999);
#2663=AXIS2_PLACEMENT_3D('',#5627,#3000,#3001);
#2664=AXIS2_PLACEMENT_3D('',#5680,#3002,#3003);
#2665=AXIS2_PLACEMENT_3D('',#5681,#3004,#3005);
#2666=AXIS2_PLACEMENT_3D('',#5726,#3006,#3007);
#2667=AXIS2_PLACEMENT_3D('',#5727,#3008,#3009);
#2668=AXIS2_PLACEMENT_3D('',#5772,#3010,#3011);
#2669=AXIS2_PLACEMENT_3D('',#5773,#3012,#3013);
#2670=AXIS2_PLACEMENT_3D('',#5818,#3014,#3015);
#2671=AXIS2_PLACEMENT_3D('',#5819,#3016,#3017);
#2672=AXIS2_PLACEMENT_3D('',#5864,#3018,#3019);
#2673=AXIS2_PLACEMENT_3D('',#5865,#3020,#3021);
#2674=AXIS2_PLACEMENT_3D('',#5866,#3022,#3023);
#2675=AXIS2_PLACEMENT_3D('',#5868,#3024,#3025);
#2676=AXIS2_PLACEMENT_3D('',#5871,#3027,#3028);
#2677=AXIS2_PLACEMENT_3D('',#5872,#3029,#3030);
#2678=AXIS2_PLACEMENT_3D('',#5881,#3035,#3036);
#2679=AXIS2_PLACEMENT_3D('',#5887,#3040,#3041);
#2680=AXIS2_PLACEMENT_3D('',#5893,#3045,#3046);
#2681=AXIS2_PLACEMENT_3D('',#5899,#3050,#3051);
#2682=AXIS2_PLACEMENT_3D('',#5905,#3055,#3056);
#2683=AXIS2_PLACEMENT_3D('',#5915,#3062,#3063);
#2684=AXIS2_PLACEMENT_3D('',#5926,#3074,#3075);
#2685=AXIS2_PLACEMENT_3D('',#5928,#3076,#3077);
#2686=AXIS2_PLACEMENT_3D('',#5930,#3079,#3080);
#2687=AXIS2_PLACEMENT_3D('',#5932,#3082,#3083);
#2688=AXIS2_PLACEMENT_3D('',#5934,#3084,#3085);
#2689=AXIS2_PLACEMENT_3D('',#5936,#3087,#3088);
#2690=AXIS2_PLACEMENT_3D('',#5938,#3090,#3091);
#2691=AXIS2_PLACEMENT_3D('',#5940,#3093,#3094);
#2692=AXIS2_PLACEMENT_3D('',#5942,#3096,#3097);
#2693=AXIS2_PLACEMENT_3D('',#5944,#3098,#3099);
#2694=AXIS2_PLACEMENT_3D('',#5946,#3101,#3102);
#2695=AXIS2_PLACEMENT_3D('',#5949,#3103,#3104);
#2696=AXIS2_PLACEMENT_3D('',#5952,#3106,#3107);
#2697=AXIS2_PLACEMENT_3D('',#5990,#3109,#3110);
#2698=AXIS2_PLACEMENT_3D('',#5991,#3111,#3112);
#2699=AXIS2_PLACEMENT_3D('',#5994,#3113,#3114);
#2700=AXIS2_PLACEMENT_3D('',#5997,#3117,#3118);
#2701=AXIS2_PLACEMENT_3D('',#6000,#3119,#3120);
#2702=AXIS2_PLACEMENT_3D('',#6003,#3122,#3123);
#2703=AXIS2_PLACEMENT_3D('',#6041,#3125,#3126);
#2704=AXIS2_PLACEMENT_3D('',#6078,#3127,#3128);
#2705=AXIS2_PLACEMENT_3D('',#6079,#3129,#3130);
#2706=AXIS2_PLACEMENT_3D('',#6082,#3131,#3132);
#2707=AXIS2_PLACEMENT_3D('',#6085,#3135,#3136);
#2708=AXIS2_PLACEMENT_3D('',#6124,#3138,#3139);
#2709=AXIS2_PLACEMENT_3D('',#6125,#3140,#3141);
#2710=AXIS2_PLACEMENT_3D('',#6162,#3142,#3143);
#2711=AXIS2_PLACEMENT_3D('',#6163,#3144,#3145);
#2712=AXIS2_PLACEMENT_3D('',#6166,#3146,#3147);
#2713=AXIS2_PLACEMENT_3D('',#6169,#3149,#3150);
#2714=AXIS2_PLACEMENT_3D('',#6171,#3152,#3153);
#2715=AXIS2_PLACEMENT_3D('',#6173,#3154,#3155);
#2716=AXIS2_PLACEMENT_3D('',#6212,#3157,#3158);
#2717=AXIS2_PLACEMENT_3D('',#6213,#3159,#3160);
#2718=AXIS2_PLACEMENT_3D('',#6250,#3161,#3162);
#2719=AXIS2_PLACEMENT_3D('',#6251,#3163,#3164);
#2720=AXIS2_PLACEMENT_3D('',#6253,#3165,#3166);
#2721=AXIS2_PLACEMENT_3D('',#6291,#3168,#3169);
#2722=AXIS2_PLACEMENT_3D('',#6328,#3170,#3171);
#2723=AXIS2_PLACEMENT_3D('',#6365,#3172,#3173);
#2724=AXIS2_PLACEMENT_3D('',#6366,#3174,#3175);
#2725=AXIS2_PLACEMENT_3D('',#6373,#3178,#3179);
#2726=AXIS2_PLACEMENT_3D('',#6377,#3181,#3182);
#2727=AXIS2_PLACEMENT_3D('',#6379,#3184,#3185);
#2728=AXIS2_PLACEMENT_3D('',#6382,#3188,#3189);
#2729=AXIS2_PLACEMENT_3D('',#6384,#3191,#3192);
#2730=AXIS2_PLACEMENT_3D('',#6386,#3194,#3195);
#2731=AXIS2_PLACEMENT_3D('',#6388,#3197,#3198);
#2732=AXIS2_PLACEMENT_3D('',#6395,#3201,#3202);
#2733=AXIS2_PLACEMENT_3D('',#6399,#3204,#3205);
#2734=AXIS2_PLACEMENT_3D('',#6401,#3207,#3208);
#2735=AXIS2_PLACEMENT_3D('',#6404,#3211,#3212);
#2736=AXIS2_PLACEMENT_3D('',#6406,#3214,#3215);
#2737=AXIS2_PLACEMENT_3D('',#6408,#3217,#3218);
#2738=AXIS2_PLACEMENT_3D('',#6410,#3220,#3221);
#2739=AXIS2_PLACEMENT_3D('',#6412,#3223,#3224);
#2740=AXIS2_PLACEMENT_3D('',#6419,#3227,#3228);
#2741=AXIS2_PLACEMENT_3D('',#6423,#3230,#3231);
#2742=AXIS2_PLACEMENT_3D('',#6425,#3233,#3234);
#2743=AXIS2_PLACEMENT_3D('',#6428,#3237,#3238);
#2744=AXIS2_PLACEMENT_3D('',#6430,#3240,#3241);
#2745=AXIS2_PLACEMENT_3D('',#6432,#3243,#3244);
#2746=AXIS2_PLACEMENT_3D('',#6434,#3246,#3247);
#2747=AXIS2_PLACEMENT_3D('',#6436,#3249,#3250);
#2748=AXIS2_PLACEMENT_3D('',#6443,#3253,#3254);
#2749=AXIS2_PLACEMENT_3D('',#6447,#3256,#3257);
#2750=AXIS2_PLACEMENT_3D('',#6449,#3259,#3260);
#2751=AXIS2_PLACEMENT_3D('',#6452,#3263,#3264);
#2752=AXIS2_PLACEMENT_3D('',#6454,#3266,#3267);
#2753=AXIS2_PLACEMENT_3D('',#6456,#3269,#3270);
#2754=AXIS2_PLACEMENT_3D('',#6458,#3272,#3273);
#2755=AXIS2_PLACEMENT_3D('',#6460,#3275,#3276);
#2756=AXIS2_PLACEMENT_3D('',#6467,#3279,#3280);
#2757=AXIS2_PLACEMENT_3D('',#6471,#3282,#3283);
#2758=AXIS2_PLACEMENT_3D('',#6473,#3285,#3286);
#2759=AXIS2_PLACEMENT_3D('',#6476,#3289,#3290);
#2760=AXIS2_PLACEMENT_3D('',#6478,#3292,#3293);
#2761=AXIS2_PLACEMENT_3D('',#6480,#3295,#3296);
#2762=AXIS2_PLACEMENT_3D('',#6482,#3298,#3299);
#2763=AXIS2_PLACEMENT_3D('',#6484,#3301,#3302);
#2764=AXIS2_PLACEMENT_3D('',#6490,#3306,#3307);
#2765=AXIS2_PLACEMENT_3D('',#6492,#3308,#3309);
#2766=AXIS2_PLACEMENT_3D('',#6494,#3311,#3312);
#2767=AXIS2_PLACEMENT_3D('',#6498,#3315,#3316);
#2768=AXIS2_PLACEMENT_3D('',#6500,#3317,#3318);
#2769=AXIS2_PLACEMENT_3D('',#6502,#3320,#3321);
#2770=AXIS2_PLACEMENT_3D('',#6506,#3323,#3324);
#2771=AXIS2_PLACEMENT_3D('',#6508,#3326,#3327);
#2772=AXIS2_PLACEMENT_3D('',#6512,#3330,#3331);
#2773=AXIS2_PLACEMENT_3D('',#6514,#3332,#3333);
#2774=AXIS2_PLACEMENT_3D('',#6516,#3335,#3336);
#2775=AXIS2_PLACEMENT_3D('',#6520,#3338,#3339);
#2776=AXIS2_PLACEMENT_3D('',#6522,#3341,#3342);
#2777=AXIS2_PLACEMENT_3D('',#6526,#3345,#3346);
#2778=AXIS2_PLACEMENT_3D('',#6528,#3347,#3348);
#2779=AXIS2_PLACEMENT_3D('',#6530,#3350,#3351);
#2780=AXIS2_PLACEMENT_3D('',#6534,#3353,#3354);
#2781=AXIS2_PLACEMENT_3D('',#6536,#3356,#3357);
#2782=AXIS2_PLACEMENT_3D('',#6540,#3360,#3361);
#2783=AXIS2_PLACEMENT_3D('',#6542,#3362,#3363);
#2784=AXIS2_PLACEMENT_3D('',#6544,#3365,#3366);
#2785=AXIS2_PLACEMENT_3D('',#6548,#3368,#3369);
#2786=AXIS2_PLACEMENT_3D('',#6550,#3371,#3372);
#2787=AXIS2_PLACEMENT_3D('',#6554,#3375,#3376);
#2788=AXIS2_PLACEMENT_3D('',#6556,#3377,#3378);
#2789=AXIS2_PLACEMENT_3D('',#6558,#3380,#3381);
#2790=AXIS2_PLACEMENT_3D('',#6562,#3384,#3385);
#2791=AXIS2_PLACEMENT_3D('',#6566,#3388,#3389);
#2792=AXIS2_PLACEMENT_3D('',#6570,#3392,#3393);
#2793=AXIS2_PLACEMENT_3D('',#6574,#3396,#3397);
#2794=AXIS2_PLACEMENT_3D('',#6576,#3399,#3400);
#2795=AXIS2_PLACEMENT_3D('',#6580,#3403,#3404);
#2796=AXIS2_PLACEMENT_3D('',#6582,#3405,#3406);
#2797=AXIS2_PLACEMENT_3D('',#6584,#3408,#3409);
#2798=AXIS2_PLACEMENT_3D('',#6588,#3412,#3413);
#2799=AXIS2_PLACEMENT_3D('',#6592,#3416,#3417);
#2800=AXIS2_PLACEMENT_3D('',#6596,#3420,#3421);
#2801=AXIS2_PLACEMENT_3D('',#6598,#3422,#3423);
#2802=AXIS2_PLACEMENT_3D('',#6600,#3425,#3426);
#2803=AXIS2_PLACEMENT_3D('',#6604,#3429,#3430);
#2804=AXIS2_PLACEMENT_3D('',#6608,#3433,#3434);
#2805=AXIS2_PLACEMENT_3D('',#6612,#3437,#3438);
#2806=AXIS2_PLACEMENT_3D('',#6614,#3439,#3440);
#2807=AXIS2_PLACEMENT_3D('',#6616,#3442,#3443);
#2808=AXIS2_PLACEMENT_3D('',#6620,#3446,#3447);
#2809=AXIS2_PLACEMENT_3D('',#6624,#3450,#3451);
#2810=AXIS2_PLACEMENT_3D('',#6628,#3454,#3455);
#2811=AXIS2_PLACEMENT_3D('',#6630,#3456,#3457);
#2812=AXIS2_PLACEMENT_3D('',#6632,#3459,#3460);
#2813=AXIS2_PLACEMENT_3D('',#6636,#3463,#3464);
#2814=AXIS2_PLACEMENT_3D('',#6640,#3467,#3468);
#2815=AXIS2_PLACEMENT_3D('',#6644,#3471,#3472);
#2816=AXIS2_PLACEMENT_3D('',#6646,#3473,#3474);
#2817=AXIS2_PLACEMENT_3D('',#6648,#3476,#3477);
#2818=AXIS2_PLACEMENT_3D('',#6652,#3480,#3481);
#2819=AXIS2_PLACEMENT_3D('',#6654,#3483,#3484);
#2820=DIRECTION('axis',(0.,0.,1.));
#2821=DIRECTION('refdir',(1.,0.,0.));
#2822=DIRECTION('center_axis',(0.,0.,1.));
#2823=DIRECTION('ref_axis',(-0.327598760114527,0.944816941196243,0.));
#2824=DIRECTION('center_axis',(-0.898483418960165,-0.439007455350878,0.));
#2825=DIRECTION('ref_axis',(-0.439007455350878,0.898483418960165,0.));
#2826=DIRECTION('center_axis',(0.977395163968254,0.211420655214835,0.));
#2827=DIRECTION('ref_axis',(0.,0.,-1.));
#2828=DIRECTION('center_axis',(0.,0.,1.));
#2829=DIRECTION('ref_axis',(-0.327598760114527,0.944816941196243,0.));
#2830=DIRECTION('center_axis',(0.211420655214832,-0.977395163968255,0.));
#2831=DIRECTION('ref_axis',(-0.691122748340898,-0.149496978985303,-0.707106781186541));
#2832=DIRECTION('center_axis',(0.977395163968254,0.211420655214835,0.));
#2833=DIRECTION('ref_axis',(0.,0.,-1.));
#2834=DIRECTION('center_axis',(0.,0.,1.));
#2835=DIRECTION('ref_axis',(-0.211420655214835,0.977395163968254,0.));
#2836=DIRECTION('center_axis',(0.211420655214832,-0.977395163968255,0.));
#2837=DIRECTION('ref_axis',(-0.691122748340898,-0.149496978985303,-0.707106781186541));
#2838=DIRECTION('center_axis',(0.439007455350877,-0.898483418960165,0.));
#2839=DIRECTION('ref_axis',(0.635323718330414,0.31042514867005,-0.707106781186544));
#2840=DIRECTION('center_axis',(0.,0.,1.));
#2841=DIRECTION('ref_axis',(-0.211420655214835,0.977395163968254,0.));
#2842=DIRECTION('center_axis',(0.,0.,-1.));
#2843=DIRECTION('ref_axis',(0.420516322856434,-0.907284972988808,0.));
#2844=DIRECTION('center_axis',(-0.977395163968254,-0.211420655214835,8.68101292155868E-15));
#2845=DIRECTION('ref_axis',(-0.211420655214835,0.977395163968254,0.));
#2846=DIRECTION('center_axis',(0.793047673483681,0.609159574809525,0.));
#2847=DIRECTION('ref_axis',(0.,0.,-1.));
#2848=DIRECTION('center_axis',(0.,0.,-1.));
#2849=DIRECTION('ref_axis',(0.420516322856434,-0.907284972988808,0.));
#2850=DIRECTION('center_axis',(0.609159574809526,-0.79304767348368,0.));
#2851=DIRECTION('ref_axis',(-0.56076938772453,-0.430740866172526,-0.707106781186546));
#2852=DIRECTION('center_axis',(0.793047673483681,0.609159574809525,0.));
#2853=DIRECTION('ref_axis',(0.,0.,-1.));
#2854=DIRECTION('center_axis',(0.,0.,-1.));
#2855=DIRECTION('ref_axis',(0.609159574809527,-0.793047673483679,0.));
#2856=DIRECTION('center_axis',(0.609159574809526,-0.79304767348368,0.));
#2857=DIRECTION('ref_axis',(-0.56076938772453,-0.430740866172526,-0.707106781186546));
#2858=DIRECTION('center_axis',(0.211420655214832,-0.977395163968255,0.));
#2859=DIRECTION('ref_axis',(0.691122748340888,0.149496978985315,-0.707106781186548));
#2860=DIRECTION('center_axis',(0.,0.,-1.));
#2861=DIRECTION('ref_axis',(0.609159574809527,-0.793047673483679,0.));
#2862=DIRECTION('center_axis',(0.,0.,1.));
#2863=DIRECTION('ref_axis',(-0.819346986257966,0.573297929622975,0.));
#2864=DIRECTION('center_axis',(-0.104556482393594,-0.994518950040409,0.));
#2865=DIRECTION('ref_axis',(-0.994518950040409,0.104556482393594,0.));
#2866=DIRECTION('center_axis',(0.898483418960165,0.439007455350878,0.));
#2867=DIRECTION('ref_axis',(0.,0.,-1.));
#2868=DIRECTION('center_axis',(0.,0.,1.));
#2869=DIRECTION('ref_axis',(-0.819346986257966,0.573297929622975,0.));
#2870=DIRECTION('center_axis',(0.439007455350877,-0.898483418960165,0.));
#2871=DIRECTION('ref_axis',(-0.635323718330412,-0.310425148670053,-0.707106781186544));
#2872=DIRECTION('center_axis',(0.898483418960165,0.439007455350878,0.));
#2873=DIRECTION('ref_axis',(0.,0.,-1.));
#2874=DIRECTION('center_axis',(0.,0.,1.));
#2875=DIRECTION('ref_axis',(-0.439007455350878,0.898483418960165,0.));
#2876=DIRECTION('center_axis',(0.439007455350877,-0.898483418960165,0.));
#2877=DIRECTION('ref_axis',(-0.635323718330412,-0.310425148670053,-0.707106781186544));
#2878=DIRECTION('center_axis',(0.99451895004041,-0.104556482393591,0.));
#2879=DIRECTION('ref_axis',(0.0739325977175288,0.703231093592095,-0.707106781186551));
#2880=DIRECTION('center_axis',(0.,0.,1.));
#2881=DIRECTION('ref_axis',(-0.439007455350878,0.898483418960165,0.));
#2882=DIRECTION('center_axis',(0.609159574809526,-0.79304767348368,0.));
#2883=DIRECTION('ref_axis',(0.560769387724524,0.430740866172529,-0.707106781186548));
#2884=DIRECTION('center_axis',(0.,0.,1.));
#2885=DIRECTION('ref_axis',(0.513708040704576,0.857965062759239,0.));
#2886=DIRECTION('center_axis',(-0.793047673483681,-0.609159574809525,0.));
#2887=DIRECTION('ref_axis',(-0.609159574809525,0.793047673483681,0.));
#2888=DIRECTION('center_axis',(0.609159574809526,-0.79304767348368,0.));
#2889=DIRECTION('ref_axis',(0.560769387724524,0.430740866172529,-0.707106781186548));
#2890=DIRECTION('center_axis',(0.,0.,1.));
#2891=DIRECTION('ref_axis',(-0.0577175510424367,0.998332952627361,0.));
#2892=DIRECTION('center_axis',(-0.793047673483681,-0.609159574809525,0.));
#2893=DIRECTION('ref_axis',(-0.609159574809525,0.793047673483681,0.));
#2894=DIRECTION('center_axis',(0.857965062759239,-0.513708040704576,0.));
#2895=DIRECTION('ref_axis',(0.,0.,-1.));
#2896=DIRECTION('center_axis',(0.,0.,1.));
#2897=DIRECTION('ref_axis',(-0.0577175510424367,0.998332952627361,0.));
#2898=DIRECTION('center_axis',(-0.513708040704573,-0.857965062759241,0.));
#2899=DIRECTION('ref_axis',(-0.606672913898204,0.363246439132258,-0.707106781186546));
#2900=DIRECTION('center_axis',(0.857965062759239,-0.513708040704576,0.));
#2901=DIRECTION('ref_axis',(0.,0.,-1.));
#2902=DIRECTION('center_axis',(0.924166975550595,0.381988744993443,0.));
#2903=DIRECTION('ref_axis',(-0.270106831921798,0.653484735360493,-0.707106781186544));
#2904=DIRECTION('center_axis',(0.,0.,1.));
#2905=DIRECTION('ref_axis',(-0.994518950040409,0.104556482393594,0.));
#2906=DIRECTION('center_axis',(0.381988744993446,-0.924166975550594,0.));
#2907=DIRECTION('ref_axis',(-0.924166975550594,-0.381988744993446,0.));
#2908=DIRECTION('center_axis',(0.924166975550595,0.381988744993443,0.));
#2909=DIRECTION('ref_axis',(-0.270106831921798,0.653484735360493,-0.707106781186544));
#2910=DIRECTION('center_axis',(0.,0.,1.));
#2911=DIRECTION('ref_axis',(-0.989707272297485,-0.143106656593857,0.));
#2912=DIRECTION('center_axis',(0.381988744993446,-0.924166975550594,0.));
#2913=DIRECTION('ref_axis',(-0.924166975550594,-0.381988744993446,0.));
#2914=DIRECTION('center_axis',(0.104556482393594,0.994518950040409,0.));
#2915=DIRECTION('ref_axis',(0.,0.,-1.));
#2916=DIRECTION('center_axis',(0.,0.,1.));
#2917=DIRECTION('ref_axis',(-0.989707272297485,-0.143106656593857,0.));
#2918=DIRECTION('center_axis',(0.99451895004041,-0.104556482393591,0.));
#2919=DIRECTION('ref_axis',(-0.073932597717528,-0.703231093592091,-0.707106781186555));
#2920=DIRECTION('center_axis',(0.104556482393594,0.994518950040409,0.));
#2921=DIRECTION('ref_axis',(0.,0.,-1.));
#2922=DIRECTION('center_axis',(0.,0.,1.));
#2923=DIRECTION('ref_axis',(0.846603828632164,0.532223597133161,0.));
#2924=DIRECTION('center_axis',(-0.857965062759237,0.513708040704581,2.28132197890121E-15));
#2925=DIRECTION('ref_axis',(0.513708040704581,0.857965062759237,0.));
#2926=DIRECTION('center_axis',(0.0910284057459784,-0.995848296352083,0.));
#2927=DIRECTION('ref_axis',(0.,0.,-1.));
#2928=DIRECTION('center_axis',(0.,0.,1.));
#2929=DIRECTION('ref_axis',(0.846603828632164,0.532223597133161,0.));
#2930=DIRECTION('center_axis',(-0.995848296352082,-0.0910284057459826,0.));
#2931=DIRECTION('ref_axis',(-0.0643668029835865,0.704171083383635,-0.70710678118654));
#2932=DIRECTION('center_axis',(0.0910284057459784,-0.995848296352083,0.));
#2933=DIRECTION('ref_axis',(0.,0.,-1.));
#2934=DIRECTION('center_axis',(0.,0.,1.));
#2935=DIRECTION('ref_axis',(0.995848296352083,0.0910284057459784,0.));
#2936=DIRECTION('center_axis',(-0.995848296352082,-0.0910284057459826,0.));
#2937=DIRECTION('ref_axis',(-0.0643668029835865,0.704171083383635,-0.70710678118654));
#2938=DIRECTION('center_axis',(-0.513708040704573,-0.857965062759241,0.));
#2939=DIRECTION('ref_axis',(0.606672913898201,-0.363246439132253,-0.707106781186551));
#2940=DIRECTION('center_axis',(0.,0.,1.));
#2941=DIRECTION('ref_axis',(0.995848296352083,0.0910284057459784,0.));
#2942=DIRECTION('center_axis',(0.0339492371323567,0.999423558506668,0.));
#2943=DIRECTION('ref_axis',(-0.706699175497656,0.0240057357923941,-0.707106781186547));
#2944=DIRECTION('center_axis',(0.,0.,1.));
#2945=DIRECTION('ref_axis',(-0.924166975550594,-0.381988744993446,0.));
#2946=DIRECTION('center_axis',(0.999423558506668,-0.033949237132358,0.));
#2947=DIRECTION('ref_axis',(-0.033949237132358,-0.999423558506668,0.));
#2948=DIRECTION('center_axis',(0.0339492371323567,0.999423558506668,0.));
#2949=DIRECTION('ref_axis',(-0.706699175497656,0.0240057357923941,-0.707106781186547));
#2950=DIRECTION('center_axis',(0.,0.,1.));
#2951=DIRECTION('ref_axis',(-0.569914999351665,-0.821703653097631,0.));
#2952=DIRECTION('center_axis',(0.999423558506668,-0.033949237132358,0.));
#2953=DIRECTION('ref_axis',(-0.033949237132358,-0.999423558506668,0.));
#2954=DIRECTION('center_axis',(-0.381988744993446,0.924166975550594,0.));
#2955=DIRECTION('ref_axis',(0.,0.,-1.));
#2956=DIRECTION('center_axis',(0.,0.,1.));
#2957=DIRECTION('ref_axis',(-0.569914999351665,-0.821703653097631,0.));
#2958=DIRECTION('center_axis',(0.924166975550595,0.381988744993443,0.));
#2959=DIRECTION('ref_axis',(0.270106831921801,-0.653484735360486,-0.70710678118655));
#2960=DIRECTION('center_axis',(-0.381988744993446,0.924166975550594,0.));
#2961=DIRECTION('ref_axis',(0.,0.,-1.));
#2962=DIRECTION('center_axis',(-0.995848296352082,-0.0910284057459826,0.));
#2963=DIRECTION('ref_axis',(0.0643668029836062,-0.704171083383625,-0.707106781186549));
#2964=DIRECTION('center_axis',(0.,0.,1.));
#2965=DIRECTION('ref_axis',(0.992645877550526,-0.121054375311037,0.));
#2966=DIRECTION('center_axis',(-0.0910284057459784,0.995848296352083,0.));
#2967=DIRECTION('ref_axis',(0.995848296352083,0.0910284057459784,0.));
#2968=DIRECTION('center_axis',(-0.995848296352082,-0.0910284057459826,0.));
#2969=DIRECTION('ref_axis',(0.0643668029836062,-0.704171083383625,-0.707106781186549));
#2970=DIRECTION('center_axis',(0.,0.,1.));
#2971=DIRECTION('ref_axis',(0.999886016712092,-0.0150981317925619,0.));
#2972=DIRECTION('center_axis',(-0.0910284057459784,0.995848296352083,0.));
#2973=DIRECTION('ref_axis',(0.995848296352083,0.0910284057459784,0.));
#2974=DIRECTION('center_axis',(-0.121054375311037,-0.992645877550526,0.));
#2975=DIRECTION('ref_axis',(0.,0.,-1.));
#2976=DIRECTION('center_axis',(0.,0.,1.));
#2977=DIRECTION('ref_axis',(0.999886016712092,-0.0150981317925619,0.));
#2978=DIRECTION('center_axis',(-0.992645877550526,0.12105437531104,0.));
#2979=DIRECTION('ref_axis',(0.0855983696747535,0.701906631332824,-0.707106781186569));
#2980=DIRECTION('center_axis',(-0.121054375311037,-0.992645877550526,0.));
#2981=DIRECTION('ref_axis',(0.,0.,-1.));
#2982=DIRECTION('center_axis',(0.,0.,1.));
#2983=DIRECTION('ref_axis',(0.357587882791015,-0.933879492269233,0.));
#2984=DIRECTION('center_axis',(0.721158501332084,0.6927701032496,0.));
#2985=DIRECTION('ref_axis',(0.6927701032496,-0.721158501332084,0.));
#2986=DIRECTION('center_axis',(-0.999423558506668,0.033949237132358,0.));
#2987=DIRECTION('ref_axis',(0.,0.,-1.));
#2988=DIRECTION('center_axis',(0.,0.,1.));
#2989=DIRECTION('ref_axis',(0.357587882791015,-0.933879492269233,0.));
#2990=DIRECTION('center_axis',(0.0339492371323567,0.999423558506668,0.));
#2991=DIRECTION('ref_axis',(0.706699175497665,-0.024005735792401,-0.707106781186537));
#2992=DIRECTION('center_axis',(-0.999423558506668,0.033949237132358,0.));
#2993=DIRECTION('ref_axis',(0.,0.,-1.));
#2994=DIRECTION('center_axis',(0.,0.,1.));
#2995=DIRECTION('ref_axis',(-0.033949237132358,-0.999423558506668,0.));
#2996=DIRECTION('center_axis',(0.0339492371323567,0.999423558506668,0.));
#2997=DIRECTION('ref_axis',(0.706699175497665,-0.024005735792401,-0.707106781186537));
#2998=DIRECTION('center_axis',(-0.692770103249596,0.721158501332089,0.));
#2999=DIRECTION('ref_axis',(-0.50993606660226,-0.489862437811094,-0.707106781186539));
#3000=DIRECTION('center_axis',(0.,0.,1.));
#3001=DIRECTION('ref_axis',(-0.033949237132358,-0.999423558506668,0.));
#3002=DIRECTION('center_axis',(-0.992645877550526,0.12105437531104,0.));
#3003=DIRECTION('ref_axis',(-0.0855983696747513,-0.701906631332851,-0.707106781186543));
#3004=DIRECTION('center_axis',(0.,0.,1.));
#3005=DIRECTION('ref_axis',(0.6927701032496,-0.721158501332084,0.));
#3006=DIRECTION('center_axis',(0.121054375311029,0.992645877550527,0.));
#3007=DIRECTION('ref_axis',(0.992645877550527,-0.121054375311029,0.));
#3008=DIRECTION('center_axis',(-0.992645877550526,0.12105437531104,0.));
#3009=DIRECTION('ref_axis',(-0.0855983696747513,-0.701906631332851,-0.707106781186543));
#3010=DIRECTION('center_axis',(0.,0.,1.));
#3011=DIRECTION('ref_axis',(0.894532278680304,-0.447003358375553,0.));
#3012=DIRECTION('center_axis',(0.121054375311029,0.992645877550527,0.));
#3013=DIRECTION('ref_axis',(0.992645877550527,-0.121054375311029,0.));
#3014=DIRECTION('center_axis',(-0.721158501332084,-0.6927701032496,0.));
#3015=DIRECTION('ref_axis',(0.,0.,-1.));
#3016=DIRECTION('center_axis',(0.,0.,1.));
#3017=DIRECTION('ref_axis',(0.894532278680304,-0.447003358375553,0.));
#3018=DIRECTION('center_axis',(-0.692770103249596,0.721158501332089,0.));
#3019=DIRECTION('ref_axis',(0.509936066602246,0.489862437811099,-0.707106781186546));
#3020=DIRECTION('center_axis',(-0.721158501332084,-0.6927701032496,0.));
#3021=DIRECTION('ref_axis',(0.,0.,-1.));
#3022=DIRECTION('center_axis',(0.,0.,1.));
#3023=DIRECTION('ref_axis',(-1.,3.48956160549639E-46,0.));
#3024=DIRECTION('center_axis',(0.,0.,1.));
#3025=DIRECTION('ref_axis',(-1.,3.48956160549639E-46,0.));
#3026=DIRECTION('',(0.,0.,1.));
#3027=DIRECTION('center_axis',(0.,0.,-1.));
#3028=DIRECTION('ref_axis',(-1.,3.48956160549639E-46,0.));
#3029=DIRECTION('center_axis',(-0.995848296352082,-0.0910284057459824,0.));
#3030=DIRECTION('ref_axis',(-0.0910284057459824,0.995848296352082,0.));
#3031=DIRECTION('',(0.0910284057459824,-0.995848296352082,0.));
#3032=DIRECTION('',(0.,0.,-1.));
#3033=DIRECTION('',(0.0910284057459824,-0.995848296352082,0.));
#3034=DIRECTION('',(0.,0.,-1.));
#3035=DIRECTION('center_axis',(-0.513708040704573,-0.857965062759241,0.));
#3036=DIRECTION('ref_axis',(-0.857965062759241,0.513708040704573,0.));
#3037=DIRECTION('',(0.857965062759241,-0.513708040704573,0.));
#3038=DIRECTION('',(0.,0.,-1.));
#3039=DIRECTION('',(0.857965062759241,-0.513708040704573,0.));
#3040=DIRECTION('center_axis',(0.609159574809526,-0.79304767348368,0.));
#3041=DIRECTION('ref_axis',(-0.79304767348368,-0.609159574809526,0.));
#3042=DIRECTION('',(0.79304767348368,0.609159574809526,0.));
#3043=DIRECTION('',(0.,0.,-1.));
#3044=DIRECTION('',(0.79304767348368,0.609159574809526,0.));
#3045=DIRECTION('center_axis',(0.211420655214832,-0.977395163968255,0.));
#3046=DIRECTION('ref_axis',(-0.977395163968255,-0.211420655214832,0.));
#3047=DIRECTION('',(0.977395163968255,0.211420655214832,0.));
#3048=DIRECTION('',(0.,0.,-1.));
#3049=DIRECTION('',(0.977395163968255,0.211420655214832,0.));
#3050=DIRECTION('center_axis',(-0.992645877550526,0.12105437531104,0.));
#3051=DIRECTION('ref_axis',(0.12105437531104,0.992645877550526,0.));
#3052=DIRECTION('',(-0.12105437531104,-0.992645877550526,0.));
#3053=DIRECTION('',(-0.12105437531104,-0.992645877550526,0.));
#3054=DIRECTION('',(0.,0.,-1.));
#3055=DIRECTION('center_axis',(0.,0.,-1.));
#3056=DIRECTION('ref_axis',(-1.,0.,0.));
#3057=DIRECTION('',(0.898483418960165,0.439007455350877,0.));
#3058=DIRECTION('',(0.104556482393591,0.99451895004041,0.));
#3059=DIRECTION('',(-0.381988744993444,0.924166975550595,0.));
#3060=DIRECTION('',(-0.999423558506668,0.0339492371323569,0.));
#3061=DIRECTION('',(-0.721158501332088,-0.692770103249596,0.));
#3062=DIRECTION('center_axis',(0.,0.,-1.));
#3063=DIRECTION('ref_axis',(-1.,0.,0.));
#3064=DIRECTION('',(0.721158501332088,0.692770103249596,0.));
#3065=DIRECTION('',(0.999423558506668,-0.0339492371323567,0.));
#3066=DIRECTION('',(0.381988744993443,-0.924166975550595,0.));
#3067=DIRECTION('',(-0.104556482393591,-0.99451895004041,0.));
#3068=DIRECTION('',(-0.898483418960165,-0.439007455350877,0.));
#3069=DIRECTION('',(-0.977395163968255,-0.211420655214832,0.));
#3070=DIRECTION('',(-0.79304767348368,-0.609159574809526,0.));
#3071=DIRECTION('',(-0.857965062759241,0.513708040704573,0.));
#3072=DIRECTION('',(-0.0910284057459826,0.995848296352082,0.));
#3073=DIRECTION('',(0.12105437531104,0.992645877550526,0.));
#3074=DIRECTION('center_axis',(0.977395163968255,0.211420655214832,0.));
#3075=DIRECTION('ref_axis',(-0.149496978985306,0.691122748340894,-0.707106781186545));
#3076=DIRECTION('center_axis',(-0.977395163968254,-0.211420655214835,8.68101292155868E-15));
#3077=DIRECTION('ref_axis',(-0.211420655214835,0.977395163968254,0.));
#3078=DIRECTION('',(0.977395163968255,0.211420655214832,0.));
#3079=DIRECTION('center_axis',(0.79304767348368,0.609159574809526,0.));
#3080=DIRECTION('ref_axis',(-0.43074086617253,0.560769387724527,-0.707106781186546));
#3081=DIRECTION('',(0.79304767348368,0.609159574809526,0.));
#3082=DIRECTION('center_axis',(0.857965062759241,-0.513708040704573,0.));
#3083=DIRECTION('ref_axis',(0.363246439132256,0.6066729138982,-0.70710678118655));
#3084=DIRECTION('center_axis',(-0.857965062759237,0.513708040704581,2.28132197890121E-15));
#3085=DIRECTION('ref_axis',(0.513708040704581,0.857965062759237,0.));
#3086=DIRECTION('',(0.857965062759241,-0.513708040704573,0.));
#3087=DIRECTION('center_axis',(0.0910284057459826,-0.995848296352082,0.));
#3088=DIRECTION('ref_axis',(0.70417108338363,0.0643668029835756,-0.707106781186547));
#3089=DIRECTION('',(0.0910284057459826,-0.995848296352082,0.));
#3090=DIRECTION('center_axis',(-0.999423558506668,0.0339492371323567,0.));
#3091=DIRECTION('ref_axis',(-0.0240057357924005,-0.706699175497655,-0.707106781186548));
#3092=DIRECTION('',(-0.999423558506668,0.0339492371323567,0.));
#3093=DIRECTION('center_axis',(-0.12105437531104,-0.992645877550526,0.));
#3094=DIRECTION('ref_axis',(0.701906631332844,-0.0855983696747432,-0.707106781186551));
#3095=DIRECTION('',(-0.12105437531104,-0.992645877550526,0.));
#3096=DIRECTION('center_axis',(-0.721158501332089,-0.692770103249596,0.));
#3097=DIRECTION('ref_axis',(0.489862437811097,-0.509936066602245,-0.707106781186548));
#3098=DIRECTION('center_axis',(0.721158501332084,0.6927701032496,0.));
#3099=DIRECTION('ref_axis',(0.6927701032496,-0.721158501332084,0.));
#3100=DIRECTION('',(-0.721158501332088,-0.692770103249596,0.));
#3101=DIRECTION('center_axis',(0.,0.,-1.));
#3102=DIRECTION('ref_axis',(0.894532278680309,-0.447003358375543,0.));
#3103=DIRECTION('center_axis',(0.,0.,1.));
#3104=DIRECTION('ref_axis',(0.894532278680309,-0.447003358375543,0.));
#3105=DIRECTION('',(0.,0.,-1.));
#3106=DIRECTION('center_axis',(0.,0.,1.));
#3107=DIRECTION('ref_axis',(0.6927701032496,-0.721158501332084,0.));
#3108=DIRECTION('',(0.,0.,1.));
#3109=DIRECTION('center_axis',(-0.692770103249596,0.721158501332089,0.));
#3110=DIRECTION('ref_axis',(0.509936066602246,0.489862437811099,-0.707106781186546));
#3111=DIRECTION('center_axis',(0.,0.,-1.));
#3112=DIRECTION('ref_axis',(0.357587882791005,-0.933879492269236,0.));
#3113=DIRECTION('center_axis',(0.,0.,1.));
#3114=DIRECTION('ref_axis',(0.357587882791005,-0.933879492269236,0.));
#3115=DIRECTION('',(0.,0.,-1.));
#3116=DIRECTION('',(0.,0.,1.));
#3117=DIRECTION('center_axis',(0.,0.,-1.));
#3118=DIRECTION('ref_axis',(0.999886016712092,-0.0150981317925634,0.));
#3119=DIRECTION('center_axis',(0.,0.,1.));
#3120=DIRECTION('ref_axis',(0.999886016712092,-0.0150981317925634,0.));
#3121=DIRECTION('',(0.,0.,-1.));
#3122=DIRECTION('center_axis',(0.,0.,1.));
#3123=DIRECTION('ref_axis',(0.992645877550526,-0.121054375311037,0.));
#3124=DIRECTION('',(0.,0.,1.));
#3125=DIRECTION('center_axis',(-0.692770103249596,0.721158501332089,0.));
#3126=DIRECTION('ref_axis',(-0.50993606660226,-0.489862437811094,-0.707106781186539));
#3127=DIRECTION('center_axis',(-0.992645877550526,0.12105437531104,0.));
#3128=DIRECTION('ref_axis',(0.0855983696747535,0.701906631332824,-0.707106781186569));
#3129=DIRECTION('center_axis',(0.,0.,-1.));
#3130=DIRECTION('ref_axis',(0.846603828632173,0.532223597133147,0.));
#3131=DIRECTION('center_axis',(0.,0.,1.));
#3132=DIRECTION('ref_axis',(0.846603828632173,0.532223597133147,0.));
#3133=DIRECTION('',(0.,0.,-1.));
#3134=DIRECTION('',(0.,0.,1.));
#3135=DIRECTION('center_axis',(-0.381988744993443,0.924166975550595,0.));
#3136=DIRECTION('ref_axis',(-0.653484735360487,-0.270106831921798,-0.70710678118655));
#3137=DIRECTION('',(-0.381988744993443,0.924166975550595,0.));
#3138=DIRECTION('center_axis',(0.,0.,1.));
#3139=DIRECTION('ref_axis',(-0.924166975550594,-0.381988744993446,0.));
#3140=DIRECTION('center_axis',(0.924166975550595,0.381988744993443,0.));
#3141=DIRECTION('ref_axis',(0.270106831921801,-0.653484735360486,-0.70710678118655));
#3142=DIRECTION('center_axis',(-0.513708040704573,-0.857965062759241,0.));
#3143=DIRECTION('ref_axis',(0.606672913898201,-0.363246439132253,-0.707106781186551));
#3144=DIRECTION('center_axis',(0.,0.,-1.));
#3145=DIRECTION('ref_axis',(-0.0577175510424272,0.998332952627361,0.));
#3146=DIRECTION('center_axis',(0.,0.,1.));
#3147=DIRECTION('ref_axis',(-0.0577175510424272,0.998332952627361,0.));
#3148=DIRECTION('',(0.,0.,-1.));
#3149=DIRECTION('center_axis',(0.,0.,1.));
#3150=DIRECTION('ref_axis',(0.513708040704576,0.857965062759239,0.));
#3151=DIRECTION('',(0.,0.,1.));
#3152=DIRECTION('center_axis',(0.104556482393591,0.99451895004041,0.));
#3153=DIRECTION('ref_axis',(-0.703231093592098,0.0739325977175223,-0.707106781186548));
#3154=DIRECTION('center_axis',(-0.104556482393594,-0.994518950040409,0.));
#3155=DIRECTION('ref_axis',(-0.994518950040409,0.104556482393594,0.));
#3156=DIRECTION('',(0.104556482393591,0.99451895004041,0.));
#3157=DIRECTION('center_axis',(0.,0.,1.));
#3158=DIRECTION('ref_axis',(-0.994518950040409,0.104556482393594,0.));
#3159=DIRECTION('center_axis',(0.99451895004041,-0.104556482393591,0.));
#3160=DIRECTION('ref_axis',(-0.073932597717528,-0.703231093592091,-0.707106781186555));
#3161=DIRECTION('center_axis',(-0.513708040704573,-0.857965062759241,0.));
#3162=DIRECTION('ref_axis',(-0.606672913898204,0.363246439132258,-0.707106781186546));
#3163=DIRECTION('center_axis',(0.898483418960165,0.439007455350877,0.));
#3164=DIRECTION('ref_axis',(-0.310425148670063,0.635323718330401,-0.70710678118655));
#3165=DIRECTION('center_axis',(-0.898483418960165,-0.439007455350878,0.));
#3166=DIRECTION('ref_axis',(-0.439007455350878,0.898483418960165,0.));
#3167=DIRECTION('',(0.898483418960165,0.439007455350877,0.));
#3168=DIRECTION('center_axis',(0.99451895004041,-0.104556482393591,0.));
#3169=DIRECTION('ref_axis',(0.0739325977175288,0.703231093592095,-0.707106781186551));
#3170=DIRECTION('center_axis',(0.211420655214832,-0.977395163968255,0.));
#3171=DIRECTION('ref_axis',(0.691122748340888,0.149496978985315,-0.707106781186548));
#3172=DIRECTION('center_axis',(0.439007455350877,-0.898483418960165,0.));
#3173=DIRECTION('ref_axis',(0.635323718330414,0.31042514867005,-0.707106781186544));
#3174=DIRECTION('center_axis',(-0.609159574809526,0.79304767348368,0.));
#3175=DIRECTION('ref_axis',(0.79304767348368,0.609159574809526,0.));
#3176=DIRECTION('',(-0.79304767348368,-0.609159574809526,0.));
#3177=DIRECTION('',(0.,0.,1.));
#3178=DIRECTION('center_axis',(0.609159574809526,-0.79304767348368,0.));
#3179=DIRECTION('ref_axis',(0.560769387724524,0.430740866172529,-0.707106781186548));
#3180=DIRECTION('',(0.79304767348368,0.609159574809526,0.));
#3181=DIRECTION('center_axis',(0.609159574809526,-0.79304767348368,0.));
#3182=DIRECTION('ref_axis',(-0.56076938772453,-0.430740866172526,-0.707106781186546));
#3183=DIRECTION('',(0.,0.,-1.));
#3184=DIRECTION('center_axis',(0.609159574809525,-0.793047673483681,0.));
#3185=DIRECTION('ref_axis',(-0.560769387724527,-0.43074086617253,-0.707106781186546));
#3186=DIRECTION('',(0.609159574809525,-0.793047673483681,0.));
#3187=DIRECTION('',(0.609159574809525,-0.793047673483681,0.));
#3188=DIRECTION('center_axis',(0.,0.,-1.));
#3189=DIRECTION('ref_axis',(0.79304767348368,0.609159574809526,0.));
#3190=DIRECTION('',(0.609159574809525,-0.793047673483681,0.));
#3191=DIRECTION('center_axis',(0.609159574809525,-0.793047673483681,0.));
#3192=DIRECTION('ref_axis',(0.560769387724525,0.430740866172529,-0.707106781186548));
#3193=DIRECTION('',(0.609159574809525,-0.793047673483681,0.));
#3194=DIRECTION('center_axis',(0.793047673483681,0.609159574809525,0.));
#3195=DIRECTION('ref_axis',(0.,0.,1.));
#3196=DIRECTION('',(0.609159574809525,-0.793047673483681,0.));
#3197=DIRECTION('center_axis',(0.513708040704573,0.857965062759241,0.));
#3198=DIRECTION('ref_axis',(0.857965062759241,-0.513708040704573,0.));
#3199=DIRECTION('',(-0.857965062759241,0.513708040704573,0.));
#3200=DIRECTION('',(0.,0.,1.));
#3201=DIRECTION('center_axis',(-0.513708040704573,-0.857965062759241,0.));
#3202=DIRECTION('ref_axis',(0.606672913898201,-0.363246439132253,-0.707106781186551));
#3203=DIRECTION('',(0.857965062759241,-0.513708040704573,0.));
#3204=DIRECTION('center_axis',(-0.513708040704573,-0.857965062759241,0.));
#3205=DIRECTION('ref_axis',(-0.606672913898204,0.363246439132258,-0.707106781186546));
#3206=DIRECTION('',(0.,0.,-1.));
#3207=DIRECTION('center_axis',(-0.857965062759234,0.513708040704585,0.));
#3208=DIRECTION('ref_axis',(0.,0.,-1.));
#3209=DIRECTION('',(0.513708040704585,0.857965062759234,0.));
#3210=DIRECTION('',(-0.513708040704585,-0.857965062759234,0.));
#3211=DIRECTION('center_axis',(-0.513708040704585,-0.857965062759234,0.));
#3212=DIRECTION('ref_axis',(-0.606672913898198,0.363246439132268,-0.707106781186546));
#3213=DIRECTION('',(-0.513708040704585,-0.857965062759234,0.));
#3214=DIRECTION('center_axis',(0.,0.,-1.));
#3215=DIRECTION('ref_axis',(0.857965062759241,-0.513708040704573,0.));
#3216=DIRECTION('',(-0.513708040704585,-0.857965062759234,0.));
#3217=DIRECTION('center_axis',(-0.513708040704585,-0.857965062759234,0.));
#3218=DIRECTION('ref_axis',(0.606672913898194,-0.363246439132265,-0.707106781186551));
#3219=DIRECTION('',(-0.513708040704585,-0.857965062759234,0.));
#3220=DIRECTION('center_axis',(0.857965062759234,-0.513708040704585,0.));
#3221=DIRECTION('ref_axis',(0.,0.,1.));
#3222=DIRECTION('',(-0.513708040704585,-0.857965062759234,0.));
#3223=DIRECTION('center_axis',(0.995848296352082,0.0910284057459826,0.));
#3224=DIRECTION('ref_axis',(0.0910284057459826,-0.995848296352082,0.));
#3225=DIRECTION('',(-0.0910284057459826,0.995848296352082,0.));
#3226=DIRECTION('',(0.,0.,1.));
#3227=DIRECTION('center_axis',(-0.995848296352082,-0.0910284057459826,0.));
#3228=DIRECTION('ref_axis',(0.0643668029836062,-0.704171083383625,-0.707106781186549));
#3229=DIRECTION('',(0.0910284057459826,-0.995848296352082,0.));
#3230=DIRECTION('center_axis',(-0.995848296352082,-0.0910284057459826,0.));
#3231=DIRECTION('ref_axis',(-0.0643668029835865,0.704171083383635,-0.70710678118654));
#3232=DIRECTION('',(0.,0.,-1.));
#3233=DIRECTION('center_axis',(-0.0910284057459872,0.995848296352082,0.));
#3234=DIRECTION('ref_axis',(0.,0.,-1.));
#3235=DIRECTION('',(0.995848296352082,0.0910284057459872,0.));
#3236=DIRECTION('',(-0.995848296352082,-0.0910284057459872,0.));
#3237=DIRECTION('center_axis',(-0.995848296352082,-0.0910284057459872,0.));
#3238=DIRECTION('ref_axis',(-0.0643668029835887,0.704171083383635,-0.70710678118654));
#3239=DIRECTION('',(-0.995848296352082,-0.0910284057459872,0.));
#3240=DIRECTION('center_axis',(0.,0.,-1.));
#3241=DIRECTION('ref_axis',(0.0910284057459826,-0.995848296352082,0.));
#3242=DIRECTION('',(-0.995848296352082,-0.0910284057459872,0.));
#3243=DIRECTION('center_axis',(-0.995848296352082,-0.0910284057459872,0.));
#3244=DIRECTION('ref_axis',(0.0643668029835879,-0.704171083383627,-0.707106781186548));
#3245=DIRECTION('',(-0.995848296352082,-0.0910284057459872,0.));
#3246=DIRECTION('center_axis',(0.0910284057459872,-0.995848296352082,0.));
#3247=DIRECTION('ref_axis',(0.,0.,1.));
#3248=DIRECTION('',(-0.995848296352082,-0.0910284057459872,0.));
#3249=DIRECTION('center_axis',(0.992645877550526,-0.12105437531104,0.));
#3250=DIRECTION('ref_axis',(-0.12105437531104,-0.992645877550526,0.));
#3251=DIRECTION('',(0.12105437531104,0.992645877550526,0.));
#3252=DIRECTION('',(0.,0.,1.));
#3253=DIRECTION('center_axis',(-0.992645877550526,0.12105437531104,0.));
#3254=DIRECTION('ref_axis',(-0.0855983696747513,-0.701906631332851,-0.707106781186543));
#3255=DIRECTION('',(-0.12105437531104,-0.992645877550526,0.));
#3256=DIRECTION('center_axis',(-0.992645877550526,0.12105437531104,0.));
#3257=DIRECTION('ref_axis',(0.0855983696747535,0.701906631332824,-0.707106781186569));
#3258=DIRECTION('',(0.,0.,-1.));
#3259=DIRECTION('center_axis',(0.121054375311048,0.992645877550525,0.));
#3260=DIRECTION('ref_axis',(0.,0.,-1.));
#3261=DIRECTION('',(0.992645877550525,-0.121054375311048,0.));
#3262=DIRECTION('',(-0.992645877550525,0.121054375311048,0.));
#3263=DIRECTION('center_axis',(-0.992645877550525,0.121054375311048,0.));
#3264=DIRECTION('ref_axis',(0.085598369674741,0.701906631332826,-0.707106781186569));
#3265=DIRECTION('',(-0.992645877550525,0.121054375311048,0.));
#3266=DIRECTION('center_axis',(0.,0.,-1.));
#3267=DIRECTION('ref_axis',(-0.12105437531104,-0.992645877550526,0.));
#3268=DIRECTION('',(-0.992645877550525,0.121054375311048,0.));
#3269=DIRECTION('center_axis',(-0.992645877550525,0.121054375311048,0.));
#3270=DIRECTION('ref_axis',(-0.0855983696747441,-0.701906631332852,-0.707106781186543));
#3271=DIRECTION('',(-0.992645877550525,0.121054375311048,0.));
#3272=DIRECTION('center_axis',(-0.121054375311048,-0.992645877550525,0.));
#3273=DIRECTION('ref_axis',(0.,0.,1.));
#3274=DIRECTION('',(-0.992645877550525,0.121054375311048,0.));
#3275=DIRECTION('center_axis',(0.692770103249596,-0.721158501332089,0.));
#3276=DIRECTION('ref_axis',(-0.721158501332088,-0.692770103249596,0.));
#3277=DIRECTION('',(0.721158501332088,0.692770103249596,0.));
#3278=DIRECTION('',(0.,0.,1.));
#3279=DIRECTION('center_axis',(-0.692770103249596,0.721158501332089,0.));
#3280=DIRECTION('ref_axis',(-0.50993606660226,-0.489862437811094,-0.707106781186539));
#3281=DIRECTION('',(-0.721158501332088,-0.692770103249596,0.));
#3282=DIRECTION('center_axis',(-0.692770103249596,0.721158501332089,0.));
#3283=DIRECTION('ref_axis',(0.509936066602246,0.489862437811099,-0.707106781186546));
#3284=DIRECTION('',(0.,0.,-1.));
#3285=DIRECTION('center_axis',(0.721158501332084,0.6927701032496,0.));
#3286=DIRECTION('ref_axis',(0.,0.,-1.));
#3287=DIRECTION('',(0.6927701032496,-0.721158501332084,0.));
#3288=DIRECTION('',(-0.6927701032496,0.721158501332084,0.));
#3289=DIRECTION('center_axis',(-0.6927701032496,0.721158501332084,0.));
#3290=DIRECTION('ref_axis',(0.509936066602246,0.489862437811099,-0.707106781186546));
#3291=DIRECTION('',(-0.6927701032496,0.721158501332084,0.));
#3292=DIRECTION('center_axis',(0.,0.,-1.));
#3293=DIRECTION('ref_axis',(-0.721158501332088,-0.692770103249596,0.));
#3294=DIRECTION('',(-0.6927701032496,0.721158501332084,0.));
#3295=DIRECTION('center_axis',(-0.6927701032496,0.721158501332084,0.));
#3296=DIRECTION('ref_axis',(-0.509936066602251,-0.489862437811103,-0.707106781186539));
#3297=DIRECTION('',(-0.6927701032496,0.721158501332084,0.));
#3298=DIRECTION('center_axis',(-0.721158501332084,-0.6927701032496,0.));
#3299=DIRECTION('ref_axis',(0.,0.,1.));
#3300=DIRECTION('',(-0.6927701032496,0.721158501332084,0.));
#3301=DIRECTION('center_axis',(0.999423558506668,-0.0339492371323403,0.));
#3302=DIRECTION('ref_axis',(0.,0.,-1.));
#3303=DIRECTION('',(-0.0339492371323403,-0.999423558506668,0.));
#3304=DIRECTION('',(0.,0.,-1.));
#3305=DIRECTION('',(0.0339492371323403,0.999423558506668,0.));
#3306=DIRECTION('center_axis',(0.0339492371323403,0.999423558506668,0.));
#3307=DIRECTION('ref_axis',(0.706699175497665,-0.0240057357923883,-0.707106781186537));
#3308=DIRECTION('center_axis',(0.0339492371323567,0.999423558506668,0.));
#3309=DIRECTION('ref_axis',(0.706699175497665,-0.024005735792401,-0.707106781186537));
#3310=DIRECTION('',(0.0339492371323403,0.999423558506668,0.));
#3311=DIRECTION('center_axis',(0.,0.,-1.));
#3312=DIRECTION('ref_axis',(-0.999423558506668,0.0339492371323567,0.));
#3313=DIRECTION('',(-0.999423558506668,0.0339492371323567,0.));
#3314=DIRECTION('',(0.0339492371323403,0.999423558506668,0.));
#3315=DIRECTION('center_axis',(0.0339492371323403,0.999423558506668,0.));
#3316=DIRECTION('ref_axis',(-0.706699175497656,0.024005735792388,-0.707106781186547));
#3317=DIRECTION('center_axis',(0.0339492371323567,0.999423558506668,0.));
#3318=DIRECTION('ref_axis',(-0.706699175497656,0.0240057357923941,-0.707106781186547));
#3319=DIRECTION('',(0.0339492371323403,0.999423558506668,0.));
#3320=DIRECTION('center_axis',(0.924166975550597,0.381988744993438,0.));
#3321=DIRECTION('ref_axis',(0.270106831921798,-0.653484735360487,-0.70710678118655));
#3322=DIRECTION('',(0.924166975550597,0.381988744993438,0.));
#3323=DIRECTION('center_axis',(0.924166975550595,0.381988744993443,0.));
#3324=DIRECTION('ref_axis',(0.270106831921801,-0.653484735360486,-0.70710678118655));
#3325=DIRECTION('',(0.924166975550597,0.381988744993438,0.));
#3326=DIRECTION('center_axis',(0.,0.,-1.));
#3327=DIRECTION('ref_axis',(-0.381988744993443,0.924166975550595,0.));
#3328=DIRECTION('',(-0.381988744993443,0.924166975550595,0.));
#3329=DIRECTION('',(0.924166975550597,0.381988744993438,0.));
#3330=DIRECTION('center_axis',(0.924166975550597,0.381988744993438,0.));
#3331=DIRECTION('ref_axis',(-0.2701068319218,0.653484735360492,-0.707106781186544));
#3332=DIRECTION('center_axis',(0.924166975550595,0.381988744993443,0.));
#3333=DIRECTION('ref_axis',(-0.270106831921798,0.653484735360493,-0.707106781186544));
#3334=DIRECTION('',(0.924166975550597,0.381988744993438,0.));
#3335=DIRECTION('center_axis',(0.994518950040409,-0.104556482393594,0.));
#3336=DIRECTION('ref_axis',(-0.0739325977175215,-0.703231093592091,-0.707106781186555));
#3337=DIRECTION('',(0.994518950040409,-0.104556482393594,0.));
#3338=DIRECTION('center_axis',(0.99451895004041,-0.104556482393591,0.));
#3339=DIRECTION('ref_axis',(-0.073932597717528,-0.703231093592091,-0.707106781186555));
#3340=DIRECTION('',(0.994518950040409,-0.104556482393594,0.));
#3341=DIRECTION('center_axis',(0.,0.,-1.));
#3342=DIRECTION('ref_axis',(0.104556482393591,0.99451895004041,0.));
#3343=DIRECTION('',(0.104556482393591,0.99451895004041,0.));
#3344=DIRECTION('',(0.994518950040409,-0.104556482393594,0.));
#3345=DIRECTION('center_axis',(0.994518950040409,-0.104556482393594,0.));
#3346=DIRECTION('ref_axis',(0.073932597717522,0.703231093592095,-0.707106781186551));
#3347=DIRECTION('center_axis',(0.99451895004041,-0.104556482393591,0.));
#3348=DIRECTION('ref_axis',(0.0739325977175288,0.703231093592095,-0.707106781186551));
#3349=DIRECTION('',(0.994518950040409,-0.104556482393594,0.));
#3350=DIRECTION('center_axis',(0.439007455350867,-0.89848341896017,0.));
#3351=DIRECTION('ref_axis',(-0.635323718330413,-0.31042514867005,-0.707106781186544));
#3352=DIRECTION('',(0.439007455350867,-0.89848341896017,0.));
#3353=DIRECTION('center_axis',(0.439007455350877,-0.898483418960165,0.));
#3354=DIRECTION('ref_axis',(-0.635323718330412,-0.310425148670053,-0.707106781186544));
#3355=DIRECTION('',(0.439007455350867,-0.89848341896017,0.));
#3356=DIRECTION('center_axis',(0.,0.,-1.));
#3357=DIRECTION('ref_axis',(0.898483418960165,0.439007455350877,0.));
#3358=DIRECTION('',(0.898483418960165,0.439007455350877,0.));
#3359=DIRECTION('',(0.439007455350867,-0.89848341896017,0.));
#3360=DIRECTION('center_axis',(0.439007455350867,-0.89848341896017,0.));
#3361=DIRECTION('ref_axis',(0.635323718330413,0.31042514867005,-0.707106781186544));
#3362=DIRECTION('center_axis',(0.439007455350877,-0.898483418960165,0.));
#3363=DIRECTION('ref_axis',(0.635323718330414,0.31042514867005,-0.707106781186544));
#3364=DIRECTION('',(0.439007455350867,-0.89848341896017,0.));
#3365=DIRECTION('center_axis',(0.211420655214827,-0.977395163968256,0.));
#3366=DIRECTION('ref_axis',(-0.691122748340897,-0.149496978985308,-0.707106781186541));
#3367=DIRECTION('',(0.211420655214827,-0.977395163968256,0.));
#3368=DIRECTION('center_axis',(0.211420655214832,-0.977395163968255,0.));
#3369=DIRECTION('ref_axis',(-0.691122748340898,-0.149496978985303,-0.707106781186541));
#3370=DIRECTION('',(0.211420655214827,-0.977395163968256,0.));
#3371=DIRECTION('center_axis',(0.,0.,-1.));
#3372=DIRECTION('ref_axis',(0.977395163968255,0.211420655214832,0.));
#3373=DIRECTION('',(0.977395163968255,0.211420655214832,0.));
#3374=DIRECTION('',(0.211420655214827,-0.977395163968256,0.));
#3375=DIRECTION('center_axis',(0.211420655214827,-0.977395163968256,0.));
#3376=DIRECTION('ref_axis',(0.69112274834089,0.149496978985307,-0.707106781186548));
#3377=DIRECTION('center_axis',(0.211420655214832,-0.977395163968255,0.));
#3378=DIRECTION('ref_axis',(0.691122748340888,0.149496978985315,-0.707106781186548));
#3379=DIRECTION('',(0.211420655214827,-0.977395163968256,0.));
#3380=DIRECTION('center_axis',(-0.692770103249596,0.721158501332088,0.));
#3381=DIRECTION('ref_axis',(0.721158501332088,0.692770103249596,0.));
#3382=DIRECTION('',(-0.721158501332088,-0.692770103249596,0.));
#3383=DIRECTION('',(0.,0.,1.));
#3384=DIRECTION('center_axis',(0.0339492371323569,0.999423558506668,0.));
#3385=DIRECTION('ref_axis',(0.999423558506668,-0.0339492371323569,0.));
#3386=DIRECTION('',(-0.999423558506668,0.0339492371323569,0.));
#3387=DIRECTION('',(0.,0.,-1.));
#3388=DIRECTION('center_axis',(0.924166975550595,0.381988744993444,0.));
#3389=DIRECTION('ref_axis',(0.381988744993444,-0.924166975550595,0.));
#3390=DIRECTION('',(-0.381988744993444,0.924166975550595,0.));
#3391=DIRECTION('',(0.,0.,-1.));
#3392=DIRECTION('center_axis',(0.99451895004041,-0.104556482393591,0.));
#3393=DIRECTION('ref_axis',(-0.104556482393591,-0.99451895004041,0.));
#3394=DIRECTION('',(0.104556482393591,0.99451895004041,0.));
#3395=DIRECTION('',(0.,0.,-1.));
#3396=DIRECTION('center_axis',(0.439007455350877,-0.898483418960165,0.));
#3397=DIRECTION('ref_axis',(-0.898483418960165,-0.439007455350877,0.));
#3398=DIRECTION('',(0.898483418960165,0.439007455350877,0.));
#3399=DIRECTION('center_axis',(-0.793047673483681,-0.609159574809525,0.));
#3400=DIRECTION('ref_axis',(0.,0.,-1.));
#3401=DIRECTION('',(-0.609159574809525,0.793047673483681,0.));
#3402=DIRECTION('',(0.,0.,-1.));
#3403=DIRECTION('center_axis',(0.,0.,-1.));
#3404=DIRECTION('ref_axis',(0.42051632285644,-0.907284972988806,0.));
#3405=DIRECTION('center_axis',(0.,0.,-1.));
#3406=DIRECTION('ref_axis',(0.42051632285644,-0.907284972988806,0.));
#3407=DIRECTION('',(0.,0.,1.));
#3408=DIRECTION('center_axis',(0.977395163968256,0.211420655214827,0.));
#3409=DIRECTION('ref_axis',(0.,0.,1.));
#3410=DIRECTION('',(0.211420655214827,-0.977395163968256,0.));
#3411=DIRECTION('',(0.,0.,1.));
#3412=DIRECTION('center_axis',(-0.211420655214832,0.977395163968255,0.));
#3413=DIRECTION('ref_axis',(0.977395163968255,0.211420655214832,0.));
#3414=DIRECTION('',(-0.977395163968255,-0.211420655214832,0.));
#3415=DIRECTION('',(0.,0.,-1.));
#3416=DIRECTION('center_axis',(-0.977395163968256,-0.211420655214827,0.));
#3417=DIRECTION('ref_axis',(0.,0.,-1.));
#3418=DIRECTION('',(-0.211420655214827,0.977395163968256,0.));
#3419=DIRECTION('',(0.,0.,-1.));
#3420=DIRECTION('center_axis',(0.,0.,-1.));
#3421=DIRECTION('ref_axis',(-0.327598760114531,0.944816941196241,0.));
#3422=DIRECTION('center_axis',(0.,0.,1.));
#3423=DIRECTION('ref_axis',(-0.327598760114531,0.944816941196241,0.));
#3424=DIRECTION('',(0.,0.,1.));
#3425=DIRECTION('center_axis',(0.89848341896017,0.439007455350867,0.));
#3426=DIRECTION('ref_axis',(0.,0.,1.));
#3427=DIRECTION('',(0.439007455350867,-0.89848341896017,0.));
#3428=DIRECTION('',(0.,0.,1.));
#3429=DIRECTION('center_axis',(-0.439007455350877,0.898483418960165,0.));
#3430=DIRECTION('ref_axis',(0.898483418960165,0.439007455350877,0.));
#3431=DIRECTION('',(-0.898483418960165,-0.439007455350877,0.));
#3432=DIRECTION('',(0.,0.,-1.));
#3433=DIRECTION('center_axis',(-0.89848341896017,-0.439007455350867,0.));
#3434=DIRECTION('ref_axis',(0.,0.,-1.));
#3435=DIRECTION('',(-0.439007455350867,0.89848341896017,0.));
#3436=DIRECTION('',(0.,0.,-1.));
#3437=DIRECTION('center_axis',(0.,0.,-1.));
#3438=DIRECTION('ref_axis',(-0.819346986257965,0.573297929622975,0.));
#3439=DIRECTION('center_axis',(0.,0.,1.));
#3440=DIRECTION('ref_axis',(-0.819346986257965,0.573297929622975,0.));
#3441=DIRECTION('',(0.,0.,1.));
#3442=DIRECTION('center_axis',(0.104556482393594,0.994518950040409,0.));
#3443=DIRECTION('ref_axis',(0.,0.,1.));
#3444=DIRECTION('',(0.994518950040409,-0.104556482393594,0.));
#3445=DIRECTION('',(0.,0.,1.));
#3446=DIRECTION('center_axis',(-0.99451895004041,0.104556482393591,0.));
#3447=DIRECTION('ref_axis',(0.104556482393591,0.99451895004041,0.));
#3448=DIRECTION('',(-0.104556482393591,-0.99451895004041,0.));
#3449=DIRECTION('',(0.,0.,-1.));
#3450=DIRECTION('center_axis',(-0.104556482393594,-0.994518950040409,0.));
#3451=DIRECTION('ref_axis',(0.,0.,-1.));
#3452=DIRECTION('',(-0.994518950040409,0.104556482393594,0.));
#3453=DIRECTION('',(0.,0.,-1.));
#3454=DIRECTION('center_axis',(0.,0.,-1.));
#3455=DIRECTION('ref_axis',(-0.989707272297486,-0.143106656593852,0.));
#3456=DIRECTION('center_axis',(0.,0.,1.));
#3457=DIRECTION('ref_axis',(-0.989707272297486,-0.143106656593852,0.));
#3458=DIRECTION('',(0.,0.,1.));
#3459=DIRECTION('center_axis',(-0.381988744993438,0.924166975550597,0.));
#3460=DIRECTION('ref_axis',(0.,0.,1.));
#3461=DIRECTION('',(0.924166975550597,0.381988744993438,0.));
#3462=DIRECTION('',(0.,0.,1.));
#3463=DIRECTION('center_axis',(-0.924166975550595,-0.381988744993443,0.));
#3464=DIRECTION('ref_axis',(-0.381988744993443,0.924166975550595,0.));
#3465=DIRECTION('',(0.381988744993443,-0.924166975550595,0.));
#3466=DIRECTION('',(0.,0.,-1.));
#3467=DIRECTION('center_axis',(0.381988744993438,-0.924166975550597,0.));
#3468=DIRECTION('ref_axis',(0.,0.,-1.));
#3469=DIRECTION('',(-0.924166975550597,-0.381988744993438,0.));
#3470=DIRECTION('',(0.,0.,-1.));
#3471=DIRECTION('center_axis',(0.,0.,-1.));
#3472=DIRECTION('ref_axis',(-0.569914999351661,-0.821703653097633,0.));
#3473=DIRECTION('center_axis',(0.,0.,1.));
#3474=DIRECTION('ref_axis',(-0.569914999351661,-0.821703653097633,0.));
#3475=DIRECTION('',(0.,0.,1.));
#3476=DIRECTION('center_axis',(-0.999423558506668,0.0339492371323403,0.));
#3477=DIRECTION('ref_axis',(0.,0.,1.));
#3478=DIRECTION('',(0.0339492371323403,0.999423558506668,0.));
#3479=DIRECTION('',(0.,0.,1.));
#3480=DIRECTION('center_axis',(-0.0339492371323567,-0.999423558506668,0.));
#3481=DIRECTION('ref_axis',(-0.999423558506668,0.0339492371323567,0.));
#3482=DIRECTION('',(0.999423558506668,-0.0339492371323567,0.));
#3483=DIRECTION('center_axis',(0.,0.,1.));
#3484=DIRECTION('ref_axis',(1.,0.,0.));
#3485=CARTESIAN_POINT('',(0.,0.,0.));
#3486=CARTESIAN_POINT('Ctrl Pts',(106.491295396621,-85.6487903373103,-5.95216429009697));
#3487=CARTESIAN_POINT('Ctrl Pts',(106.422174357645,-85.7229537854298,-6.03746256372504));
#3488=CARTESIAN_POINT('Ctrl Pts',(106.270828944552,-85.8754916162066,-6.17774017202967));
#3489=CARTESIAN_POINT('Ctrl Pts',(105.824898712444,-86.1678892408123,-6.37438487110016));
#3490=CARTESIAN_POINT('Ctrl Pts',(105.33356023797,-86.389889248631,-6.41421356237309));
#3491=CARTESIAN_POINT('Ctrl Pts',(105.089342827914,-86.5092161738462,-6.41421356237309));
#3492=CARTESIAN_POINT('Ctrl Pts',(106.522369394071,-85.7384098438414,-6.12276083735311));
#3493=CARTESIAN_POINT('Ctrl Pts',(106.44949769838,-85.8152148354365,-6.19190329028336));
#3494=CARTESIAN_POINT('Ctrl Pts',(106.291970531167,-85.9724430752697,-6.31044663017614));
#3495=CARTESIAN_POINT('Ctrl Pts',(105.84013875711,-86.2771757269608,-6.49353117095891));
#3496=CARTESIAN_POINT('Ctrl Pts',(105.376181531773,-86.498790588731,-6.53077067649145));
#3497=CARTESIAN_POINT('Ctrl Pts',(105.143522237167,-86.620101080855,-6.53762697732194));
#3498=CARTESIAN_POINT('Ctrl Pts',(106.5943549789,-85.9460211304158,-6.42012630790554));
#3499=CARTESIAN_POINT('Ctrl Pts',(106.513906230313,-86.0277767963136,-6.46748379129992));
#3500=CARTESIAN_POINT('Ctrl Pts',(106.341644127161,-86.1979684687543,-6.55908368944926));
#3501=CARTESIAN_POINT('Ctrl Pts',(105.876779580551,-86.5345910677197,-6.71643363155918));
#3502=CARTESIAN_POINT('Ctrl Pts',(105.475904457166,-86.7469132450081,-6.73972481859475));
#3503=CARTESIAN_POINT('Ctrl Pts',(105.266141178737,-86.8710560122765,-6.75194803667));
#3504=CARTESIAN_POINT('Ctrl Pts',(106.786864627943,-86.5012319550727,-6.85813429797616));
#3505=CARTESIAN_POINT('Ctrl Pts',(106.681975415412,-86.5879274614382,-6.87753480609641));
#3506=CARTESIAN_POINT('Ctrl Pts',(106.455116365647,-86.7704081114927,-6.92174581382806));
#3507=CARTESIAN_POINT('Ctrl Pts',(105.995319508745,-87.0225404974487,-6.9509732627454));
#3508=CARTESIAN_POINT('Ctrl Pts',(105.657259817975,-87.1980582445034,-6.94893432386134));
#3509=CARTESIAN_POINT('Ctrl Pts',(105.48033653809,-87.3094334850308,-6.95404625108538));
#3510=CARTESIAN_POINT('Ctrl Pts',(106.959518614829,-86.9991777095641,-7.));
#3511=CARTESIAN_POINT('Ctrl Pts',(106.824370925089,-87.060239739264,-7.));
#3512=CARTESIAN_POINT('Ctrl Pts',(106.545662453353,-87.1804251587952,-7.));
#3513=CARTESIAN_POINT('Ctrl Pts',(106.095449988456,-87.3774752421788,-7.));
#3514=CARTESIAN_POINT('Ctrl Pts',(105.787554712778,-87.537019382224,-7.));
#3515=CARTESIAN_POINT('Ctrl Pts',(105.633571869887,-87.6230486711527,-7.));
#3516=CARTESIAN_POINT('Ctrl Pts',(107.038642901789,-87.2273774950379,-7.));
#3517=CARTESIAN_POINT('Ctrl Pts',(106.887510980274,-87.2797798472219,-7.));
#3518=CARTESIAN_POINT('Ctrl Pts',(106.587356322666,-87.3906675591271,-7.));
#3519=CARTESIAN_POINT('Ctrl Pts',(106.144180957748,-87.5749788068388,-7.));
#3520=CARTESIAN_POINT('Ctrl Pts',(105.853913585415,-87.709640440924,-7.));
#3521=CARTESIAN_POINT('Ctrl Pts',(105.710193125254,-87.779863610507,-7.));
#3522=CARTESIAN_POINT('',(106.491295396621,-85.6487903373103,-5.95216429009697));
#3523=CARTESIAN_POINT('',(105.089342827914,-86.5092161738462,-6.41421356237309));
#3524=CARTESIAN_POINT('Ctrl Pts',(106.491295396621,-85.6487903373103,-5.95216429009697));
#3525=CARTESIAN_POINT('Ctrl Pts',(106.422174357645,-85.7229537854298,-6.03746256372504));
#3526=CARTESIAN_POINT('Ctrl Pts',(106.270828944552,-85.8754916162066,-6.17774017202967));
#3527=CARTESIAN_POINT('Ctrl Pts',(105.824898712444,-86.1678892408123,-6.37438487110016));
#3528=CARTESIAN_POINT('Ctrl Pts',(105.33356023797,-86.389889248631,-6.41421356237309));
#3529=CARTESIAN_POINT('Ctrl Pts',(105.089342827914,-86.5092161738462,-6.41421356237309));
#3530=CARTESIAN_POINT('',(107.038642901789,-87.2273774950379,-7.));
#3531=CARTESIAN_POINT('Ctrl Pts',(106.491295396621,-85.6487903373103,-5.95216429009697));
#3532=CARTESIAN_POINT('Ctrl Pts',(106.522369394071,-85.7384098438414,-6.12276083735311));
#3533=CARTESIAN_POINT('Ctrl Pts',(106.5943549789,-85.9460211304158,-6.42012630790554));
#3534=CARTESIAN_POINT('Ctrl Pts',(106.786864627943,-86.5012319550727,-6.85813429797616));
#3535=CARTESIAN_POINT('Ctrl Pts',(106.959518614829,-86.9991777095641,-7.));
#3536=CARTESIAN_POINT('Ctrl Pts',(107.038642901789,-87.2273774950379,-7.));
#3537=CARTESIAN_POINT('',(105.710193125254,-87.779863610507,-7.));
#3538=CARTESIAN_POINT('Origin',(110.944967257748,-98.4934806635219,-7.));
#3539=CARTESIAN_POINT('Origin',(105.710193125254,-87.779863610507,-5.));
#3540=CARTESIAN_POINT('Ctrl Pts',(106.491295396621,-85.6487903373103,-5.95216429009697));
#3541=CARTESIAN_POINT('Ctrl Pts',(106.522369394071,-85.7384098438414,-6.12276083735311));
#3542=CARTESIAN_POINT('Ctrl Pts',(106.5943549789,-85.9460211304158,-6.42012630790554));
#3543=CARTESIAN_POINT('Ctrl Pts',(106.786864627943,-86.5012319550727,-6.85813429797616));
#3544=CARTESIAN_POINT('Ctrl Pts',(106.959518614829,-86.9991777095641,-7.));
#3545=CARTESIAN_POINT('Ctrl Pts',(107.038642901789,-87.2273774950379,-7.));
#3546=CARTESIAN_POINT('Ctrl Pts',(106.591490433048,-85.6642463957219,-6.03746256372504));
#3547=CARTESIAN_POINT('Ctrl Pts',(106.627145264756,-85.753618646858,-6.19190329028336));
#3548=CARTESIAN_POINT('Ctrl Pts',(106.708146223406,-85.9604274737861,-6.46748379129992));
#3549=CARTESIAN_POINT('Ctrl Pts',(106.922908356216,-86.5043881754276,-6.87753480609641));
#3550=CARTESIAN_POINT('Ctrl Pts',(107.10345789201,-86.9634712115835,-7.));
#3551=CARTESIAN_POINT('Ctrl Pts',(107.189774823304,-87.1749751428539,-7.));
#3552=CARTESIAN_POINT('Ctrl Pts',(106.804778060498,-85.6903540930301,-6.17774017202968));
#3553=CARTESIAN_POINT('Ctrl Pts',(106.848191341782,-85.7795832312491,-6.31044663017615));
#3554=CARTESIAN_POINT('Ctrl Pts',(106.948789407373,-85.9874514549978,-6.55908368944927));
#3555=CARTESIAN_POINT('Ctrl Pts',(107.214037084501,-86.5072656172367,-6.92174581382805));
#3556=CARTESIAN_POINT('Ctrl Pts',(107.396743637606,-86.8853276340142,-7.));
#3557=CARTESIAN_POINT('Ctrl Pts',(107.494147835898,-87.0762534515212,-7.));
#3558=CARTESIAN_POINT('Ctrl Pts',(107.33599931,-85.6439415208011,-6.37438487110017));
#3559=CARTESIAN_POINT('Ctrl Pts',(107.391683311429,-85.7392047718528,-6.49353117095892));
#3560=CARTESIAN_POINT('Ctrl Pts',(107.522257978286,-85.9640501942566,-6.7164336315592));
#3561=CARTESIAN_POINT('Ctrl Pts',(107.731222737704,-86.4206463942737,-6.9509732627454));
#3562=CARTESIAN_POINT('Ctrl Pts',(107.872303867711,-86.7613822167811,-7.));
#3563=CARTESIAN_POINT('Ctrl Pts',(107.956295551795,-86.946659744901,-7.));
#3564=CARTESIAN_POINT('Ctrl Pts',(107.859303229101,-85.5141320133566,-6.41421356237311));
#3565=CARTESIAN_POINT('Ctrl Pts',(107.893244723132,-85.6260429223153,-6.53077067649146));
#3566=CARTESIAN_POINT('Ctrl Pts',(107.9685247906,-85.8826407123465,-6.73972481859475));
#3567=CARTESIAN_POINT('Ctrl Pts',(108.105373463227,-86.3492176280463,-6.94893432386134));
#3568=CARTESIAN_POINT('Ctrl Pts',(108.212876396258,-86.6960814801357,-7.));
#3569=CARTESIAN_POINT('Ctrl Pts',(108.267620554369,-86.8727297380866,-7.));
#3570=CARTESIAN_POINT('Ctrl Pts',(108.124969696071,-85.4566656163598,-6.41421356237311));
#3571=CARTESIAN_POINT('Ctrl Pts',(108.151061841122,-85.5772892912996,-6.53762697732195));
#3572=CARTESIAN_POINT('Ctrl Pts',(108.210113633187,-85.8502850207359,-6.75194803667));
#3573=CARTESIAN_POINT('Ctrl Pts',(108.313267515123,-86.3271641849151,-6.95404625108538));
#3574=CARTESIAN_POINT('Ctrl Pts',(108.387063788639,-86.6683234759984,-7.));
#3575=CARTESIAN_POINT('Ctrl Pts',(108.423963654042,-86.8389111130416,-7.));
#3576=CARTESIAN_POINT('',(108.124969696071,-85.4566656163598,-6.41421356237311));
#3577=CARTESIAN_POINT('Ctrl Pts',(106.491295396621,-85.6487903373103,-5.95216429009697));
#3578=CARTESIAN_POINT('Ctrl Pts',(106.591490433048,-85.6642463957219,-6.03746256372504));
#3579=CARTESIAN_POINT('Ctrl Pts',(106.804778060499,-85.6903540930301,-6.17774017202968));
#3580=CARTESIAN_POINT('Ctrl Pts',(107.33599931,-85.6439415208012,-6.37438487110017));
#3581=CARTESIAN_POINT('Ctrl Pts',(107.859303229101,-85.5141320133566,-6.41421356237311));
#3582=CARTESIAN_POINT('Ctrl Pts',(108.124969696071,-85.4566656163598,-6.41421356237311));
#3583=CARTESIAN_POINT('',(108.423963654042,-86.8389111130416,-7.));
#3584=CARTESIAN_POINT('Origin',(108.423963654042,-86.8389111130416,-5.));
#3585=CARTESIAN_POINT('Origin',(110.944967257748,-98.4934806635219,-7.));
#3586=CARTESIAN_POINT('Ctrl Pts',(106.491295396621,-85.6487903373103,-5.95216429009697));
#3587=CARTESIAN_POINT('Ctrl Pts',(106.591490433048,-85.6642463957219,-6.03746256372504));
#3588=CARTESIAN_POINT('Ctrl Pts',(106.804778060499,-85.6903540930301,-6.17774017202968));
#3589=CARTESIAN_POINT('Ctrl Pts',(107.33599931,-85.6439415208012,-6.37438487110017));
#3590=CARTESIAN_POINT('Ctrl Pts',(107.859303229101,-85.5141320133566,-6.41421356237311));
#3591=CARTESIAN_POINT('Ctrl Pts',(108.124969696071,-85.4566656163598,-6.41421356237311));
#3592=CARTESIAN_POINT('Ctrl Pts',(106.560416435597,-85.5746268891908,-5.8668660164689));
#3593=CARTESIAN_POINT('Ctrl Pts',(106.652086163655,-85.5857556190757,-5.94951366970751));
#3594=CARTESIAN_POINT('Ctrl Pts',(106.85293978171,-85.6026090464279,-6.08798977627045));
#3595=CARTESIAN_POINT('Ctrl Pts',(107.370797277357,-85.5267077027089,-6.26971374752749));
#3596=CARTESIAN_POINT('Ctrl Pts',(107.854880231401,-85.3958359491761,-6.29765644825476));
#3597=CARTESIAN_POINT('Ctrl Pts',(108.09887755102,-85.33604194142,-6.29080014742427));
#3598=CARTESIAN_POINT('Ctrl Pts',(106.675905795855,-85.4358637280612,-5.67814885519031));
#3599=CARTESIAN_POINT('Ctrl Pts',(106.758933292809,-85.4382030097109,-5.75691170176697));
#3600=CARTESIAN_POINT('Ctrl Pts',(106.947852040321,-85.4318299934931,-5.8872597456294));
#3601=CARTESIAN_POINT('Ctrl Pts',(107.449563105937,-85.2980309860257,-6.02325056919986));
#3602=CARTESIAN_POINT('Ctrl Pts',(107.848085593963,-85.1835189426526,-6.03094324800462));
#3603=CARTESIAN_POINT('Ctrl Pts',(108.053565652227,-85.1265655744766,-6.01149067311927));
#3604=CARTESIAN_POINT('Ctrl Pts',(106.850594359054,-85.2058224155637,-5.17067529644522));
#3605=CARTESIAN_POINT('Ctrl Pts',(106.934180375238,-85.1905290079885,-5.25028171299558));
#3606=CARTESIAN_POINT('Ctrl Pts',(107.133798598369,-85.1417385920548,-5.37901901512245));
#3607=CARTESIAN_POINT('Ctrl Pts',(107.549165194734,-85.0353806205675,-5.53003351842904));
#3608=CARTESIAN_POINT('Ctrl Pts',(107.850199634635,-84.9690136280577,-5.54598059094817));
#3609=CARTESIAN_POINT('Ctrl Pts',(108.010837915317,-84.9290357570604,-5.52358242294627));
#3610=CARTESIAN_POINT('Ctrl Pts',(106.947291104544,-85.1120753517565,-4.75748859985037));
#3611=CARTESIAN_POINT('Ctrl Pts',(107.032495927672,-85.0936446696771,-4.85009769832877));
#3612=CARTESIAN_POINT('Ctrl Pts',(107.229623907573,-85.0510038543667,-5.01169119099798));
#3613=CARTESIAN_POINT('Ctrl Pts',(107.59556722676,-84.9718465399395,-5.16450897820837));
#3614=CARTESIAN_POINT('Ctrl Pts',(107.86478801967,-84.9136113055811,-5.18422919882165));
#3615=CARTESIAN_POINT('Ctrl Pts',(108.001122343612,-84.8841207851051,-5.17453292519946));
#3616=CARTESIAN_POINT('Ctrl Pts',(107.001298280748,-85.1003930424917,-4.5762812196209));
#3617=CARTESIAN_POINT('Ctrl Pts',(107.088549389937,-85.0815197276311,-4.6655502403862));
#3618=CARTESIAN_POINT('Ctrl Pts',(107.286016265397,-85.0388056057159,-4.82057577877936));
#3619=CARTESIAN_POINT('Ctrl Pts',(107.630958798811,-84.9641909778619,-4.96676012759391));
#3620=CARTESIAN_POINT('Ctrl Pts',(107.877730641666,-84.9108116829478,-5.00000000000003));
#3621=CARTESIAN_POINT('Ctrl Pts',(108.001122343612,-84.8841207851051,-5.00000000000003));
#3622=CARTESIAN_POINT('',(107.001298280748,-85.1003930424917,-4.5762812196209));
#3623=CARTESIAN_POINT('Ctrl Pts',(106.491295396621,-85.6487903373103,-5.95216429009697));
#3624=CARTESIAN_POINT('Ctrl Pts',(106.560416435597,-85.5746268891908,-5.8668660164689));
#3625=CARTESIAN_POINT('Ctrl Pts',(106.675905795855,-85.4358637280612,-5.67814885519031));
#3626=CARTESIAN_POINT('Ctrl Pts',(106.850594359054,-85.2058224155637,-5.17067529644522));
#3627=CARTESIAN_POINT('Ctrl Pts',(106.947291104544,-85.1120753517565,-4.75748859985037));
#3628=CARTESIAN_POINT('Ctrl Pts',(107.001298280748,-85.1003930424917,-4.5762812196209));
#3629=CARTESIAN_POINT('',(108.001122343612,-84.8841207851051,-5.));
#3630=CARTESIAN_POINT('Origin',(108.001122343612,-84.8841207851051,-3.55333359339743));
#3631=CARTESIAN_POINT('Origin',(108.423963654042,-86.8389111130416,-5.));
#3632=CARTESIAN_POINT('Ctrl Pts',(106.491295396621,-85.6487903373103,-5.95216429009697));
#3633=CARTESIAN_POINT('Ctrl Pts',(106.560416435597,-85.5746268891908,-5.8668660164689));
#3634=CARTESIAN_POINT('Ctrl Pts',(106.675905795855,-85.4358637280612,-5.67814885519031));
#3635=CARTESIAN_POINT('Ctrl Pts',(106.850594359054,-85.2058224155637,-5.17067529644522));
#3636=CARTESIAN_POINT('Ctrl Pts',(106.947291104544,-85.1120753517565,-4.75748859985037));
#3637=CARTESIAN_POINT('Ctrl Pts',(107.001298280748,-85.1003930424917,-4.5762812196209));
#3638=CARTESIAN_POINT('Ctrl Pts',(106.460221399171,-85.5591708307792,-5.78156774284083));
#3639=CARTESIAN_POINT('Ctrl Pts',(106.52277348206,-85.4997809968502,-5.69906882043229));
#3640=CARTESIAN_POINT('Ctrl Pts',(106.629862182851,-85.3858270602496,-5.5124242395132));
#3641=CARTESIAN_POINT('Ctrl Pts',(106.785427660284,-85.1979357537081,-5.01210281439125));
#3642=CARTESIAN_POINT('Ctrl Pts',(106.868087078773,-85.1292079994731,-4.64474534801315));
#3643=CARTESIAN_POINT('Ctrl Pts',(106.91404717156,-85.1192663573523,-4.4870121988556));
#3644=CARTESIAN_POINT('Ctrl Pts',(106.410852748229,-85.4167883084583,-5.41919728817365));
#3645=CARTESIAN_POINT('Ctrl Pts',(106.46101096189,-85.3778783034154,-5.33894491908252));
#3646=CARTESIAN_POINT('Ctrl Pts',(106.550148429843,-85.3008721378475,-5.14704283973425));
#3647=CARTESIAN_POINT('Ctrl Pts',(106.667299119467,-85.1867926579266,-4.65785348768304));
#3648=CARTESIAN_POINT('Ctrl Pts',(106.729252137741,-85.1592394292179,-4.39979364128856));
#3649=CARTESIAN_POINT('Ctrl Pts',(106.762525960043,-85.1520419582544,-4.28497838209416));
#3650=CARTESIAN_POINT('Ctrl Pts',(106.35803887528,-85.264469533274,-4.5055860220583));
#3651=CARTESIAN_POINT('Ctrl Pts',(106.391104768417,-85.2497107170593,-4.44027877985539));
#3652=CARTESIAN_POINT('Ctrl Pts',(106.452505409581,-85.2233974995388,-4.28526182480928));
#3653=CARTESIAN_POINT('Ctrl Pts',(106.535794155387,-85.1995249753897,-4.07016473351221));
#3654=CARTESIAN_POINT('Ctrl Pts',(106.59185143703,-85.1889606179881,-3.9833674471339));
#3655=CARTESIAN_POINT('Ctrl Pts',(106.619646084464,-85.1829483490629,-3.93205814457939));
#3656=CARTESIAN_POINT('Ctrl Pts',(106.354801384124,-85.2551323902103,-3.85136506674519));
#3657=CARTESIAN_POINT('Ctrl Pts',(106.378742068655,-85.2468313763031,-3.83480776267031));
#3658=CARTESIAN_POINT('Ctrl Pts',(106.427877505747,-85.2308104742543,-3.79722107276687));
#3659=CARTESIAN_POINT('Ctrl Pts',(106.50534372713,-85.2089007460637,-3.73477446555277));
#3660=CARTESIAN_POINT('Ctrl Pts',(106.559477742317,-85.1959633820699,-3.69740137271657));
#3661=CARTESIAN_POINT('Ctrl Pts',(106.587157593923,-85.1899759446663,-3.67957905326348));
#3662=CARTESIAN_POINT('Ctrl Pts',(106.354801384124,-85.2551323902103,-3.55333359339743));
#3663=CARTESIAN_POINT('Ctrl Pts',(106.380150344216,-85.2463430813674,-3.55333359339743));
#3664=CARTESIAN_POINT('Ctrl Pts',(106.431202029868,-85.2297847514747,-3.55333359339743));
#3665=CARTESIAN_POINT('Ctrl Pts',(106.508716851947,-85.2080483395749,-3.55333359339743));
#3666=CARTESIAN_POINT('Ctrl Pts',(106.560934576612,-85.1956482537855,-3.55333359339743));
#3667=CARTESIAN_POINT('Ctrl Pts',(106.587157593923,-85.1899759446663,-3.55333359339743));
#3668=CARTESIAN_POINT('',(106.354801384124,-85.2551323902103,-3.55333359339743));
#3669=CARTESIAN_POINT('Ctrl Pts',(106.491295396621,-85.6487903373103,-5.95216429009697));
#3670=CARTESIAN_POINT('Ctrl Pts',(106.460221399171,-85.5591708307792,-5.78156774284083));
#3671=CARTESIAN_POINT('Ctrl Pts',(106.410852748229,-85.4167883084583,-5.41919728817365));
#3672=CARTESIAN_POINT('Ctrl Pts',(106.35803887528,-85.264469533274,-4.5055860220583));
#3673=CARTESIAN_POINT('Ctrl Pts',(106.354801384124,-85.2551323902103,-3.85136506674519));
#3674=CARTESIAN_POINT('Ctrl Pts',(106.354801384124,-85.2551323902103,-3.55333359339743));
#3675=CARTESIAN_POINT('',(106.587157593923,-85.1899759446663,-3.55333359339743));
#3676=CARTESIAN_POINT('Origin',(107.009998904353,-87.1447662726028,-3.55333359339743));
#3677=CARTESIAN_POINT('Origin',(108.001122343612,-84.8841207851051,-3.55333359339743));
#3678=CARTESIAN_POINT('Ctrl Pts',(106.491295396621,-85.6487903373103,-5.95216429009697));
#3679=CARTESIAN_POINT('Ctrl Pts',(106.460221399171,-85.5591708307792,-5.78156774284083));
#3680=CARTESIAN_POINT('Ctrl Pts',(106.410852748229,-85.4167883084583,-5.41919728817365));
#3681=CARTESIAN_POINT('Ctrl Pts',(106.35803887528,-85.264469533274,-4.5055860220583));
#3682=CARTESIAN_POINT('Ctrl Pts',(106.354801384124,-85.2551323902103,-3.85136506674519));
#3683=CARTESIAN_POINT('Ctrl Pts',(106.354801384124,-85.2551323902103,-3.55333359339743));
#3684=CARTESIAN_POINT('Ctrl Pts',(106.391100360195,-85.6333342788987,-5.8668660164689));
#3685=CARTESIAN_POINT('Ctrl Pts',(106.374330829141,-85.5512508921536,-5.69906882043228));
#3686=CARTESIAN_POINT('Ctrl Pts',(106.347373672282,-85.4172800473459,-5.33894491908252));
#3687=CARTESIAN_POINT('Ctrl Pts',(106.322933985183,-85.2733477446037,-4.44027877985539));
#3688=CARTESIAN_POINT('Ctrl Pts',(106.330860699593,-85.2634334041175,-3.83480776267031));
#3689=CARTESIAN_POINT('Ctrl Pts',(106.329452424032,-85.2639216990532,-3.55333359339743));
#3690=CARTESIAN_POINT('Ctrl Pts',(106.21449966959,-85.5958482375286,-5.67814885519031));
#3691=CARTESIAN_POINT('Ctrl Pts',(106.219685609483,-85.5280486176801,-5.51242423951319));
#3692=CARTESIAN_POINT('Ctrl Pts',(106.229698810441,-85.4119824423074,-5.14704283973425));
#3693=CARTESIAN_POINT('Ctrl Pts',(106.258423514657,-85.2906920042896,-4.28526182480927));
#3694=CARTESIAN_POINT('Ctrl Pts',(106.282354179132,-85.2812681441882,-3.79722107276687));
#3695=CARTESIAN_POINT('Ctrl Pts',(106.279108271978,-85.28252060361,-3.55333359339743));
#3696=CARTESIAN_POINT('Ctrl Pts',(105.93490142162,-85.5233229364254,-5.1706752964452));
#3697=CARTESIAN_POINT('Ctrl Pts',(105.981198443963,-85.4767881775237,-5.01210281439123));
#3698=CARTESIAN_POINT('Ctrl Pts',(106.06707360975,-85.3949103622126,-4.65785348768302));
#3699=CARTESIAN_POINT('Ctrl Pts',(106.178233934768,-85.3235027321737,-4.0701647335122));
#3700=CARTESIAN_POINT('Ctrl Pts',(106.207952418568,-85.3120159842711,-3.73477446555277));
#3701=CARTESIAN_POINT('Ctrl Pts',(106.204775632478,-85.3134346449048,-3.55333359339743));
#3702=CARTESIAN_POINT('Ctrl Pts',(105.80092650551,-85.5095572394197,-4.75748859985035));
#3703=CARTESIAN_POINT('Ctrl Pts',(105.873735852736,-85.4739819070575,-4.64474534801313));
#3704=CARTESIAN_POINT('Ctrl Pts',(106.001361706728,-85.4116227135368,-4.39979364128854));
#3705=CARTESIAN_POINT('Ctrl Pts',(106.127669116355,-85.3499077243426,-3.98336744713389));
#3706=CARTESIAN_POINT('Ctrl Pts',(106.157429062979,-85.3353667343109,-3.69740137271656));
#3707=CARTESIAN_POINT('Ctrl Pts',(106.156089848804,-85.336021086962,-3.55333359339743));
#3708=CARTESIAN_POINT('Ctrl Pts',(105.751279695179,-85.5338151382411,-4.57628121962088));
#3709=CARTESIAN_POINT('Ctrl Pts',(105.831486430163,-85.4946253725933,-4.48701219885558));
#3710=CARTESIAN_POINT('Ctrl Pts',(105.970774305925,-85.4265680054689,-4.28497838209415));
#3711=CARTESIAN_POINT('Ctrl Pts',(106.102118519446,-85.3623919864837,-3.93205814457938));
#3712=CARTESIAN_POINT('Ctrl Pts',(106.131983993651,-85.3477994346825,-3.67957905326347));
#3713=CARTESIAN_POINT('Ctrl Pts',(106.131983993651,-85.3477994346825,-3.55333359339743));
#3714=CARTESIAN_POINT('',(105.751279695179,-85.5338151382411,-4.57628121962088));
#3715=CARTESIAN_POINT('Ctrl Pts',(106.491295396621,-85.6487903373103,-5.95216429009697));
#3716=CARTESIAN_POINT('Ctrl Pts',(106.391100360195,-85.6333342788987,-5.8668660164689));
#3717=CARTESIAN_POINT('Ctrl Pts',(106.21449966959,-85.5958482375286,-5.67814885519031));
#3718=CARTESIAN_POINT('Ctrl Pts',(105.93490142162,-85.5233229364254,-5.1706752964452));
#3719=CARTESIAN_POINT('Ctrl Pts',(105.80092650551,-85.5095572394197,-4.75748859985035));
#3720=CARTESIAN_POINT('Ctrl Pts',(105.751279695179,-85.5338151382411,-4.57628121962088));
#3721=CARTESIAN_POINT('',(106.131983993651,-85.3477994346825,-3.55333359339743));
#3722=CARTESIAN_POINT('Origin',(104.832178214552,-85.9828967725867,-3.55333359339743));
#3723=CARTESIAN_POINT('Origin',(107.009998904353,-87.1447662726028,-3.55333359339743));
#3724=CARTESIAN_POINT('Ctrl Pts',(139.937504249392,-78.2454150149144,-5.92087122132336));
#3725=CARTESIAN_POINT('Ctrl Pts',(139.848246072754,-78.3295800384769,-6.00845662477472));
#3726=CARTESIAN_POINT('Ctrl Pts',(139.642740415379,-78.4951124944462,-6.15408017900855));
#3727=CARTESIAN_POINT('Ctrl Pts',(138.979074330057,-78.7790216518154,-6.368627877594));
#3728=CARTESIAN_POINT('Ctrl Pts',(138.325985107959,-78.9238744772971,-6.4142135623731));
#3729=CARTESIAN_POINT('Ctrl Pts',(138.003734619877,-78.9935805816908,-6.41421356237309));
#3730=CARTESIAN_POINT('Ctrl Pts',(139.970159142432,-78.3158695778882,-6.09604202822608));
#3731=CARTESIAN_POINT('Ctrl Pts',(139.874111742284,-78.4049880213053,-6.16696385004746));
#3732=CARTESIAN_POINT('Ctrl Pts',(139.654390136778,-78.5803688627378,-6.29008920484383));
#3733=CARTESIAN_POINT('Ctrl Pts',(138.970193776006,-78.8854517374226,-6.48926934901068));
#3734=CARTESIAN_POINT('Ctrl Pts',(138.344984805001,-79.03901745106,-6.53077067649145));
#3735=CARTESIAN_POINT('Ctrl Pts',(138.029826764928,-79.1142042566306,-6.53762697732194));
#3736=CARTESIAN_POINT('Ctrl Pts',(140.04669061424,-78.4809900513566,-6.40061451374538));
#3737=CARTESIAN_POINT('Ctrl Pts',(139.934902456565,-78.5810352522052,-6.44925848389169));
#3738=CARTESIAN_POINT('Ctrl Pts',(139.677842163848,-78.7828459172975,-6.54495095497626));
#3739=CARTESIAN_POINT('Ctrl Pts',(138.950297506336,-79.1397159142919,-6.7151807567748));
#3740=CARTESIAN_POINT('Ctrl Pts',(138.393098865187,-79.3014915286676,-6.73972481859475));
#3741=CARTESIAN_POINT('Ctrl Pts',(138.088878556993,-79.3871999860669,-6.75194803667));
#3742=CARTESIAN_POINT('Ctrl Pts',(140.266683345607,-78.9556353587736,-6.85308922764315));
#3743=CARTESIAN_POINT('Ctrl Pts',(140.104452120647,-79.0801916759424,-6.87331477741204));
#3744=CARTESIAN_POINT('Ctrl Pts',(139.738076605098,-79.328456089683,-6.92029896625418));
#3745=CARTESIAN_POINT('Ctrl Pts',(139.012815787656,-79.6261914919884,-6.95187614741378));
#3746=CARTESIAN_POINT('Ctrl Pts',(138.485272694233,-79.7777320738284,-6.94893432386134));
#3747=CARTESIAN_POINT('Ctrl Pts',(138.19203243893,-79.8640791502462,-6.95404625108538));
#3748=CARTESIAN_POINT('Ctrl Pts',(140.476747236837,-79.4088586976117,-7.));
#3749=CARTESIAN_POINT('Ctrl Pts',(140.264094348602,-79.5213238917583,-7.));
#3750=CARTESIAN_POINT('Ctrl Pts',(139.813956740302,-79.7262342846395,-7.));
#3751=CARTESIAN_POINT('Ctrl Pts',(139.067484213871,-79.9851758208622,-7.));
#3752=CARTESIAN_POINT('Ctrl Pts',(138.53873166741,-80.1362861918655,-7.));
#3753=CARTESIAN_POINT('Ctrl Pts',(138.265828712446,-80.2052384413295,-7.));
#3754=CARTESIAN_POINT('Ctrl Pts',(140.572226082108,-79.6148590758243,-7.));
#3755=CARTESIAN_POINT('Ctrl Pts',(140.330429133543,-79.7269292265659,-7.));
#3756=CARTESIAN_POINT('Ctrl Pts',(139.838576331074,-79.9332501541196,-7.));
#3757=CARTESIAN_POINT('Ctrl Pts',(139.080021288158,-80.1875951605329,-7.));
#3758=CARTESIAN_POINT('Ctrl Pts',(138.563210317572,-80.3194811913564,-7.));
#3759=CARTESIAN_POINT('Ctrl Pts',(138.302728577848,-80.3758260783726,-7.));
#3760=CARTESIAN_POINT('',(139.937504249392,-78.2454150149144,-5.92087122132336));
#3761=CARTESIAN_POINT('',(138.003734619877,-78.9935805816908,-6.4142135623731));
#3762=CARTESIAN_POINT('Ctrl Pts',(139.937504249392,-78.2454150149144,-5.92087122132336));
#3763=CARTESIAN_POINT('Ctrl Pts',(139.848246072754,-78.3295800384769,-6.00845662477472));
#3764=CARTESIAN_POINT('Ctrl Pts',(139.642740415379,-78.4951124944462,-6.15408017900855));
#3765=CARTESIAN_POINT('Ctrl Pts',(138.979074330057,-78.7790216518154,-6.368627877594));
#3766=CARTESIAN_POINT('Ctrl Pts',(138.325985107959,-78.9238744772971,-6.4142135623731));
#3767=CARTESIAN_POINT('Ctrl Pts',(138.003734619877,-78.9935805816908,-6.41421356237309));
#3768=CARTESIAN_POINT('',(140.572226082108,-79.6148590758243,-7.));
#3769=CARTESIAN_POINT('Ctrl Pts',(139.937504249392,-78.2454150149144,-5.92087122132336));
#3770=CARTESIAN_POINT('Ctrl Pts',(139.970159142432,-78.3158695778882,-6.09604202822608));
#3771=CARTESIAN_POINT('Ctrl Pts',(140.04669061424,-78.4809900513566,-6.40061451374538));
#3772=CARTESIAN_POINT('Ctrl Pts',(140.266683345607,-78.9556353587736,-6.85308922764315));
#3773=CARTESIAN_POINT('Ctrl Pts',(140.476747236837,-79.4088586976117,-7.));
#3774=CARTESIAN_POINT('Ctrl Pts',(140.572226082108,-79.6148590758243,-7.));
#3775=CARTESIAN_POINT('',(138.302728577848,-80.3758260783726,-7.));
#3776=CARTESIAN_POINT('Origin',(136.007995957268,-69.7673045804323,-7.));
#3777=CARTESIAN_POINT('Origin',(138.302728577848,-80.3758260783726,-5.));
#3778=CARTESIAN_POINT('Ctrl Pts',(139.937504249392,-78.2454150149144,-5.92087122132336));
#3779=CARTESIAN_POINT('Ctrl Pts',(139.970159142432,-78.3158695778882,-6.09604202822608));
#3780=CARTESIAN_POINT('Ctrl Pts',(140.04669061424,-78.4809900513566,-6.40061451374538));
#3781=CARTESIAN_POINT('Ctrl Pts',(140.266683345607,-78.9556353587736,-6.85308922764315));
#3782=CARTESIAN_POINT('Ctrl Pts',(140.476747236837,-79.4088586976117,-7.));
#3783=CARTESIAN_POINT('Ctrl Pts',(140.572226082108,-79.6148590758243,-7.));
#3784=CARTESIAN_POINT('Ctrl Pts',(140.059417319071,-78.2317045543257,-6.00845662477472));
#3785=CARTESIAN_POINT('Ctrl Pts',(140.100240042957,-78.3001801116365,-6.16696385004746));
#3786=CARTESIAN_POINT('Ctrl Pts',(140.195283001648,-78.4603518146731,-6.44925848389169));
#3787=CARTESIAN_POINT('Ctrl Pts',(140.466582065089,-78.9123485426753,-6.87331477741204));
#3788=CARTESIAN_POINT('Ctrl Pts',(140.700008885658,-79.3192824343776,-7.));
#3789=CARTESIAN_POINT('Ctrl Pts',(140.814023030673,-79.5027889250827,-7.));
#3790=CARTESIAN_POINT('Ctrl Pts',(140.31855279102,-78.1818811023192,-6.15408017900855));
#3791=CARTESIAN_POINT('Ctrl Pts',(140.376078610113,-78.2458744182249,-6.29008920484383));
#3792=CARTESIAN_POINT('Ctrl Pts',(140.515422201801,-78.3946370434112,-6.54495095497625));
#3793=CARTESIAN_POINT('Ctrl Pts',(140.892822021395,-78.7932446503306,-6.92029896625419));
#3794=CARTESIAN_POINT('Ctrl Pts',(141.147305408683,-79.1082422580922,-7.));
#3795=CARTESIAN_POINT('Ctrl Pts',(141.289357737771,-79.2608293816216,-7.));
#3796=CARTESIAN_POINT('Ctrl Pts',(140.964140114595,-77.8589661133748,-6.36862787759399));
#3797=CARTESIAN_POINT('Ctrl Pts',(141.051092046586,-77.9209789256441,-6.48926934901067));
#3798=CARTESIAN_POINT('Ctrl Pts',(141.257969520495,-78.0701360373589,-6.7151807567748));
#3799=CARTESIAN_POINT('Ctrl Pts',(141.588770197151,-78.4322657593069,-6.95187614741377));
#3800=CARTESIAN_POINT('Ctrl Pts',(141.827361488487,-78.7060039205127,-7.));
#3801=CARTESIAN_POINT('Ctrl Pts',(141.973715724214,-78.8464005194356,-7.));
#3802=CARTESIAN_POINT('Ctrl Pts',(141.496783465044,-77.4542453030717,-6.41421356237309));
#3803=CARTESIAN_POINT('Ctrl Pts',(141.572363921383,-77.5431637348747,-6.53077067649144));
#3804=CARTESIAN_POINT('Ctrl Pts',(141.741548756081,-77.7495228779036,-6.73972481859474));
#3805=CARTESIAN_POINT('Ctrl Pts',(142.045372196081,-78.127666222315,-6.94893432386134));
#3806=CARTESIAN_POINT('Ctrl Pts',(142.284416920591,-78.4002034437336,-7.));
#3807=CARTESIAN_POINT('Ctrl Pts',(142.408383679642,-78.5372868300452,-7.));
#3808=CARTESIAN_POINT('Ctrl Pts',(141.758253962621,-77.2534033329672,-6.41421356237309));
#3809=CARTESIAN_POINT('Ctrl Pts',(141.833432425997,-77.3512760545691,-6.53762697732193));
#3810=CARTESIAN_POINT('Ctrl Pts',(142.003576466605,-77.5727817833486,-6.75194803666999));
#3811=CARTESIAN_POINT('Ctrl Pts',(142.300790448826,-77.9597162860218,-6.95404625108538));
#3812=CARTESIAN_POINT('Ctrl Pts',(142.513417292461,-78.2365291781406,-7.));
#3813=CARTESIAN_POINT('Ctrl Pts',(142.619735694966,-78.3749421084163,-7.));
#3814=CARTESIAN_POINT('',(141.758253962621,-77.2534033329672,-6.41421356237309));
#3815=CARTESIAN_POINT('Ctrl Pts',(139.937504249392,-78.2454150149144,-5.92087122132336));
#3816=CARTESIAN_POINT('Ctrl Pts',(140.059417319071,-78.2317045543257,-6.00845662477472));
#3817=CARTESIAN_POINT('Ctrl Pts',(140.31855279102,-78.1818811023192,-6.15408017900855));
#3818=CARTESIAN_POINT('Ctrl Pts',(140.964140114595,-77.8589661133748,-6.36862787759399));
#3819=CARTESIAN_POINT('Ctrl Pts',(141.496783465044,-77.4542453030717,-6.41421356237309));
#3820=CARTESIAN_POINT('Ctrl Pts',(141.758253962621,-77.2534033329672,-6.41421356237309));
#3821=CARTESIAN_POINT('',(142.619735694966,-78.3749421084163,-7.));
#3822=CARTESIAN_POINT('Origin',(142.619735694966,-78.3749421084163,-5.));
#3823=CARTESIAN_POINT('Origin',(136.007995957268,-69.7673045804323,-7.));
#3824=CARTESIAN_POINT('Ctrl Pts',(139.937504249392,-78.2454150149144,-5.92087122132336));
#3825=CARTESIAN_POINT('Ctrl Pts',(140.059417319071,-78.2317045543257,-6.00845662477472));
#3826=CARTESIAN_POINT('Ctrl Pts',(140.31855279102,-78.1818811023192,-6.15408017900855));
#3827=CARTESIAN_POINT('Ctrl Pts',(140.964140114595,-77.8589661133748,-6.36862787759399));
#3828=CARTESIAN_POINT('Ctrl Pts',(141.496783465044,-77.4542453030717,-6.41421356237309));
#3829=CARTESIAN_POINT('Ctrl Pts',(141.758253962621,-77.2534033329672,-6.41421356237309));
#3830=CARTESIAN_POINT('Ctrl Pts',(140.02676242603,-78.1612499913519,-5.833285817872));
#3831=CARTESIAN_POINT('Ctrl Pts',(140.135803762412,-78.1402676786226,-5.91894649616605));
#3832=CARTESIAN_POINT('Ctrl Pts',(140.374426800767,-78.0762214155483,-6.06397079205924));
#3833=CARTESIAN_POINT('Ctrl Pts',(140.975848700697,-77.7256044654757,-6.26451876076718));
#3834=CARTESIAN_POINT('Ctrl Pts',(141.450255286214,-77.3430110968126,-6.29765644825474));
#3835=CARTESIAN_POINT('Ctrl Pts',(141.683075499245,-77.1555306113653,-6.29080014742425));
#3836=CARTESIAN_POINT('Ctrl Pts',(140.164213623712,-77.9966776347931,-5.64114787531133));
#3837=CARTESIAN_POINT('Ctrl Pts',(140.25795798096,-77.9627603513466,-5.72419637091478));
#3838=CARTESIAN_POINT('Ctrl Pts',(140.471305994715,-77.866518576598,-5.8637382078826));
#3839=CARTESIAN_POINT('Ctrl Pts',(140.996138985573,-77.463507330246,-6.01992504548671));
#3840=CARTESIAN_POINT('Ctrl Pts',(141.363274155943,-77.1463410112857,-6.03094324800459));
#3841=CARTESIAN_POINT('Ctrl Pts',(141.55251977386,-76.9855637938708,-6.01149067311925));
#3842=CARTESIAN_POINT('Ctrl Pts',(140.337335068334,-77.6907066729865,-5.13449246238793));
#3843=CARTESIAN_POINT('Ctrl Pts',(140.421279217831,-77.6327579283158,-5.22042457722358));
#3844=CARTESIAN_POINT('Ctrl Pts',(140.617808522096,-77.4795437853173,-5.36173494316472));
#3845=CARTESIAN_POINT('Ctrl Pts',(141.005216960342,-77.1595014318827,-5.52778210449001));
#3846=CARTESIAN_POINT('Ctrl Pts',(141.282919485357,-76.9442589755434,-5.54598059094814));
#3847=CARTESIAN_POINT('Ctrl Pts',(141.429409711497,-76.8252902751135,-5.52358242294624));
#3848=CARTESIAN_POINT('Ctrl Pts',(140.462476318005,-77.5100700230303,-4.72730837385467));
#3849=CARTESIAN_POINT('Ctrl Pts',(140.538104214674,-77.4519783610542,-4.82581157713898));
#3850=CARTESIAN_POINT('Ctrl Pts',(140.713516411396,-77.3172399049131,-4.99827620684515));
#3851=CARTESIAN_POINT('Ctrl Pts',(141.040915456305,-77.065756583471,-5.16221627543832));
#3852=CARTESIAN_POINT('Ctrl Pts',(141.280680622054,-76.8815870167404,-5.18422919882162));
#3853=CARTESIAN_POINT('Ctrl Pts',(141.401416545347,-76.7888467614489,-5.17453292519943));
#3854=CARTESIAN_POINT('Ctrl Pts',(140.537968054456,-77.452082949093,-4.54901566791472));
#3855=CARTESIAN_POINT('Ctrl Pts',(140.613318149893,-77.3942046731292,-4.64402899177476));
#3856=CARTESIAN_POINT('Ctrl Pts',(140.783850628506,-77.2632144494178,-4.80903014849914));
#3857=CARTESIAN_POINT('Ctrl Pts',(141.081743148783,-77.0343958209061,-4.9646212007826));
#3858=CARTESIAN_POINT('Ctrl Pts',(141.294855418454,-76.8706990042837,-4.99999999999999));
#3859=CARTESIAN_POINT('Ctrl Pts',(141.401416545347,-76.7888467614489,-4.99999999999999));
#3860=CARTESIAN_POINT('',(140.537968054456,-77.452082949093,-4.54901566791472));
#3861=CARTESIAN_POINT('Ctrl Pts',(139.937504249392,-78.2454150149144,-5.92087122132336));
#3862=CARTESIAN_POINT('Ctrl Pts',(140.02676242603,-78.1612499913519,-5.833285817872));
#3863=CARTESIAN_POINT('Ctrl Pts',(140.164213623712,-77.9966776347931,-5.64114787531133));
#3864=CARTESIAN_POINT('Ctrl Pts',(140.337335068334,-77.6907066729865,-5.13449246238793));
#3865=CARTESIAN_POINT('Ctrl Pts',(140.462476318005,-77.5100700230303,-4.72730837385467));
#3866=CARTESIAN_POINT('Ctrl Pts',(140.537968054456,-77.452082949093,-4.54901566791472));
#3867=CARTESIAN_POINT('',(141.401416545347,-76.7888467614489,-5.));
#3868=CARTESIAN_POINT('Origin',(141.401416545347,-76.7888467614489,-3.46024317697666));
#3869=CARTESIAN_POINT('Origin',(142.619735694966,-78.3749421084163,-5.));
#3870=CARTESIAN_POINT('Ctrl Pts',(139.937504249392,-78.2454150149144,-5.92087122132336));
#3871=CARTESIAN_POINT('Ctrl Pts',(140.02676242603,-78.1612499913519,-5.833285817872));
#3872=CARTESIAN_POINT('Ctrl Pts',(140.164213623712,-77.9966776347931,-5.64114787531133));
#3873=CARTESIAN_POINT('Ctrl Pts',(140.337335068334,-77.6907066729865,-5.13449246238793));
#3874=CARTESIAN_POINT('Ctrl Pts',(140.462476318005,-77.5100700230303,-4.72730837385467));
#3875=CARTESIAN_POINT('Ctrl Pts',(140.537968054456,-77.452082949093,-4.54901566791472));
#3876=CARTESIAN_POINT('Ctrl Pts',(139.904849356352,-78.1749604519406,-5.74570041442063));
#3877=CARTESIAN_POINT('Ctrl Pts',(139.983125473657,-78.1072021509391,-5.66091485232848));
#3878=CARTESIAN_POINT('Ctrl Pts',(140.108533511843,-77.9704817785105,-5.47061927859471));
#3879=CARTESIAN_POINT('Ctrl Pts',(140.273866499286,-77.7110539022207,-4.97061028449101));
#3880=CARTESIAN_POINT('Ctrl Pts',(140.395236392052,-77.5617186767911,-4.60899486991036));
#3881=CARTESIAN_POINT('Ctrl Pts',(140.462617959018,-77.5099612250568,-4.45400234405467));
#3882=CARTESIAN_POINT('Ctrl Pts',(139.854487627033,-78.0663025051713,-5.3732973246264));
#3883=CARTESIAN_POINT('Ctrl Pts',(139.91451575502,-78.0205658944376,-5.29048124951297));
#3884=CARTESIAN_POINT('Ctrl Pts',(140.015154555651,-77.9249570368567,-5.09398827020238));
#3885=CARTESIAN_POINT('Ctrl Pts',(140.169855973342,-77.7439051071725,-4.60442988662452));
#3886=CARTESIAN_POINT('Ctrl Pts',(140.279042724022,-77.6509699132295,-4.3517037661112));
#3887=CARTESIAN_POINT('Ctrl Pts',(140.331764175556,-77.6104732595301,-4.23896800965658));
#3888=CARTESIAN_POINT('Ctrl Pts',(139.800393798746,-77.9495923684462,-4.43045803558803));
#3889=CARTESIAN_POINT('Ctrl Pts',(139.845723240562,-77.9268348153817,-4.36346537487957));
#3890=CARTESIAN_POINT('Ctrl Pts',(139.935284411323,-77.8783765658625,-4.20652701992815));
#3891=CARTESIAN_POINT('Ctrl Pts',(140.081333972788,-77.7947262688702,-3.99715515265749));
#3892=CARTESIAN_POINT('Ctrl Pts',(140.165672389391,-77.7380524773034,-3.91392706600558));
#3893=CARTESIAN_POINT('Ctrl Pts',(140.208373053528,-77.7052530387833,-3.86333798104994));
#3894=CARTESIAN_POINT('Ctrl Pts',(139.803029475212,-77.9552789720821,-3.76327686353602));
#3895=CARTESIAN_POINT('Ctrl Pts',(139.845109167257,-77.9357755107742,-3.74644165872716));
#3896=CARTESIAN_POINT('Ctrl Pts',(139.929570442893,-77.8930830522882,-3.70940343891919));
#3897=CARTESIAN_POINT('Ctrl Pts',(140.055986952259,-77.8172340361415,-3.6492775289943));
#3898=CARTESIAN_POINT('Ctrl Pts',(140.139207367449,-77.75838091663,-3.61240016366513));
#3899=CARTESIAN_POINT('Ctrl Pts',(140.180315979118,-77.7268043730719,-3.59461230818569));
#3900=CARTESIAN_POINT('Ctrl Pts',(139.803029475212,-77.9552789720821,-3.46024317697666));
#3901=CARTESIAN_POINT('Ctrl Pts',(139.84758444326,-77.9346282483444,-3.46024317697666));
#3902=CARTESIAN_POINT('Ctrl Pts',(139.935172491052,-77.8900433195772,-3.46024317697666));
#3903=CARTESIAN_POINT('Ctrl Pts',(140.061276432398,-77.8136781511062,-3.46024317697666));
#3904=CARTESIAN_POINT('Ctrl Pts',(140.141370978589,-77.7567189932848,-3.46024317697666));
#3905=CARTESIAN_POINT('Ctrl Pts',(140.180315979118,-77.7268043730719,-3.46024317697666));
#3906=CARTESIAN_POINT('',(139.803029475212,-77.9552789720821,-3.46024317697666));
#3907=CARTESIAN_POINT('Ctrl Pts',(139.937504249392,-78.2454150149144,-5.92087122132336));
#3908=CARTESIAN_POINT('Ctrl Pts',(139.904849356352,-78.1749604519406,-5.74570041442063));
#3909=CARTESIAN_POINT('Ctrl Pts',(139.854487627033,-78.0663025051713,-5.3732973246264));
#3910=CARTESIAN_POINT('Ctrl Pts',(139.800393798746,-77.9495923684462,-4.43045803558803));
#3911=CARTESIAN_POINT('Ctrl Pts',(139.803029475212,-77.9552789720821,-3.76327686353602));
#3912=CARTESIAN_POINT('Ctrl Pts',(139.803029475212,-77.9552789720821,-3.46024317697666));
#3913=CARTESIAN_POINT('',(140.180315979118,-77.7268043730719,-3.46024317697666));
#3914=CARTESIAN_POINT('Origin',(138.961996829499,-76.1407090261045,-3.46024317697666));
#3915=CARTESIAN_POINT('Origin',(141.401416545347,-76.7888467614489,-3.46024317697666));
#3916=CARTESIAN_POINT('Ctrl Pts',(139.937504249392,-78.2454150149144,-5.92087122132336));
#3917=CARTESIAN_POINT('Ctrl Pts',(139.904849356352,-78.1749604519406,-5.74570041442063));
#3918=CARTESIAN_POINT('Ctrl Pts',(139.854487627033,-78.0663025051713,-5.3732973246264));
#3919=CARTESIAN_POINT('Ctrl Pts',(139.800393798746,-77.9495923684462,-4.43045803558803));
#3920=CARTESIAN_POINT('Ctrl Pts',(139.803029475212,-77.9552789720821,-3.76327686353602));
#3921=CARTESIAN_POINT('Ctrl Pts',(139.803029475212,-77.9552789720821,-3.46024317697666));
#3922=CARTESIAN_POINT('Ctrl Pts',(139.815591179713,-78.2591254755031,-5.833285817872));
#3923=CARTESIAN_POINT('Ctrl Pts',(139.802553596238,-78.1908951737098,-5.66091485232848));
#3924=CARTESIAN_POINT('Ctrl Pts',(139.780789916245,-78.0825463081632,-5.29048124951297));
#3925=CARTESIAN_POINT('Ctrl Pts',(139.753730634134,-77.9694723479505,-4.36346537487957));
#3926=CARTESIAN_POINT('Ctrl Pts',(139.760949783166,-77.97478243339,-3.74644165872716));
#3927=CARTESIAN_POINT('Ctrl Pts',(139.758474507163,-77.9759296958199,-3.46024317697666));
#3928=CARTESIAN_POINT('Ctrl Pts',(139.601174095715,-78.2576400875892,-5.64114787531133));
#3929=CARTESIAN_POINT('Ctrl Pts',(139.617173023574,-78.1982218071406,-5.47061927859471));
#3930=CARTESIAN_POINT('Ctrl Pts',(139.642788895164,-78.0975443087369,-5.09398827020238));
#3931=CARTESIAN_POINT('Ctrl Pts',(139.65886800786,-78.0064924423754,-4.20652701992815));
#3932=CARTESIAN_POINT('Ctrl Pts',(139.6737830056,-78.0116376363117,-3.70940343891919));
#3933=CARTESIAN_POINT('Ctrl Pts',(139.667842735222,-78.0139476376897,-3.46024317697666));
#3934=CARTESIAN_POINT('Ctrl Pts',(139.255807094193,-78.1919826560486,-5.13449246238793));
#3935=CARTESIAN_POINT('Ctrl Pts',(139.312354945256,-78.1567036320432,-4.97061028449101));
#3936=CARTESIAN_POINT('Ctrl Pts',(139.404647599416,-78.098570533364,-4.60442988662452));
#3937=CARTESIAN_POINT('Ctrl Pts',(139.500641611664,-78.063870610153,-3.99715515265749));
#3938=CARTESIAN_POINT('Ctrl Pts',(139.534198896456,-78.059076898163,-3.6492775289943));
#3939=CARTESIAN_POINT('Ctrl Pts',(139.528066795532,-78.0608147867633,-3.46024317697666));
#3940=CARTESIAN_POINT('Ctrl Pts',(139.037088364079,-78.1707212173889,-4.72730837385467));
#3941=CARTESIAN_POINT('Ctrl Pts',(139.119958512557,-78.1527955495169,-4.60899486991036));
#3942=CARTESIAN_POINT('Ctrl Pts',(139.263161920138,-78.1218191753994,-4.3517037661112));
#3943=CARTESIAN_POINT('Ctrl Pts',(139.4028856978,-78.0915954811235,-3.91392706600558));
#3944=CARTESIAN_POINT('Ctrl Pts',(139.435502632854,-78.0845401016471,-3.61240016366513));
#3945=CARTESIAN_POINT('Ctrl Pts',(139.432836080595,-78.0851169044047,-3.46024317697666));
#3946=CARTESIAN_POINT('Ctrl Pts',(138.944048234723,-78.1908467570221,-4.54901566791472));
#3947=CARTESIAN_POINT('Ctrl Pts',(139.036913797976,-78.1707589778375,-4.45400234405467));
#3948=CARTESIAN_POINT('Ctrl Pts',(139.198185130608,-78.1358743251716,-4.23896800965658));
#3949=CARTESIAN_POINT('Ctrl Pts',(139.350259072666,-78.1029791629523,-3.86333798104994));
#3950=CARTESIAN_POINT('Ctrl Pts',(139.384838139928,-78.095499354041,-3.59461230818568));
#3951=CARTESIAN_POINT('Ctrl Pts',(139.384838139928,-78.095499354041,-3.46024317697666));
#3952=CARTESIAN_POINT('',(138.944048234723,-78.1908467570221,-4.54901566791472));
#3953=CARTESIAN_POINT('Ctrl Pts',(139.937504249392,-78.2454150149144,-5.92087122132336));
#3954=CARTESIAN_POINT('Ctrl Pts',(139.815591179713,-78.2591254755031,-5.833285817872));
#3955=CARTESIAN_POINT('Ctrl Pts',(139.601174095715,-78.2576400875892,-5.64114787531133));
#3956=CARTESIAN_POINT('Ctrl Pts',(139.255807094193,-78.1919826560486,-5.13449246238793));
#3957=CARTESIAN_POINT('Ctrl Pts',(139.037088364079,-78.1707212173889,-4.72730837385467));
#3958=CARTESIAN_POINT('Ctrl Pts',(138.944048234723,-78.1908467570221,-4.54901566791472));
#3959=CARTESIAN_POINT('',(139.384838139928,-78.095499354041,-3.46024317697666));
#3960=CARTESIAN_POINT('Origin',(137.879887267418,-78.4210357504361,-3.46024317697666));
#3961=CARTESIAN_POINT('Origin',(138.961996829499,-76.1407090261045,-3.46024317697666));
#3962=CARTESIAN_POINT('Ctrl Pts',(99.2096826451581,-89.5247239024581,-5.92251942300284));
#3963=CARTESIAN_POINT('Ctrl Pts',(99.1647676399378,-89.6885738718319,-6.01363462239606));
#3964=CARTESIAN_POINT('Ctrl Pts',(99.0912066927519,-90.0351369872235,-6.16428556221987));
#3965=CARTESIAN_POINT('Ctrl Pts',(98.9614212811102,-90.8968294822246,-6.3703819947866));
#3966=CARTESIAN_POINT('Ctrl Pts',(98.8586445783814,-91.6378876756874,-6.41421356237309));
#3967=CARTESIAN_POINT('Ctrl Pts',(98.8206064133181,-91.9996985851039,-6.41421356237309));
#3968=CARTESIAN_POINT('Ctrl Pts',(99.3033075801835,-89.5902333658617,-6.10474982178927));
#3969=CARTESIAN_POINT('Ctrl Pts',(99.2586979235383,-89.7553179799012,-6.17769209852035));
#3970=CARTESIAN_POINT('Ctrl Pts',(99.1847668576488,-90.1051782969206,-6.30315734134917));
#3971=CARTESIAN_POINT('Ctrl Pts',(99.0625192739972,-90.967307014763,-6.49132788089939));
#3972=CARTESIAN_POINT('Ctrl Pts',(98.9728656491927,-91.6662177670863,-6.53077067649145));
#3973=CARTESIAN_POINT('Ctrl Pts',(98.9433433931739,-92.0126022576511,-6.53762697732194));
#3974=CARTESIAN_POINT('Ctrl Pts',(99.5168392965141,-89.7396417275624,-6.4177953519469));
#3975=CARTESIAN_POINT('Ctrl Pts',(99.4716688743003,-89.9082972614067,-6.46651078929843));
#3976=CARTESIAN_POINT('Ctrl Pts',(99.3991796792197,-90.2709562285453,-6.56007486899109));
#3977=CARTESIAN_POINT('Ctrl Pts',(99.2998330091137,-91.1345696005834,-6.71619715849996));
#3978=CARTESIAN_POINT('Ctrl Pts',(99.2343279192209,-91.730145108879,-6.73972481859475));
#3979=CARTESIAN_POINT('Ctrl Pts',(99.2211219582961,-92.0418058737837,-6.75194803667));
#3980=CARTESIAN_POINT('Ctrl Pts',(100.081061808778,-90.1344288001369,-6.86148544533199));
#3981=CARTESIAN_POINT('Ctrl Pts',(100.023215118832,-90.3126481250129,-6.88045212689225));
#3982=CARTESIAN_POINT('Ctrl Pts',(99.9274642792327,-90.7034867502407,-6.92307005333248));
#3983=CARTESIAN_POINT('Ctrl Pts',(99.7721524964593,-91.3897870786709,-6.95066540722382));
#3984=CARTESIAN_POINT('Ctrl Pts',(99.7100162314443,-91.8437833641595,-6.94893432386134));
#3985=CARTESIAN_POINT('Ctrl Pts',(99.7063559589742,-92.0928198441525,-6.95404625108538));
#3986=CARTESIAN_POINT('Ctrl Pts',(100.570354004972,-90.4767870534331,-7.));
#3987=CARTESIAN_POINT('Ctrl Pts',(100.477997340677,-90.6351358390104,-7.));
#3988=CARTESIAN_POINT('Ctrl Pts',(100.310804656164,-90.9686560501138,-7.));
#3989=CARTESIAN_POINT('Ctrl Pts',(100.124337164069,-91.5278479998263,-7.));
#3990=CARTESIAN_POINT('Ctrl Pts',(100.065123215449,-91.9259472534283,-7.));
#3991=CARTESIAN_POINT('Ctrl Pts',(100.053492298985,-92.1293152318182,-7.));
#3992=CARTESIAN_POINT('Ctrl Pts',(100.793183426849,-90.6327010292746,-7.));
#3993=CARTESIAN_POINT('Ctrl Pts',(100.689062703601,-90.781508475442,-7.));
#3994=CARTESIAN_POINT('Ctrl Pts',(100.50597018586,-91.0967165220839,-7.));
#3995=CARTESIAN_POINT('Ctrl Pts',(100.31455963262,-91.6089106986156,-7.));
#3996=CARTESIAN_POINT('Ctrl Pts',(100.246057848509,-91.9669421054699,-7.));
#3997=CARTESIAN_POINT('Ctrl Pts',(100.227068600502,-92.1475637805389,-7.));
#3998=CARTESIAN_POINT('',(99.2096826451581,-89.5247239024581,-5.92251942300284));
#3999=CARTESIAN_POINT('',(98.8206064133181,-91.9996985851039,-6.41421356237309));
#4000=CARTESIAN_POINT('Ctrl Pts',(99.2096826451581,-89.5247239024581,-5.92251942300284));
#4001=CARTESIAN_POINT('Ctrl Pts',(99.1647676399378,-89.6885738718319,-6.01363462239606));
#4002=CARTESIAN_POINT('Ctrl Pts',(99.0912066927519,-90.0351369872235,-6.16428556221987));
#4003=CARTESIAN_POINT('Ctrl Pts',(98.9614212811102,-90.8968294822246,-6.3703819947866));
#4004=CARTESIAN_POINT('Ctrl Pts',(98.8586445783814,-91.6378876756874,-6.41421356237309));
#4005=CARTESIAN_POINT('Ctrl Pts',(98.8206064133181,-91.9996985851039,-6.41421356237309));
#4006=CARTESIAN_POINT('',(100.793183426849,-90.6327010292746,-7.));
#4007=CARTESIAN_POINT('Ctrl Pts',(99.2096826451581,-89.5247239024581,-5.92251942300284));
#4008=CARTESIAN_POINT('Ctrl Pts',(99.3033075801835,-89.5902333658617,-6.10474982178927));
#4009=CARTESIAN_POINT('Ctrl Pts',(99.5168392965141,-89.7396417275624,-6.4177953519469));
#4010=CARTESIAN_POINT('Ctrl Pts',(100.081061808778,-90.1344288001369,-6.86148544533199));
#4011=CARTESIAN_POINT('Ctrl Pts',(100.570354004972,-90.4767870534331,-7.));
#4012=CARTESIAN_POINT('Ctrl Pts',(100.793183426849,-90.6327010292746,-7.));
#4013=CARTESIAN_POINT('',(100.227068600502,-92.1475637805389,-7.));
#4014=CARTESIAN_POINT('Origin',(103.441121297885,-92.4854658831106,-7.));
#4015=CARTESIAN_POINT('Origin',(100.227068600502,-92.1475637805389,-5.));
#4016=CARTESIAN_POINT('Ctrl Pts',(99.2096826451581,-89.5247239024581,-5.92251942300284));
#4017=CARTESIAN_POINT('Ctrl Pts',(99.3033075801835,-89.5902333658617,-6.10474982178927));
#4018=CARTESIAN_POINT('Ctrl Pts',(99.5168392965141,-89.7396417275624,-6.4177953519469));
#4019=CARTESIAN_POINT('Ctrl Pts',(100.081061808778,-90.1344288001369,-6.86148544533199));
#4020=CARTESIAN_POINT('Ctrl Pts',(100.570354004972,-90.4767870534331,-7.));
#4021=CARTESIAN_POINT('Ctrl Pts',(100.793183426849,-90.6327010292746,-7.));
#4022=CARTESIAN_POINT('Ctrl Pts',(99.3482225854038,-89.4263833964878,-6.01363462239606));
#4023=CARTESIAN_POINT('Ctrl Pts',(99.4431120499635,-89.491756660555,-6.17769209852035));
#4024=CARTESIAN_POINT('Ctrl Pts',(99.6598063507693,-89.6394145978177,-6.46651078929843));
#4025=CARTESIAN_POINT('Ctrl Pts',(100.228670024017,-90.0190157068979,-6.88045212689225));
#4026=CARTESIAN_POINT('Ctrl Pts',(100.68746949392,-90.3357620429492,-7.));
#4027=CARTESIAN_POINT('Ctrl Pts',(100.897304150097,-90.4838935831071,-7.));
#4028=CARTESIAN_POINT('Ctrl Pts',(99.6485984036382,-89.2385228798253,-6.16428556221987));
#4029=CARTESIAN_POINT('Ctrl Pts',(99.7464586322905,-89.3024186165199,-6.30315734134917));
#4030=CARTESIAN_POINT('Ctrl Pts',(99.9756708211307,-89.4470455612945,-6.56007486899108));
#4031=CARTESIAN_POINT('Ctrl Pts',(100.563037340971,-89.7951372764789,-6.92307005333249));
#4032=CARTESIAN_POINT('Ctrl Pts',(100.943508272632,-90.0644075354043,-7.));
#4033=CARTESIAN_POINT('Ctrl Pts',(101.130691164874,-90.2038766478084,-7.));
#4034=CARTESIAN_POINT('Ctrl Pts',(100.413651780659,-88.8213280340689,-6.3703819947866));
#4035=CARTESIAN_POINT('Ctrl Pts',(100.51450472752,-88.8921557819364,-6.49132788089939));
#4036=CARTESIAN_POINT('Ctrl Pts',(100.752958892782,-89.0577884857101,-6.71619715849997));
#4037=CARTESIAN_POINT('Ctrl Pts',(101.154569977453,-89.4140611283826,-6.95066540722382));
#4038=CARTESIAN_POINT('Ctrl Pts',(101.404951906023,-89.6976166747849,-7.));
#4039=CARTESIAN_POINT('Ctrl Pts',(101.546288492541,-89.8485461880943,-7.));
#4040=CARTESIAN_POINT('Ctrl Pts',(101.074628849754,-88.4708432114975,-6.41421356237309));
#4041=CARTESIAN_POINT('Ctrl Pts',(101.140382707725,-88.5684417630126,-6.53077067649145));
#4042=CARTESIAN_POINT('Ctrl Pts',(101.290032270968,-88.792169794109,-6.73972481859475));
#4043=CARTESIAN_POINT('Ctrl Pts',(101.559789716612,-89.2001207028817,-6.94893432386134));
#4044=CARTESIAN_POINT('Ctrl Pts',(101.758659985254,-89.5055752674887,-7.));
#4045=CARTESIAN_POINT('Ctrl Pts',(101.859171877885,-89.6615088391595,-7.));
#4046=CARTESIAN_POINT('Ctrl Pts',(101.401501558309,-88.3111301294545,-6.41421356237309));
#4047=CARTESIAN_POINT('Ctrl Pts',(101.455680967562,-88.4220150364633,-6.53762697732194));
#4048=CARTESIAN_POINT('Ctrl Pts',(101.578299909132,-88.6729699678849,-6.75194803666999));
#4049=CARTESIAN_POINT('Ctrl Pts',(101.792495268485,-89.1113474406391,-6.95404625108538));
#4050=CARTESIAN_POINT('Ctrl Pts',(101.945730600283,-89.424962626761,-7.));
#4051=CARTESIAN_POINT('Ctrl Pts',(102.022351855649,-89.5817775661153,-7.));
#4052=CARTESIAN_POINT('',(101.401501558309,-88.3111301294545,-6.41421356237309));
#4053=CARTESIAN_POINT('Ctrl Pts',(99.2096826451581,-89.5247239024581,-5.92251942300284));
#4054=CARTESIAN_POINT('Ctrl Pts',(99.3482225854038,-89.4263833964878,-6.01363462239606));
#4055=CARTESIAN_POINT('Ctrl Pts',(99.6485984036382,-89.2385228798253,-6.16428556221986));
#4056=CARTESIAN_POINT('Ctrl Pts',(100.413651780659,-88.821328034069,-6.3703819947866));
#4057=CARTESIAN_POINT('Ctrl Pts',(101.074628849754,-88.4708432114975,-6.4142135623731));
#4058=CARTESIAN_POINT('Ctrl Pts',(101.401501558309,-88.3111301294545,-6.4142135623731));
#4059=CARTESIAN_POINT('',(102.022351855649,-89.5817775661153,-7.));
#4060=CARTESIAN_POINT('Origin',(102.022351855649,-89.5817775661153,-5.));
#4061=CARTESIAN_POINT('Origin',(103.441121297885,-92.4854658831106,-7.));
#4062=CARTESIAN_POINT('Ctrl Pts',(99.2096826451581,-89.5247239024581,-5.92251942300284));
#4063=CARTESIAN_POINT('Ctrl Pts',(99.3482225854038,-89.4263833964878,-6.01363462239606));
#4064=CARTESIAN_POINT('Ctrl Pts',(99.6485984036382,-89.2385228798253,-6.16428556221986));
#4065=CARTESIAN_POINT('Ctrl Pts',(100.413651780659,-88.821328034069,-6.3703819947866));
#4066=CARTESIAN_POINT('Ctrl Pts',(101.074628849754,-88.4708432114975,-6.4142135623731));
#4067=CARTESIAN_POINT('Ctrl Pts',(101.401501558309,-88.3111301294545,-6.4142135623731));
#4068=CARTESIAN_POINT('Ctrl Pts',(99.2545976503784,-89.3608739330842,-5.83140422360962));
#4069=CARTESIAN_POINT('Ctrl Pts',(99.3889134369776,-89.274042748738,-5.92075904238688));
#4070=CARTESIAN_POINT('Ctrl Pts',(99.6836123528089,-89.1008224643872,-6.07100785794252));
#4071=CARTESIAN_POINT('Ctrl Pts',(100.433459466159,-88.685423196453,-6.26455815789723));
#4072=CARTESIAN_POINT('Ctrl Pts',(101.045194181622,-88.3554987619777,-6.29765644825474));
#4073=CARTESIAN_POINT('Ctrl Pts',(101.347322149056,-88.2002452224457,-6.29080014742425));
#4074=CARTESIAN_POINT('Ctrl Pts',(99.3531978022655,-89.0714255704111,-5.63001287455292));
#4075=CARTESIAN_POINT('Ctrl Pts',(99.4832876938946,-88.9971222733064,-5.71728982692668));
#4076=CARTESIAN_POINT('Ctrl Pts',(99.7750571575004,-88.8352602320747,-5.86258791322955));
#4077=CARTESIAN_POINT('Ctrl Pts',(100.49684047369,-88.4176716627287,-6.01616271756873));
#4078=CARTESIAN_POINT('Ctrl Pts',(100.998126718777,-88.1459332084722,-6.0309432480046));
#4079=CARTESIAN_POINT('Ctrl Pts',(101.253233606164,-88.0076813042875,-6.01149067311925));
#4080=CARTESIAN_POINT('Ctrl Pts',(99.6319996638413,-88.6186692184913,-5.09598953217548));
#4081=CARTESIAN_POINT('Ctrl Pts',(99.7600771000021,-88.5515605132036,-5.18943103753607));
#4082=CARTESIAN_POINT('Ctrl Pts',(100.054660613483,-88.3922562219282,-5.3430148025231));
#4083=CARTESIAN_POINT('Ctrl Pts',(100.607272900623,-88.1060894541681,-5.52162273995068));
#4084=CARTESIAN_POINT('Ctrl Pts',(100.971487677667,-87.9261019200498,-5.54598059094815));
#4085=CARTESIAN_POINT('Ctrl Pts',(101.164510983323,-87.8260994096339,-5.52358242294625));
#4086=CARTESIAN_POINT('Ctrl Pts',(99.8787663561991,-88.4031804298601,-4.66527790377406));
#4087=CARTESIAN_POINT('Ctrl Pts',(99.9876614160811,-88.3499732786426,-4.77651000859213));
#4088=CARTESIAN_POINT('Ctrl Pts',(100.232873712155,-88.2301602427552,-4.97071306258057));
#4089=CARTESIAN_POINT('Ctrl Pts',(100.672169419817,-88.0155162251834,-5.15607482065031));
#4090=CARTESIAN_POINT('Ctrl Pts',(100.986017109004,-87.8621672902,-5.18422919882163));
#4091=CARTESIAN_POINT('Ctrl Pts',(101.144336944948,-87.784810728195,-5.17453292519944));
#4092=CARTESIAN_POINT('Ctrl Pts',(100.007207672646,-88.3404227937088,-4.47576732433848));
#4093=CARTESIAN_POINT('Ctrl Pts',(100.106440921758,-88.2919364941737,-4.58621260025381));
#4094=CARTESIAN_POINT('Ctrl Pts',(100.331025798974,-88.1822022092926,-4.77801305034241));
#4095=CARTESIAN_POINT('Ctrl Pts',(100.723339073455,-87.9905142507886,-4.95887501791987));
#4096=CARTESIAN_POINT('Ctrl Pts',(101.003999938215,-87.8533807105869,-5.));
#4097=CARTESIAN_POINT('Ctrl Pts',(101.144336944948,-87.784810728195,-5.));
#4098=CARTESIAN_POINT('',(100.007207672646,-88.3404227937088,-4.47576732433848));
#4099=CARTESIAN_POINT('Ctrl Pts',(99.2096826451581,-89.5247239024581,-5.92251942300284));
#4100=CARTESIAN_POINT('Ctrl Pts',(99.2545976503784,-89.3608739330842,-5.83140422360962));
#4101=CARTESIAN_POINT('Ctrl Pts',(99.3531978022655,-89.0714255704111,-5.63001287455292));
#4102=CARTESIAN_POINT('Ctrl Pts',(99.6319996638413,-88.6186692184913,-5.09598953217548));
#4103=CARTESIAN_POINT('Ctrl Pts',(99.8787663561991,-88.4031804298601,-4.66527790377406));
#4104=CARTESIAN_POINT('Ctrl Pts',(100.007207672646,-88.3404227937088,-4.47576732433848));
#4105=CARTESIAN_POINT('',(101.144336944948,-87.784810728195,-5.));
#4106=CARTESIAN_POINT('Origin',(101.144336944948,-87.784810728195,-3.21015768891731));
#4107=CARTESIAN_POINT('Origin',(102.022351855649,-89.5817775661153,-5.));
#4108=CARTESIAN_POINT('Ctrl Pts',(99.2096826451581,-89.5247239024581,-5.92251942300284));
#4109=CARTESIAN_POINT('Ctrl Pts',(99.2545976503784,-89.3608739330842,-5.83140422360962));
#4110=CARTESIAN_POINT('Ctrl Pts',(99.3531978022655,-89.0714255704111,-5.63001287455292));
#4111=CARTESIAN_POINT('Ctrl Pts',(99.6319996638413,-88.6186692184913,-5.09598953217548));
#4112=CARTESIAN_POINT('Ctrl Pts',(99.8787663561991,-88.4031804298601,-4.66527790377406));
#4113=CARTESIAN_POINT('Ctrl Pts',(100.007207672646,-88.3404227937088,-4.47576732433848));
#4114=CARTESIAN_POINT('Ctrl Pts',(99.1160577101327,-89.4592144390545,-5.7402890242164));
#4115=CARTESIAN_POINT('Ctrl Pts',(99.1648862068767,-89.3135887019594,-5.65124872424843));
#4116=CARTESIAN_POINT('Ctrl Pts',(99.2699893424262,-89.0507059879589,-5.45066556793489));
#4117=CARTESIAN_POINT('Ctrl Pts',(99.5489531793113,-88.6385679720378,-4.92020051075253));
#4118=CARTESIAN_POINT('Ctrl Pts',(99.7841425537001,-88.4494145103942,-4.53298906790759));
#4119=CARTESIAN_POINT('Ctrl Pts',(99.9079744235331,-88.3889090932439,-4.36532204842316));
#4120=CARTESIAN_POINT('Ctrl Pts',(98.9645776624515,-89.3532236937764,-5.34858669417134));
#4121=CARTESIAN_POINT('Ctrl Pts',(99.0167684772801,-89.2348091058746,-5.26051427948423));
#4122=CARTESIAN_POINT('Ctrl Pts',(99.1310001392908,-89.0122789100405,-5.05152646779079));
#4123=CARTESIAN_POINT('Ctrl Pts',(99.4084144163338,-88.6714311858935,-4.52244306575502));
#4124=CARTESIAN_POINT('Ctrl Pts',(99.61930762021,-88.5299544103827,-4.24204113787276));
#4125=CARTESIAN_POINT('Ctrl Pts',(99.7356448993794,-88.4731109207725,-4.11536209092448));
#4126=CARTESIAN_POINT('Ctrl Pts',(98.7989215330155,-89.2373139295033,-4.33354063550946));
#4127=CARTESIAN_POINT('Ctrl Pts',(98.8579766951682,-89.1440208698072,-4.25835475694085));
#4128=CARTESIAN_POINT('Ctrl Pts',(98.9934820795203,-88.9646760879708,-4.0813595000049));
#4129=CARTESIAN_POINT('Ctrl Pts',(99.2572579593461,-88.729681553919,-3.83831088727554));
#4130=CARTESIAN_POINT('Ctrl Pts',(99.4599546951724,-88.6078157494427,-3.73832901865442));
#4131=CARTESIAN_POINT('Ctrl Pts',(99.5731434203906,-88.5525106729284,-3.6787226758815));
#4132=CARTESIAN_POINT('Ctrl Pts',(98.7755142440724,-89.2209358253371,-3.56472589032186));
#4133=CARTESIAN_POINT('Ctrl Pts',(98.8363702797348,-89.1339614847034,-3.5450276569105));
#4134=CARTESIAN_POINT('Ctrl Pts',(98.9743345912271,-88.9662332616798,-3.50148893915046));
#4135=CARTESIAN_POINT('Ctrl Pts',(99.2294682502549,-88.7439234803035,-3.4305617199222));
#4136=CARTESIAN_POINT('Ctrl Pts',(99.4295980121268,-88.6226483105067,-3.38722084573943));
#4137=CARTESIAN_POINT('Ctrl Pts',(99.5361933058865,-88.5705648466627,-3.3663508960168));
#4138=CARTESIAN_POINT('Ctrl Pts',(98.7755142440724,-89.2209358253371,-3.21015768891731));
#4139=CARTESIAN_POINT('Ctrl Pts',(98.8399500465385,-89.1288453470191,-3.21015768891731));
#4140=CARTESIAN_POINT('Ctrl Pts',(98.9843831537354,-88.9555550032027,-3.21015768891731));
#4141=CARTESIAN_POINT('Ctrl Pts',(99.2415783256054,-88.7356563836187,-3.21015768891731));
#4142=CARTESIAN_POINT('Ctrl Pts',(99.4352082907457,-88.6199070755676,-3.21015768891731));
#4143=CARTESIAN_POINT('Ctrl Pts',(99.5361933058865,-88.5705648466627,-3.21015768891731));
#4144=CARTESIAN_POINT('',(98.7755142440724,-89.2209358253371,-3.21015768891731));
#4145=CARTESIAN_POINT('Ctrl Pts',(99.2096826451581,-89.5247239024581,-5.92251942300284));
#4146=CARTESIAN_POINT('Ctrl Pts',(99.1160577101327,-89.4592144390545,-5.7402890242164));
#4147=CARTESIAN_POINT('Ctrl Pts',(98.9645776624515,-89.3532236937764,-5.34858669417134));
#4148=CARTESIAN_POINT('Ctrl Pts',(98.7989215330155,-89.2373139295033,-4.33354063550946));
#4149=CARTESIAN_POINT('Ctrl Pts',(98.7755142440724,-89.2209358253371,-3.56472589032186));
#4150=CARTESIAN_POINT('Ctrl Pts',(98.7755142440724,-89.2209358253371,-3.21015768891731));
#4151=CARTESIAN_POINT('',(99.5361933058865,-88.5705648466627,-3.21015768891731));
#4152=CARTESIAN_POINT('Origin',(100.414208216588,-90.3675316845831,-3.21015768891731));
#4153=CARTESIAN_POINT('Origin',(101.144336944948,-87.784810728195,-3.21015768891731));
#4154=CARTESIAN_POINT('Ctrl Pts',(99.2096826451581,-89.5247239024581,-5.92251942300284));
#4155=CARTESIAN_POINT('Ctrl Pts',(99.1160577101327,-89.4592144390545,-5.7402890242164));
#4156=CARTESIAN_POINT('Ctrl Pts',(98.9645776624515,-89.3532236937764,-5.34858669417134));
#4157=CARTESIAN_POINT('Ctrl Pts',(98.7989215330155,-89.2373139295033,-4.33354063550946));
#4158=CARTESIAN_POINT('Ctrl Pts',(98.7755142440724,-89.2209358253371,-3.56472589032186));
#4159=CARTESIAN_POINT('Ctrl Pts',(98.7755142440724,-89.2209358253371,-3.21015768891731));
#4160=CARTESIAN_POINT('Ctrl Pts',(99.0711427049125,-89.6230644084283,-5.83140422360962));
#4161=CARTESIAN_POINT('Ctrl Pts',(98.9959796975897,-89.5549868166092,-5.65124872424843));
#4162=CARTESIAN_POINT('Ctrl Pts',(98.8712155608113,-89.4428306899194,-5.26051427948423));
#4163=CARTESIAN_POINT('Ctrl Pts',(98.7315122289585,-89.3247615875102,-4.25835475694084));
#4164=CARTESIAN_POINT('Ctrl Pts',(98.71465820841,-89.3079101659708,-3.5450276569105));
#4165=CARTESIAN_POINT('Ctrl Pts',(98.7110784416063,-89.3130263036551,-3.21015768891731));
#4166=CARTESIAN_POINT('Ctrl Pts',(98.8330038124065,-89.8148773706659,-5.63001287455292));
#4167=CARTESIAN_POINT('Ctrl Pts',(98.7850264713818,-89.7438061132265,-5.45066556793489));
#4168=CARTESIAN_POINT('Ctrl Pts',(98.7012998771949,-89.6263987185213,-5.0515264677908));
#4169=CARTESIAN_POINT('Ctrl Pts',(98.6094571401433,-89.5135175549779,-4.0813595000049));
#4170=CARTESIAN_POINT('Ctrl Pts',(98.6043589837666,-89.4949956787378,-3.50148893915046));
#4171=CARTESIAN_POINT('Ctrl Pts',(98.5977704185909,-89.5080949009099,-3.21015768891731));
#4172=CARTESIAN_POINT('Ctrl Pts',(98.5031913507376,-90.2319415531964,-5.09598953217547));
#4173=CARTESIAN_POINT('Ctrl Pts',(98.4934288083262,-90.1471042279724,-4.92020051075252));
#4174=CARTESIAN_POINT('Ctrl Pts',(98.476145611216,-90.0038128262003,-4.52244306575502));
#4175=CARTESIAN_POINT('Ctrl Pts',(98.4790743783824,-89.8418473910386,-3.83831088727554));
#4176=CARTESIAN_POINT('Ctrl Pts',(98.4829317035422,-89.8108599509842,-3.4305617199222));
#4177=CARTESIAN_POINT('Ctrl Pts',(98.4793147239531,-89.825069675515,-3.21015768891731));
#4178=CARTESIAN_POINT('Ctrl Pts',(98.3853051032518,-90.5376081217587,-4.66527790377406));
#4179=CARTESIAN_POINT('Ctrl Pts',(98.3963164716658,-90.4328703350346,-4.53298906790758));
#4180=CARTESIAN_POINT('Ctrl Pts',(98.4154983068089,-90.2504168122148,-4.24204113787276));
#4181=CARTESIAN_POINT('Ctrl Pts',(98.4340422008301,-90.0740312492205,-3.73832901865441));
#4182=CARTESIAN_POINT('Ctrl Pts',(98.4375748069188,-90.0404298539002,-3.38722084573942));
#4183=CARTESIAN_POINT('Ctrl Pts',(98.4369219390024,-90.0466397942105,-3.21015768891731));
#4184=CARTESIAN_POINT('Ctrl Pts',(98.3703583919846,-90.6797780499717,-4.47576732433848));
#4185=CARTESIAN_POINT('Ctrl Pts',(98.3819061615312,-90.5699381301314,-4.36532204842316));
#4186=CARTESIAN_POINT('Ctrl Pts',(98.401960141914,-90.379188947892,-4.11536209092448));
#4187=CARTESIAN_POINT('Ctrl Pts',(98.4208704330427,-90.1993182937947,-3.67872267588149));
#4188=CARTESIAN_POINT('Ctrl Pts',(98.4251703165075,-90.1584187197959,-3.36635089601679));
#4189=CARTESIAN_POINT('Ctrl Pts',(98.4251703165075,-90.1584187197959,-3.21015768891731));
#4190=CARTESIAN_POINT('',(98.3703583919846,-90.6797780499717,-4.47576732433848));
#4191=CARTESIAN_POINT('Ctrl Pts',(99.2096826451581,-89.5247239024581,-5.92251942300284));
#4192=CARTESIAN_POINT('Ctrl Pts',(99.0711427049125,-89.6230644084283,-5.83140422360962));
#4193=CARTESIAN_POINT('Ctrl Pts',(98.8330038124065,-89.8148773706659,-5.63001287455292));
#4194=CARTESIAN_POINT('Ctrl Pts',(98.5031913507376,-90.2319415531964,-5.09598953217547));
#4195=CARTESIAN_POINT('Ctrl Pts',(98.3853051032518,-90.5376081217587,-4.66527790377406));
#4196=CARTESIAN_POINT('Ctrl Pts',(98.3703583919846,-90.6797780499717,-4.47576732433848));
#4197=CARTESIAN_POINT('',(98.4251703165075,-90.1584187197959,-3.21015768891731));
#4198=CARTESIAN_POINT('Origin',(98.2380307004215,-91.9384508157518,-3.21015768891731));
#4199=CARTESIAN_POINT('Origin',(100.414208216588,-90.3675316845831,-3.21015768891731));
#4200=CARTESIAN_POINT('Ctrl Pts',(151.114507888058,-70.3646946986256,-5.91585242843788));
#4201=CARTESIAN_POINT('Ctrl Pts',(151.107599379395,-70.2451991253186,-5.73111329086308));
#4202=CARTESIAN_POINT('Ctrl Pts',(151.096341018822,-70.0504647308512,-5.33310675593656));
#4203=CARTESIAN_POINT('Ctrl Pts',(151.083398376227,-69.8265975299214,-4.29633601624999));
#4204=CARTESIAN_POINT('Ctrl Pts',(151.081287167198,-69.790080222702,-3.5032585146));
#4205=CARTESIAN_POINT('Ctrl Pts',(151.081287167198,-69.790080222702,-3.13673932945791));
#4206=CARTESIAN_POINT('Ctrl Pts',(150.936644848675,-70.315030169193,-5.82348285965048));
#4207=CARTESIAN_POINT('Ctrl Pts',(150.94327338742,-70.208751710843,-5.64066638598475));
#4208=CARTESIAN_POINT('Ctrl Pts',(150.953173846028,-70.0315530508429,-5.24335515563125));
#4209=CARTESIAN_POINT('Ctrl Pts',(150.955462324325,-69.8276581951849,-4.21905061252326));
#4210=CARTESIAN_POINT('Ctrl Pts',(150.956147202151,-69.7973150558316,-3.48289633764766));
#4211=CARTESIAN_POINT('Ctrl Pts',(150.948786027737,-69.797740634251,-3.13673932945791));
#4212=CARTESIAN_POINT('Ctrl Pts',(150.609116722784,-70.2514487927581,-5.61938026129657));
#4213=CARTESIAN_POINT('Ctrl Pts',(150.634697563312,-70.1642441188096,-5.43710305524965));
#4214=CARTESIAN_POINT('Ctrl Pts',(150.672265391396,-70.0155113287723,-5.03071266881325));
#4215=CARTESIAN_POINT('Ctrl Pts',(150.694590663084,-69.8549317319376,-4.03740980870908));
#4216=CARTESIAN_POINT('Ctrl Pts',(150.702225461327,-69.835597220294,-3.43811447323717));
#4217=CARTESIAN_POINT('Ctrl Pts',(150.685318005434,-69.8395271726608,-3.13673932945791));
#4218=CARTESIAN_POINT('Ctrl Pts',(150.015816709018,-70.2941076745352,-5.07978895492558));
#4219=CARTESIAN_POINT('Ctrl Pts',(150.075173491337,-70.2253086507756,-4.90030772768938));
#4220=CARTESIAN_POINT('Ctrl Pts',(150.172838906125,-70.1077423276646,-4.49324044172035));
#4221=CARTESIAN_POINT('Ctrl Pts',(150.300797735184,-69.9897551452733,-3.78856721250765));
#4222=CARTESIAN_POINT('Ctrl Pts',(150.325675762554,-69.9710469774262,-3.36543748809439));
#4223=CARTESIAN_POINT('Ctrl Pts',(150.310314287007,-69.9791297776475,-3.13673932945791));
#4224=CARTESIAN_POINT('Ctrl Pts',(149.672156629135,-70.4358863011164,-4.64547834900749));
#4225=CARTESIAN_POINT('Ctrl Pts',(149.76042133133,-70.3680879955949,-4.50900422233573));
#4226=CARTESIAN_POINT('Ctrl Pts',(149.914353670751,-70.2498487502555,-4.20821787567303));
#4227=CARTESIAN_POINT('Ctrl Pts',(150.062741370966,-70.1358684797218,-3.68586448827081));
#4228=CARTESIAN_POINT('Ctrl Pts',(150.089505815749,-70.1153100462893,-3.32084941986028));
#4229=CARTESIAN_POINT('Ctrl Pts',(150.083658305429,-70.1198016639051,-3.13673932945791));
#4230=CARTESIAN_POINT('Ctrl Pts',(149.545608125188,-70.5330913436816,-4.45426358471642));
#4231=CARTESIAN_POINT('Ctrl Pts',(149.636789321628,-70.4630528066414,-4.33928790357068));
#4232=CARTESIAN_POINT('Ctrl Pts',(149.795135564795,-70.3414231324292,-4.07907472437954));
#4233=CARTESIAN_POINT('Ctrl Pts',(149.94445123681,-70.2267300637547,-3.62452459768935));
#4234=CARTESIAN_POINT('Ctrl Pts',(149.978403119664,-70.2006507809893,-3.2993394970773));
#4235=CARTESIAN_POINT('Ctrl Pts',(149.978403119664,-70.2006507809893,-3.13673932945791));
#4236=CARTESIAN_POINT('',(151.114507888058,-70.3646946986256,-5.91585242843788));
#4237=CARTESIAN_POINT('',(151.081287167198,-69.790080222702,-3.13673932945791));
#4238=CARTESIAN_POINT('Ctrl Pts',(151.114507888058,-70.3646946986256,-5.91585242843788));
#4239=CARTESIAN_POINT('Ctrl Pts',(151.107599379395,-70.2451991253186,-5.73111329086308));
#4240=CARTESIAN_POINT('Ctrl Pts',(151.096341018822,-70.0504647308512,-5.33310675593656));
#4241=CARTESIAN_POINT('Ctrl Pts',(151.083398376227,-69.8265975299214,-4.29633601624999));
#4242=CARTESIAN_POINT('Ctrl Pts',(151.081287167198,-69.790080222702,-3.5032585146));
#4243=CARTESIAN_POINT('Ctrl Pts',(151.081287167198,-69.790080222702,-3.13673932945791));
#4244=CARTESIAN_POINT('',(149.545608125188,-70.5330913436816,-4.45426358471642));
#4245=CARTESIAN_POINT('Ctrl Pts',(151.114507888058,-70.3646946986256,-5.91585242843788));
#4246=CARTESIAN_POINT('Ctrl Pts',(150.936644848675,-70.315030169193,-5.82348285965048));
#4247=CARTESIAN_POINT('Ctrl Pts',(150.609116722784,-70.2514487927581,-5.61938026129657));
#4248=CARTESIAN_POINT('Ctrl Pts',(150.015816709018,-70.2941076745352,-5.07978895492558));
#4249=CARTESIAN_POINT('Ctrl Pts',(149.672156629135,-70.4358863011164,-4.64547834900749));
#4250=CARTESIAN_POINT('Ctrl Pts',(149.545608125188,-70.5330913436816,-4.45426358471642));
#4251=CARTESIAN_POINT('',(149.978403119664,-70.2006507809893,-3.13673932945791));
#4252=CARTESIAN_POINT('Origin',(148.500748579797,-71.3356738588161,-3.13673932945791));
#4253=CARTESIAN_POINT('Origin',(151.196722269283,-71.7867461279567,-3.13673932945791));
#4254=CARTESIAN_POINT('Ctrl Pts',(151.114507888058,-70.3646946986256,-5.91585242843788));
#4255=CARTESIAN_POINT('Ctrl Pts',(150.936644848675,-70.315030169193,-5.82348285965048));
#4256=CARTESIAN_POINT('Ctrl Pts',(150.609116722784,-70.2514487927581,-5.61938026129657));
#4257=CARTESIAN_POINT('Ctrl Pts',(150.015816709018,-70.2941076745352,-5.07978895492558));
#4258=CARTESIAN_POINT('Ctrl Pts',(149.672156629135,-70.4358863011164,-4.64547834900749));
#4259=CARTESIAN_POINT('Ctrl Pts',(149.545608125188,-70.5330913436816,-4.45426358471642));
#4260=CARTESIAN_POINT('Ctrl Pts',(150.943553357338,-70.4345257425001,-6.00822199722528));
#4261=CARTESIAN_POINT('Ctrl Pts',(150.778973611424,-70.3904125140393,-5.91428927124513));
#4262=CARTESIAN_POINT('Ctrl Pts',(150.466433375915,-70.3345546542929,-5.70850631099692));
#4263=CARTESIAN_POINT('Ctrl Pts',(149.88526477092,-70.384844939369,-5.17622625365243));
#4264=CARTESIAN_POINT('Ctrl Pts',(149.569830982057,-70.5144851669229,-4.76070639075803));
#4265=CARTESIAN_POINT('Ctrl Pts',(149.454426928748,-70.6031298807217,-4.56923926586215));
#4266=CARTESIAN_POINT('Ctrl Pts',(150.599787140885,-70.6056772173669,-6.16112756031351));
#4267=CARTESIAN_POINT('Ctrl Pts',(150.452429511007,-70.5695398111961,-6.06710358268071));
#4268=CARTESIAN_POINT('Ctrl Pts',(150.153699656975,-70.5265766721983,-5.85707456454593));
#4269=CARTESIAN_POINT('Ctrl Pts',(149.583317147982,-70.5916200436818,-5.33520711198486));
#4270=CARTESIAN_POINT('Ctrl Pts',(149.340920778507,-70.6903167681327,-4.96191416412227));
#4271=CARTESIAN_POINT('Ctrl Pts',(149.248065472381,-70.7616412303177,-4.76890726623823));
#4272=CARTESIAN_POINT('Ctrl Pts',(149.798922615682,-71.1148226743989,-6.36946036983398));
#4273=CARTESIAN_POINT('Ctrl Pts',(149.664422913763,-71.0724989323872,-6.26340214353229));
#4274=CARTESIAN_POINT('Ctrl Pts',(149.38662103913,-71.0138009630241,-6.01462675848448));
#4275=CARTESIAN_POINT('Ctrl Pts',(149.046595844837,-70.9822037515696,-5.51982377559946));
#4276=CARTESIAN_POINT('Ctrl Pts',(148.934670211082,-71.0023678984654,-5.15427036640557));
#4277=CARTESIAN_POINT('Ctrl Pts',(148.887585551928,-71.0385347922219,-4.95718809349171));
#4278=CARTESIAN_POINT('Ctrl Pts',(149.156862486349,-71.5703487409294,-6.4142135623731));
#4279=CARTESIAN_POINT('Ctrl Pts',(149.066538092084,-71.492755493297,-6.29765644825475));
#4280=CARTESIAN_POINT('Ctrl Pts',(148.898865122869,-71.3580668093239,-6.0309432480046));
#4281=CARTESIAN_POINT('Ctrl Pts',(148.711434749768,-71.2382322747062,-5.54598059094814));
#4282=CARTESIAN_POINT('Ctrl Pts',(148.646258532488,-71.2239040574841,-5.18422919882162));
#4283=CARTESIAN_POINT('Ctrl Pts',(148.629698264436,-71.2366244098451,-5.));
#4284=CARTESIAN_POINT('Ctrl Pts',(148.857585997071,-71.8002304303344,-6.4142135623731));
#4285=CARTESIAN_POINT('Ctrl Pts',(148.782407533695,-71.7023577087325,-6.29080014742425));
#4286=CARTESIAN_POINT('Ctrl Pts',(148.65185180831,-71.532390891238,-6.01149067311925));
#4287=CARTESIAN_POINT('Ctrl Pts',(148.528741745947,-71.3721173724807,-5.52358242294624));
#4288=CARTESIAN_POINT('Ctrl Pts',(148.500748579797,-71.3356738588161,-5.17453292519943));
#4289=CARTESIAN_POINT('Ctrl Pts',(148.500748579797,-71.3356738588161,-5.));
#4290=CARTESIAN_POINT('',(148.857585997071,-71.8002304303344,-6.4142135623731));
#4291=CARTESIAN_POINT('Ctrl Pts',(151.114507888058,-70.3646946986256,-5.91585242843788));
#4292=CARTESIAN_POINT('Ctrl Pts',(150.943553357338,-70.4345257425001,-6.00822199722528));
#4293=CARTESIAN_POINT('Ctrl Pts',(150.599787140885,-70.6056772173668,-6.16112756031351));
#4294=CARTESIAN_POINT('Ctrl Pts',(149.798922615682,-71.1148226743989,-6.36946036983399));
#4295=CARTESIAN_POINT('Ctrl Pts',(149.156862486349,-71.5703487409294,-6.4142135623731));
#4296=CARTESIAN_POINT('Ctrl Pts',(148.857585997071,-71.8002304303344,-6.4142135623731));
#4297=CARTESIAN_POINT('',(148.500748579797,-71.3356738588161,-5.));
#4298=CARTESIAN_POINT('Origin',(149.719067729416,-72.9217692057834,-5.));
#4299=CARTESIAN_POINT('Origin',(148.500748579797,-71.3356738588161,-3.13673932945791));
#4300=CARTESIAN_POINT('Ctrl Pts',(151.114507888058,-70.3646946986256,-5.91585242843788));
#4301=CARTESIAN_POINT('Ctrl Pts',(150.943553357338,-70.4345257425001,-6.00822199722528));
#4302=CARTESIAN_POINT('Ctrl Pts',(150.599787140885,-70.6056772173668,-6.16112756031351));
#4303=CARTESIAN_POINT('Ctrl Pts',(149.798922615682,-71.1148226743989,-6.36946036983399));
#4304=CARTESIAN_POINT('Ctrl Pts',(149.156862486349,-71.5703487409294,-6.4142135623731));
#4305=CARTESIAN_POINT('Ctrl Pts',(148.857585997071,-71.8002304303344,-6.4142135623731));
#4306=CARTESIAN_POINT('Ctrl Pts',(151.12141639672,-70.4841902719327,-6.10059156601268));
#4307=CARTESIAN_POINT('Ctrl Pts',(150.950689743707,-70.5546862215709,-6.17435722786751));
#4308=CARTESIAN_POINT('Ctrl Pts',(150.605180502509,-70.7269699378869,-6.3013411095123));
#4309=CARTESIAN_POINT('Ctrl Pts',(149.812517845473,-71.2403230712158,-6.49080532408413));
#4310=CARTESIAN_POINT('Ctrl Pts',(149.213933937361,-71.6734843984957,-6.53077067649145));
#4311=CARTESIAN_POINT('Ctrl Pts',(148.932764460447,-71.8981031519363,-6.53762697732194));
#4312=CARTESIAN_POINT('Ctrl Pts',(151.137046057593,-70.7545344775605,-6.41703291941438));
#4313=CARTESIAN_POINT('Ctrl Pts',(150.964615134122,-70.8264040510752,-6.46605170120325));
#4314=CARTESIAN_POINT('Ctrl Pts',(150.611856093083,-71.0077286799308,-6.56008572498401));
#4315=CARTESIAN_POINT('Ctrl Pts',(149.842887440286,-71.5361303635987,-6.71612996101494));
#4316=CARTESIAN_POINT('Ctrl Pts',(149.345150530443,-71.9090078890068,-6.73972481859475));
#4317=CARTESIAN_POINT('Ctrl Pts',(149.102908501055,-72.1196088807158,-6.75194803666999));
#4318=CARTESIAN_POINT('Ctrl Pts',(151.178267747592,-71.4675406731793,-6.86211920225712));
#4319=CARTESIAN_POINT('Ctrl Pts',(150.993691084912,-71.5349922445325,-6.88100624196587));
#4320=CARTESIAN_POINT('Ctrl Pts',(150.611884071232,-71.7160417873364,-6.92332812718723));
#4321=CARTESIAN_POINT('Ctrl Pts',(149.967664413348,-72.0672365320784,-6.9506133254723));
#4322=CARTESIAN_POINT('Ctrl Pts',(149.586131474174,-72.3354221124421,-6.94893432386134));
#4323=CARTESIAN_POINT('Ctrl Pts',(149.400122483276,-72.506543383389,-6.95404625108538));
#4324=CARTESIAN_POINT('Ctrl Pts',(151.213743116397,-72.0811535005539,-7.));
#4325=CARTESIAN_POINT('Ctrl Pts',(151.028471238061,-72.1073723103055,-7.));
#4326=CARTESIAN_POINT('Ctrl Pts',(150.657075908596,-72.1912093089029,-7.));
#4327=CARTESIAN_POINT('Ctrl Pts',(150.104522597237,-72.4225982682973,-7.));
#4328=CARTESIAN_POINT('Ctrl Pts',(149.769169268967,-72.6509796447874,-7.));
#4329=CARTESIAN_POINT('Ctrl Pts',(149.612749326911,-72.7833562755077,-7.));
#4330=CARTESIAN_POINT('Ctrl Pts',(151.229827262182,-72.3593588724465,-7.));
#4331=CARTESIAN_POINT('Ctrl Pts',(151.048323721542,-72.3698523053676,-7.));
#4332=CARTESIAN_POINT('Ctrl Pts',(150.687418305271,-72.4270926030988,-7.));
#4333=CARTESIAN_POINT('Ctrl Pts',(150.173728363249,-72.6183239177182,-7.));
#4334=CARTESIAN_POINT('Ctrl Pts',(149.863249047137,-72.8110199619044,-7.));
#4335=CARTESIAN_POINT('Ctrl Pts',(149.719067729416,-72.9217692057834,-7.));
#4336=CARTESIAN_POINT('',(151.229827262182,-72.3593588724465,-7.));
#4337=CARTESIAN_POINT('Ctrl Pts',(151.114507888058,-70.3646946986256,-5.91585242843788));
#4338=CARTESIAN_POINT('Ctrl Pts',(151.12141639672,-70.4841902719327,-6.10059156601268));
#4339=CARTESIAN_POINT('Ctrl Pts',(151.137046057593,-70.7545344775605,-6.41703291941438));
#4340=CARTESIAN_POINT('Ctrl Pts',(151.178267747592,-71.4675406731793,-6.86211920225712));
#4341=CARTESIAN_POINT('Ctrl Pts',(151.213743116397,-72.0811535005539,-7.));
#4342=CARTESIAN_POINT('Ctrl Pts',(151.229827262182,-72.3593588724465,-7.));
#4343=CARTESIAN_POINT('',(149.719067729416,-72.9217692057834,-7.));
#4344=CARTESIAN_POINT('Origin',(151.387953296628,-75.094444266833,-7.));
#4345=CARTESIAN_POINT('Origin',(149.719067729416,-72.9217692057834,-5.));
#4346=CARTESIAN_POINT('Ctrl Pts',(151.114507888058,-70.3646946986256,-5.91585242843788));
#4347=CARTESIAN_POINT('Ctrl Pts',(151.12141639672,-70.4841902719327,-6.10059156601268));
#4348=CARTESIAN_POINT('Ctrl Pts',(151.137046057593,-70.7545344775605,-6.41703291941438));
#4349=CARTESIAN_POINT('Ctrl Pts',(151.178267747592,-71.4675406731793,-6.86211920225712));
#4350=CARTESIAN_POINT('Ctrl Pts',(151.213743116397,-72.0811535005539,-7.));
#4351=CARTESIAN_POINT('Ctrl Pts',(151.229827262182,-72.3593588724465,-7.));
#4352=CARTESIAN_POINT('Ctrl Pts',(151.29237092744,-70.4143592280582,-6.00822199722528));
#4353=CARTESIAN_POINT('Ctrl Pts',(151.299129702175,-70.5345415383416,-6.17435722786751));
#4354=CARTESIAN_POINT('Ctrl Pts',(151.316610578657,-70.8060538112247,-6.46605170120325));
#4355=CARTESIAN_POINT('Ctrl Pts',(151.369387942933,-71.5132717328312,-6.88100624196587));
#4356=CARTESIAN_POINT('Ctrl Pts',(151.400802122042,-72.0858463987904,-7.));
#4357=CARTESIAN_POINT('Ctrl Pts',(151.411330802823,-72.3488654395254,-7.));
#4358=CARTESIAN_POINT('Ctrl Pts',(151.653570708611,-70.5447538483667,-6.16112756031351));
#4359=CARTESIAN_POINT('Ctrl Pts',(151.662191377484,-70.6658599855727,-6.3013411095123));
#4360=CARTESIAN_POINT('Ctrl Pts',(151.687915649929,-70.9455174484638,-6.560085724984));
#4361=CARTESIAN_POINT('Ctrl Pts',(151.769515749262,-71.6491145509979,-6.92332812718723));
#4362=CARTESIAN_POINT('Ctrl Pts',(151.779384580577,-72.1263242343494,-7.));
#4363=CARTESIAN_POINT('Ctrl Pts',(151.776428163866,-72.3641326637982,-7.));
#4364=CARTESIAN_POINT('Ctrl Pts',(152.507774648688,-70.9582132936608,-6.36946036983398));
#4365=CARTESIAN_POINT('Ctrl Pts',(152.508732999252,-71.0844442781238,-6.49080532408412));
#4366=CARTESIAN_POINT('Ctrl Pts',(152.512655366941,-71.3817805886338,-6.71612996101493));
#4367=CARTESIAN_POINT('Ctrl Pts',(152.449915827802,-71.9237278235489,-6.95061332547229));
#4368=CARTESIAN_POINT('Ctrl Pts',(152.354922313529,-72.2924938175236,-7.));
#4369=CARTESIAN_POINT('Ctrl Pts',(152.30873358573,-72.494890876086,-7.));
#4370=CARTESIAN_POINT('Ctrl Pts',(153.198053006521,-71.3367116366884,-6.41421356237309));
#4371=CARTESIAN_POINT('Ctrl Pts',(153.153247429719,-71.4457372055688,-6.53077067649145));
#4372=CARTESIAN_POINT('Ctrl Pts',(153.050047439453,-71.694813239927,-6.73972481859474));
#4373=CARTESIAN_POINT('Ctrl Pts',(152.859813174981,-72.1461577090527,-6.94893432386134));
#4374=CARTESIAN_POINT('Ctrl Pts',(152.714360584946,-72.4807065613813,-7.));
#4375=CARTESIAN_POINT('Ctrl Pts',(152.639351098519,-72.6505225933381,-7.));
#4376=CARTESIAN_POINT('Ctrl Pts',(153.521827705686,-71.5305722885464,-6.41421356237309));
#4377=CARTESIAN_POINT('Ctrl Pts',(153.458429242096,-71.6364566868483,-6.53762697732194));
#4378=CARTESIAN_POINT('Ctrl Pts',(153.314945719301,-71.8760944574996,-6.75194803666999));
#4379=CARTESIAN_POINT('Ctrl Pts',(153.064303328061,-72.2947026899801,-6.95404625108538));
#4380=CARTESIAN_POINT('Ctrl Pts',(152.884993794464,-72.5941749642205,-7.));
#4381=CARTESIAN_POINT('Ctrl Pts',(152.795334827422,-72.7439181163428,-7.));
#4382=CARTESIAN_POINT('',(153.521827705686,-71.5305722885464,-6.41421356237309));
#4383=CARTESIAN_POINT('Ctrl Pts',(151.114507888058,-70.3646946986256,-5.91585242843788));
#4384=CARTESIAN_POINT('Ctrl Pts',(151.29237092744,-70.4143592280582,-6.00822199722528));
#4385=CARTESIAN_POINT('Ctrl Pts',(151.653570708611,-70.5447538483667,-6.16112756031351));
#4386=CARTESIAN_POINT('Ctrl Pts',(152.507774648688,-70.9582132936608,-6.36946036983398));
#4387=CARTESIAN_POINT('Ctrl Pts',(153.198053006521,-71.3367116366884,-6.41421356237309));
#4388=CARTESIAN_POINT('Ctrl Pts',(153.521827705686,-71.5305722885464,-6.41421356237309));
#4389=CARTESIAN_POINT('',(152.795334827422,-72.7439181163428,-7.));
#4390=CARTESIAN_POINT('Origin',(152.795334827422,-72.7439181163428,-5.));
#4391=CARTESIAN_POINT('Origin',(151.387953296628,-75.094444266833,-7.));
#4392=CARTESIAN_POINT('Ctrl Pts',(151.114507888058,-70.3646946986256,-5.91585242843788));
#4393=CARTESIAN_POINT('Ctrl Pts',(151.29237092744,-70.4143592280582,-6.00822199722528));
#4394=CARTESIAN_POINT('Ctrl Pts',(151.653570708611,-70.5447538483667,-6.16112756031351));
#4395=CARTESIAN_POINT('Ctrl Pts',(152.507774648688,-70.9582132936608,-6.36946036983398));
#4396=CARTESIAN_POINT('Ctrl Pts',(153.198053006521,-71.3367116366884,-6.41421356237309));
#4397=CARTESIAN_POINT('Ctrl Pts',(153.521827705686,-71.5305722885464,-6.41421356237309));
#4398=CARTESIAN_POINT('Ctrl Pts',(151.285462418778,-70.2948636547512,-5.82348285965048));
#4399=CARTESIAN_POINT('Ctrl Pts',(151.450770413104,-70.3515733010402,-5.91428927124513));
#4400=CARTESIAN_POINT('Ctrl Pts',(151.795781977877,-70.491875326246,-6.06710358268071));
#4401=CARTESIAN_POINT('Ctrl Pts',(152.636500727793,-70.9006714348756,-6.26340214353228));
#4402=CARTESIAN_POINT('Ctrl Pts',(153.278833549897,-71.2492261402367,-6.29765644825474));
#4403=CARTESIAN_POINT('Ctrl Pts',(153.585226169276,-71.4246878902445,-6.29080014742425));
#4404=CARTESIAN_POINT('Ctrl Pts',(151.603481058146,-70.1939606830748,-5.61938026129658));
#4405=CARTESIAN_POINT('Ctrl Pts',(151.754791099537,-70.2600696315574,-5.70850631099693));
#4406=CARTESIAN_POINT('Ctrl Pts',(152.087570318314,-70.4147720099245,-5.85707456454592));
#4407=CARTESIAN_POINT('Ctrl Pts',(152.905687200437,-70.81034991971,-6.01462675848448));
#4408=CARTESIAN_POINT('Ctrl Pts',(153.429867492861,-71.0961117572793,-6.03094324800459));
#4409=CARTESIAN_POINT('Ctrl Pts',(153.695324620756,-71.2408079091103,-6.01149067311924));
#4410=CARTESIAN_POINT('Ctrl Pts',(152.197744255889,-70.167961868944,-5.07978895492557));
#4411=CARTESIAN_POINT('Ctrl Pts',(152.337883178878,-70.243049431391,-5.17622625365242));
#4412=CARTESIAN_POINT('Ctrl Pts',(152.661648350449,-70.4136496202512,-5.33520711198485));
#4413=CARTESIAN_POINT('Ctrl Pts',(153.2398055853,-70.7397778188286,-5.51982377559944));
#4414=CARTESIAN_POINT('Ctrl Pts',(153.602239035189,-70.9554756600522,-5.54598059094813));
#4415=CARTESIAN_POINT('Ctrl Pts',(153.799144098513,-71.0674147018959,-5.52358242294624));
#4416=CARTESIAN_POINT('Ctrl Pts',(152.555453602286,-70.2691915728893,-4.64547834900749));
#4417=CARTESIAN_POINT('Ctrl Pts',(152.66615543416,-70.3354744830245,-4.76070639075803));
#4418=CARTESIAN_POINT('Ctrl Pts',(152.913803795944,-70.4837543608868,-4.96191416412227));
#4419=CARTESIAN_POINT('Ctrl Pts',(153.353309269865,-70.7469090109848,-5.15427036640556));
#4420=CARTESIAN_POINT('Ctrl Pts',(153.665329785401,-70.9337318254014,-5.18422919882162));
#4421=CARTESIAN_POINT('Ctrl Pts',(153.822750908831,-71.0279879908243,-5.17453292519943));
#4422=CARTESIAN_POINT('Ctrl Pts',(152.692361128481,-70.3511651870747,-4.45426358471641));
#4423=CARTESIAN_POINT('Ctrl Pts',(152.791006245971,-70.4102291189648,-4.56923926586215));
#4424=CARTESIAN_POINT('Ctrl Pts',(153.014260062587,-70.5439027214125,-4.76890726623822));
#4425=CARTESIAN_POINT('Ctrl Pts',(153.40424819056,-70.7774087763966,-4.95718809349171));
#4426=CARTESIAN_POINT('Ctrl Pts',(153.683245645815,-70.9444589772983,-4.99999999999999));
#4427=CARTESIAN_POINT('Ctrl Pts',(153.822750908831,-71.0279879908243,-4.99999999999999));
#4428=CARTESIAN_POINT('',(152.692361128481,-70.3511651870747,-4.45426358471641));
#4429=CARTESIAN_POINT('Ctrl Pts',(151.114507888058,-70.3646946986256,-5.91585242843788));
#4430=CARTESIAN_POINT('Ctrl Pts',(151.285462418778,-70.2948636547512,-5.82348285965048));
#4431=CARTESIAN_POINT('Ctrl Pts',(151.603481058146,-70.1939606830748,-5.61938026129658));
#4432=CARTESIAN_POINT('Ctrl Pts',(152.197744255889,-70.167961868944,-5.07978895492557));
#4433=CARTESIAN_POINT('Ctrl Pts',(152.555453602286,-70.2691915728893,-4.64547834900749));
#4434=CARTESIAN_POINT('Ctrl Pts',(152.692361128481,-70.3511651870747,-4.45426358471641));
#4435=CARTESIAN_POINT('',(153.822750908831,-71.0279879908243,-5.));
#4436=CARTESIAN_POINT('Origin',(153.822750908831,-71.0279879908243,-3.13673932945791));
#4437=CARTESIAN_POINT('Origin',(152.795334827422,-72.7439181163428,-5.));
#4438=CARTESIAN_POINT('Ctrl Pts',(95.3887033699374,-123.666772196497,-5.94200655652571));
#4439=CARTESIAN_POINT('Ctrl Pts',(95.2890734418089,-123.681178179266,-5.76740688970429));
#4440=CARTESIAN_POINT('Ctrl Pts',(95.130730353097,-123.704073787548,-5.39494028767646));
#4441=CARTESIAN_POINT('Ctrl Pts',(94.9701485229619,-123.727293106496,-4.44640283976099));
#4442=CARTESIAN_POINT('Ctrl Pts',(94.9574891530493,-123.729123587238,-3.75268101622333));
#4443=CARTESIAN_POINT('Ctrl Pts',(94.9574891530493,-123.729123587238,-3.43515810434275));
#4444=CARTESIAN_POINT('Ctrl Pts',(95.3548734683599,-123.784525828696,-5.854706723115));
#4445=CARTESIAN_POINT('Ctrl Pts',(95.2660481894143,-123.785554575571,-5.68265650671184));
#4446=CARTESIAN_POINT('Ctrl Pts',(95.1214460985586,-123.786636130243,-5.31199598574029));
#4447=CARTESIAN_POINT('Ctrl Pts',(94.9756539217312,-123.786598973841,-4.37769163757142));
#4448=CARTESIAN_POINT('Ctrl Pts',(94.9649482063067,-123.780709442355,-3.73504085445219));
#4449=CARTESIAN_POINT('Ctrl Pts',(94.9653869741453,-123.783743904421,-3.43515810434275));
#4450=CARTESIAN_POINT('Ctrl Pts',(95.2928020849077,-123.993972173795,-5.66162506180946));
#4451=CARTESIAN_POINT('Ctrl Pts',(95.2224089556247,-123.974833938779,-5.49121177732203));
#4452=CARTESIAN_POINT('Ctrl Pts',(95.1037651426696,-123.941348083211,-5.11421019619702));
#4453=CARTESIAN_POINT('Ctrl Pts',(94.9915502525327,-123.9031040617,-4.21509745628782));
#4454=CARTESIAN_POINT('Ctrl Pts',(94.9841812669336,-123.885329542176,-3.6953998153314));
#4455=CARTESIAN_POINT('Ctrl Pts',(94.9857067994955,-123.892330312467,-3.43515810434275));
#4456=CARTESIAN_POINT('Ctrl Pts',(95.2162217610707,-124.335545548195,-5.14499136725278));
#4457=CARTESIAN_POINT('Ctrl Pts',(95.1722323385102,-124.281126768016,-4.98049162118181));
#4458=CARTESIAN_POINT('Ctrl Pts',(95.0978956067926,-124.185385769528,-4.61126019194526));
#4459=CARTESIAN_POINT('Ctrl Pts',(95.0373487898892,-124.07438597012,-3.99034599461077));
#4460=CARTESIAN_POINT('Ctrl Pts',(95.0272897327067,-124.045332794652,-3.63002275732556));
#4461=CARTESIAN_POINT('Ctrl Pts',(95.0295503639842,-124.052131881392,-3.43515810434275));
#4462=CARTESIAN_POINT('Ctrl Pts',(95.2269908556751,-124.541777782279,-4.72574634847882));
#4463=CARTESIAN_POINT('Ctrl Pts',(95.1935885505583,-124.460965696319,-4.60627299680577));
#4464=CARTESIAN_POINT('Ctrl Pts',(95.135651477788,-124.32079525932,-4.34548180620806));
#4465=CARTESIAN_POINT('Ctrl Pts',(95.079091235778,-124.183955866851,-3.89899289870652));
#4466=CARTESIAN_POINT('Ctrl Pts',(95.0663172306888,-124.153050993858,-3.59058999616343));
#4467=CARTESIAN_POINT('Ctrl Pts',(95.0674884157337,-124.155884508078,-3.43515810434275));
#4468=CARTESIAN_POINT('Ctrl Pts',(95.2636472514838,-124.630462673897,-4.5416684202468));
#4469=CARTESIAN_POINT('Ctrl Pts',(95.2267619441814,-124.541223963755,-4.44510717914776));
#4470=CARTESIAN_POINT('Ctrl Pts',(95.1627065241226,-124.386251063116,-4.22656959552453));
#4471=CARTESIAN_POINT('Ctrl Pts',(95.102304219016,-124.240116350095,-3.84481995997075));
#4472=CARTESIAN_POINT('Ctrl Pts',(95.0885697465431,-124.206887764037,-3.57171632110459));
#4473=CARTESIAN_POINT('Ctrl Pts',(95.0885697465431,-124.206887764037,-3.43515810434275));
#4474=CARTESIAN_POINT('',(95.3887033699374,-123.666772196497,-5.94200655652571));
#4475=CARTESIAN_POINT('',(94.9574891530493,-123.729123587238,-3.43515810434275));
#4476=CARTESIAN_POINT('Ctrl Pts',(95.3887033699374,-123.666772196497,-5.94200655652571));
#4477=CARTESIAN_POINT('Ctrl Pts',(95.2890734418089,-123.681178179266,-5.76740688970429));
#4478=CARTESIAN_POINT('Ctrl Pts',(95.130730353097,-123.704073787548,-5.39494028767646));
#4479=CARTESIAN_POINT('Ctrl Pts',(94.9701485229619,-123.727293106496,-4.44640283976099));
#4480=CARTESIAN_POINT('Ctrl Pts',(94.9574891530493,-123.729123587238,-3.75268101622333));
#4481=CARTESIAN_POINT('Ctrl Pts',(94.9574891530493,-123.729123587238,-3.43515810434275));
#4482=CARTESIAN_POINT('',(95.2636472514838,-124.630462673897,-4.5416684202468));
#4483=CARTESIAN_POINT('Ctrl Pts',(95.3887033699374,-123.666772196497,-5.94200655652571));
#4484=CARTESIAN_POINT('Ctrl Pts',(95.3548734683599,-123.784525828696,-5.854706723115));
#4485=CARTESIAN_POINT('Ctrl Pts',(95.2928020849077,-123.993972173795,-5.66162506180946));
#4486=CARTESIAN_POINT('Ctrl Pts',(95.2162217610707,-124.335545548195,-5.14499136725278));
#4487=CARTESIAN_POINT('Ctrl Pts',(95.2269908556751,-124.541777782279,-4.72574634847882));
#4488=CARTESIAN_POINT('Ctrl Pts',(95.2636472514838,-124.630462673897,-4.5416684202468));
#4489=CARTESIAN_POINT('',(95.0885697465431,-124.206887764037,-3.43515810434275));
#4490=CARTESIAN_POINT('Origin',(95.6863217383783,-125.653062965962,-3.43515810434275));
#4491=CARTESIAN_POINT('Origin',(96.9369036976442,-123.442910274051,-3.43515810434275));
#4492=CARTESIAN_POINT('Ctrl Pts',(95.3887033699374,-123.666772196497,-5.94200655652571));
#4493=CARTESIAN_POINT('Ctrl Pts',(95.3548734683599,-123.784525828696,-5.854706723115));
#4494=CARTESIAN_POINT('Ctrl Pts',(95.2928020849077,-123.993972173795,-5.66162506180946));
#4495=CARTESIAN_POINT('Ctrl Pts',(95.2162217610707,-124.335545548195,-5.14499136725278));
#4496=CARTESIAN_POINT('Ctrl Pts',(95.2269908556751,-124.541777782279,-4.72574634847882));
#4497=CARTESIAN_POINT('Ctrl Pts',(95.2636472514838,-124.630462673897,-4.5416684202468));
#4498=CARTESIAN_POINT('Ctrl Pts',(95.4545033964885,-123.770119845927,-6.02930638993643));
#4499=CARTESIAN_POINT('Ctrl Pts',(95.4152044843006,-123.880304121211,-5.93966144088752));
#4500=CARTESIAN_POINT('Ctrl Pts',(95.3446116478636,-124.083236188215,-5.74331550090555));
#4501=CARTESIAN_POINT('Ctrl Pts',(95.257278310446,-124.429910670871,-5.22935639960851));
#4502=CARTESIAN_POINT('Ctrl Pts',(95.2644660936595,-124.632443745086,-4.82476659701498));
#4503=CARTESIAN_POINT('Ctrl Pts',(95.3005325587863,-124.719701384039,-4.63822966134584));
#4504=CARTESIAN_POINT('Ctrl Pts',(95.594338177581,-123.98792760348,-6.1731506178212));
#4505=CARTESIAN_POINT('Ctrl Pts',(95.544953836801,-124.088557053573,-6.08218425972279));
#4506=CARTESIAN_POINT('Ctrl Pts',(95.4552529315544,-124.287568469432,-5.87880050711881));
#4507=CARTESIAN_POINT('Ctrl Pts',(95.3463224431691,-124.657970207796,-5.36663706349142));
#4508=CARTESIAN_POINT('Ctrl Pts',(95.3508707705398,-124.841487466798,-4.99758504597864));
#4509=CARTESIAN_POINT('Ctrl Pts',(95.3840114560884,-124.92166660174,-4.80591894774058));
#4510=CARTESIAN_POINT('Ctrl Pts',(95.8823292127128,-124.552839682721,-6.37301663750921));
#4511=CARTESIAN_POINT('Ctrl Pts',(95.8063004819116,-124.653551185886,-6.267946659306));
#4512=CARTESIAN_POINT('Ctrl Pts',(95.6681995713136,-124.86174227175,-6.02081286867923));
#4513=CARTESIAN_POINT('Ctrl Pts',(95.5260331693513,-125.12552851551,-5.5271371309312));
#4514=CARTESIAN_POINT('Ctrl Pts',(95.5108038101659,-125.228422515171,-5.16160461616714));
#4515=CARTESIAN_POINT('Ctrl Pts',(95.5298355202753,-125.274467007848,-4.96404482421794));
#4516=CARTESIAN_POINT('Ctrl Pts',(96.1067367716321,-125.136679301642,-6.41421356237309));
#4517=CARTESIAN_POINT('Ctrl Pts',(96.0073578466231,-125.201378573239,-6.29765644825474));
#4518=CARTESIAN_POINT('Ctrl Pts',(95.8307949573406,-125.321226477976,-6.0309432480046));
#4519=CARTESIAN_POINT('Ctrl Pts',(95.6610238955173,-125.458174744675,-5.54598059094814));
#4520=CARTESIAN_POINT('Ctrl Pts',(95.6274930238919,-125.510735329729,-5.18422919882162));
#4521=CARTESIAN_POINT('Ctrl Pts',(95.6341580365389,-125.52686037179,-5.));
#4522=CARTESIAN_POINT('Ctrl Pts',(96.2276862187585,-125.429299139819,-6.41421356237309));
#4523=CARTESIAN_POINT('Ctrl Pts',(96.1136316163229,-125.47644167531,-6.29080014742425));
#4524=CARTESIAN_POINT('Ctrl Pts',(95.9155631711084,-125.558309907796,-6.01149067311925));
#4525=CARTESIAN_POINT('Ctrl Pts',(95.7287906755279,-125.635509151086,-5.52358242294624));
#4526=CARTESIAN_POINT('Ctrl Pts',(95.6863217383783,-125.653062965962,-5.17453292519943));
#4527=CARTESIAN_POINT('Ctrl Pts',(95.6863217383783,-125.653062965962,-5.));
#4528=CARTESIAN_POINT('',(96.2276862187585,-125.429299139819,-6.41421356237309));
#4529=CARTESIAN_POINT('Ctrl Pts',(95.3887033699374,-123.666772196497,-5.94200655652571));
#4530=CARTESIAN_POINT('Ctrl Pts',(95.4545033964885,-123.770119845927,-6.02930638993643));
#4531=CARTESIAN_POINT('Ctrl Pts',(95.594338177581,-123.98792760348,-6.17315061782119));
#4532=CARTESIAN_POINT('Ctrl Pts',(95.8823292127129,-124.552839682721,-6.37301663750921));
#4533=CARTESIAN_POINT('Ctrl Pts',(96.106736771632,-125.136679301642,-6.41421356237309));
#4534=CARTESIAN_POINT('Ctrl Pts',(96.2276862187585,-125.429299139819,-6.41421356237309));
#4535=CARTESIAN_POINT('',(95.6863217383783,-125.653062965962,-5.));
#4536=CARTESIAN_POINT('Origin',(97.5346556894795,-124.889085475975,-5.));
#4537=CARTESIAN_POINT('Origin',(95.6863217383783,-125.653062965962,-3.43515810434275));
#4538=CARTESIAN_POINT('Ctrl Pts',(95.3887033699374,-123.666772196497,-5.94200655652571));
#4539=CARTESIAN_POINT('Ctrl Pts',(95.4545033964885,-123.770119845927,-6.02930638993643));
#4540=CARTESIAN_POINT('Ctrl Pts',(95.594338177581,-123.98792760348,-6.17315061782119));
#4541=CARTESIAN_POINT('Ctrl Pts',(95.8823292127129,-124.552839682721,-6.37301663750921));
#4542=CARTESIAN_POINT('Ctrl Pts',(96.106736771632,-125.136679301642,-6.41421356237309));
#4543=CARTESIAN_POINT('Ctrl Pts',(96.2276862187585,-125.429299139819,-6.41421356237309));
#4544=CARTESIAN_POINT('Ctrl Pts',(95.488333298066,-123.652366213728,-6.11660622334714));
#4545=CARTESIAN_POINT('Ctrl Pts',(95.5560306899266,-123.758894303982,-6.18705554419595));
#4546=CARTESIAN_POINT('Ctrl Pts',(95.6992393443386,-123.981988625532,-6.30797659951148));
#4547=CARTESIAN_POINT('Ctrl Pts',(95.9978222615213,-124.552826836269,-6.49278044309409));
#4548=CARTESIAN_POINT('Ctrl Pts',(96.2195545240996,-125.104493345398,-6.53077067649145));
#4549=CARTESIAN_POINT('Ctrl Pts',(96.3417408211942,-125.382156604327,-6.53762697732194));
#4550=CARTESIAN_POINT('Ctrl Pts',(95.7192405801542,-123.618978190776,-6.41936480997794));
#4551=CARTESIAN_POINT('Ctrl Pts',(95.7902265848979,-123.732009542239,-6.46718791323808));
#4552=CARTESIAN_POINT('Ctrl Pts',(95.9437474830297,-123.968087892171,-6.5594564279635));
#4553=CARTESIAN_POINT('Ctrl Pts',(96.2701945496787,-124.553560076686,-6.71635479333606));
#4554=CARTESIAN_POINT('Ctrl Pts',(96.4771086102919,-125.029385846161,-6.73972481859474));
#4555=CARTESIAN_POINT('Ctrl Pts',(96.5998694133053,-125.275463528772,-6.75194803666999));
#4556=CARTESIAN_POINT('Ctrl Pts',(96.336960600494,-123.529659005906,-6.8593012826354));
#4557=CARTESIAN_POINT('Ctrl Pts',(96.4072457230882,-123.666311314586,-6.87855034237768));
#4558=CARTESIAN_POINT('Ctrl Pts',(96.5629088536862,-123.957553328985,-6.92220576674599));
#4559=CARTESIAN_POINT('Ctrl Pts',(96.7845796715931,-124.507894801687,-6.95086509827496));
#4560=CARTESIAN_POINT('Ctrl Pts',(96.944136321542,-124.889719245112,-6.94893432386134));
#4561=CARTESIAN_POINT('Ctrl Pts',(97.0507781052139,-125.089088068617,-6.95404625108538));
#4562=CARTESIAN_POINT('Ctrl Pts',(96.8812226158208,-123.450961476339,-7.));
#4563=CARTESIAN_POINT('Ctrl Pts',(96.9182526854746,-123.609391601902,-7.));
#4564=CARTESIAN_POINT('Ctrl Pts',(96.997187184686,-123.931903632866,-7.));
#4565=CARTESIAN_POINT('Ctrl Pts',(97.1503185280764,-124.441852441881,-7.));
#4566=CARTESIAN_POINT('Ctrl Pts',(97.2923697717219,-124.785199051228,-7.));
#4567=CARTESIAN_POINT('Ctrl Pts',(97.373358123864,-124.955755089032,-7.));
#4568=CARTESIAN_POINT('Ctrl Pts',(97.130210623704,-123.414959072055,-7.));
#4569=CARTESIAN_POINT('Ctrl Pts',(97.1545791033358,-123.583488350011,-7.));
#4570=CARTESIAN_POINT('Ctrl Pts',(97.217275288036,-123.918528311108,-7.));
#4571=CARTESIAN_POINT('Ctrl Pts',(97.3525532330837,-124.411591047033,-7.));
#4572=CARTESIAN_POINT('Ctrl Pts',(97.4696099035355,-124.731716527135,-7.));
#4573=CARTESIAN_POINT('Ctrl Pts',(97.5346556894795,-124.889085475975,-7.));
#4574=CARTESIAN_POINT('',(97.130210623704,-123.414959072055,-7.));
#4575=CARTESIAN_POINT('Ctrl Pts',(95.3887033699374,-123.666772196497,-5.94200655652571));
#4576=CARTESIAN_POINT('Ctrl Pts',(95.488333298066,-123.652366213728,-6.11660622334714));
#4577=CARTESIAN_POINT('Ctrl Pts',(95.7192405801542,-123.618978190776,-6.41936480997794));
#4578=CARTESIAN_POINT('Ctrl Pts',(96.336960600494,-123.529659005906,-6.8593012826354));
#4579=CARTESIAN_POINT('Ctrl Pts',(96.8812226158208,-123.450961476339,-7.));
#4580=CARTESIAN_POINT('Ctrl Pts',(97.130210623704,-123.414959072055,-7.));
#4581=CARTESIAN_POINT('',(97.5346556894795,-124.889085475975,-7.));
#4582=CARTESIAN_POINT('Origin',(103.237632205708,-122.531856858427,-7.));
#4583=CARTESIAN_POINT('Origin',(97.5346556894795,-124.889085475975,-5.));
#4584=CARTESIAN_POINT('Ctrl Pts',(95.3887033699374,-123.666772196497,-5.94200655652571));
#4585=CARTESIAN_POINT('Ctrl Pts',(95.488333298066,-123.652366213728,-6.11660622334714));
#4586=CARTESIAN_POINT('Ctrl Pts',(95.7192405801542,-123.618978190776,-6.41936480997794));
#4587=CARTESIAN_POINT('Ctrl Pts',(96.336960600494,-123.529659005906,-6.8593012826354));
#4588=CARTESIAN_POINT('Ctrl Pts',(96.8812226158208,-123.450961476339,-7.));
#4589=CARTESIAN_POINT('Ctrl Pts',(97.130210623704,-123.414959072055,-7.));
#4590=CARTESIAN_POINT('Ctrl Pts',(95.4225332715149,-123.549018564298,-6.02930638993643));
#4591=CARTESIAN_POINT('Ctrl Pts',(95.5230819355147,-123.531024946744,-6.18705554419595));
#4592=CARTESIAN_POINT('Ctrl Pts',(95.7553009702134,-123.490468473044,-6.46718791323808));
#4593=CARTESIAN_POINT('Ctrl Pts',(96.3656577687796,-123.378694359521,-6.87855034237768));
#4594=CARTESIAN_POINT('Ctrl Pts',(96.8718578803763,-123.288531083632,-7.));
#4595=CARTESIAN_POINT('Ctrl Pts',(97.1058421440722,-123.246429794099,-7.));
#4596=CARTESIAN_POINT('Ctrl Pts',(95.4949427189332,-123.300521366772,-6.1731506178212));
#4597=CARTESIAN_POINT('Ctrl Pts',(95.5972295544478,-123.276502009441,-6.30797659951148));
#4598=CARTESIAN_POINT('Ctrl Pts',(95.8356605014344,-123.220572198131,-6.5594564279635));
#4599=CARTESIAN_POINT('Ctrl Pts',(96.4324457210329,-123.055287045732,-6.92220576674599));
#4600=CARTESIAN_POINT('Ctrl Pts',(96.8562021553706,-122.956869262561,-7.));
#4601=CARTESIAN_POINT('Ctrl Pts',(97.0710644560068,-122.907352959855,-7.));
#4602=CARTESIAN_POINT('Ctrl Pts',(95.6111167460271,-122.677169067492,-6.3730166375092));
#4603=CARTESIAN_POINT('Ctrl Pts',(95.7218829505282,-122.644465972402,-6.49278044309408));
#4604=CARTESIAN_POINT('Ctrl Pts',(95.9828914307712,-122.566608575587,-6.71635479333606));
#4605=CARTESIAN_POINT('Ctrl Pts',(96.4891433204842,-122.46469491041,-6.95086509827495));
#4606=CARTESIAN_POINT('Ctrl Pts',(96.8586095154408,-122.424430345161,-7.));
#4607=CARTESIAN_POINT('Ctrl Pts',(97.0611329495963,-122.39616576405,-7.));
#4608=CARTESIAN_POINT('Ctrl Pts',(95.6609500595324,-122.053675608035,-6.41421356237309));
#4609=CARTESIAN_POINT('Ctrl Pts',(95.7782641383166,-122.052585667589,-6.53077067649144));
#4610=CARTESIAN_POINT('Ctrl Pts',(96.0465445647236,-122.051660160778,-6.73972481859474));
#4611=CARTESIAN_POINT('Ctrl Pts',(96.5340062683823,-122.053312428958,-6.94893432386134));
#4612=CARTESIAN_POINT('Ctrl Pts',(96.8975835774236,-122.0549083939,-7.));
#4613=CARTESIAN_POINT('Ctrl Pts',(97.0827139807147,-122.055993974797,-7.));
#4614=CARTESIAN_POINT('Ctrl Pts',(95.6940558745721,-121.738780159567,-6.41421356237309));
#4615=CARTESIAN_POINT('Ctrl Pts',(95.8167928544279,-121.751683832114,-6.53762697732193));
#4616=CARTESIAN_POINT('Ctrl Pts',(96.0945714195501,-121.780887448247,-6.75194803666999));
#4617=CARTESIAN_POINT('Ctrl Pts',(96.5798054202282,-121.831901418616,-6.95404625108538));
#4618=CARTESIAN_POINT('Ctrl Pts',(96.9269417602395,-121.868396806282,-7.));
#4619=CARTESIAN_POINT('Ctrl Pts',(97.1005180617563,-121.886645355002,-7.));
#4620=CARTESIAN_POINT('',(95.6940558745721,-121.738780159567,-6.41421356237309));
#4621=CARTESIAN_POINT('Ctrl Pts',(95.3887033699374,-123.666772196497,-5.94200655652571));
#4622=CARTESIAN_POINT('Ctrl Pts',(95.4225332715149,-123.549018564298,-6.02930638993643));
#4623=CARTESIAN_POINT('Ctrl Pts',(95.4949427189332,-123.300521366772,-6.1731506178212));
#4624=CARTESIAN_POINT('Ctrl Pts',(95.6111167460271,-122.677169067492,-6.3730166375092));
#4625=CARTESIAN_POINT('Ctrl Pts',(95.6609500595324,-122.053675608035,-6.41421356237309));
#4626=CARTESIAN_POINT('Ctrl Pts',(95.6940558745721,-121.738780159567,-6.41421356237309));
#4627=CARTESIAN_POINT('',(97.1005180617563,-121.886645355002,-7.));
#4628=CARTESIAN_POINT('Origin',(97.1005180617563,-121.886645355002,-5.));
#4629=CARTESIAN_POINT('Origin',(103.237632205708,-122.531856858427,-7.));
#4630=CARTESIAN_POINT('Ctrl Pts',(95.3887033699374,-123.666772196497,-5.94200655652571));
#4631=CARTESIAN_POINT('Ctrl Pts',(95.4225332715149,-123.549018564298,-6.02930638993643));
#4632=CARTESIAN_POINT('Ctrl Pts',(95.4949427189332,-123.300521366772,-6.1731506178212));
#4633=CARTESIAN_POINT('Ctrl Pts',(95.6111167460271,-122.677169067492,-6.3730166375092));
#4634=CARTESIAN_POINT('Ctrl Pts',(95.6609500595324,-122.053675608035,-6.41421356237309));
#4635=CARTESIAN_POINT('Ctrl Pts',(95.6940558745721,-121.738780159567,-6.41421356237309));
#4636=CARTESIAN_POINT('Ctrl Pts',(95.3229033433864,-123.563424547067,-5.854706723115));
#4637=CARTESIAN_POINT('Ctrl Pts',(95.353632391759,-123.454479430666,-5.93966144088752));
#4638=CARTESIAN_POINT('Ctrl Pts',(95.4190760704261,-123.218002575067,-6.08218425972279));
#4639=CARTESIAN_POINT('Ctrl Pts',(95.5096737929173,-122.602119070548,-6.26794665930599));
#4640=CARTESIAN_POINT('Ctrl Pts',(95.5473144046415,-122.019777165318,-6.29765644825473));
#4641=CARTESIAN_POINT('Ctrl Pts',(95.5713188947163,-121.72587648702,-6.29080014742424));
#4642=CARTESIAN_POINT('Ctrl Pts',(95.2040450225211,-123.380139720417,-5.66162506180946));
#4643=CARTESIAN_POINT('Ctrl Pts',(95.2284469309626,-123.279855913407,-5.74331550090554));
#4644=CARTESIAN_POINT('Ctrl Pts',(95.2766757814364,-123.052551815806,-5.87880050711881));
#4645=CARTESIAN_POINT('Ctrl Pts',(95.3182556146307,-122.441574775219,-6.02081286867922));
#4646=CARTESIAN_POINT('Ctrl Pts',(95.3440343560255,-121.954852624685,-6.03094324800458));
#4647=CARTESIAN_POINT('Ctrl Pts',(95.3581725398019,-121.703467830952,-6.01149067311924));
#4648=CARTESIAN_POINT('Ctrl Pts',(95.033844753672,-123.074249569248,-5.14499136725277));
#4649=CARTESIAN_POINT('Ctrl Pts',(95.0464891038823,-122.972119568603,-5.2293563996085));
#4650=CARTESIAN_POINT('Ctrl Pts',(95.0672842437754,-122.728177829428,-5.36663706349141));
#4651=CARTESIAN_POINT('Ctrl Pts',(95.1071901678736,-122.22886406691,-5.52713713093119));
#4652=CARTESIAN_POINT('Ctrl Pts',(95.1424239731728,-121.871604233046,-5.54598059094813));
#4653=CARTESIAN_POINT('Ctrl Pts',(95.1571820357964,-121.682337152554,-5.52358242294623));
#4654=CARTESIAN_POINT('Ctrl Pts',(94.9857538883765,-122.873413874092,-4.72574634847881));
#4655=CARTESIAN_POINT('Ctrl Pts',(94.9960114656268,-122.775845988071,-4.82476659701497));
#4656=CARTESIAN_POINT('Ctrl Pts',(95.0196618197154,-122.550888866544,-4.99758504597863));
#4657=CARTESIAN_POINT('Ctrl Pts',(95.0634380729714,-122.134498486643,-5.16160461616713));
#4658=CARTESIAN_POINT('Ctrl Pts',(95.0953777933961,-121.83069468133,-5.18422919882161));
#4659=CARTESIAN_POINT('Ctrl Pts',(95.1114801616755,-121.677532390215,-5.17453292519942));
#4660=CARTESIAN_POINT('Ctrl Pts',(94.9957873353123,-122.777977867797,-4.54166842024679));
#4661=CARTESIAN_POINT('Ctrl Pts',(95.0058834390172,-122.681945883684,-4.63822966134583));
#4662=CARTESIAN_POINT('Ctrl Pts',(95.0287329600316,-122.464606115475,-4.80591894774057));
#4663=CARTESIAN_POINT('Ctrl Pts',(95.0686473590801,-122.084948868746,-4.96404482421793));
#4664=CARTESIAN_POINT('Ctrl Pts',(95.0972021148889,-121.813342124568,-4.99999999999998));
#4665=CARTESIAN_POINT('Ctrl Pts',(95.1114801616755,-121.677532390215,-4.99999999999998));
#4666=CARTESIAN_POINT('',(94.9957873353123,-122.777977867797,-4.54166842024679));
#4667=CARTESIAN_POINT('Ctrl Pts',(95.3887033699374,-123.666772196497,-5.94200655652571));
#4668=CARTESIAN_POINT('Ctrl Pts',(95.3229033433864,-123.563424547067,-5.854706723115));
#4669=CARTESIAN_POINT('Ctrl Pts',(95.2040450225211,-123.380139720417,-5.66162506180946));
#4670=CARTESIAN_POINT('Ctrl Pts',(95.033844753672,-123.074249569248,-5.14499136725277));
#4671=CARTESIAN_POINT('Ctrl Pts',(94.9857538883765,-122.873413874092,-4.72574634847881));
#4672=CARTESIAN_POINT('Ctrl Pts',(94.9957873353123,-122.777977867797,-4.54166842024679));
#4673=CARTESIAN_POINT('',(95.1114801616755,-121.677532390215,-5.));
#4674=CARTESIAN_POINT('Origin',(95.1114801616755,-121.677532390215,-3.43515810434275));
#4675=CARTESIAN_POINT('Origin',(97.1005180617563,-121.886645355002,-5.));
#4676=CARTESIAN_POINT('Ctrl Pts',(167.607050081806,-80.0680690871125,-5.92515130192253));
#4677=CARTESIAN_POINT('Ctrl Pts',(167.477648711207,-79.9676669126305,-6.01576062087374));
#4678=CARTESIAN_POINT('Ctrl Pts',(167.196943114119,-79.7723192301746,-6.16550595432305));
#4679=CARTESIAN_POINT('Ctrl Pts',(166.48843065178,-79.3211440662752,-6.3707415636609));
#4680=CARTESIAN_POINT('Ctrl Pts',(165.872361243256,-78.92547525212,-6.4142135623731));
#4681=CARTESIAN_POINT('Ctrl Pts',(165.565177261424,-78.7415483204859,-6.4142135623731));
#4682=CARTESIAN_POINT('Ctrl Pts',(167.512035244246,-80.1278008493812,-6.10636993982494));
#4683=CARTESIAN_POINT('Ctrl Pts',(167.381093954832,-80.0269268199696,-6.17898097630185));
#4684=CARTESIAN_POINT('Ctrl Pts',(167.097112799937,-79.8297102256007,-6.30383914946232));
#4685=CARTESIAN_POINT('Ctrl Pts',(166.383926673058,-79.3843050211516,-6.49152878923079));
#4686=CARTESIAN_POINT('Ctrl Pts',(165.798963932274,-79.0173814715263,-6.53077067649145));
#4687=CARTESIAN_POINT('Ctrl Pts',(165.501778797834,-78.8474327187879,-6.53762697732194));
#4688=CARTESIAN_POINT('Ctrl Pts',(167.29471160573,-80.2644229206746,-6.41804897068282));
#4689=CARTESIAN_POINT('Ctrl Pts',(167.160306600618,-80.1612477522694,-6.46664425083882));
#4690=CARTESIAN_POINT('Ctrl Pts',(166.863619782186,-79.9597861022724,-6.56002842269216));
#4691=CARTESIAN_POINT('Ctrl Pts',(166.136973905458,-79.5318962347207,-6.71622089893529));
#4692=CARTESIAN_POINT('Ctrl Pts',(165.631840297626,-79.2281831150781,-6.73972481859475));
#4693=CARTESIAN_POINT('Ctrl Pts',(165.358295275039,-79.0870704894392,-6.75194803667));
#4694=CARTESIAN_POINT('Ctrl Pts',(166.719780670194,-80.6258573960045,-6.86121142334003));
#4695=CARTESIAN_POINT('Ctrl Pts',(166.580767782519,-80.5063149370698,-6.88021310809702));
#4696=CARTESIAN_POINT('Ctrl Pts',(166.266022261344,-80.2699181729006,-6.92296027409124));
#4697=CARTESIAN_POINT('Ctrl Pts',(165.713187752695,-79.8562874636804,-6.95068937759648));
#4698=CARTESIAN_POINT('Ctrl Pts',(165.330152081183,-79.6127943408815,-6.94893432386134));
#4699=CARTESIAN_POINT('Ctrl Pts',(165.107652883799,-79.5056787219196,-6.95404625108538));
#4700=CARTESIAN_POINT('Ctrl Pts',(166.219912118291,-80.9401033629967,-7.));
#4701=CARTESIAN_POINT('Ctrl Pts',(166.111099224385,-80.7951196811601,-7.));
#4702=CARTESIAN_POINT('Ctrl Pts',(165.873382874776,-80.5128983959123,-7.));
#4703=CARTESIAN_POINT('Ctrl Pts',(165.442260674403,-80.1188939026821,-7.));
#4704=CARTESIAN_POINT('Ctrl Pts',(165.106945017823,-79.9007875700478,-7.));
#4705=CARTESIAN_POINT('Ctrl Pts',(164.928343350202,-79.8051509961601,-7.));
#4706=CARTESIAN_POINT('Ctrl Pts',(165.991974055782,-81.0833982684165,-7.));
#4707=CARTESIAN_POINT('Ctrl Pts',(165.89567000918,-80.9302081900261,-7.));
#4708=CARTESIAN_POINT('Ctrl Pts',(165.679010587293,-80.6389506482017,-7.));
#4709=CARTESIAN_POINT('Ctrl Pts',(165.289825345757,-80.2581294555778,-7.));
#4710=CARTESIAN_POINT('Ctrl Pts',(164.993930238157,-80.0478478680316,-7.));
#4711=CARTESIAN_POINT('Ctrl Pts',(164.83868438316,-79.9548941482823,-7.));
#4712=CARTESIAN_POINT('',(167.607050081806,-80.0680690871125,-5.92515130192253));
#4713=CARTESIAN_POINT('',(165.565177261424,-78.7415483204859,-6.4142135623731));
#4714=CARTESIAN_POINT('Ctrl Pts',(167.607050081806,-80.0680690871125,-5.92515130192253));
#4715=CARTESIAN_POINT('Ctrl Pts',(167.477648711207,-79.9676669126305,-6.01576062087374));
#4716=CARTESIAN_POINT('Ctrl Pts',(167.196943114119,-79.7723192301746,-6.16550595432305));
#4717=CARTESIAN_POINT('Ctrl Pts',(166.48843065178,-79.3211440662752,-6.3707415636609));
#4718=CARTESIAN_POINT('Ctrl Pts',(165.872361243256,-78.92547525212,-6.4142135623731));
#4719=CARTESIAN_POINT('Ctrl Pts',(165.565177261424,-78.7415483204859,-6.4142135623731));
#4720=CARTESIAN_POINT('',(165.991974055782,-81.0833982684165,-7.));
#4721=CARTESIAN_POINT('Ctrl Pts',(167.607050081806,-80.0680690871125,-5.92515130192253));
#4722=CARTESIAN_POINT('Ctrl Pts',(167.512035244246,-80.1278008493812,-6.10636993982494));
#4723=CARTESIAN_POINT('Ctrl Pts',(167.29471160573,-80.2644229206746,-6.41804897068282));
#4724=CARTESIAN_POINT('Ctrl Pts',(166.719780670194,-80.6258573960045,-6.86121142334003));
#4725=CARTESIAN_POINT('Ctrl Pts',(166.219912118291,-80.9401033629967,-7.));
#4726=CARTESIAN_POINT('Ctrl Pts',(165.991974055782,-81.0833982684165,-7.));
#4727=CARTESIAN_POINT('',(164.83868438316,-79.9548941482824,-7.));
#4728=CARTESIAN_POINT('Origin',(163.058985752017,-82.9272424994326,-7.));
#4729=CARTESIAN_POINT('Origin',(164.83868438316,-79.9548941482824,-5.));
#4730=CARTESIAN_POINT('Ctrl Pts',(167.607050081806,-80.0680690871125,-5.92515130192253));
#4731=CARTESIAN_POINT('Ctrl Pts',(167.512035244246,-80.1278008493812,-6.10636993982494));
#4732=CARTESIAN_POINT('Ctrl Pts',(167.29471160573,-80.2644229206746,-6.41804897068282));
#4733=CARTESIAN_POINT('Ctrl Pts',(166.719780670194,-80.6258573960045,-6.86121142334003));
#4734=CARTESIAN_POINT('Ctrl Pts',(166.219912118291,-80.9401033629967,-7.));
#4735=CARTESIAN_POINT('Ctrl Pts',(165.991974055782,-81.0833982684165,-7.));
#4736=CARTESIAN_POINT('Ctrl Pts',(167.641436614845,-80.2282030238631,-6.01576062087374));
#4737=CARTESIAN_POINT('Ctrl Pts',(167.546179478485,-80.2895270450056,-6.17898097630185));
#4738=CARTESIAN_POINT('Ctrl Pts',(167.329428108131,-80.4302679846222,-6.46664425083882));
#4739=CARTESIAN_POINT('Ctrl Pts',(166.767249396216,-80.8029497517905,-6.88021310809702));
#4740=CARTESIAN_POINT('Ctrl Pts',(166.303398560807,-81.101008700991,-7.));
#4741=CARTESIAN_POINT('Ctrl Pts',(166.088278102384,-81.2365883468069,-7.));
#4742=CARTESIAN_POINT('Ctrl Pts',(167.695797959438,-80.5658436515898,-6.16550595432305));
#4743=CARTESIAN_POINT('Ctrl Pts',(167.600805145238,-80.6309296196329,-6.30383914946232));
#4744=CARTESIAN_POINT('Ctrl Pts',(167.382371669445,-80.7849605895155,-6.56002842269216));
#4745=CARTESIAN_POINT('Ctrl Pts',(166.843847246369,-81.1890597653375,-6.92296027409124));
#4746=CARTESIAN_POINT('Ctrl Pts',(166.454682172452,-81.4375665497572,-7.));
#4747=CARTESIAN_POINT('Ctrl Pts',(166.256832547418,-81.5580874289544,-7.));
#4748=CARTESIAN_POINT('Ctrl Pts',(167.795258049047,-81.3999039781756,-6.37074156366091));
#4749=CARTESIAN_POINT('Ctrl Pts',(167.693039627126,-81.4667005500162,-6.49152878923079));
#4750=CARTESIAN_POINT('Ctrl Pts',(167.452987461857,-81.6252684966428,-6.7162208989353));
#4751=CARTESIAN_POINT('Ctrl Pts',(166.976956254782,-81.866553934643,-6.95068937759648));
#4752=CARTESIAN_POINT('Ctrl Pts',(166.622864095483,-81.9968703429729,-7.));
#4753=CARTESIAN_POINT('Ctrl Pts',(166.431312809181,-82.0738844541843,-7.));
#4754=CARTESIAN_POINT('Ctrl Pts',(167.884769608183,-82.1265971784983,-6.4142135623731));
#4755=CARTESIAN_POINT('Ctrl Pts',(167.770130954498,-82.1529011231863,-6.53077067649145));
#4756=CARTESIAN_POINT('Ctrl Pts',(167.507719777711,-82.2121296338862,-6.73972481859475));
#4757=CARTESIAN_POINT('Ctrl Pts',(167.030346948424,-82.3172807480599,-6.94893432386134));
#4758=CARTESIAN_POINT('Ctrl Pts',(166.674062585851,-82.3935889793731,-7.));
#4759=CARTESIAN_POINT('Ctrl Pts',(166.492547777847,-82.4316868289316,-7.));
#4760=CARTESIAN_POINT('Ctrl Pts',(167.917361224498,-82.4831485793091,-6.4142135623731));
#4761=CARTESIAN_POINT('Ctrl Pts',(167.794460185474,-82.4943827057196,-6.53762697732194));
#4762=CARTESIAN_POINT('Ctrl Pts',(167.516310321332,-82.5198078018753,-6.75194803667));
#4763=CARTESIAN_POINT('Ctrl Pts',(167.030427721621,-82.5642213120389,-6.95404625108538));
#4764=CARTESIAN_POINT('Ctrl Pts',(166.682827373947,-82.5959947313452,-7.));
#4765=CARTESIAN_POINT('Ctrl Pts',(166.50901905773,-82.6118821852763,-7.));
#4766=CARTESIAN_POINT('',(167.917361224498,-82.4831485793091,-6.4142135623731));
#4767=CARTESIAN_POINT('Ctrl Pts',(167.607050081806,-80.0680690871125,-5.92515130192253));
#4768=CARTESIAN_POINT('Ctrl Pts',(167.641436614845,-80.2282030238631,-6.01576062087374));
#4769=CARTESIAN_POINT('Ctrl Pts',(167.695797959438,-80.5658436515898,-6.16550595432305));
#4770=CARTESIAN_POINT('Ctrl Pts',(167.795258049047,-81.3999039781756,-6.37074156366091));
#4771=CARTESIAN_POINT('Ctrl Pts',(167.884769608183,-82.1265971784983,-6.4142135623731));
#4772=CARTESIAN_POINT('Ctrl Pts',(167.917361224498,-82.4831485793091,-6.4142135623731));
#4773=CARTESIAN_POINT('',(166.50901905773,-82.6118821852763,-7.));
#4774=CARTESIAN_POINT('Origin',(166.50901905773,-82.6118821852763,-5.));
#4775=CARTESIAN_POINT('Origin',(163.058985752017,-82.9272424994326,-7.));
#4776=CARTESIAN_POINT('Ctrl Pts',(167.607050081806,-80.0680690871125,-5.92515130192253));
#4777=CARTESIAN_POINT('Ctrl Pts',(167.641436614845,-80.2282030238631,-6.01576062087374));
#4778=CARTESIAN_POINT('Ctrl Pts',(167.695797959438,-80.5658436515898,-6.16550595432305));
#4779=CARTESIAN_POINT('Ctrl Pts',(167.795258049047,-81.3999039781756,-6.37074156366091));
#4780=CARTESIAN_POINT('Ctrl Pts',(167.884769608183,-82.1265971784983,-6.4142135623731));
#4781=CARTESIAN_POINT('Ctrl Pts',(167.917361224498,-82.4831485793091,-6.4142135623731));
#4782=CARTESIAN_POINT('Ctrl Pts',(167.736451452405,-80.1684712615945,-5.83454198297133));
#4783=CARTESIAN_POINT('Ctrl Pts',(167.763111397785,-80.3199995156833,-5.92331247095455));
#4784=CARTESIAN_POINT('Ctrl Pts',(167.808143847747,-80.6461883758411,-6.07253219565314));
#4785=CARTESIAN_POINT('Ctrl Pts',(167.914353933137,-81.4652441796236,-6.26501519566562));
#4786=CARTESIAN_POINT('Ctrl Pts',(168.00302955257,-82.1399100561226,-6.29765644825475));
#4787=CARTESIAN_POINT('Ctrl Pts',(168.040262263521,-82.4719144528986,-6.29080014742426));
#4788=CARTESIAN_POINT('Ctrl Pts',(167.959207582067,-80.3608841624467,-5.63424859246301));
#4789=CARTESIAN_POINT('Ctrl Pts',(167.977857813099,-80.5032984255928,-5.72078253105857));
#4790=CARTESIAN_POINT('Ctrl Pts',(168.016949455363,-80.8211039480435,-5.86477138114559));
#4791=CARTESIAN_POINT('Ctrl Pts',(168.140674990032,-81.6154625557849,-6.01678060117833));
#4792=CARTESIAN_POINT('Ctrl Pts',(168.215584050141,-82.1697676831201,-6.03094324800461));
#4793=CARTESIAN_POINT('Ctrl Pts',(168.253693525345,-82.4524051485484,-6.01149067311926));
#4794=CARTESIAN_POINT('Ctrl Pts',(168.266493134801,-80.7636357713058,-5.10250338933731));
#4795=CARTESIAN_POINT('Ctrl Pts',(168.282023631897,-80.9016620746702,-5.1947392736908));
#4796=CARTESIAN_POINT('Ctrl Pts',(168.323155573899,-81.2216156935489,-5.34615454185727));
#4797=CARTESIAN_POINT('Ctrl Pts',(168.391987309835,-81.8235209860899,-5.52235131038458));
#4798=CARTESIAN_POINT('Ctrl Pts',(168.430412190525,-82.2216935880585,-5.54598059094816));
#4799=CARTESIAN_POINT('Ctrl Pts',(168.454952687867,-82.4340084702861,-5.52358242294626));
#4800=CARTESIAN_POINT('Ctrl Pts',(168.375000850882,-81.0545088675337,-4.67328055768763));
#4801=CARTESIAN_POINT('Ctrl Pts',(168.385749504192,-81.1720988439711,-4.78289698546957));
#4802=CARTESIAN_POINT('Ctrl Pts',(168.410020904179,-81.4376273032361,-4.97426942370584));
#4803=CARTESIAN_POINT('Ctrl Pts',(168.45367441761,-81.9151955592511,-5.1568055121527));
#4804=CARTESIAN_POINT('Ctrl Pts',(168.484943232435,-82.2572755475458,-5.18422919882164));
#4805=CARTESIAN_POINT('Ctrl Pts',(168.500715650434,-82.4298253737843,-5.17453292519945));
#4806=CARTESIAN_POINT('Ctrl Pts',(168.387422876055,-81.1904054868821,-4.48447516704058));
#4807=CARTESIAN_POINT('Ctrl Pts',(168.397309535713,-81.2985652760878,-4.59308587572172));
#4808=CARTESIAN_POINT('Ctrl Pts',(168.419685042565,-81.5433527157393,-4.78170039668553));
#4809=CARTESIAN_POINT('Ctrl Pts',(168.458771415921,-81.9709565828903,-4.95955813038446));
#4810=CARTESIAN_POINT('Ctrl Pts',(168.486733802259,-82.2768643329862,-5.00000000000002));
#4811=CARTESIAN_POINT('Ctrl Pts',(168.500715650434,-82.4298253737843,-5.00000000000002));
#4812=CARTESIAN_POINT('',(168.387422876055,-81.1904054868821,-4.48447516704058));
#4813=CARTESIAN_POINT('Ctrl Pts',(167.607050081806,-80.0680690871125,-5.92515130192253));
#4814=CARTESIAN_POINT('Ctrl Pts',(167.736451452405,-80.1684712615945,-5.83454198297133));
#4815=CARTESIAN_POINT('Ctrl Pts',(167.959207582067,-80.3608841624467,-5.63424859246301));
#4816=CARTESIAN_POINT('Ctrl Pts',(168.266493134801,-80.7636357713058,-5.10250338933731));
#4817=CARTESIAN_POINT('Ctrl Pts',(168.375000850882,-81.0545088675337,-4.67328055768763));
#4818=CARTESIAN_POINT('Ctrl Pts',(168.387422876055,-81.1904054868821,-4.48447516704058));
#4819=CARTESIAN_POINT('',(168.500715650434,-82.4298253737843,-5.));
#4820=CARTESIAN_POINT('Origin',(168.500715650434,-82.4298253737843,-3.23988812356979));
#4821=CARTESIAN_POINT('Origin',(166.50901905773,-82.6118821852763,-5.));
#4822=CARTESIAN_POINT('Ctrl Pts',(167.607050081806,-80.0680690871125,-5.92515130192253));
#4823=CARTESIAN_POINT('Ctrl Pts',(167.736451452405,-80.1684712615945,-5.83454198297133));
#4824=CARTESIAN_POINT('Ctrl Pts',(167.959207582067,-80.3608841624467,-5.63424859246301));
#4825=CARTESIAN_POINT('Ctrl Pts',(168.266493134801,-80.7636357713058,-5.10250338933731));
#4826=CARTESIAN_POINT('Ctrl Pts',(168.375000850882,-81.0545088675337,-4.67328055768763));
#4827=CARTESIAN_POINT('Ctrl Pts',(168.387422876055,-81.1904054868821,-4.48447516704058));
#4828=CARTESIAN_POINT('Ctrl Pts',(167.702064919367,-80.0083373248439,-5.74393266402012));
#4829=CARTESIAN_POINT('Ctrl Pts',(167.813302948325,-80.1052550212693,-5.655460466806));
#4830=CARTESIAN_POINT('Ctrl Pts',(168.008932005512,-80.2934036852411,-5.45608449832488));
#4831=CARTESIAN_POINT('Ctrl Pts',(168.277718398697,-80.6811384358062,-4.92820764279895));
#4832=CARTESIAN_POINT('Ctrl Pts',(168.365632422592,-80.9520185154684,-4.54268575316713));
#4833=CARTESIAN_POINT('Ctrl Pts',(168.377536216397,-81.0822456976764,-4.37586445835945));
#4834=CARTESIAN_POINT('Ctrl Pts',(167.855369403838,-79.9119613560348,-5.35477713176438));
#4835=CARTESIAN_POINT('Ctrl Pts',(167.940367213932,-80.0012966768617,-5.26738340392988));
#4836=CARTESIAN_POINT('Ctrl Pts',(168.094830043313,-80.1817693434754,-5.05987566439411));
#4837=CARTESIAN_POINT('Ctrl Pts',(168.296853881304,-80.5413782084076,-4.53421979941832));
#4838=CARTESIAN_POINT('Ctrl Pts',(168.349320706714,-80.7735687850305,-4.25572224751519));
#4839=CARTESIAN_POINT('Ctrl Pts',(168.360366937253,-80.8944142483073,-4.13005649689759));
#4840=CARTESIAN_POINT('Ctrl Pts',(168.02018272816,-79.8083502721257,-4.34852338433771));
#4841=CARTESIAN_POINT('Ctrl Pts',(168.079174501876,-79.8933773430862,-4.27419060215834));
#4842=CARTESIAN_POINT('Ctrl Pts',(168.1851905845,-80.0747074181582,-4.09908833602221));
#4843=CARTESIAN_POINT('Ctrl Pts',(168.296155605326,-80.384170610914,-3.85842482617217));
#4844=CARTESIAN_POINT('Ctrl Pts',(168.333532851335,-80.600850074277,-3.7595656199328));
#4845=CARTESIAN_POINT('Ctrl Pts',(168.344176831305,-80.7172949272102,-3.70066994402869));
#4846=CARTESIAN_POINT('Ctrl Pts',(168.042006536949,-79.7946305774779,-3.58958665424573));
#4847=CARTESIAN_POINT('Ctrl Pts',(168.094513976994,-79.8781537433305,-3.57015895809707));
#4848=CARTESIAN_POINT('Ctrl Pts',(168.189270795007,-80.0562738300025,-3.52712996265104));
#4849=CARTESIAN_POINT('Ctrl Pts',(168.292592002071,-80.3531647841057,-3.45692479626277));
#4850=CARTESIAN_POINT('Ctrl Pts',(168.330458370438,-80.5672153364355,-3.41409514184883));
#4851=CARTESIAN_POINT('Ctrl Pts',(168.340495472388,-80.6770209602522,-3.39348686080561));
#4852=CARTESIAN_POINT('Ctrl Pts',(168.042006536949,-79.7946305774779,-3.23988812356979));
#4853=CARTESIAN_POINT('Ctrl Pts',(168.097602649938,-79.8830668707336,-3.23988812356979));
#4854=CARTESIAN_POINT('Ctrl Pts',(168.194908758056,-80.0686675794022,-3.23988812356979));
#4855=CARTESIAN_POINT('Ctrl Pts',(168.29563582706,-80.3664360606445,-3.23988812356979));
#4856=CARTESIAN_POINT('Ctrl Pts',(168.330986638961,-80.5729945797943,-3.23988812356979));
#4857=CARTESIAN_POINT('Ctrl Pts',(168.340495472388,-80.6770209602522,-3.23988812356979));
#4858=CARTESIAN_POINT('',(168.042006536949,-79.7946305774779,-3.23988812356979));
#4859=CARTESIAN_POINT('Ctrl Pts',(167.607050081806,-80.0680690871125,-5.92515130192253));
#4860=CARTESIAN_POINT('Ctrl Pts',(167.702064919367,-80.0083373248439,-5.74393266402012));
#4861=CARTESIAN_POINT('Ctrl Pts',(167.855369403838,-79.9119613560348,-5.35477713176438));
#4862=CARTESIAN_POINT('Ctrl Pts',(168.02018272816,-79.8083502721257,-4.34852338433771));
#4863=CARTESIAN_POINT('Ctrl Pts',(168.042006536949,-79.7946305774779,-3.58958665424573));
#4864=CARTESIAN_POINT('Ctrl Pts',(168.042006536949,-79.7946305774779,-3.23988812356979));
#4865=CARTESIAN_POINT('',(168.340495472388,-80.6770209602522,-3.23988812356979));
#4866=CARTESIAN_POINT('Origin',(166.348798879684,-80.8590777717442,-3.23988812356979));
#4867=CARTESIAN_POINT('Origin',(168.500715650434,-82.4298253737843,-3.23988812356979));
#4868=CARTESIAN_POINT('Ctrl Pts',(167.607050081806,-80.0680690871125,-5.92515130192253));
#4869=CARTESIAN_POINT('Ctrl Pts',(167.702064919367,-80.0083373248439,-5.74393266402012));
#4870=CARTESIAN_POINT('Ctrl Pts',(167.855369403838,-79.9119613560348,-5.35477713176438));
#4871=CARTESIAN_POINT('Ctrl Pts',(168.02018272816,-79.8083502721257,-4.34852338433771));
#4872=CARTESIAN_POINT('Ctrl Pts',(168.042006536949,-79.7946305774779,-3.58958665424573));
#4873=CARTESIAN_POINT('Ctrl Pts',(168.042006536949,-79.7946305774779,-3.23988812356979));
#4874=CARTESIAN_POINT('Ctrl Pts',(167.572663548768,-79.9079351503619,-5.83454198297133));
#4875=CARTESIAN_POINT('Ctrl Pts',(167.66294510201,-79.8660819950426,-5.655460466806));
#4876=CARTESIAN_POINT('Ctrl Pts',(167.811708051167,-79.7966395733964,-5.26738340392988));
#4877=CARTESIAN_POINT('Ctrl Pts',(167.969130824938,-79.7183317443677,-4.27419060215834));
#4878=CARTESIAN_POINT('Ctrl Pts',(167.989499096903,-79.7111074116252,-3.57015895809706));
#4879=CARTESIAN_POINT('Ctrl Pts',(167.986410423959,-79.7061942842221,-3.23988812356979));
#4880=CARTESIAN_POINT('Ctrl Pts',(167.495827218559,-79.6237887161484,-5.63424859246301));
#4881=CARTESIAN_POINT('Ctrl Pts',(167.578192615945,-79.6082299757059,-5.45608449832488));
#4882=CARTESIAN_POINT('Ctrl Pts',(167.716028330523,-79.579212481909,-5.05987566439411));
#4883=CARTESIAN_POINT('Ctrl Pts',(167.851677931611,-79.5441915027532,-4.0990883360222));
#4884=CARTESIAN_POINT('Ctrl Pts',(167.87005831105,-79.5485050791981,-3.52712996265104));
#4885=CARTESIAN_POINT('Ctrl Pts',(167.861333419156,-79.5380519498596,-3.23988812356979));
#4886=CARTESIAN_POINT('Ctrl Pts',(167.266082475223,-79.1722905187355,-5.1025033893373));
#4887=CARTESIAN_POINT('Ctrl Pts',(167.345292075796,-79.1979353250516,-4.92820764279894));
#4888=CARTESIAN_POINT('Ctrl Pts',(167.479533885001,-79.241273812782,-4.53421979941831));
#4889=CARTESIAN_POINT('Ctrl Pts',(167.62090119467,-79.3100488086454,-3.85842482617217));
#4890=CARTESIAN_POINT('Ctrl Pts',(167.647297825968,-79.3267004878491,-3.45692479626276));
#4891=CARTESIAN_POINT('Ctrl Pts',(167.636657640457,-79.3182047180887,-3.23988812356979));
#4892=CARTESIAN_POINT('Ctrl Pts',(167.05099330108,-78.9484206240983,-4.67328055768762));
#4893=CARTESIAN_POINT('Ctrl Pts',(167.139293036756,-79.0012902410304,-4.54268575316712));
#4894=CARTESIAN_POINT('Ctrl Pts',(167.293034961842,-79.0933434801867,-4.25572224751518));
#4895=CARTESIAN_POINT('Ctrl Pts',(167.441839373171,-79.1824403745824,-3.75956561993279));
#4896=CARTESIAN_POINT('Ctrl Pts',(167.47081711011,-79.1997908438652,-3.41409514184883));
#4897=CARTESIAN_POINT('Ctrl Pts',(167.465838049635,-79.1968096229368,-3.23988812356979));
#4898=CARTESIAN_POINT('Ctrl Pts',(166.933912665429,-78.8783183943516,-4.48447516704057));
#4899=CARTESIAN_POINT('Ctrl Pts',(167.027096858919,-78.9341125887077,-4.37586445835944));
#4900=CARTESIAN_POINT('Ctrl Pts',(167.188921528235,-79.0310053847204,-4.13005649689758));
#4901=CARTESIAN_POINT('Ctrl Pts',(167.341517249891,-79.122372332623,-3.70066994402868));
#4902=CARTESIAN_POINT('Ctrl Pts',(167.376214961093,-79.1431476462257,-3.3934868608056));
#4903=CARTESIAN_POINT('Ctrl Pts',(167.376214961093,-79.1431476462257,-3.23988812356979));
#4904=CARTESIAN_POINT('',(166.933912665429,-78.8783183943516,-4.48447516704057));
#4905=CARTESIAN_POINT('Ctrl Pts',(167.607050081806,-80.0680690871125,-5.92515130192253));
#4906=CARTESIAN_POINT('Ctrl Pts',(167.572663548768,-79.9079351503619,-5.83454198297133));
#4907=CARTESIAN_POINT('Ctrl Pts',(167.495827218559,-79.6237887161484,-5.63424859246301));
#4908=CARTESIAN_POINT('Ctrl Pts',(167.266082475223,-79.1722905187355,-5.1025033893373));
#4909=CARTESIAN_POINT('Ctrl Pts',(167.05099330108,-78.9484206240983,-4.67328055768762));
#4910=CARTESIAN_POINT('Ctrl Pts',(166.933912665429,-78.8783183943516,-4.48447516704057));
#4911=CARTESIAN_POINT('',(167.376214961093,-79.1431476462257,-3.23988812356979));
#4912=CARTESIAN_POINT('Origin',(165.866100464569,-78.2389640227639,-3.23988812356979));
#4913=CARTESIAN_POINT('Origin',(166.348798879684,-80.8590777717442,-3.23988812356979));
#4914=CARTESIAN_POINT('Ctrl Pts',(100.24678455867,-134.613760498046,-5.917651118742));
#4915=CARTESIAN_POINT('Ctrl Pts',(100.179423546292,-134.710881630163,-5.7335798751205));
#4916=CARTESIAN_POINT('Ctrl Pts',(100.069863885403,-134.868844789032,-5.33724987469221));
#4917=CARTESIAN_POINT('Ctrl Pts',(99.9456978104672,-135.047867480981,-4.30624994154599));
#4918=CARTESIAN_POINT('Ctrl Pts',(99.9261567623813,-135.07604177121,-3.51959301098612));
#4919=CARTESIAN_POINT('Ctrl Pts',(99.9261567623813,-135.07604177121,-3.15623465917567));
#4920=CARTESIAN_POINT('Ctrl Pts',(100.353502286166,-134.759698091647,-5.82561549693125));
#4921=CARTESIAN_POINT('Ctrl Pts',(100.283579229031,-134.838137117682,-5.64350710123157));
#4922=CARTESIAN_POINT('Ctrl Pts',(100.168032505109,-134.969266405604,-5.24794470068511));
#4923=CARTESIAN_POINT('Ctrl Pts',(100.04342789148,-135.122913226615,-4.22952082811728));
#4924=CARTESIAN_POINT('Ctrl Pts',(100.024878805501,-135.144513139115,-3.49940643588554));
#4925=CARTESIAN_POINT('Ctrl Pts',(100.030685984508,-135.148540866639,-3.15623465917567));
#4926=CARTESIAN_POINT('Ctrl Pts',(100.565389048396,-135.007848043105,-5.62223281599465));
#4927=CARTESIAN_POINT('Ctrl Pts',(100.492296722875,-135.059434015451,-5.44073496011669));
#4928=CARTESIAN_POINT('Ctrl Pts',(100.372160589396,-135.15062049984,-5.03627261385519));
#4929=CARTESIAN_POINT('Ctrl Pts',(100.25672947597,-135.257391791355,-4.04910866437683));
#4930=CARTESIAN_POINT('Ctrl Pts',(100.238596106651,-135.266406517878,-3.4549520359611));
#4931=CARTESIAN_POINT('Ctrl Pts',(100.253617603468,-135.273530800248,-3.15623465917567));
#4932=CARTESIAN_POINT('Ctrl Pts',(101.038782458279,-135.339359262642,-5.08411023330216));
#4933=CARTESIAN_POINT('Ctrl Pts',(100.950743316967,-135.354816201372,-4.90561020509501));
#4934=CARTESIAN_POINT('Ctrl Pts',(100.802903886309,-135.383051015791,-4.50101518858292));
#4935=CARTESIAN_POINT('Ctrl Pts',(100.632348825387,-135.392374598261,-3.801788361133));
#4936=CARTESIAN_POINT('Ctrl Pts',(100.601205018482,-135.390930006298,-3.38273404427197));
#4937=CARTESIAN_POINT('Ctrl Pts',(100.617507118918,-135.394192258169,-3.15623465917567));
#4938=CARTESIAN_POINT('Ctrl Pts',(101.382828478605,-135.444550751645,-4.65074217452233));
#4939=CARTESIAN_POINT('Ctrl Pts',(101.273191681051,-135.440826519204,-4.51537972677776));
#4940=CARTESIAN_POINT('Ctrl Pts',(101.082041887196,-135.434333386613,-4.21720568115079));
#4941=CARTESIAN_POINT('Ctrl Pts',(100.897637855078,-135.428069399577,-3.69979941271288));
#4942=CARTESIAN_POINT('Ctrl Pts',(100.86388808187,-135.426922959668,-3.33847457436437));
#4943=CARTESIAN_POINT('Ctrl Pts',(100.870951250552,-135.42716288716,-3.15623465917567));
#4944=CARTESIAN_POINT('Ctrl Pts',(101.537803358626,-135.449815065165,-4.45997363458928));
#4945=CARTESIAN_POINT('Ctrl Pts',(101.424096253387,-135.445952569182,-4.34620094605156));
#4946=CARTESIAN_POINT('Ctrl Pts',(101.226631275529,-135.439244917255,-4.08871038200784));
#4947=CARTESIAN_POINT('Ctrl Pts',(101.040427831238,-135.432919806313,-3.63891622142222));
#4948=CARTESIAN_POINT('Ctrl Pts',(100.99808828682,-135.431481582028,-3.31713353833337));
#4949=CARTESIAN_POINT('Ctrl Pts',(100.99808828682,-135.431481582028,-3.15623465917567));
#4950=CARTESIAN_POINT('',(100.24678455867,-134.613760498046,-5.917651118742));
#4951=CARTESIAN_POINT('',(99.9261567623813,-135.07604177121,-3.15623465917567));
#4952=CARTESIAN_POINT('Ctrl Pts',(100.24678455867,-134.613760498046,-5.917651118742));
#4953=CARTESIAN_POINT('Ctrl Pts',(100.179423546292,-134.710881630163,-5.7335798751205));
#4954=CARTESIAN_POINT('Ctrl Pts',(100.069863885403,-134.868844789032,-5.33724987469221));
#4955=CARTESIAN_POINT('Ctrl Pts',(99.9456978104672,-135.047867480981,-4.30624994154599));
#4956=CARTESIAN_POINT('Ctrl Pts',(99.9261567623813,-135.07604177121,-3.51959301098612));
#4957=CARTESIAN_POINT('Ctrl Pts',(99.9261567623813,-135.07604177121,-3.15623465917567));
#4958=CARTESIAN_POINT('',(101.537803358626,-135.449815065165,-4.45997363458928));
#4959=CARTESIAN_POINT('Ctrl Pts',(100.24678455867,-134.613760498046,-5.917651118742));
#4960=CARTESIAN_POINT('Ctrl Pts',(100.353502286166,-134.759698091647,-5.82561549693125));
#4961=CARTESIAN_POINT('Ctrl Pts',(100.565389048396,-135.007848043105,-5.62223281599465));
#4962=CARTESIAN_POINT('Ctrl Pts',(101.038782458279,-135.339359262642,-5.08411023330216));
#4963=CARTESIAN_POINT('Ctrl Pts',(101.382828478605,-135.444550751645,-4.65074217452233));
#4964=CARTESIAN_POINT('Ctrl Pts',(101.537803358626,-135.449815065165,-4.45997363458928));
#4965=CARTESIAN_POINT('',(100.99808828682,-135.431481582028,-3.15623465917567));
#4966=CARTESIAN_POINT('Origin',(102.840790804798,-135.4940760088,-3.15623465917567));
#4967=CARTESIAN_POINT('Origin',(101.065986761085,-133.432634465014,-3.15623465917567));
#4968=CARTESIAN_POINT('Ctrl Pts',(100.24678455867,-134.613760498046,-5.917651118742));
#4969=CARTESIAN_POINT('Ctrl Pts',(100.353502286166,-134.759698091647,-5.82561549693125));
#4970=CARTESIAN_POINT('Ctrl Pts',(100.565389048396,-135.007848043105,-5.62223281599465));
#4971=CARTESIAN_POINT('Ctrl Pts',(101.038782458279,-135.339359262642,-5.08411023330216));
#4972=CARTESIAN_POINT('Ctrl Pts',(101.382828478605,-135.444550751645,-4.65074217452233));
#4973=CARTESIAN_POINT('Ctrl Pts',(101.537803358626,-135.449815065165,-4.45997363458928));
#4974=CARTESIAN_POINT('Ctrl Pts',(100.420863298544,-134.662576959529,-6.00968674055275));
#4975=CARTESIAN_POINT('Ctrl Pts',(100.520274776507,-134.796841058075,-5.91603500064045));
#4976=CARTESIAN_POINT('Ctrl Pts',(100.724758681192,-135.031065883122,-5.71086545129671));
#4977=CARTESIAN_POINT('Ctrl Pts',(101.193448917874,-135.351164188196,-5.17974889921491));
#4978=CARTESIAN_POINT('Ctrl Pts',(101.509684707272,-135.44885990781,-4.7649081178299));
#4979=CARTESIAN_POINT('Ctrl Pts',(101.651510463865,-135.453677561147,-4.57374632312701));
#4980=CARTESIAN_POINT('Ctrl Pts',(100.789325795936,-134.738579283572,-6.16199052894687));
#4981=CARTESIAN_POINT('Ctrl Pts',(100.879595122289,-134.857361876822,-6.06816398589781));
#4982=CARTESIAN_POINT('Ctrl Pts',(101.080121558127,-135.075435157786,-5.85855908690448));
#4983=CARTESIAN_POINT('Ctrl Pts',(101.549783324615,-135.381410383475,-5.33728951372208));
#4984=CARTESIAN_POINT('Ctrl Pts',(101.793957096062,-135.458516304895,-4.96425340552018));
#4985=CARTESIAN_POINT('Ctrl Pts',(101.908852599664,-135.462419169365,-4.77132519364435));
#4986=CARTESIAN_POINT('Ctrl Pts',(101.712053189811,-134.841213003736,-6.36971079188668));
#4987=CARTESIAN_POINT('Ctrl Pts',(101.788141890247,-134.958777227803,-6.26371373816536));
#4988=CARTESIAN_POINT('Ctrl Pts',(101.96270545129,-135.179734826632,-6.01503632391971));
#4989=CARTESIAN_POINT('Ctrl Pts',(102.201306145711,-135.419917275529,-5.52030143143504));
#4990=CARTESIAN_POINT('Ctrl Pts',(102.299702661925,-135.475695884061,-5.15474952262842));
#4991=CARTESIAN_POINT('Ctrl Pts',(102.358387480232,-135.477689337984,-4.95763603523514));
#4992=CARTESIAN_POINT('Ctrl Pts',(102.487027572544,-134.895934785893,-6.41421356237309));
#4993=CARTESIAN_POINT('Ctrl Pts',(102.507411102967,-135.013251531559,-6.29765644825474));
#4994=CARTESIAN_POINT('Ctrl Pts',(102.55094113905,-135.223804856853,-6.0309432480046));
#4995=CARTESIAN_POINT('Ctrl Pts',(102.618643379457,-135.43543479381,-5.54598059094814));
#4996=CARTESIAN_POINT('Ctrl Pts',(102.659348191214,-135.487912617651,-5.18422919882162));
#4997=CARTESIAN_POINT('Ctrl Pts',(102.67998467443,-135.488613614597,-5.));
#4998=CARTESIAN_POINT('Ctrl Pts',(102.860677807478,-134.908627242782,-6.41421356237309));
#4999=CARTESIAN_POINT('Ctrl Pts',(102.856488016188,-135.031969517117,-6.29080014742425));
#5000=CARTESIAN_POINT('Ctrl Pts',(102.849211979722,-135.246167032914,-6.01149067311925));
#5001=CARTESIAN_POINT('Ctrl Pts',(102.842350899517,-135.448148749533,-5.52358242294624));
#5002=CARTESIAN_POINT('Ctrl Pts',(102.840790804798,-135.4940760088,-5.17453292519943));
#5003=CARTESIAN_POINT('Ctrl Pts',(102.840790804798,-135.4940760088,-5.));
#5004=CARTESIAN_POINT('',(102.860677807478,-134.908627242782,-6.41421356237309));
#5005=CARTESIAN_POINT('Ctrl Pts',(100.24678455867,-134.613760498046,-5.917651118742));
#5006=CARTESIAN_POINT('Ctrl Pts',(100.420863298544,-134.662576959529,-6.00968674055275));
#5007=CARTESIAN_POINT('Ctrl Pts',(100.789325795936,-134.738579283572,-6.16199052894686));
#5008=CARTESIAN_POINT('Ctrl Pts',(101.712053189811,-134.841213003736,-6.36971079188669));
#5009=CARTESIAN_POINT('Ctrl Pts',(102.487027572544,-134.895934785893,-6.41421356237309));
#5010=CARTESIAN_POINT('Ctrl Pts',(102.860677807478,-134.908627242782,-6.41421356237309));
#5011=CARTESIAN_POINT('',(102.840790804798,-135.4940760088,-5.));
#5012=CARTESIAN_POINT('Origin',(102.908689279063,-133.495228891786,-5.));
#5013=CARTESIAN_POINT('Origin',(102.840790804798,-135.4940760088,-3.15623465917567));
#5014=CARTESIAN_POINT('Ctrl Pts',(100.24678455867,-134.613760498046,-5.917651118742));
#5015=CARTESIAN_POINT('Ctrl Pts',(100.420863298544,-134.662576959529,-6.00968674055275));
#5016=CARTESIAN_POINT('Ctrl Pts',(100.789325795936,-134.738579283572,-6.16199052894686));
#5017=CARTESIAN_POINT('Ctrl Pts',(101.712053189811,-134.841213003736,-6.36971079188669));
#5018=CARTESIAN_POINT('Ctrl Pts',(102.487027572544,-134.895934785893,-6.41421356237309));
#5019=CARTESIAN_POINT('Ctrl Pts',(102.860677807478,-134.908627242782,-6.41421356237309));
#5020=CARTESIAN_POINT('Ctrl Pts',(100.314145571049,-134.516639365928,-6.1017223623635));
#5021=CARTESIAN_POINT('Ctrl Pts',(100.488735316167,-134.56488747472,-6.17526847169367));
#5022=CARTESIAN_POINT('Ctrl Pts',(100.859613348437,-134.641117362335,-6.30184580002184));
#5023=CARTESIAN_POINT('Ctrl Pts',(101.779645610626,-134.735580317749,-6.49094855061405));
#5024=CARTESIAN_POINT('Ctrl Pts',(102.508160734892,-134.780028313214,-6.53077067649145));
#5025=CARTESIAN_POINT('Ctrl Pts',(102.864867598767,-134.785284968446,-6.53762697732194));
#5026=CARTESIAN_POINT('Ctrl Pts',(100.466889724596,-134.296412789856,-6.41725839559947));
#5027=CARTESIAN_POINT('Ctrl Pts',(100.64405277639,-134.34479260569,-6.46619550848941));
#5028=CARTESIAN_POINT('Ctrl Pts',(101.026633794318,-134.418701794589,-6.56010040368504));
#5029=CARTESIAN_POINT('Ctrl Pts',(101.940233218956,-134.487624795722,-6.71614925400977));
#5030=CARTESIAN_POINT('Ctrl Pts',(102.555707143236,-134.514776375032,-6.73972481859474));
#5031=CARTESIAN_POINT('Ctrl Pts',(102.874349942344,-134.506136499712,-6.75194803666999));
#5032=CARTESIAN_POINT('Ctrl Pts',(100.869863450917,-133.715405124859,-6.86195817647299));
#5033=CARTESIAN_POINT('Ctrl Pts',(101.05463556153,-133.775220236834,-6.88086521452294));
#5034=CARTESIAN_POINT('Ctrl Pts',(101.461483914108,-133.868633832423,-6.92326180121409));
#5035=CARTESIAN_POINT('Ctrl Pts',(102.175944372036,-133.998321202891,-6.95062595231893));
#5036=CARTESIAN_POINT('Ctrl Pts',(102.639290608918,-134.032373235686,-6.94893432386134));
#5037=CARTESIAN_POINT('Ctrl Pts',(102.890914055228,-134.018509500099,-6.95404625108538));
#5038=CARTESIAN_POINT('Ctrl Pts',(101.21743564817,-133.214275404598,-7.));
#5039=CARTESIAN_POINT('Ctrl Pts',(101.378761040134,-133.307446522194,-7.));
#5040=CARTESIAN_POINT('Ctrl Pts',(101.720565008522,-133.471373166363,-7.));
#5041=CARTESIAN_POINT('Ctrl Pts',(102.294197721426,-133.637070407259,-7.));
#5042=CARTESIAN_POINT('Ctrl Pts',(102.697958409414,-133.672406070621,-7.));
#5043=CARTESIAN_POINT('Ctrl Pts',(102.902764019398,-133.669661208966,-7.));
#5044=CARTESIAN_POINT('Ctrl Pts',(101.375238747464,-132.986754838711,-7.));
#5045=CARTESIAN_POINT('Ctrl Pts',(101.524772917869,-133.090468344557,-7.));
#5046=CARTESIAN_POINT('Ctrl Pts',(101.84368751438,-133.269272564572,-7.));
#5047=CARTESIAN_POINT('Ctrl Pts',(102.364249283661,-133.441884688177,-7.));
#5048=CARTESIAN_POINT('Ctrl Pts',(102.726813523562,-133.489050787318,-7.));
#5049=CARTESIAN_POINT('Ctrl Pts',(102.908689279063,-133.495228891786,-7.));
#5050=CARTESIAN_POINT('',(101.375238747464,-132.986754838711,-7.));
#5051=CARTESIAN_POINT('Ctrl Pts',(100.24678455867,-134.613760498046,-5.917651118742));
#5052=CARTESIAN_POINT('Ctrl Pts',(100.314145571049,-134.516639365928,-6.1017223623635));
#5053=CARTESIAN_POINT('Ctrl Pts',(100.466889724596,-134.296412789856,-6.41725839559947));
#5054=CARTESIAN_POINT('Ctrl Pts',(100.869863450917,-133.715405124859,-6.86195817647299));
#5055=CARTESIAN_POINT('Ctrl Pts',(101.21743564817,-133.214275404598,-7.));
#5056=CARTESIAN_POINT('Ctrl Pts',(101.375238747464,-132.986754838711,-7.));
#5057=CARTESIAN_POINT('',(102.908689279063,-133.495228891786,-7.));
#5058=CARTESIAN_POINT('Origin',(103.005821371069,-130.635780219658,-7.));
#5059=CARTESIAN_POINT('Origin',(102.908689279063,-133.495228891786,-5.));
#5060=CARTESIAN_POINT('Ctrl Pts',(100.24678455867,-134.613760498046,-5.917651118742));
#5061=CARTESIAN_POINT('Ctrl Pts',(100.314145571049,-134.516639365928,-6.1017223623635));
#5062=CARTESIAN_POINT('Ctrl Pts',(100.466889724596,-134.296412789856,-6.41725839559947));
#5063=CARTESIAN_POINT('Ctrl Pts',(100.869863450917,-133.715405124859,-6.86195817647299));
#5064=CARTESIAN_POINT('Ctrl Pts',(101.21743564817,-133.214275404598,-7.));
#5065=CARTESIAN_POINT('Ctrl Pts',(101.375238747464,-132.986754838711,-7.));
#5066=CARTESIAN_POINT('Ctrl Pts',(100.140066831175,-134.467822904445,-6.00968674055275));
#5067=CARTESIAN_POINT('Ctrl Pts',(100.207781111028,-134.370024016299,-6.17526847169367));
#5068=CARTESIAN_POINT('Ctrl Pts',(100.359500236763,-134.147433424158,-6.46619550848941));
#5069=CARTESIAN_POINT('Ctrl Pts',(100.749097469494,-133.563305952568,-6.88086521452294));
#5070=CARTESIAN_POINT('Ctrl Pts',(101.073643933905,-133.095824224126,-7.));
#5071=CARTESIAN_POINT('Ctrl Pts',(101.225704577059,-132.883041332865,-7.));
#5072=CARTESIAN_POINT('Ctrl Pts',(99.9397758966195,-134.149350760013,-6.16199052894686));
#5073=CARTESIAN_POINT('Ctrl Pts',(100.006430651454,-134.049369212787,-6.30184580002184));
#5074=CARTESIAN_POINT('Ctrl Pts',(100.156222695884,-133.815004416915,-6.56010040368504));
#5075=CARTESIAN_POINT('Ctrl Pts',(100.519048929769,-133.214982322582,-6.92326180121409));
#5076=CARTESIAN_POINT('Ctrl Pts',(100.800343846542,-132.83312865941,-7.));
#5077=CARTESIAN_POINT('Ctrl Pts',(100.946490409049,-132.646997020615,-7.));
#5078=CARTESIAN_POINT('Ctrl Pts',(99.5203309544799,-133.32108421811,-6.36971079188668));
#5079=CARTESIAN_POINT('Ctrl Pts',(99.5955828251905,-133.220763952685,-6.49094855061404));
#5080=CARTESIAN_POINT('Ctrl Pts',(99.7715496802921,-132.983475127076,-6.71614925400976));
#5081=CARTESIAN_POINT('Ctrl Pts',(100.147240912227,-132.591258539091,-6.95062595231893));
#5082=CARTESIAN_POINT('Ctrl Pts',(100.444154062172,-132.353922125163,-7.));
#5083=CARTESIAN_POINT('Ctrl Pts',(100.602419857345,-132.219919795394,-7.));
#5084=CARTESIAN_POINT('Ctrl Pts',(99.1975321891235,-132.614415466559,-6.41421356237309));
#5085=CARTESIAN_POINT('Ctrl Pts',(99.298685549382,-132.554009186521,-6.53077067649144));
#5086=CARTESIAN_POINT('Ctrl Pts',(99.530461204796,-132.416534471707,-6.73972481859474));
#5087=CARTESIAN_POINT('Ctrl Pts',(99.9529940514245,-132.169218928107,-6.94893432386134));
#5088=CARTESIAN_POINT('Ctrl Pts',(100.269583355935,-131.988140262855,-7.));
#5089=CARTESIAN_POINT('Ctrl Pts',(100.431203715147,-131.896867939472,-7.));
#5090=CARTESIAN_POINT('Ctrl Pts',(99.0547196817598,-132.268901090203,-6.41421356237309));
#5091=CARTESIAN_POINT('Ctrl Pts',(99.1687742841954,-132.221758554712,-6.53762697732193));
#5092=CARTESIAN_POINT('Ctrl Pts',(99.4269028763065,-132.115065479157,-6.75194803666999));
#5093=CARTESIAN_POINT('Ctrl Pts',(99.877811568215,-131.928690019001,-6.95404625108538));
#5094=CARTESIAN_POINT('Ctrl Pts',(100.200391586865,-131.795357039417,-7.));
#5095=CARTESIAN_POINT('Ctrl Pts',(100.361689152481,-131.72868742636,-7.));
#5096=CARTESIAN_POINT('',(99.0547196817598,-132.268901090203,-6.41421356237309));
#5097=CARTESIAN_POINT('Ctrl Pts',(100.24678455867,-134.613760498046,-5.917651118742));
#5098=CARTESIAN_POINT('Ctrl Pts',(100.140066831175,-134.467822904445,-6.00968674055275));
#5099=CARTESIAN_POINT('Ctrl Pts',(99.9397758966195,-134.149350760013,-6.16199052894686));
#5100=CARTESIAN_POINT('Ctrl Pts',(99.5203309544799,-133.32108421811,-6.36971079188668));
#5101=CARTESIAN_POINT('Ctrl Pts',(99.1975321891235,-132.614415466559,-6.41421356237309));
#5102=CARTESIAN_POINT('Ctrl Pts',(99.0547196817598,-132.268901090203,-6.41421356237309));
#5103=CARTESIAN_POINT('',(100.361689152481,-131.72868742636,-7.));
#5104=CARTESIAN_POINT('Origin',(100.361689152481,-131.72868742636,-5.));
#5105=CARTESIAN_POINT('Origin',(103.005821371069,-130.635780219658,-7.));
#5106=CARTESIAN_POINT('Ctrl Pts',(100.24678455867,-134.613760498046,-5.917651118742));
#5107=CARTESIAN_POINT('Ctrl Pts',(100.140066831175,-134.467822904445,-6.00968674055275));
#5108=CARTESIAN_POINT('Ctrl Pts',(99.9397758966195,-134.149350760013,-6.16199052894686));
#5109=CARTESIAN_POINT('Ctrl Pts',(99.5203309544799,-133.32108421811,-6.36971079188668));
#5110=CARTESIAN_POINT('Ctrl Pts',(99.1975321891235,-132.614415466559,-6.41421356237309));
#5111=CARTESIAN_POINT('Ctrl Pts',(99.0547196817598,-132.268901090203,-6.41421356237309));
#5112=CARTESIAN_POINT('Ctrl Pts',(100.072705818797,-134.564944036562,-5.82561549693125));
#5113=CARTESIAN_POINT('Ctrl Pts',(99.9794815800918,-134.421759174208,-5.91603500064045));
#5114=CARTESIAN_POINT('Ctrl Pts',(99.7968940148189,-134.106424968321,-6.06816398589781));
#5115=CARTESIAN_POINT('Ctrl Pts',(99.3835590034873,-133.29101312674,-6.26371373816536));
#5116=CARTESIAN_POINT('Ctrl Pts',(99.0805107724913,-132.636431260335,-6.29765644825473));
#5117=CARTESIAN_POINT('Ctrl Pts',(98.9406650793241,-132.316043625695,-6.29080014742424));
#5118=CARTESIAN_POINT('Ctrl Pts',(99.7660441553381,-134.453440572125,-5.62223281599465));
#5119=CARTESIAN_POINT('Ctrl Pts',(99.6884561397677,-134.312309966683,-5.71086545129671));
#5120=CARTESIAN_POINT('Ctrl Pts',(99.522382823136,-133.99502293521,-5.85855908690448));
#5121=CARTESIAN_POINT('Ctrl Pts',(99.1154435825783,-133.20493863345,-6.0150363239197));
#5122=CARTESIAN_POINT('Ctrl Pts',(98.8680533529521,-132.669437497874,-6.03094324800459));
#5123=CARTESIAN_POINT('Ctrl Pts',(98.7425966341096,-132.397911858181,-6.01149067311924));
#5124=CARTESIAN_POINT('Ctrl Pts',(99.2896758173685,-134.126218604982,-5.08411023330215));
#5125=CARTESIAN_POINT('Ctrl Pts',(99.2244251283878,-133.985493988875,-5.1797488992149));
#5126=CARTESIAN_POINT('Ctrl Pts',(99.0712391048384,-133.662348380912,-5.33728951372208));
#5127=CARTESIAN_POINT('Ctrl Pts',(98.8068839058619,-133.065623070641,-5.52030143143504));
#5128=CARTESIAN_POINT('Ctrl Pts',(98.6461177860515,-132.680181227083,-5.54598059094813));
#5129=CARTESIAN_POINT('Ctrl Pts',(98.5558241385292,-132.475111101471,-5.52358242294623));
#5130=CARTESIAN_POINT('Ctrl Pts',(99.0706016205678,-133.840842695423,-4.65074217452232));
#5131=CARTESIAN_POINT('Ctrl Pts',(99.0221160198726,-133.723538739379,-4.76490811782989));
#5132=CARTESIAN_POINT('Ctrl Pts',(98.9134645356186,-133.460672058336,-4.96425340552017));
#5133=CARTESIAN_POINT('Ctrl Pts',(98.7201639951763,-132.993009128016,-5.1547495226284));
#5134=CARTESIAN_POINT('Ctrl Pts',(98.5827042132788,-132.660444903124,-5.18422919882161));
#5135=CARTESIAN_POINT('Ctrl Pts',(98.5133552013795,-132.492664916347,-5.17453292519942));
#5136=CARTESIAN_POINT('Ctrl Pts',(99.0113688163968,-133.697537422162,-4.45997363458927));
#5137=CARTESIAN_POINT('Ctrl Pts',(98.9679089298878,-133.592392460696,-4.573746323127));
#5138=CARTESIAN_POINT('Ctrl Pts',(98.8695504324811,-133.354428184891,-4.77132519364434));
#5139=CARTESIAN_POINT('Ctrl Pts',(98.6977341255735,-132.938743275882,-4.95763603523512));
#5140=CARTESIAN_POINT('Ctrl Pts',(98.5748167622998,-132.641362346867,-4.99999999999999));
#5141=CARTESIAN_POINT('Ctrl Pts',(98.5133552013795,-132.492664916347,-4.99999999999999));
#5142=CARTESIAN_POINT('',(99.0113688163968,-133.697537422162,-4.45997363458927));
#5143=CARTESIAN_POINT('Ctrl Pts',(100.24678455867,-134.613760498046,-5.917651118742));
#5144=CARTESIAN_POINT('Ctrl Pts',(100.072705818797,-134.564944036562,-5.82561549693125));
#5145=CARTESIAN_POINT('Ctrl Pts',(99.7660441553381,-134.453440572125,-5.62223281599465));
#5146=CARTESIAN_POINT('Ctrl Pts',(99.2896758173685,-134.126218604982,-5.08411023330215));
#5147=CARTESIAN_POINT('Ctrl Pts',(99.0706016205678,-133.840842695423,-4.65074217452232));
#5148=CARTESIAN_POINT('Ctrl Pts',(99.0113688163968,-133.697537422162,-4.45997363458927));
#5149=CARTESIAN_POINT('',(98.5133552013795,-132.492664916347,-5.));
#5150=CARTESIAN_POINT('Origin',(98.5133552013795,-132.492664916347,-3.15623465917567));
#5151=CARTESIAN_POINT('Origin',(100.361689152481,-131.72868742636,-5.));
#5152=CARTESIAN_POINT('Ctrl Pts',(170.60356683549,-110.069514781666,-5.95333735802395));
#5153=CARTESIAN_POINT('Ctrl Pts',(170.697787904506,-110.070937505951,-5.78320064450331));
#5154=CARTESIAN_POINT('Ctrl Pts',(170.847300023396,-110.073195116956,-5.42198944435266));
#5155=CARTESIAN_POINT('Ctrl Pts',(171.007090050943,-110.075607922871,-4.51238671158483));
#5156=CARTESIAN_POINT('Ctrl Pts',(171.016445439994,-110.075749187869,-3.86269294247122));
#5157=CARTESIAN_POINT('Ctrl Pts',(171.016445439994,-110.075749187869,-3.56689493580445));
#5158=CARTESIAN_POINT('Ctrl Pts',(170.651982287563,-109.983806920287,-5.86826900126364));
#5159=CARTESIAN_POINT('Ctrl Pts',(170.734280442765,-109.995992314227,-5.7009602538089));
#5160=CARTESIAN_POINT('Ctrl Pts',(170.868321064376,-110.016310706855,-5.34204613156298));
#5161=CARTESIAN_POINT('Ctrl Pts',(171.010645015504,-110.042563166735,-4.44746977734579));
#5162=CARTESIAN_POINT('Ctrl Pts',(171.016782129455,-110.053451655423,-3.84625971987862));
#5163=CARTESIAN_POINT('Ctrl Pts',(171.016801934717,-110.052140035868,-3.56689493580445));
#5164=CARTESIAN_POINT('Ctrl Pts',(170.747574929193,-109.836809519051,-5.68005268691021));
#5165=CARTESIAN_POINT('Ctrl Pts',(170.808938729132,-109.864631236822,-5.5148664771477));
#5166=CARTESIAN_POINT('Ctrl Pts',(170.913559467906,-109.913589931231,-5.15081922910776));
#5167=CARTESIAN_POINT('Ctrl Pts',(171.016501053552,-109.982184477798,-4.29332106701854));
#5168=CARTESIAN_POINT('Ctrl Pts',(171.016725370271,-110.007970405106,-3.80890808971498));
#5169=CARTESIAN_POINT('Ctrl Pts',(171.016678653343,-110.004909105041,-3.56689493580445));
#5170=CARTESIAN_POINT('Ctrl Pts',(170.913907267474,-109.612014087967,-5.1736277533904));
#5171=CARTESIAN_POINT('Ctrl Pts',(170.940901931653,-109.670814597335,-5.01573566397782));
#5172=CARTESIAN_POINT('Ctrl Pts',(170.986878580191,-109.778575626846,-4.66320566401248));
#5173=CARTESIAN_POINT('Ctrl Pts',(171.014060952693,-109.90534997711,-4.07932763289785));
#5174=CARTESIAN_POINT('Ctrl Pts',(171.014171174387,-109.937169687035,-3.74679629701934));
#5175=CARTESIAN_POINT('Ctrl Pts',(171.013985150783,-109.934113687072,-3.56689493580445));
#5176=CARTESIAN_POINT('Ctrl Pts',(170.974966618727,-109.498064033231,-4.76113285865886));
#5177=CARTESIAN_POINT('Ctrl Pts',(170.982244234364,-109.577680951433,-4.64916201139977));
#5178=CARTESIAN_POINT('Ctrl Pts',(170.994996723154,-109.717192833811,-4.40602793610965));
#5179=CARTESIAN_POINT('Ctrl Pts',(171.007627489007,-109.855373070555,-3.99305087640073));
#5180=CARTESIAN_POINT('Ctrl Pts',(171.010638755979,-109.888316249772,-3.70965888976354));
#5181=CARTESIAN_POINT('Ctrl Pts',(171.010519347732,-109.887009926773,-3.56689493580445));
#5182=CARTESIAN_POINT('Ctrl Pts',(170.970161121336,-109.445492021777,-4.5802532448499));
#5183=CARTESIAN_POINT('Ctrl Pts',(170.978210963061,-109.533557072487,-4.49182104987348));
#5184=CARTESIAN_POINT('Ctrl Pts',(170.992190404493,-109.686491783576,-4.29168113882133));
#5185=CARTESIAN_POINT('Ctrl Pts',(171.005372590884,-109.830704546088,-3.94206924672847));
#5186=CARTESIAN_POINT('Ctrl Pts',(171.008369999274,-109.863496112792,-3.69195694529054));
#5187=CARTESIAN_POINT('Ctrl Pts',(171.008369999274,-109.863496112792,-3.56689493580445));
#5188=CARTESIAN_POINT('',(170.60356683549,-110.069514781666,-5.95333735802395));
#5189=CARTESIAN_POINT('',(171.016445439994,-110.075749187869,-3.56689493580445));
#5190=CARTESIAN_POINT('Ctrl Pts',(170.60356683549,-110.069514781666,-5.95333735802395));
#5191=CARTESIAN_POINT('Ctrl Pts',(170.697787904506,-110.070937505951,-5.78320064450331));
#5192=CARTESIAN_POINT('Ctrl Pts',(170.847300023396,-110.073195116956,-5.42198944435266));
#5193=CARTESIAN_POINT('Ctrl Pts',(171.007090050943,-110.075607922871,-4.51238671158483));
#5194=CARTESIAN_POINT('Ctrl Pts',(171.016445439994,-110.075749187869,-3.86269294247122));
#5195=CARTESIAN_POINT('Ctrl Pts',(171.016445439994,-110.075749187869,-3.56689493580445));
#5196=CARTESIAN_POINT('',(170.970161121336,-109.445492021777,-4.5802532448499));
#5197=CARTESIAN_POINT('Ctrl Pts',(170.60356683549,-110.069514781666,-5.95333735802395));
#5198=CARTESIAN_POINT('Ctrl Pts',(170.651982287563,-109.983806920287,-5.86826900126364));
#5199=CARTESIAN_POINT('Ctrl Pts',(170.747574929193,-109.836809519051,-5.68005268691021));
#5200=CARTESIAN_POINT('Ctrl Pts',(170.913907267474,-109.612014087967,-5.1736277533904));
#5201=CARTESIAN_POINT('Ctrl Pts',(170.974966618727,-109.498064033231,-4.76113285865886));
#5202=CARTESIAN_POINT('Ctrl Pts',(170.970161121336,-109.445492021777,-4.5802532448499));
#5203=CARTESIAN_POINT('',(171.008369999274,-109.863496112792,-3.56689493580445));
#5204=CARTESIAN_POINT('Origin',(170.877916730014,-108.43634087612,-3.56689493580445));
#5205=CARTESIAN_POINT('Origin',(169.01667340657,-110.045552924284,-3.56689493580445));
#5206=CARTESIAN_POINT('Ctrl Pts',(170.60356683549,-110.069514781666,-5.95333735802395));
#5207=CARTESIAN_POINT('Ctrl Pts',(170.651982287563,-109.983806920287,-5.86826900126364));
#5208=CARTESIAN_POINT('Ctrl Pts',(170.747574929193,-109.836809519051,-5.68005268691021));
#5209=CARTESIAN_POINT('Ctrl Pts',(170.913907267474,-109.612014087967,-5.1736277533904));
#5210=CARTESIAN_POINT('Ctrl Pts',(170.974966618727,-109.498064033231,-4.76113285865886));
#5211=CARTESIAN_POINT('Ctrl Pts',(170.970161121336,-109.445492021777,-4.5802532448499));
#5212=CARTESIAN_POINT('Ctrl Pts',(170.557761218546,-109.982384196003,-6.03840571478428));
#5213=CARTESIAN_POINT('Ctrl Pts',(170.613222978222,-109.903185616357,-5.95065152482085));
#5214=CARTESIAN_POINT('Ctrl Pts',(170.720256570571,-109.761375854702,-5.75847894524033));
#5215=CARTESIAN_POINT('Ctrl Pts',(170.90363398359,-109.530087232529,-5.2526872707628));
#5216=CARTESIAN_POINT('Ctrl Pts',(170.967155058934,-109.412605780423,-4.85300597105028));
#5217=CARTESIAN_POINT('Ctrl Pts',(170.962111279611,-109.357426971067,-4.66868543982633));
#5218=CARTESIAN_POINT('Ctrl Pts',(170.467310636663,-109.794078832281,-6.1782732255588));
#5219=CARTESIAN_POINT('Ctrl Pts',(170.535905535636,-109.723542063869,-6.0886621782773));
#5220=CARTESIAN_POINT('Ctrl Pts',(170.669529408625,-109.585660594545,-5.88823585504556));
#5221=CARTESIAN_POINT('Ctrl Pts',(170.890859106135,-109.330120305144,-5.38044231284621));
#5222=CARTESIAN_POINT('Ctrl Pts',(170.949045585274,-109.21448862848,-5.01331068776587));
#5223=CARTESIAN_POINT('Ctrl Pts',(170.943892862581,-109.158117981613,-4.82225773758406));
#5224=CARTESIAN_POINT('Ctrl Pts',(170.35165487588,-109.28815341161,-6.37454337219147));
#5225=CARTESIAN_POINT('Ctrl Pts',(170.45300089459,-109.220866488952,-6.26991774091047));
#5226=CARTESIAN_POINT('Ctrl Pts',(170.647594683907,-109.079613329365,-6.02353075679685));
#5227=CARTESIAN_POINT('Ctrl Pts',(170.868594302847,-108.908723254114,-5.53036588658305));
#5228=CARTESIAN_POINT('Ctrl Pts',(170.915336370871,-108.845710734811,-5.1648422726221));
#5229=CARTESIAN_POINT('Ctrl Pts',(170.912068249414,-108.809957574488,-4.96707172485584));
#5230=CARTESIAN_POINT('Ctrl Pts',(170.319025770136,-108.757293738542,-6.41421356237309));
#5231=CARTESIAN_POINT('Ctrl Pts',(170.433240595009,-108.726353118111,-6.29765644825474));
#5232=CARTESIAN_POINT('Ctrl Pts',(170.637897325041,-108.669809381876,-6.0309432480046));
#5233=CARTESIAN_POINT('Ctrl Pts',(170.841984820513,-108.604232922039,-5.54598059094814));
#5234=CARTESIAN_POINT('Ctrl Pts',(170.89049548039,-108.573952064954,-5.18422919882162));
#5235=CARTESIAN_POINT('Ctrl Pts',(170.889300925357,-108.560883665205,-5.));
#5236=CARTESIAN_POINT('Ctrl Pts',(170.294562304077,-108.489664081644,-6.41421356237309));
#5237=CARTESIAN_POINT('Ctrl Pts',(170.417463343101,-108.478429955234,-6.29080014742425));
#5238=CARTESIAN_POINT('Ctrl Pts',(170.630894604925,-108.458920650884,-6.01149067311925));
#5239=CARTESIAN_POINT('Ctrl Pts',(170.832153767446,-108.440523972621,-5.52358242294624));
#5240=CARTESIAN_POINT('Ctrl Pts',(170.877916730014,-108.43634087612,-5.17453292519943));
#5241=CARTESIAN_POINT('Ctrl Pts',(170.877916730014,-108.43634087612,-5.));
#5242=CARTESIAN_POINT('',(170.294562304077,-108.489664081644,-6.41421356237309));
#5243=CARTESIAN_POINT('Ctrl Pts',(170.60356683549,-110.069514781666,-5.95333735802395));
#5244=CARTESIAN_POINT('Ctrl Pts',(170.557761218546,-109.982384196003,-6.03840571478428));
#5245=CARTESIAN_POINT('Ctrl Pts',(170.467310636663,-109.794078832281,-6.17827322555879));
#5246=CARTESIAN_POINT('Ctrl Pts',(170.35165487588,-109.28815341161,-6.37454337219148));
#5247=CARTESIAN_POINT('Ctrl Pts',(170.319025770136,-108.757293738542,-6.4142135623731));
#5248=CARTESIAN_POINT('Ctrl Pts',(170.294562304077,-108.489664081644,-6.4142135623731));
#5249=CARTESIAN_POINT('',(170.877916730014,-108.43634087612,-5.));
#5250=CARTESIAN_POINT('Origin',(168.88622013731,-108.618397687612,-5.));
#5251=CARTESIAN_POINT('Origin',(170.877916730014,-108.43634087612,-3.56689493580445));
#5252=CARTESIAN_POINT('Ctrl Pts',(170.60356683549,-110.069514781666,-5.95333735802395));
#5253=CARTESIAN_POINT('Ctrl Pts',(170.557761218546,-109.982384196003,-6.03840571478428));
#5254=CARTESIAN_POINT('Ctrl Pts',(170.467310636663,-109.794078832281,-6.17827322555879));
#5255=CARTESIAN_POINT('Ctrl Pts',(170.35165487588,-109.28815341161,-6.37454337219148));
#5256=CARTESIAN_POINT('Ctrl Pts',(170.319025770136,-108.757293738542,-6.4142135623731));
#5257=CARTESIAN_POINT('Ctrl Pts',(170.294562304077,-108.489664081644,-6.4142135623731));
#5258=CARTESIAN_POINT('Ctrl Pts',(170.509345766473,-110.068092057382,-6.1234740715446));
#5259=CARTESIAN_POINT('Ctrl Pts',(170.462319973931,-109.97640322687,-6.19246631509076));
#5260=CARTESIAN_POINT('Ctrl Pts',(170.369536250484,-109.780543012228,-6.31073593640502));
#5261=CARTESIAN_POINT('Ctrl Pts',(170.244227130985,-109.264192203357,-6.49361848877346));
#5262=CARTESIAN_POINT('Ctrl Pts',(170.202092782368,-108.758497730429,-6.53077067649145));
#5263=CARTESIAN_POINT('Ctrl Pts',(170.171661265053,-108.500898208055,-6.53762697732194));
#5264=CARTESIAN_POINT('Ctrl Pts',(170.290933001068,-110.064794056747,-6.42021970889838));
#5265=CARTESIAN_POINT('Ctrl Pts',(170.241790094611,-109.964112540476,-6.46752346714192));
#5266=CARTESIAN_POINT('Ctrl Pts',(170.141804469038,-109.749751918657,-6.55904550349257));
#5267=CARTESIAN_POINT('Ctrl Pts',(169.990857951057,-109.208505137594,-6.71644305741662));
#5268=CARTESIAN_POINT('Ctrl Pts',(169.934747757088,-108.763750072074,-6.73972481859475));
#5269=CARTESIAN_POINT('Ctrl Pts',(169.893511400912,-108.526323304211,-6.75194803666999));
#5270=CARTESIAN_POINT('Ctrl Pts',(169.705699503715,-110.055957117011,-6.8580022763627));
#5271=CARTESIAN_POINT('Ctrl Pts',(169.660218393675,-109.930182785301,-6.87741986375881));
#5272=CARTESIAN_POINT('Ctrl Pts',(169.567515689074,-109.659347719999,-6.92169360685569));
#5273=CARTESIAN_POINT('Ctrl Pts',(169.49300724307,-109.147983733424,-6.95098536102179));
#5274=CARTESIAN_POINT('Ctrl Pts',(169.448660992514,-108.773570969951,-6.94893432386134));
#5275=CARTESIAN_POINT('Ctrl Pts',(169.407628801201,-108.570736814374,-6.95404625108538));
#5276=CARTESIAN_POINT('Ctrl Pts',(169.180873345317,-110.048032319209,-7.));
#5277=CARTESIAN_POINT('Ctrl Pts',(169.169721057245,-109.901921043922,-7.));
#5278=CARTESIAN_POINT('Ctrl Pts',(169.153008266821,-109.602361311553,-7.));
#5279=CARTESIAN_POINT('Ctrl Pts',(169.125848814004,-109.116730465591,-7.));
#5280=CARTESIAN_POINT('Ctrl Pts',(169.085572689671,-108.775444278768,-7.));
#5281=CARTESIAN_POINT('Ctrl Pts',(169.060028453527,-108.60251023368,-7.));
#5282=CARTESIAN_POINT('Ctrl Pts',(168.940474314525,-110.044402329201,-7.));
#5283=CARTESIAN_POINT('Ctrl Pts',(168.942869394687,-109.885786203965,-7.));
#5284=CARTESIAN_POINT('Ctrl Pts',(168.942041139018,-109.568469121229,-7.));
#5285=CARTESIAN_POINT('Ctrl Pts',(168.923945065964,-109.092835990395,-7.));
#5286=CARTESIAN_POINT('Ctrl Pts',(168.900660356259,-108.776373292281,-7.));
#5287=CARTESIAN_POINT('Ctrl Pts',(168.88622013731,-108.618397687612,-7.));
#5288=CARTESIAN_POINT('',(168.940474314525,-110.044402329201,-7.));
#5289=CARTESIAN_POINT('Ctrl Pts',(170.60356683549,-110.069514781666,-5.95333735802395));
#5290=CARTESIAN_POINT('Ctrl Pts',(170.509345766473,-110.068092057382,-6.1234740715446));
#5291=CARTESIAN_POINT('Ctrl Pts',(170.290933001068,-110.064794056747,-6.42021970889838));
#5292=CARTESIAN_POINT('Ctrl Pts',(169.705699503715,-110.055957117011,-6.8580022763627));
#5293=CARTESIAN_POINT('Ctrl Pts',(169.180873345317,-110.048032319209,-7.));
#5294=CARTESIAN_POINT('Ctrl Pts',(168.940474314525,-110.044402329201,-7.));
#5295=CARTESIAN_POINT('',(168.88622013731,-108.618397687612,-7.));
#5296=CARTESIAN_POINT('Origin',(155.50517213693,-109.841531242338,-7.));
#5297=CARTESIAN_POINT('Origin',(168.88622013731,-108.618397687612,-5.));
#5298=CARTESIAN_POINT('Ctrl Pts',(170.60356683549,-110.069514781666,-5.95333735802395));
#5299=CARTESIAN_POINT('Ctrl Pts',(170.509345766473,-110.068092057382,-6.1234740715446));
#5300=CARTESIAN_POINT('Ctrl Pts',(170.290933001068,-110.064794056747,-6.42021970889838));
#5301=CARTESIAN_POINT('Ctrl Pts',(169.705699503715,-110.055957117011,-6.8580022763627));
#5302=CARTESIAN_POINT('Ctrl Pts',(169.180873345317,-110.048032319209,-7.));
#5303=CARTESIAN_POINT('Ctrl Pts',(168.940474314525,-110.044402329201,-7.));
#5304=CARTESIAN_POINT('Ctrl Pts',(170.555151383416,-110.155222643045,-6.03840571478427));
#5305=CARTESIAN_POINT('Ctrl Pts',(170.459573068814,-110.158319244928,-6.19246631509076));
#5306=CARTESIAN_POINT('Ctrl Pts',(170.238772640143,-110.163945908581,-6.46752346714191));
#5307=CARTESIAN_POINT('Ctrl Pts',(169.656441646865,-110.180300904256,-6.87741986375881));
#5308=CARTESIAN_POINT('Ctrl Pts',(169.165314629968,-110.193740262273,-7.));
#5309=CARTESIAN_POINT('Ctrl Pts',(168.938079234362,-110.203018454438,-7.));
#5310=CARTESIAN_POINT('Ctrl Pts',(170.459056568327,-110.340711198709,-6.17827322555878));
#5311=CARTESIAN_POINT('Ctrl Pts',(170.360918073589,-110.351288763074,-6.310735936405));
#5312=CARTESIAN_POINT('Ctrl Pts',(170.132360446696,-110.375189953689,-6.55904550349255));
#5313=CARTESIAN_POINT('Ctrl Pts',(169.555603931251,-110.448213537678,-6.92169360685569));
#5314=CARTESIAN_POINT('Ctrl Pts',(169.139564905432,-110.492658816912,-7.));
#5315=CARTESIAN_POINT('Ctrl Pts',(168.927670658195,-110.520165862666,-7.));
#5316=CARTESIAN_POINT('Ctrl Pts',(170.328178219806,-110.842913990589,-6.37454337219143));
#5317=CARTESIAN_POINT('Ctrl Pts',(170.220075995501,-110.863620728006,-6.49361848877342));
#5318=CARTESIAN_POINT('Ctrl Pts',(169.96514097875,-110.911632475159,-6.71644305741659));
#5319=CARTESIAN_POINT('Ctrl Pts',(169.465689932503,-110.95709476952,-6.95098536102179));
#5320=CARTESIAN_POINT('Ctrl Pts',(169.097755269253,-110.977248239773,-7.));
#5321=CARTESIAN_POINT('Ctrl Pts',(168.895222128949,-110.995035777439,-7.));
#5322=CARTESIAN_POINT('Ctrl Pts',(170.279535838441,-111.372546476155,-6.41421356237304));
#5323=CARTESIAN_POINT('Ctrl Pts',(170.162692513172,-111.367812496324,-6.5307706764914));
#5324=CARTESIAN_POINT('Ctrl Pts',(169.89562795542,-111.354490648574,-6.73972481859472));
#5325=CARTESIAN_POINT('Ctrl Pts',(169.410059321905,-111.329997897094,-6.94893432386134));
#5326=CARTESIAN_POINT('Ctrl Pts',(169.047193114101,-111.317162781937,-7.));
#5327=CARTESIAN_POINT('Ctrl Pts',(168.862393133086,-111.310651166852,-7.));
#5328=CARTESIAN_POINT('Ctrl Pts',(170.247003030935,-111.639315497704,-6.41421356237304));
#5329=CARTESIAN_POINT('Ctrl Pts',(170.124497213351,-111.624375763852,-6.53762697732189));
#5330=CARTESIAN_POINT('Ctrl Pts',(169.847241815121,-111.590564129922,-6.75194803666997));
#5331=CARTESIAN_POINT('Ctrl Pts',(169.362921701964,-111.531500701488,-6.95404625108538));
#5332=CARTESIAN_POINT('Ctrl Pts',(169.016439156965,-111.489246732586,-7.));
#5333=CARTESIAN_POINT('Ctrl Pts',(168.843189768269,-111.468118758355,-7.));
#5334=CARTESIAN_POINT('',(170.247003030935,-111.639315497704,-6.41421356237304));
#5335=CARTESIAN_POINT('Ctrl Pts',(170.60356683549,-110.069514781666,-5.95333735802395));
#5336=CARTESIAN_POINT('Ctrl Pts',(170.555151383416,-110.155222643045,-6.03840571478427));
#5337=CARTESIAN_POINT('Ctrl Pts',(170.459056568327,-110.340711198709,-6.17827322555878));
#5338=CARTESIAN_POINT('Ctrl Pts',(170.328178219806,-110.842913990589,-6.37454337219143));
#5339=CARTESIAN_POINT('Ctrl Pts',(170.279535838441,-111.372546476155,-6.41421356237304));
#5340=CARTESIAN_POINT('Ctrl Pts',(170.247003030935,-111.639315497704,-6.41421356237304));
#5341=CARTESIAN_POINT('',(168.843189768269,-111.468118758355,-7.));
#5342=CARTESIAN_POINT('Origin',(168.843189768269,-111.468118758355,-5.));
#5343=CARTESIAN_POINT('Origin',(155.50517213693,-109.841531242338,-7.));
#5344=CARTESIAN_POINT('Ctrl Pts',(170.60356683549,-110.069514781666,-5.95333735802395));
#5345=CARTESIAN_POINT('Ctrl Pts',(170.555151383416,-110.155222643045,-6.03840571478427));
#5346=CARTESIAN_POINT('Ctrl Pts',(170.459056568327,-110.340711198709,-6.17827322555878));
#5347=CARTESIAN_POINT('Ctrl Pts',(170.328178219806,-110.842913990589,-6.37454337219143));
#5348=CARTESIAN_POINT('Ctrl Pts',(170.279535838441,-111.372546476155,-6.41421356237304));
#5349=CARTESIAN_POINT('Ctrl Pts',(170.247003030935,-111.639315497704,-6.41421356237304));
#5350=CARTESIAN_POINT('Ctrl Pts',(170.649372452433,-110.15664536733,-5.86826900126363));
#5351=CARTESIAN_POINT('Ctrl Pts',(170.608196629083,-110.236059662513,-5.95065152482083));
#5352=CARTESIAN_POINT('Ctrl Pts',(170.525490490321,-110.413286882458,-6.08866217827727));
#5353=CARTESIAN_POINT('Ctrl Pts',(170.427446452081,-110.913230158931,-6.26991774091042));
#5354=CARTESIAN_POINT('Ctrl Pts',(170.39276440732,-111.40692145838,-6.29765644825468));
#5355=CARTESIAN_POINT('Ctrl Pts',(170.369508848518,-111.654255231556,-6.29080014742419));
#5356=CARTESIAN_POINT('Ctrl Pts',(170.740483246364,-110.306461962983,-5.68005268691019));
#5357=CARTESIAN_POINT('Ctrl Pts',(170.710899787199,-110.381036418253,-5.7584789452403));
#5358=CARTESIAN_POINT('Ctrl Pts',(170.654890412607,-110.555139972405,-5.88823585504552));
#5359=CARTESIAN_POINT('Ctrl Pts',(170.61768669323,-111.060294255778,-6.02353075679677));
#5360=CARTESIAN_POINT('Ctrl Pts',(170.595620617934,-111.469618580082,-6.03094324800451));
#5361=CARTESIAN_POINT('Ctrl Pts',(170.582253764552,-111.680199733511,-6.01149067311916));
#5362=CARTESIAN_POINT('Ctrl Pts',(170.899952544167,-110.536176950854,-5.17362775339033));
#5363=CARTESIAN_POINT('Ctrl Pts',(170.887210341007,-110.617756275822,-5.25268727076272));
#5364=CARTESIAN_POINT('Ctrl Pts',(170.868403721922,-110.817246327254,-5.38044231284612));
#5365=CARTESIAN_POINT('Ctrl Pts',(170.833425903285,-111.237779023113,-5.53036588658295));
#5366=CARTESIAN_POINT('Ctrl Pts',(170.797635130094,-111.541327120506,-5.54598059094803));
#5367=CARTESIAN_POINT('Ctrl Pts',(170.782865723952,-111.704664606609,-5.52358242294613));
#5368=CARTESIAN_POINT('Ctrl Pts',(170.957543584337,-110.65191860905,-4.76113285865878));
#5369=CARTESIAN_POINT('Ctrl Pts',(170.947155360099,-110.737102047796,-4.8530059710502));
#5370=CARTESIAN_POINT('Ctrl Pts',(170.923072426831,-110.934582100599,-5.01331068776577));
#5371=CARTESIAN_POINT('Ctrl Pts',(170.878244135503,-111.302174089483,-5.16484227262199));
#5372=CARTESIAN_POINT('Ctrl Pts',(170.845209409094,-111.573058846037,-5.18422919882151));
#5373=CARTESIAN_POINT('Ctrl Pts',(170.82848152337,-111.710227508977,-5.17453292519932));
#5374=CARTESIAN_POINT('Ctrl Pts',(170.951152980438,-110.704321561021,-4.58025324484983));
#5375=CARTESIAN_POINT('Ctrl Pts',(170.940447876317,-110.792103414807,-4.66868543982625));
#5376=CARTESIAN_POINT('Ctrl Pts',(170.91622006441,-110.990771472447,-4.82225773758396));
#5377=CARTESIAN_POINT('Ctrl Pts',(170.873898015212,-111.337812275875,-4.96707172485573));
#5378=CARTESIAN_POINT('Ctrl Pts',(170.843620826803,-111.586085220822,-4.99999999999989));
#5379=CARTESIAN_POINT('Ctrl Pts',(170.82848152337,-111.710227508977,-4.99999999999989));
#5380=CARTESIAN_POINT('',(170.951152980438,-110.704321561021,-4.58025324484983));
#5381=CARTESIAN_POINT('Ctrl Pts',(170.60356683549,-110.069514781666,-5.95333735802395));
#5382=CARTESIAN_POINT('Ctrl Pts',(170.649372452433,-110.15664536733,-5.86826900126363));
#5383=CARTESIAN_POINT('Ctrl Pts',(170.740483246364,-110.306461962983,-5.68005268691019));
#5384=CARTESIAN_POINT('Ctrl Pts',(170.899952544167,-110.536176950854,-5.17362775339033));
#5385=CARTESIAN_POINT('Ctrl Pts',(170.957543584337,-110.65191860905,-4.76113285865878));
#5386=CARTESIAN_POINT('Ctrl Pts',(170.951152980438,-110.704321561021,-4.58025324484983));
#5387=CARTESIAN_POINT('',(170.82848152337,-111.710227508977,-5.));
#5388=CARTESIAN_POINT('Origin',(170.82848152337,-111.710227508977,-3.56689493580445));
#5389=CARTESIAN_POINT('Origin',(168.843189768269,-111.468118758355,-5.));
#5390=CARTESIAN_POINT('Ctrl Pts',(163.143483940802,-136.937893434377,-5.93040316628574));
#5391=CARTESIAN_POINT('Ctrl Pts',(163.255974155261,-136.836808030235,-6.0199904882571));
#5392=CARTESIAN_POINT('Ctrl Pts',(163.483289783063,-136.616243927961,-6.16791048908339));
#5393=CARTESIAN_POINT('Ctrl Pts',(164.039679700712,-136.074822389681,-6.37145409922903));
#5394=CARTESIAN_POINT('Ctrl Pts',(164.557867386374,-135.604783276507,-6.41421356237309));
#5395=CARTESIAN_POINT('Ctrl Pts',(164.807315882204,-135.365154318528,-6.41421356237309));
#5396=CARTESIAN_POINT('Ctrl Pts',(163.104738257932,-136.836704886365,-6.10957781022847));
#5397=CARTESIAN_POINT('Ctrl Pts',(163.218614487496,-136.733791509947,-6.18152061042295));
#5398=CARTESIAN_POINT('Ctrl Pts',(163.449015811929,-136.509788685668,-6.30515853274399));
#5399=CARTESIAN_POINT('Ctrl Pts',(164.003178342486,-135.960578797674,-6.49192340625711));
#5400=CARTESIAN_POINT('Ctrl Pts',(164.487864794889,-135.510405394998,-6.53077067649145));
#5401=CARTESIAN_POINT('Ctrl Pts',(164.721818757987,-135.276153685159,-6.53762697732194));
#5402=CARTESIAN_POINT('Ctrl Pts',(163.015663760564,-136.604077187329,-6.41849964883096));
#5403=CARTESIAN_POINT('Ctrl Pts',(163.133356247027,-136.497634105936,-6.4668546799727));
#5404=CARTESIAN_POINT('Ctrl Pts',(163.371632594092,-136.261555247868,-6.55988641111529));
#5405=CARTESIAN_POINT('Ctrl Pts',(163.918355712149,-135.690970341068,-6.71626501214151));
#5406=CARTESIAN_POINT('Ctrl Pts',(164.326875904889,-135.295217041791,-6.73972481859475));
#5407=CARTESIAN_POINT('Ctrl Pts',(164.528321504635,-135.074727283262,-6.75194803666999));
#5408=CARTESIAN_POINT('Ctrl Pts',(162.779318269407,-135.986835334615,-6.86063672609117));
#5409=CARTESIAN_POINT('Ctrl Pts',(162.916037564971,-135.878039945771,-6.87971242852418));
#5410=CARTESIAN_POINT('Ctrl Pts',(163.197278147273,-135.629917483344,-6.92273196693937));
#5411=CARTESIAN_POINT('Ctrl Pts',(163.707132627292,-135.207322588683,-6.95074120031418));
#5412=CARTESIAN_POINT('Ctrl Pts',(164.032281963848,-134.905737084769,-6.94893432386134));
#5413=CARTESIAN_POINT('Ctrl Pts',(164.190313255786,-134.722868100779,-6.95404625108538));
#5414=CARTESIAN_POINT('Ctrl Pts',(162.572885878886,-135.447714784606,-7.));
#5415=CARTESIAN_POINT('Ctrl Pts',(162.731830147425,-135.371165071644,-7.));
#5416=CARTESIAN_POINT('Ctrl Pts',(163.04872421393,-135.20183451278,-7.));
#5417=CARTESIAN_POINT('Ctrl Pts',(163.521025920076,-134.88125819252,-7.));
#5418=CARTESIAN_POINT('Ctrl Pts',(163.811554252757,-134.616150492448,-7.));
#5419=CARTESIAN_POINT('Ctrl Pts',(163.948502199193,-134.471148088093,-7.));
#5420=CARTESIAN_POINT('Ctrl Pts',(162.478579252699,-135.20142281438,-7.));
#5421=CARTESIAN_POINT('Ctrl Pts',(162.645477381609,-135.137516551256,-7.));
#5422=CARTESIAN_POINT('Ctrl Pts',(162.970746843012,-134.987438517655,-7.));
#5423=CARTESIAN_POINT('Ctrl Pts',(163.424429339926,-134.699512176627,-7.));
#5424=CARTESIAN_POINT('Ctrl Pts',(163.698709276641,-134.469090487095,-7.));
#5425=CARTESIAN_POINT('Ctrl Pts',(163.827591006582,-134.345282185323,-7.));
#5426=CARTESIAN_POINT('',(163.143483940802,-136.937893434377,-5.93040316628574));
#5427=CARTESIAN_POINT('',(164.807315882204,-135.365154318528,-6.41421356237309));
#5428=CARTESIAN_POINT('Ctrl Pts',(163.143483940802,-136.937893434377,-5.93040316628574));
#5429=CARTESIAN_POINT('Ctrl Pts',(163.255974155261,-136.836808030235,-6.0199904882571));
#5430=CARTESIAN_POINT('Ctrl Pts',(163.483289783063,-136.616243927961,-6.16791048908339));
#5431=CARTESIAN_POINT('Ctrl Pts',(164.039679700712,-136.074822389681,-6.37145409922903));
#5432=CARTESIAN_POINT('Ctrl Pts',(164.557867386374,-135.604783276507,-6.41421356237309));
#5433=CARTESIAN_POINT('Ctrl Pts',(164.807315882204,-135.365154318528,-6.41421356237309));
#5434=CARTESIAN_POINT('',(162.478579252699,-135.20142281438,-7.));
#5435=CARTESIAN_POINT('Ctrl Pts',(163.143483940802,-136.937893434377,-5.93040316628574));
#5436=CARTESIAN_POINT('Ctrl Pts',(163.104738257932,-136.836704886365,-6.10957781022847));
#5437=CARTESIAN_POINT('Ctrl Pts',(163.015663760564,-136.604077187329,-6.41849964883096));
#5438=CARTESIAN_POINT('Ctrl Pts',(162.779318269407,-135.986835334615,-6.86063672609117));
#5439=CARTESIAN_POINT('Ctrl Pts',(162.572885878886,-135.447714784606,-7.));
#5440=CARTESIAN_POINT('Ctrl Pts',(162.478579252699,-135.20142281438,-7.));
#5441=CARTESIAN_POINT('',(163.827591006582,-134.345282185323,-7.));
#5442=CARTESIAN_POINT('Origin',(161.039391170851,-131.442827235957,-7.));
#5443=CARTESIAN_POINT('Origin',(163.827591006582,-134.345282185323,-5.));
#5444=CARTESIAN_POINT('Ctrl Pts',(163.143483940802,-136.937893434377,-5.93040316628574));
#5445=CARTESIAN_POINT('Ctrl Pts',(163.104738257932,-136.836704886365,-6.10957781022847));
#5446=CARTESIAN_POINT('Ctrl Pts',(163.015663760564,-136.604077187329,-6.41849964883096));
#5447=CARTESIAN_POINT('Ctrl Pts',(162.779318269407,-135.986835334615,-6.86063672609117));
#5448=CARTESIAN_POINT('Ctrl Pts',(162.572885878886,-135.447714784606,-7.));
#5449=CARTESIAN_POINT('Ctrl Pts',(162.478579252699,-135.20142281438,-7.));
#5450=CARTESIAN_POINT('Ctrl Pts',(162.992248043474,-136.937790290507,-6.01999048825711));
#5451=CARTESIAN_POINT('Ctrl Pts',(162.951249921777,-136.836166955366,-6.18152061042295));
#5452=CARTESIAN_POINT('Ctrl Pts',(162.856977682604,-136.603461063824,-6.46685467997271));
#5453=CARTESIAN_POINT('Ctrl Pts',(162.604900186152,-135.997176255617,-6.87971242852418));
#5454=CARTESIAN_POINT('Ctrl Pts',(162.403463096327,-135.496898723098,-7.));
#5455=CARTESIAN_POINT('Ctrl Pts',(162.311681123788,-135.265329077503,-7.));
#5456=CARTESIAN_POINT('Ctrl Pts',(162.675753589478,-136.925454227718,-6.16791048908339));
#5457=CARTESIAN_POINT('Ctrl Pts',(162.630162220519,-136.823332482798,-6.30515853274399));
#5458=CARTESIAN_POINT('Ctrl Pts',(162.521963464907,-136.586898493429,-6.55988641111529));
#5459=CARTESIAN_POINT('Ctrl Pts',(162.229865550282,-136.000345386737,-6.92273196693938));
#5460=CARTESIAN_POINT('Ctrl Pts',(162.054517099072,-135.582522192723,-7.));
#5461=CARTESIAN_POINT('Ctrl Pts',(161.969360170173,-135.370875292057,-7.));
#5462=CARTESIAN_POINT('Ctrl Pts',(161.900044883112,-136.894100991155,-6.37145409922904));
#5463=CARTESIAN_POINT('Ctrl Pts',(161.850909528142,-136.784695029896,-6.49192340625712));
#5464=CARTESIAN_POINT('Ctrl Pts',(161.733971525008,-136.527383736103,-6.71626501214153));
#5465=CARTESIAN_POINT('Ctrl Pts',(161.568154280133,-136.026349823812,-6.95074120031418));
#5466=CARTESIAN_POINT('Ctrl Pts',(161.488891904123,-135.659374112538,-7.));
#5467=CARTESIAN_POINT('Ctrl Pts',(161.439399070332,-135.459591798523,-7.));
#5468=CARTESIAN_POINT('Ctrl Pts',(161.200444102925,-136.890360156072,-6.4142135623731));
#5469=CARTESIAN_POINT('Ctrl Pts',(161.189510505803,-136.773364413472,-6.53077067649145));
#5470=CARTESIAN_POINT('Ctrl Pts',(161.165606674088,-136.505685395077,-6.73972481859475));
#5471=CARTESIAN_POINT('Ctrl Pts',(161.124732712424,-136.019054584012,-6.94893432386134));
#5472=CARTESIAN_POINT('Ctrl Pts',(161.095600514249,-135.656104956757,-7.));
#5473=CARTESIAN_POINT('Ctrl Pts',(161.081367110629,-135.471286007429,-7.));
#5474=CARTESIAN_POINT('Ctrl Pts',(160.854743812481,-136.878617125765,-6.4142135623731));
#5475=CARTESIAN_POINT('Ctrl Pts',(160.858933603771,-136.755274851429,-6.53762697732194));
#5476=CARTESIAN_POINT('Ctrl Pts',(160.868415947347,-136.476126382695,-6.75194803667));
#5477=CARTESIAN_POINT('Ctrl Pts',(160.884980060231,-135.988499383082,-6.95404625108538));
#5478=CARTESIAN_POINT('Ctrl Pts',(160.896830024401,-135.639651091949,-7.));
#5479=CARTESIAN_POINT('Ctrl Pts',(160.902755284066,-135.46521877477,-7.));
#5480=CARTESIAN_POINT('',(160.854743812481,-136.878617125765,-6.4142135623731));
#5481=CARTESIAN_POINT('Ctrl Pts',(163.143483940802,-136.937893434377,-5.93040316628574));
#5482=CARTESIAN_POINT('Ctrl Pts',(162.992248043474,-136.937790290507,-6.01999048825711));
#5483=CARTESIAN_POINT('Ctrl Pts',(162.675753589478,-136.925454227718,-6.16791048908339));
#5484=CARTESIAN_POINT('Ctrl Pts',(161.900044883112,-136.894100991155,-6.37145409922904));
#5485=CARTESIAN_POINT('Ctrl Pts',(161.200444102925,-136.890360156072,-6.4142135623731));
#5486=CARTESIAN_POINT('Ctrl Pts',(160.854743812481,-136.878617125765,-6.4142135623731));
#5487=CARTESIAN_POINT('',(160.902755284066,-135.46521877477,-7.));
#5488=CARTESIAN_POINT('Origin',(160.902755284066,-135.46521877477,-5.));
#5489=CARTESIAN_POINT('Origin',(161.039391170851,-131.442827235957,-7.));
#5490=CARTESIAN_POINT('Ctrl Pts',(163.143483940802,-136.937893434377,-5.93040316628574));
#5491=CARTESIAN_POINT('Ctrl Pts',(162.992248043474,-136.937790290507,-6.01999048825711));
#5492=CARTESIAN_POINT('Ctrl Pts',(162.675753589478,-136.925454227718,-6.16791048908339));
#5493=CARTESIAN_POINT('Ctrl Pts',(161.900044883112,-136.894100991155,-6.37145409922904));
#5494=CARTESIAN_POINT('Ctrl Pts',(161.200444102925,-136.890360156072,-6.4142135623731));
#5495=CARTESIAN_POINT('Ctrl Pts',(160.854743812481,-136.878617125765,-6.4142135623731));
#5496=CARTESIAN_POINT('Ctrl Pts',(163.030993726343,-137.038978838518,-5.84081584431437));
#5497=CARTESIAN_POINT('Ctrl Pts',(162.889610814743,-137.035358516819,-5.92840709419196));
#5498=CARTESIAN_POINT('Ctrl Pts',(162.586361734548,-137.019911482477,-6.07555418183782));
#5499=CARTESIAN_POINT('Ctrl Pts',(161.823777299095,-137.002832088181,-6.26592800934243));
#5500=CARTESIAN_POINT('Ctrl Pts',(161.172966556665,-137.006051117527,-6.29765644825475));
#5501=CARTESIAN_POINT('Ctrl Pts',(160.850554021192,-137.001959400101,-6.29080014742426));
#5502=CARTESIAN_POINT('Ctrl Pts',(162.8231170226,-137.212894619574,-5.64274577100917));
#5503=CARTESIAN_POINT('Ctrl Pts',(162.692126082439,-137.206792231094,-5.72778175971197));
#5504=CARTESIAN_POINT('Ctrl Pts',(162.399397843356,-137.193803706596,-5.86913664589773));
#5505=CARTESIAN_POINT('Ctrl Pts',(161.655572814171,-137.207148884222,-6.01802708366924));
#5506=CARTESIAN_POINT('Ctrl Pts',(161.118311003857,-137.213269194405,-6.0309432480046));
#5507=CARTESIAN_POINT('Ctrl Pts',(160.843277984726,-137.216156915897,-6.01149067311926));
#5508=CARTESIAN_POINT('Ctrl Pts',(162.42845773589,-137.442505223342,-5.11564028901764));
#5509=CARTESIAN_POINT('Ctrl Pts',(162.300942539981,-137.43909922106,-5.20544347573519));
#5510=CARTESIAN_POINT('Ctrl Pts',(162.002874117972,-137.437627205716,-5.35248717420624));
#5511=CARTESIAN_POINT('Ctrl Pts',(161.43000213219,-137.430901084717,-5.52382669526363));
#5512=CARTESIAN_POINT('Ctrl Pts',(161.04274972261,-137.420032638845,-5.54598059094816));
#5513=CARTESIAN_POINT('Ctrl Pts',(160.83641690452,-137.418138632516,-5.52358242294626));
#5514=CARTESIAN_POINT('Ctrl Pts',(162.159750130936,-137.509070952102,-4.68946794938511));
#5515=CARTESIAN_POINT('Ctrl Pts',(162.047975181318,-137.505274089162,-4.79581559302535));
#5516=CARTESIAN_POINT('Ctrl Pts',(161.794086808418,-137.496649801188,-4.98146305366736));
#5517=CARTESIAN_POINT('Ctrl Pts',(161.333666592085,-137.481009870578,-5.15828507560462));
#5518=CARTESIAN_POINT('Ctrl Pts',(161.002085827205,-137.469746463868,-5.18422919882164));
#5519=CARTESIAN_POINT('Ctrl Pts',(160.834856809801,-137.464065891783,-5.17453292519945));
#5520=CARTESIAN_POINT('Ctrl Pts',(162.03618224601,-137.504873497087,-4.50210770572114));
#5521=CARTESIAN_POINT('Ctrl Pts',(161.931346824761,-137.501312361725,-4.60700359331218));
#5522=CARTESIAN_POINT('Ctrl Pts',(161.694083100961,-137.493252793433,-4.78916691614938));
#5523=CARTESIAN_POINT('Ctrl Pts',(161.279621942432,-137.479174037701,-4.96094136700997));
#5524=CARTESIAN_POINT('Ctrl Pts',(160.983116484349,-137.46910209771,-5.00000000000001));
#5525=CARTESIAN_POINT('Ctrl Pts',(160.834856809801,-137.464065891783,-5.00000000000001));
#5526=CARTESIAN_POINT('',(162.03618224601,-137.504873497087,-4.50210770572114));
#5527=CARTESIAN_POINT('Ctrl Pts',(163.143483940802,-136.937893434377,-5.93040316628574));
#5528=CARTESIAN_POINT('Ctrl Pts',(163.030993726343,-137.038978838518,-5.84081584431437));
#5529=CARTESIAN_POINT('Ctrl Pts',(162.8231170226,-137.212894619574,-5.64274577100917));
#5530=CARTESIAN_POINT('Ctrl Pts',(162.42845773589,-137.442505223342,-5.11564028901764));
#5531=CARTESIAN_POINT('Ctrl Pts',(162.159750130936,-137.509070952102,-4.68946794938511));
#5532=CARTESIAN_POINT('Ctrl Pts',(162.03618224601,-137.504873497087,-4.50210770572114));
#5533=CARTESIAN_POINT('',(160.834856809801,-137.464065891783,-5.));
#5534=CARTESIAN_POINT('Origin',(160.834856809801,-137.464065891783,-3.30008937627202));
#5535=CARTESIAN_POINT('Origin',(160.902755284066,-135.46521877477,-5.));
#5536=CARTESIAN_POINT('Ctrl Pts',(163.143483940802,-136.937893434377,-5.93040316628574));
#5537=CARTESIAN_POINT('Ctrl Pts',(163.030993726343,-137.038978838518,-5.84081584431437));
#5538=CARTESIAN_POINT('Ctrl Pts',(162.8231170226,-137.212894619574,-5.64274577100917));
#5539=CARTESIAN_POINT('Ctrl Pts',(162.42845773589,-137.442505223342,-5.11564028901764));
#5540=CARTESIAN_POINT('Ctrl Pts',(162.159750130936,-137.509070952102,-4.68946794938511));
#5541=CARTESIAN_POINT('Ctrl Pts',(162.03618224601,-137.504873497087,-4.50210770572114));
#5542=CARTESIAN_POINT('Ctrl Pts',(163.182229623672,-137.039081982388,-5.751228522343));
#5543=CARTESIAN_POINT('Ctrl Pts',(163.076587982214,-137.123356158539,-5.66390497236616));
#5544=CARTESIAN_POINT('Ctrl Pts',(162.877998720248,-137.271317807702,-5.46697387537352));
#5545=CARTESIAN_POINT('Ctrl Pts',(162.504494338166,-137.464070346272,-4.9443661498));
#5546=CARTESIAN_POINT('Ctrl Pts',(162.257795315563,-137.51240143115,-4.56230250089332));
#5547=CARTESIAN_POINT('Ctrl Pts',(162.141017667259,-137.508434632449,-4.39721181813009));
#5548=CARTESIAN_POINT('Ctrl Pts',(163.244417175056,-137.201491509406,-5.36722309523353));
#5549=CARTESIAN_POINT('Ctrl Pts',(163.151369622817,-137.261900315563,-5.28120216914852));
#5550=CARTESIAN_POINT('Ctrl Pts',(162.96911722914,-137.370489782763,-5.07669157835762));
#5551=CARTESIAN_POINT('Ctrl Pts',(162.634345398962,-137.499876410647,-4.55801095526028));
#5552=CARTESIAN_POINT('Ctrl Pts',(162.428323096062,-137.518194058319,-4.283407527266));
#5553=CARTESIAN_POINT('Ctrl Pts',(162.323075983598,-137.514618938293,-4.15981124679062));
#5554=CARTESIAN_POINT('Ctrl Pts',(163.309407148127,-137.371219864239,-4.37876722331783));
#5555=CARTESIAN_POINT('Ctrl Pts',(163.227154916134,-137.406998806838,-4.30616519004017));
#5556=CARTESIAN_POINT('Ctrl Pts',(163.056857792908,-137.467871447861,-4.13490950321363));
#5557=CARTESIAN_POINT('Ctrl Pts',(162.780871614888,-137.518019044351,-3.89911991408001));
#5558=CARTESIAN_POINT('Ctrl Pts',(162.593781813828,-137.523814495417,-3.80255778805572));
#5559=CARTESIAN_POINT('Ctrl Pts',(162.494751416538,-137.520450549858,-3.7451110378538));
#5560=CARTESIAN_POINT('Ctrl Pts',(163.316861774358,-137.390688428177,-3.63989287915861));
#5561=CARTESIAN_POINT('Ctrl Pts',(163.238532677379,-137.420681094449,-3.62101490677603));
#5562=CARTESIAN_POINT('Ctrl Pts',(163.075010051955,-137.472018072262,-3.57902525330712));
#5563=CARTESIAN_POINT('Ctrl Pts',(162.811982927728,-137.518054106257,-3.51029756409901));
#5564=CARTESIAN_POINT('Ctrl Pts',(162.627476090073,-137.52495905016,-3.46851012244385));
#5565=CARTESIAN_POINT('Ctrl Pts',(162.533787534511,-137.521776560652,-3.44843456314044));
#5566=CARTESIAN_POINT('Ctrl Pts',(163.316861774358,-137.390688428177,-3.30008937627202));
#5567=CARTESIAN_POINT('Ctrl Pts',(163.233925083439,-137.422445368935,-3.30008937627202));
#5568=CARTESIAN_POINT('Ctrl Pts',(163.063815524331,-137.474894451685,-3.30008937627202));
#5569=CARTESIAN_POINT('Ctrl Pts',(162.800461943178,-137.51898034722,-3.30008937627202));
#5570=CARTESIAN_POINT('Ctrl Pts',(162.622545113465,-137.524791550712,-3.30008937627202));
#5571=CARTESIAN_POINT('Ctrl Pts',(162.533787534511,-137.521776560652,-3.30008937627202));
#5572=CARTESIAN_POINT('',(163.316861774358,-137.390688428177,-3.30008937627202));
#5573=CARTESIAN_POINT('Ctrl Pts',(163.143483940802,-136.937893434377,-5.93040316628574));
#5574=CARTESIAN_POINT('Ctrl Pts',(163.182229623672,-137.039081982388,-5.751228522343));
#5575=CARTESIAN_POINT('Ctrl Pts',(163.244417175056,-137.201491509406,-5.36722309523353));
#5576=CARTESIAN_POINT('Ctrl Pts',(163.309407148127,-137.371219864239,-4.37876722331783));
#5577=CARTESIAN_POINT('Ctrl Pts',(163.316861774358,-137.390688428177,-3.63989287915861));
#5578=CARTESIAN_POINT('Ctrl Pts',(163.316861774358,-137.390688428177,-3.30008937627202));
#5579=CARTESIAN_POINT('',(162.533787534511,-137.521776560652,-3.30008937627202));
#5580=CARTESIAN_POINT('Origin',(162.601686008776,-135.522929443639,-3.30008937627202));
#5581=CARTESIAN_POINT('Origin',(160.834856809801,-137.464065891783,-3.30008937627202));
#5582=CARTESIAN_POINT('Ctrl Pts',(163.143483940802,-136.937893434377,-5.93040316628574));
#5583=CARTESIAN_POINT('Ctrl Pts',(163.182229623672,-137.039081982388,-5.751228522343));
#5584=CARTESIAN_POINT('Ctrl Pts',(163.244417175056,-137.201491509406,-5.36722309523353));
#5585=CARTESIAN_POINT('Ctrl Pts',(163.309407148127,-137.371219864239,-4.37876722331783));
#5586=CARTESIAN_POINT('Ctrl Pts',(163.316861774358,-137.390688428177,-3.63989287915861));
#5587=CARTESIAN_POINT('Ctrl Pts',(163.316861774358,-137.390688428177,-3.30008937627202));
#5588=CARTESIAN_POINT('Ctrl Pts',(163.294719838131,-136.937996578247,-5.84081584431437));
#5589=CARTESIAN_POINT('Ctrl Pts',(163.31714037253,-137.031247250842,-5.66390497236616));
#5590=CARTESIAN_POINT('Ctrl Pts',(163.354015230471,-137.184306135159,-5.28120216914852));
#5591=CARTESIAN_POINT('Ctrl Pts',(163.394520669093,-137.342913487749,-4.30616519004017));
#5592=CARTESIAN_POINT('Ctrl Pts',(163.395190871336,-137.360695761905,-3.62101490677603));
#5593=CARTESIAN_POINT('Ctrl Pts',(163.399798465276,-137.358931487419,-3.30008937627202));
#5594=CARTESIAN_POINT('Ctrl Pts',(163.565590790212,-136.928597100691,-5.64274577100917));
#5595=CARTESIAN_POINT('Ctrl Pts',(163.563764583619,-137.008734074787,-5.46697387537351));
#5596=CARTESIAN_POINT('Ctrl Pts',(163.562184327249,-137.143400945583,-5.07669157835762));
#5597=CARTESIAN_POINT('Ctrl Pts',(163.561922419933,-137.274479268093,-4.13490950321363));
#5598=CARTESIAN_POINT('Ctrl Pts',(163.551181867318,-137.289689117927,-3.57902525330712));
#5599=CARTESIAN_POINT('Ctrl Pts',(163.561434625979,-137.284353206838,-3.30008937627202));
#5600=CARTESIAN_POINT('Ctrl Pts',(164.012674788656,-136.83589931062,-5.11564028901763));
#5601=CARTESIAN_POINT('Ctrl Pts',(163.970486735666,-136.902733340856,-4.9443661498));
#5602=CARTESIAN_POINT('Ctrl Pts',(163.897757989884,-137.01610839002,-4.55801095526027));
#5603=CARTESIAN_POINT('Ctrl Pts',(163.800821369881,-137.127474357954,-3.89911991408));
#5604=CARTESIAN_POINT('Ctrl Pts',(163.777689825234,-137.148279325105,-3.510297564099));
#5605=CARTESIAN_POINT('Ctrl Pts',(163.78688307928,-137.141273963775,-3.30008937627202));
#5606=CARTESIAN_POINT('Ctrl Pts',(164.257122047836,-136.705975060824,-4.6894679493851));
#5607=CARTESIAN_POINT('Ctrl Pts',(164.186375147979,-136.773937009588,-4.56230250089331));
#5608=CARTESIAN_POINT('Ctrl Pts',(164.063326659104,-136.892141695778,-4.28340752726599));
#5609=CARTESIAN_POINT('Ctrl Pts',(163.943935876366,-137.0068326614,-3.80255778805571));
#5610=CARTESIAN_POINT('Ctrl Pts',(163.919622947625,-137.030188511914,-3.46851012244385));
#5611=CARTESIAN_POINT('Ctrl Pts',(163.923181014343,-137.026770508461,-3.30008937627202));
#5612=CARTESIAN_POINT('Ctrl Pts',(164.346285476042,-136.620321550188,-4.50210770572113));
#5613=CARTESIAN_POINT('Ctrl Pts',(164.270638914951,-136.692990285065,-4.39721181813008));
#5614=CARTESIAN_POINT('Ctrl Pts',(164.139270286056,-136.819187589035,-4.15981124679061));
#5615=CARTESIAN_POINT('Ctrl Pts',(164.015393680506,-136.938187793093,-3.74511103785379));
#5616=CARTESIAN_POINT('Ctrl Pts',(163.987226215275,-136.965246446303,-3.44843456314044));
#5617=CARTESIAN_POINT('Ctrl Pts',(163.987226215275,-136.965246446303,-3.30008937627202));
#5618=CARTESIAN_POINT('',(164.346285476042,-136.620321550188,-4.50210770572113));
#5619=CARTESIAN_POINT('Ctrl Pts',(163.143483940802,-136.937893434377,-5.93040316628574));
#5620=CARTESIAN_POINT('Ctrl Pts',(163.294719838131,-136.937996578247,-5.84081584431437));
#5621=CARTESIAN_POINT('Ctrl Pts',(163.565590790212,-136.928597100691,-5.64274577100917));
#5622=CARTESIAN_POINT('Ctrl Pts',(164.012674788656,-136.83589931062,-5.11564028901763));
#5623=CARTESIAN_POINT('Ctrl Pts',(164.257122047836,-136.705975060824,-4.6894679493851));
#5624=CARTESIAN_POINT('Ctrl Pts',(164.346285476042,-136.620321550188,-4.50210770572113));
#5625=CARTESIAN_POINT('',(163.987226215275,-136.965246446303,-3.30008937627202));
#5626=CARTESIAN_POINT('Origin',(165.213131213081,-135.787599187988,-3.30008937627202));
#5627=CARTESIAN_POINT('Origin',(162.601686008776,-135.522929443639,-3.30008937627202));
#5628=CARTESIAN_POINT('Ctrl Pts',(167.722557175507,-132.610038807115,-5.93476435511093));
#5629=CARTESIAN_POINT('Ctrl Pts',(167.816772761606,-132.657118923061,-5.75730393226637));
#5630=CARTESIAN_POINT('Ctrl Pts',(167.967383723496,-132.732380159997,-5.37762101730118));
#5631=CARTESIAN_POINT('Ctrl Pts',(168.122151554919,-132.809718610563,-4.40411507853918));
#5632=CARTESIAN_POINT('Ctrl Pts',(168.137698009097,-132.817487270671,-3.68213716441712));
#5633=CARTESIAN_POINT('Ctrl Pts',(168.137698009097,-132.817487270671,-3.35067028281719));
#5634=CARTESIAN_POINT('Ctrl Pts',(167.827914568431,-132.517011178667,-5.84603414368865));
#5635=CARTESIAN_POINT('Ctrl Pts',(167.90504519621,-132.569163633477,-5.67094433959262));
#5636=CARTESIAN_POINT('Ctrl Pts',(168.031090422531,-132.65463113314,-5.2927525367538));
#5637=CARTESIAN_POINT('Ctrl Pts',(168.160296404935,-132.741332974972,-4.33296941357882));
#5638=CARTESIAN_POINT('Ctrl Pts',(168.169788599225,-132.753268360066,-3.66372233766157));
#5639=CARTESIAN_POINT('Ctrl Pts',(168.171676280998,-132.749490777089,-3.35067028281719));
#5640=CARTESIAN_POINT('Ctrl Pts',(168.012949716554,-132.346916652656,-5.64983213274431));
#5641=CARTESIAN_POINT('Ctrl Pts',(168.063311495576,-132.405565800305,-5.47606770352803));
#5642=CARTESIAN_POINT('Ctrl Pts',(168.148333336611,-132.503960059565,-5.09076023792919));
#5643=CARTESIAN_POINT('Ctrl Pts',(168.228608757337,-132.600137011313,-4.16495454466067));
#5644=CARTESIAN_POINT('Ctrl Pts',(168.228337522638,-132.618848563095,-3.62261071876627));
#5645=CARTESIAN_POINT('Ctrl Pts',(168.231871336674,-132.609619612978,-3.35067028281719));
#5646=CARTESIAN_POINT('Ctrl Pts',(168.278177944022,-132.026898379728,-5.12664266327169));
#5647=CARTESIAN_POINT('Ctrl Pts',(168.288456886526,-132.101781199766,-4.95790585517071));
#5648=CARTESIAN_POINT('Ctrl Pts',(168.304423555168,-132.230339310904,-4.57796330339246));
#5649=CARTESIAN_POINT('Ctrl Pts',(168.30059529062,-132.369973968537,-3.93328943256583));
#5650=CARTESIAN_POINT('Ctrl Pts',(168.295559533989,-132.400548232426,-3.55513461914395));
#5651=CARTESIAN_POINT('Ctrl Pts',(168.297707300147,-132.390902069331,-3.35067028281719));
#5652=CARTESIAN_POINT('Ctrl Pts',(168.378709353469,-131.798359302162,-4.70305712112981));
#5653=CARTESIAN_POINT('Ctrl Pts',(168.367319372377,-131.891757147118,-4.57877241377065));
#5654=CARTESIAN_POINT('Ctrl Pts',(168.347528139617,-132.05404525575,-4.3066569000897));
#5655=CARTESIAN_POINT('Ctrl Pts',(168.328283304973,-132.211852899832,-3.83867310599212));
#5656=CARTESIAN_POINT('Ctrl Pts',(168.324212235927,-132.245235666008,-3.51422751691415));
#5657=CARTESIAN_POINT('Ctrl Pts',(168.324723444922,-132.241043752247,-3.35067028281719));
#5658=CARTESIAN_POINT('Ctrl Pts',(168.392403850586,-131.686064425804,-4.51692251024964));
#5659=CARTESIAN_POINT('Ctrl Pts',(168.380083577082,-131.787090668538,-4.41514780386257));
#5660=CARTESIAN_POINT('Ctrl Pts',(168.358688058046,-131.962533924635,-4.1848110957316));
#5661=CARTESIAN_POINT('Ctrl Pts',(168.338512736932,-132.127971557766,-3.7824503075971));
#5662=CARTESIAN_POINT('Ctrl Pts',(168.333925206838,-132.165589304542,-3.49460145289633));
#5663=CARTESIAN_POINT('Ctrl Pts',(168.333925206838,-132.165589304542,-3.35067028281719));
#5664=CARTESIAN_POINT('',(167.722557175507,-132.610038807115,-5.93476435511093));
#5665=CARTESIAN_POINT('',(168.137698009097,-132.817487270671,-3.35067028281719));
#5666=CARTESIAN_POINT('Ctrl Pts',(167.722557175507,-132.610038807115,-5.93476435511093));
#5667=CARTESIAN_POINT('Ctrl Pts',(167.816772761606,-132.657118923061,-5.75730393226637));
#5668=CARTESIAN_POINT('Ctrl Pts',(167.967383723496,-132.732380159997,-5.37762101730118));
#5669=CARTESIAN_POINT('Ctrl Pts',(168.122151554919,-132.809718610563,-4.40411507853918));
#5670=CARTESIAN_POINT('Ctrl Pts',(168.137698009097,-132.817487270671,-3.68213716441712));
#5671=CARTESIAN_POINT('Ctrl Pts',(168.137698009097,-132.817487270671,-3.35067028281719));
#5672=CARTESIAN_POINT('',(168.392403850586,-131.686064425804,-4.51692251024964));
#5673=CARTESIAN_POINT('Ctrl Pts',(167.722557175507,-132.610038807115,-5.93476435511093));
#5674=CARTESIAN_POINT('Ctrl Pts',(167.827914568431,-132.517011178667,-5.84603414368865));
#5675=CARTESIAN_POINT('Ctrl Pts',(168.012949716554,-132.346916652656,-5.64983213274431));
#5676=CARTESIAN_POINT('Ctrl Pts',(168.278177944022,-132.026898379728,-5.12664266327169));
#5677=CARTESIAN_POINT('Ctrl Pts',(168.378709353469,-131.798359302162,-4.70305712112981));
#5678=CARTESIAN_POINT('Ctrl Pts',(168.392403850586,-131.686064425804,-4.51692251024964));
#5679=CARTESIAN_POINT('',(168.333925206838,-132.165589304542,-3.35067028281719));
#5680=CARTESIAN_POINT('Origin',(168.533583785433,-130.528388960059,-3.35067028281719));
#5681=CARTESIAN_POINT('Origin',(166.348633451737,-131.92348055392,-3.35067028281719));
#5682=CARTESIAN_POINT('Ctrl Pts',(167.722557175507,-132.610038807115,-5.93476435511093));
#5683=CARTESIAN_POINT('Ctrl Pts',(167.827914568431,-132.517011178667,-5.84603414368865));
#5684=CARTESIAN_POINT('Ctrl Pts',(168.012949716554,-132.346916652656,-5.64983213274431));
#5685=CARTESIAN_POINT('Ctrl Pts',(168.278177944022,-132.026898379728,-5.12664266327169));
#5686=CARTESIAN_POINT('Ctrl Pts',(168.378709353469,-131.798359302162,-4.70305712112981));
#5687=CARTESIAN_POINT('Ctrl Pts',(168.392403850586,-131.686064425804,-4.51692251024964));
#5688=CARTESIAN_POINT('Ctrl Pts',(167.733698982333,-132.469931062722,-6.02349456653321));
#5689=CARTESIAN_POINT('Ctrl Pts',(167.836445832452,-132.386389698254,-5.93263724057961));
#5690=CARTESIAN_POINT('Ctrl Pts',(168.020736707842,-132.226510226973,-5.7336139179179));
#5691=CARTESIAN_POINT('Ctrl Pts',(168.292117271595,-131.909507352508,-5.21440759359054));
#5692=CARTESIAN_POINT('Ctrl Pts',(168.391620945352,-131.692484248721,-4.80666020505784));
#5693=CARTESIAN_POINT('Ctrl Pts',(168.40472412409,-131.58503818307,-4.61869721663671));
#5694=CARTESIAN_POINT('Ctrl Pts',(167.749395049037,-132.175133047916,-6.16988652715289));
#5695=CARTESIAN_POINT('Ctrl Pts',(167.850657523856,-132.104831005501,-6.07805032254933));
#5696=CARTESIAN_POINT('Ctrl Pts',(168.041283641712,-131.957043200409,-5.87276711730683));
#5697=CARTESIAN_POINT('Ctrl Pts',(168.332414244485,-131.6345769634,-5.35779121040817));
#5698=CARTESIAN_POINT('Ctrl Pts',(168.421103818492,-131.450724688975,-4.98750203560129));
#5699=CARTESIAN_POINT('Ctrl Pts',(168.432607390404,-131.356395399295,-4.79544026273714));
#5700=CARTESIAN_POINT('Ctrl Pts',(167.812306502956,-131.454903725848,-6.3720424410204));
#5701=CARTESIAN_POINT('Ctrl Pts',(167.930127398054,-131.399275104242,-6.26668655821194));
#5702=CARTESIAN_POINT('Ctrl Pts',(168.155836599194,-131.272369153835,-6.01907127254636));
#5703=CARTESIAN_POINT('Ctrl Pts',(168.410698618078,-131.09454868718,-5.52506637564971));
#5704=CARTESIAN_POINT('Ctrl Pts',(168.474962263527,-131.009085439687,-5.15952818954363));
#5705=CARTESIAN_POINT('Ctrl Pts',(168.481314924262,-130.956993621665,-4.96210355814958));
#5706=CARTESIAN_POINT('Ctrl Pts',(167.911521699865,-130.790262412473,-6.4142135623731));
#5707=CARTESIAN_POINT('Ctrl Pts',(168.030004260202,-130.781554664742,-6.29765644825474));
#5708=CARTESIAN_POINT('Ctrl Pts',(168.243005712007,-130.761060808687,-6.0309432480046));
#5709=CARTESIAN_POINT('Ctrl Pts',(168.458672067283,-130.72082423556,-5.54598059094814));
#5710=CARTESIAN_POINT('Ctrl Pts',(168.513932317251,-130.68953099915,-5.18422919882162));
#5711=CARTESIAN_POINT('Ctrl Pts',(168.516160287551,-130.671261642689,-5.));
#5712=CARTESIAN_POINT('Ctrl Pts',(167.952105292998,-130.457476948786,-6.4142135623731));
#5713=CARTESIAN_POINT('Ctrl Pts',(168.074611110581,-130.472416682638,-6.29080014742425));
#5714=CARTESIAN_POINT('Ctrl Pts',(168.287356026615,-130.498361184593,-6.01149067311926));
#5715=CARTESIAN_POINT('Ctrl Pts',(168.487967986015,-130.522826057691,-5.52358242294624));
#5716=CARTESIAN_POINT('Ctrl Pts',(168.533583785433,-130.528388960059,-5.17453292519943));
#5717=CARTESIAN_POINT('Ctrl Pts',(168.533583785433,-130.528388960059,-5.));
#5718=CARTESIAN_POINT('',(167.952105292998,-130.457476948786,-6.4142135623731));
#5719=CARTESIAN_POINT('Ctrl Pts',(167.722557175507,-132.610038807115,-5.93476435511093));
#5720=CARTESIAN_POINT('Ctrl Pts',(167.733698982333,-132.469931062722,-6.02349456653321));
#5721=CARTESIAN_POINT('Ctrl Pts',(167.749395049037,-132.175133047916,-6.16988652715288));
#5722=CARTESIAN_POINT('Ctrl Pts',(167.812306502956,-131.454903725848,-6.3720424410204));
#5723=CARTESIAN_POINT('Ctrl Pts',(167.911521699865,-130.790262412473,-6.4142135623731));
#5724=CARTESIAN_POINT('Ctrl Pts',(167.952105292998,-130.457476948786,-6.4142135623731));
#5725=CARTESIAN_POINT('',(168.533583785433,-130.528388960059,-5.));
#5726=CARTESIAN_POINT('Origin',(166.548292030332,-130.286280209437,-5.));
#5727=CARTESIAN_POINT('Origin',(168.533583785433,-130.528388960059,-3.35067028281719));
#5728=CARTESIAN_POINT('Ctrl Pts',(167.722557175507,-132.610038807115,-5.93476435511093));
#5729=CARTESIAN_POINT('Ctrl Pts',(167.733698982333,-132.469931062722,-6.02349456653321));
#5730=CARTESIAN_POINT('Ctrl Pts',(167.749395049037,-132.175133047916,-6.16988652715288));
#5731=CARTESIAN_POINT('Ctrl Pts',(167.812306502956,-131.454903725848,-6.3720424410204));
#5732=CARTESIAN_POINT('Ctrl Pts',(167.911521699865,-130.790262412473,-6.4142135623731));
#5733=CARTESIAN_POINT('Ctrl Pts',(167.952105292998,-130.457476948786,-6.4142135623731));
#5734=CARTESIAN_POINT('Ctrl Pts',(167.628341589409,-132.56295869117,-6.11222477795549));
#5735=CARTESIAN_POINT('Ctrl Pts',(167.639436050669,-132.420008257316,-6.18360778336578));
#5736=CARTESIAN_POINT('Ctrl Pts',(167.655165924775,-132.119936350892,-6.30622643431642));
#5737=CARTESIAN_POINT('Ctrl Pts',(167.711678979513,-131.392879799594,-6.49224686047275));
#5738=CARTESIAN_POINT('Ctrl Pts',(167.797548427654,-130.761993997572,-6.53077067649145));
#5739=CARTESIAN_POINT('Ctrl Pts',(167.829599475414,-130.442537214935,-6.53762697732194));
#5740=CARTESIAN_POINT('Ctrl Pts',(167.410970348535,-132.454336926477,-6.41883656287136));
#5741=CARTESIAN_POINT('Ctrl Pts',(167.422708867299,-132.305405255623,-6.46699176759703));
#5742=CARTESIAN_POINT('Ctrl Pts',(167.436577986981,-131.990200571614,-6.55973525012214));
#5743=CARTESIAN_POINT('Ctrl Pts',(167.475055133798,-131.245749290026,-6.71629944752961));
#5744=CARTESIAN_POINT('Ctrl Pts',(167.536594181046,-130.698567598436,-6.73972481859475));
#5745=CARTESIAN_POINT('Ctrl Pts',(167.552344077185,-130.408725581004,-6.75194803667));
#5746=CARTESIAN_POINT('Ctrl Pts',(166.832543627739,-132.165293486757,-6.86014070214377));
#5747=CARTESIAN_POINT('Ctrl Pts',(166.857367242323,-132.00006693104,-6.87928067844711));
#5748=CARTESIAN_POINT('Ctrl Pts',(166.897202532996,-131.643583441117,-6.9225361506003));
#5749=CARTESIAN_POINT('Ctrl Pts',(167.005177816884,-131.015586579183,-6.95078692261183));
#5750=CARTESIAN_POINT('Ctrl Pts',(167.061767157212,-130.585993647576,-6.94893432386134));
#5751=CARTESIAN_POINT('Ctrl Pts',(167.068023964028,-130.349662152571,-6.95404625108538));
#5752=CARTESIAN_POINT('Ctrl Pts',(166.325608122361,-131.911974653234,-7.));
#5753=CARTESIAN_POINT('Ctrl Pts',(166.389205448662,-131.75249961674,-7.));
#5754=CARTESIAN_POINT('Ctrl Pts',(166.508978159098,-131.423757422896,-7.));
#5755=CARTESIAN_POINT('Ctrl Pts',(166.654619677319,-130.885398187775,-7.));
#5756=CARTESIAN_POINT('Ctrl Pts',(166.707470174309,-130.502890888228,-7.));
#5757=CARTESIAN_POINT('Ctrl Pts',(166.721541419028,-130.307408183668,-7.));
#5758=CARTESIAN_POINT('Ctrl Pts',(166.093809509651,-131.796143440859,-7.));
#5759=CARTESIAN_POINT('Ctrl Pts',(166.172506707794,-131.638656516741,-7.));
#5760=CARTESIAN_POINT('Ctrl Pts',(166.311924693432,-131.314700408881,-7.));
#5761=CARTESIAN_POINT('Ctrl Pts',(166.464407605971,-130.808127916901,-7.));
#5762=CARTESIAN_POINT('Ctrl Pts',(166.52697979636,-130.461040528008,-7.));
#5763=CARTESIAN_POINT('Ctrl Pts',(166.548292030332,-130.286280209437,-7.));
#5764=CARTESIAN_POINT('',(166.093809509651,-131.796143440859,-7.));
#5765=CARTESIAN_POINT('Ctrl Pts',(167.722557175507,-132.610038807115,-5.93476435511093));
#5766=CARTESIAN_POINT('Ctrl Pts',(167.628341589409,-132.56295869117,-6.11222477795549));
#5767=CARTESIAN_POINT('Ctrl Pts',(167.410970348535,-132.454336926477,-6.41883656287136));
#5768=CARTESIAN_POINT('Ctrl Pts',(166.832543627739,-132.165293486757,-6.86014070214377));
#5769=CARTESIAN_POINT('Ctrl Pts',(166.325608122361,-131.911974653234,-7.));
#5770=CARTESIAN_POINT('Ctrl Pts',(166.093809509651,-131.796143440859,-7.));
#5771=CARTESIAN_POINT('',(166.548292030332,-130.286280209437,-7.));
#5772=CARTESIAN_POINT('Origin',(161.95015063334,-129.725531258584,-7.));
#5773=CARTESIAN_POINT('Origin',(166.548292030332,-130.286280209437,-5.));
#5774=CARTESIAN_POINT('Ctrl Pts',(167.722557175507,-132.610038807115,-5.93476435511093));
#5775=CARTESIAN_POINT('Ctrl Pts',(167.628341589409,-132.56295869117,-6.11222477795549));
#5776=CARTESIAN_POINT('Ctrl Pts',(167.410970348535,-132.454336926477,-6.41883656287136));
#5777=CARTESIAN_POINT('Ctrl Pts',(166.832543627739,-132.165293486757,-6.86014070214377));
#5778=CARTESIAN_POINT('Ctrl Pts',(166.325608122361,-131.911974653234,-7.));
#5779=CARTESIAN_POINT('Ctrl Pts',(166.093809509651,-131.796143440859,-7.));
#5780=CARTESIAN_POINT('Ctrl Pts',(167.617199782584,-132.703066435563,-6.02349456653321));
#5781=CARTESIAN_POINT('Ctrl Pts',(167.520682421797,-132.657655139037,-6.18360778336578));
#5782=CARTESIAN_POINT('Ctrl Pts',(167.2989145555,-132.553139429753,-6.46699176759703));
#5783=CARTESIAN_POINT('Ctrl Pts',(166.715312501589,-132.284343432649,-6.87928067844711));
#5784=CARTESIAN_POINT('Ctrl Pts',(166.236255394647,-132.05857955502,-7.));
#5785=CARTESIAN_POINT('Ctrl Pts',(166.015112311507,-131.953630364978,-7.));
#5786=CARTESIAN_POINT('Ctrl Pts',(167.3908680851,-132.892608512047,-6.16988652715289));
#5787=CARTESIAN_POINT('Ctrl Pts',(167.290153396118,-132.850390569833,-6.30622643431642));
#5788=CARTESIAN_POINT('Ctrl Pts',(167.055166424944,-132.753472138395,-6.55973525012213));
#5789=CARTESIAN_POINT('Ctrl Pts',(166.454142438227,-132.530224556312,-6.9225361506003));
#5790=CARTESIAN_POINT('Ctrl Pts',(166.045263049315,-132.351732853148,-7.));
#5791=CARTESIAN_POINT('Ctrl Pts',(165.839742036293,-132.259620889521,-7.));
#5792=CARTESIAN_POINT('Ctrl Pts',(166.852658355748,-133.3753283217,-6.3720424410204));
#5793=CARTESIAN_POINT('Ctrl Pts',(166.742642364303,-133.332092369894,-6.49224686047275));
#5794=CARTESIAN_POINT('Ctrl Pts',(166.482916190384,-133.231193679181,-6.71629944752961));
#5795=CARTESIAN_POINT('Ctrl Pts',(166.016747896788,-132.993608560836,-6.95078692261184));
#5796=CARTESIAN_POINT('Ctrl Pts',(165.702167222382,-132.791422938788,-7.));
#5797=CARTESIAN_POINT('Ctrl Pts',(165.526174044657,-132.685698162875,-7.));
#5798=CARTESIAN_POINT('Ctrl Pts',(166.380699245883,-133.853707177166,-6.41421356237309));
#5799=CARTESIAN_POINT('Ctrl Pts',(166.289665672727,-133.77953239292,-6.53077067649145));
#5800=CARTESIAN_POINT('Ctrl Pts',(166.082271782685,-133.608922307335,-6.73972481859474));
#5801=CARTESIAN_POINT('Ctrl Pts',(165.70716963601,-133.296781351138,-6.94893432386134));
#5802=CARTESIAN_POINT('Ctrl Pts',(165.42799947098,-133.063336626069,-7.));
#5803=CARTESIAN_POINT('Ctrl Pts',(165.28616889995,-132.94412119794,-7.));
#5804=CARTESIAN_POINT('Ctrl Pts',(166.138930180313,-134.08595900559,-6.41421356237309));
#5805=CARTESIAN_POINT('Ctrl Pts',(166.053433056096,-133.996958372221,-6.53762697732194));
#5806=CARTESIAN_POINT('Ctrl Pts',(165.859935802743,-133.795531970323,-6.75194803666999));
#5807=CARTESIAN_POINT('Ctrl Pts',(165.521927553895,-133.443672787841,-6.95404625108538));
#5808=CARTESIAN_POINT('Ctrl Pts',(165.280116497301,-133.191952775155,-7.));
#5809=CARTESIAN_POINT('Ctrl Pts',(165.15920530469,-133.066086872385,-7.));
#5810=CARTESIAN_POINT('',(166.138930180313,-134.08595900559,-6.41421356237309));
#5811=CARTESIAN_POINT('Ctrl Pts',(167.722557175507,-132.610038807115,-5.93476435511093));
#5812=CARTESIAN_POINT('Ctrl Pts',(167.617199782584,-132.703066435563,-6.02349456653321));
#5813=CARTESIAN_POINT('Ctrl Pts',(167.3908680851,-132.892608512047,-6.16988652715289));
#5814=CARTESIAN_POINT('Ctrl Pts',(166.852658355748,-133.3753283217,-6.3720424410204));
#5815=CARTESIAN_POINT('Ctrl Pts',(166.380699245883,-133.853707177166,-6.41421356237309));
#5816=CARTESIAN_POINT('Ctrl Pts',(166.138930180313,-134.08595900559,-6.41421356237309));
#5817=CARTESIAN_POINT('',(165.15920530469,-133.066086872385,-7.));
#5818=CARTESIAN_POINT('Origin',(165.15920530469,-133.066086872385,-5.));
#5819=CARTESIAN_POINT('Origin',(161.95015063334,-129.725531258584,-7.));
#5820=CARTESIAN_POINT('Ctrl Pts',(167.722557175507,-132.610038807115,-5.93476435511093));
#5821=CARTESIAN_POINT('Ctrl Pts',(167.617199782584,-132.703066435563,-6.02349456653321));
#5822=CARTESIAN_POINT('Ctrl Pts',(167.3908680851,-132.892608512047,-6.16988652715289));
#5823=CARTESIAN_POINT('Ctrl Pts',(166.852658355748,-133.3753283217,-6.3720424410204));
#5824=CARTESIAN_POINT('Ctrl Pts',(166.380699245883,-133.853707177166,-6.41421356237309));
#5825=CARTESIAN_POINT('Ctrl Pts',(166.138930180313,-134.08595900559,-6.41421356237309));
#5826=CARTESIAN_POINT('Ctrl Pts',(167.711415368682,-132.750146551509,-5.84603414368865));
#5827=CARTESIAN_POINT('Ctrl Pts',(167.612077003306,-132.835391157059,-5.93263724057961));
#5828=CARTESIAN_POINT('Ctrl Pts',(167.395441844897,-133.015797580943,-6.07805032254933));
#5829=CARTESIAN_POINT('Ctrl Pts',(166.878907990368,-133.502949885497,-6.26668655821194));
#5830=CARTESIAN_POINT('Ctrl Pts',(166.444869589531,-133.953687720127,-6.29765644825474));
#5831=CARTESIAN_POINT('Ctrl Pts',(166.224427304529,-134.174959638959,-6.29080014742425));
#5832=CARTESIAN_POINT('Ctrl Pts',(167.68647839861,-133.000243135539,-5.64983213274431));
#5833=CARTESIAN_POINT('Ctrl Pts',(167.594862351516,-133.078759659238,-5.73361391791791));
#5834=CARTESIAN_POINT('Ctrl Pts',(167.391700642082,-133.256972943583,-5.87276711730682));
#5835=CARTESIAN_POINT('Ctrl Pts',(166.912929420851,-133.759644852326,-6.01907127254635));
#5836=CARTESIAN_POINT('Ctrl Pts',(166.556361245317,-134.136332805735,-6.03094324800459));
#5837=CARTESIAN_POINT('Ctrl Pts',(166.372902526942,-134.329519092922,-6.01149067311925));
#5838=CARTESIAN_POINT('Ctrl Pts',(167.589790729488,-133.404482176569,-5.12664266327169));
#5839=CARTESIAN_POINT('Ctrl Pts',(167.504279865436,-133.486108460658,-5.21440759359053));
#5840=CARTESIAN_POINT('Ctrl Pts',(167.308606456702,-133.683396275775,-5.35779121040817));
#5841=CARTESIAN_POINT('Ctrl Pts',(166.923736255044,-134.070221701699,-5.52506637564971));
#5842=CARTESIAN_POINT('Ctrl Pts',(166.653664241622,-134.332962115669,-5.54598059094814));
#5843=CARTESIAN_POINT('Ctrl Pts',(166.512910127809,-134.475263938352,-5.52358242294624));
#5844=CARTESIAN_POINT('Ctrl Pts',(167.467380591191,-133.622088316884,-4.70305712112981));
#5845=CARTESIAN_POINT('Ctrl Pts',(167.390462229271,-133.695978788161,-4.80666020505784));
#5846=CARTESIAN_POINT('Ctrl Pts',(167.214823599492,-133.864703404819,-4.98750203560129));
#5847=CARTESIAN_POINT('Ctrl Pts',(166.893972119272,-134.172924569332,-5.15952818954363));
#5848=CARTESIAN_POINT('Ctrl Pts',(166.661815408965,-134.395942432773,-5.18422919882162));
#5849=CARTESIAN_POINT('Ctrl Pts',(166.54474551119,-134.50840387505,-5.17453292519943));
#5850=CARTESIAN_POINT('Ctrl Pts',(167.3857982197,-133.700459199036,-4.51692251024964));
#5851=CARTESIAN_POINT('Ctrl Pts',(167.312402524969,-133.770965672888,-4.61869721663671));
#5852=CARTESIAN_POINT('Ctrl Pts',(167.146293249731,-133.930536057962,-4.79544026273714));
#5853=CARTESIAN_POINT('Ctrl Pts',(166.856127346765,-134.209279582702,-4.96210355814958));
#5854=CARTESIAN_POINT('Ctrl Pts',(166.648542698099,-134.408692663493,-5.));
#5855=CARTESIAN_POINT('Ctrl Pts',(166.54474551119,-134.50840387505,-5.));
#5856=CARTESIAN_POINT('',(167.3857982197,-133.700459199036,-4.51692251024964));
#5857=CARTESIAN_POINT('Ctrl Pts',(167.722557175507,-132.610038807115,-5.93476435511093));
#5858=CARTESIAN_POINT('Ctrl Pts',(167.711415368682,-132.750146551509,-5.84603414368865));
#5859=CARTESIAN_POINT('Ctrl Pts',(167.68647839861,-133.000243135539,-5.64983213274431));
#5860=CARTESIAN_POINT('Ctrl Pts',(167.589790729488,-133.404482176569,-5.12664266327169));
#5861=CARTESIAN_POINT('Ctrl Pts',(167.467380591191,-133.622088316884,-4.70305712112981));
#5862=CARTESIAN_POINT('Ctrl Pts',(167.3857982197,-133.700459199036,-4.51692251024964));
#5863=CARTESIAN_POINT('',(166.54474551119,-134.50840387505,-5.));
#5864=CARTESIAN_POINT('Origin',(166.54474551119,-134.50840387505,-3.35067028281719));
#5865=CARTESIAN_POINT('Origin',(165.15920530469,-133.066086872385,-5.));
#5866=CARTESIAN_POINT('Origin',(146.2,-87.8,1.50999999999999));
#5867=CARTESIAN_POINT('',(147.8,-87.8,-7.));
#5868=CARTESIAN_POINT('Origin',(146.2,-87.8,-7.));
#5869=CARTESIAN_POINT('',(147.8,-87.8,-2.));
#5870=CARTESIAN_POINT('',(147.8,-87.8,1.50999999999999));
#5871=CARTESIAN_POINT('Origin',(146.2,-87.8,-2.));
#5872=CARTESIAN_POINT('Origin',(166.000002622604,-110.000001639128,0.));
#5873=CARTESIAN_POINT('',(163.499996121973,-82.6499981526285,-1.966));
#5874=CARTESIAN_POINT('',(166.000002622604,-110.000001639128,-1.966));
#5875=CARTESIAN_POINT('',(165.574095770663,-105.340592200566,-1.966));
#5876=CARTESIAN_POINT('',(163.499996121973,-82.6499981526285,-2.));
#5877=CARTESIAN_POINT('',(163.499996121973,-82.6499981526285,0.));
#5878=CARTESIAN_POINT('',(166.000002622604,-110.000001639128,-2.));
#5879=CARTESIAN_POINT('',(165.566750387623,-105.260233908812,-2.));
#5880=CARTESIAN_POINT('',(166.000002622604,-110.000001639128,0.));
#5881=CARTESIAN_POINT('Origin',(163.499996121973,-82.6499981526285,0.));
#5882=CARTESIAN_POINT('',(151.40612586219,-75.4087727632074,-1.966));
#5883=CARTESIAN_POINT('',(156.889898960397,-78.692191233522,-1.966));
#5884=CARTESIAN_POINT('',(151.40612586219,-75.4087727632074,-2.));
#5885=CARTESIAN_POINT('',(151.40612586219,-75.4087727632074,0.));
#5886=CARTESIAN_POINT('',(156.846386247389,-78.666137922595,-2.));
#5887=CARTESIAN_POINT('Origin',(151.40612586219,-75.4087727632074,0.));
#5888=CARTESIAN_POINT('',(141.978978714339,-82.6499981526285,-1.966));
#5889=CARTESIAN_POINT('',(138.798353295542,-85.0931153730999,-1.966));
#5890=CARTESIAN_POINT('',(141.978978714339,-82.6499981526285,-2.));
#5891=CARTESIAN_POINT('',(141.978978714339,-82.6499981526285,0.));
#5892=CARTESIAN_POINT('',(138.829953583114,-85.0688424089586,-2.));
#5893=CARTESIAN_POINT('Origin',(141.978978714339,-82.6499981526285,0.));
#5894=CARTESIAN_POINT('',(108.000001758337,-90.0000013411045,-1.966));
#5895=CARTESIAN_POINT('',(135.515625008414,-84.0480882248608,-1.966));
#5896=CARTESIAN_POINT('',(108.000001758337,-90.0000013411045,-2.));
#5897=CARTESIAN_POINT('',(108.000001758337,-90.0000013411045,0.));
#5898=CARTESIAN_POINT('',(135.521449446802,-84.046828338762,-2.));
#5899=CARTESIAN_POINT('Origin',(163.500002585351,-130.500001944602,0.));
#5900=CARTESIAN_POINT('',(163.500002585351,-130.500001944602,-1.966));
#5901=CARTESIAN_POINT('',(164.891337159299,-119.091058438236,-1.966));
#5902=CARTESIAN_POINT('',(163.500002585351,-130.500001944602,-2.));
#5903=CARTESIAN_POINT('',(164.900786647735,-119.013572633056,-2.));
#5904=CARTESIAN_POINT('',(163.500002585351,-130.500001944602,0.));
#5905=CARTESIAN_POINT('Origin',(132.961312832935,-103.461258214538,-2.));
#5906=CARTESIAN_POINT('',(103.224046171572,-92.3335781937981,-2.));
#5907=CARTESIAN_POINT('',(115.420455914349,-86.3742975965113,-2.));
#5908=CARTESIAN_POINT('',(100.000001639128,-123.000001832843,-2.));
#5909=CARTESIAN_POINT('',(102.808043915154,-96.2905028893916,-2.));
#5910=CARTESIAN_POINT('',(103.099997472018,-130.499997083098,-2.));
#5911=CARTESIAN_POINT('',(98.9559859656423,-120.474155665807,-2.));
#5912=CARTESIAN_POINT('',(161.437159195842,-132.481641522168,-2.));
#5913=CARTESIAN_POINT('',(117.554739104349,-130.991007573281,-2.));
#5914=CARTESIAN_POINT('',(161.281697346088,-132.630983617569,-2.));
#5915=CARTESIAN_POINT('Origin',(132.961312832935,-103.461258214538,-7.));
#5916=CARTESIAN_POINT('',(165.033363147789,-133.186975253884,-7.));
#5917=CARTESIAN_POINT('',(147.676784358473,-135.015948173295,-7.));
#5918=CARTESIAN_POINT('',(98.3488914685343,-126.859012148362,-7.));
#5919=CARTESIAN_POINT('',(98.1461805560085,-111.94052683539,-7.));
#5920=CARTESIAN_POINT('',(110.471442764138,-85.4534722223654,-7.));
#5921=CARTESIAN_POINT('',(117.601248262873,-84.8537697939311,-7.));
#5922=CARTESIAN_POINT('',(132.734306691483,-85.9681851503116,-7.));
#5923=CARTESIAN_POINT('',(150.881802143761,-71.5981871671292,-7.));
#5924=CARTESIAN_POINT('',(167.188673583576,-90.0472843119526,-7.));
#5925=CARTESIAN_POINT('',(169.161001925108,-108.862059072272,-7.));
#5926=CARTESIAN_POINT('Origin',(117.601248262873,-84.8537697939311,-5.));
#5927=CARTESIAN_POINT('',(137.879887267418,-78.4210357504361,-5.));
#5928=CARTESIAN_POINT('Origin',(138.302728577848,-80.3758260783726,-5.));
#5929=CARTESIAN_POINT('',(117.178406952444,-82.8989794659946,-5.));
#5930=CARTESIAN_POINT('Origin',(132.734306691483,-85.9681851503116,-5.));
#5931=CARTESIAN_POINT('',(131.515987541864,-84.3820898033442,-5.));
#5932=CARTESIAN_POINT('Origin',(150.881802143761,-71.5981871671292,-5.));
#5933=CARTESIAN_POINT('',(165.866100464569,-78.2389640227639,-5.));
#5934=CARTESIAN_POINT('Origin',(164.83868438316,-79.9548941482824,-5.));
#5935=CARTESIAN_POINT('',(151.909218225171,-69.8822570416107,-5.));
#5936=CARTESIAN_POINT('Origin',(167.188673583576,-90.0472843119526,-5.));
#5937=CARTESIAN_POINT('',(169.18037017628,-89.8652275004606,-5.));
#5938=CARTESIAN_POINT('Origin',(147.676784358473,-135.015948173295,-5.));
#5939=CARTESIAN_POINT('',(147.608885884208,-137.014795290308,-5.));
#5940=CARTESIAN_POINT('Origin',(169.161001925108,-108.862059072272,-5.));
#5941=CARTESIAN_POINT('',(171.146293680209,-109.104167822894,-5.));
#5942=CARTESIAN_POINT('Origin',(165.033363147789,-133.186975253884,-5.));
#5943=CARTESIAN_POINT('',(165.213131213081,-135.787599187988,-5.));
#5944=CARTESIAN_POINT('Origin',(163.827591006582,-134.345282185323,-5.));
#5945=CARTESIAN_POINT('',(166.418903354288,-134.629292256548,-5.));
#5946=CARTESIAN_POINT('Origin',(166.348633451737,-131.92348055392,0.));
#5947=CARTESIAN_POINT('',(167.734173658236,-133.365797556584,-1.966));
#5948=CARTESIAN_POINT('',(168.333925206838,-132.165589304542,-1.966));
#5949=CARTESIAN_POINT('Origin',(166.348633451737,-131.92348055392,-1.966));
#5950=CARTESIAN_POINT('',(167.734173658236,-133.365797556584,-3.35067028281719));
#5951=CARTESIAN_POINT('',(167.734173658236,-133.365797556584,0.));
#5952=CARTESIAN_POINT('Origin',(166.348633451737,-131.92348055392,-3.35067028281719));
#5953=CARTESIAN_POINT('',(168.333925206838,-132.165589304542,0.));
#5954=CARTESIAN_POINT('Ctrl Pts',(167.722557175507,-132.610038807115,-5.93476435511093));
#5955=CARTESIAN_POINT('Ctrl Pts',(167.711415368682,-132.750146551509,-5.84603414368865));
#5956=CARTESIAN_POINT('Ctrl Pts',(167.68647839861,-133.000243135539,-5.6498321327443));
#5957=CARTESIAN_POINT('Ctrl Pts',(167.589790729488,-133.404482176569,-5.12664266327169));
#5958=CARTESIAN_POINT('Ctrl Pts',(167.467380591191,-133.622088316884,-4.70305712112981));
#5959=CARTESIAN_POINT('Ctrl Pts',(167.3857982197,-133.700459199036,-4.51692251024964));
#5960=CARTESIAN_POINT('Ctrl Pts',(167.816772761606,-132.657118923061,-5.75730393226637));
#5961=CARTESIAN_POINT('Ctrl Pts',(167.799429995935,-132.780518210561,-5.67094433959262));
#5962=CARTESIAN_POINT('Ctrl Pts',(167.763617172981,-133.005306809573,-5.47606770352802));
#5963=CARTESIAN_POINT('Ctrl Pts',(167.655847088825,-133.367744582924,-4.95790585517071));
#5964=CARTESIAN_POINT('Ctrl Pts',(167.535234245168,-133.556905721401,-4.57877241377065));
#5965=CARTESIAN_POINT('Ctrl Pts',(167.459193914432,-133.629952725184,-4.41514780386257));
#5966=CARTESIAN_POINT('Ctrl Pts',(167.967383723496,-132.732380159997,-5.37762101730118));
#5967=CARTESIAN_POINT('Ctrl Pts',(167.943454410528,-132.830006194743,-5.2927525367538));
#5968=CARTESIAN_POINT('Ctrl Pts',(167.893349892398,-133.014226743479,-5.09076023792919));
#5969=CARTESIAN_POINT('Ctrl Pts',(167.768243311633,-133.303330209174,-4.57796330339245));
#5970=CARTESIAN_POINT('Ctrl Pts',(167.653136763932,-133.443644434254,-4.3066569000897));
#5971=CARTESIAN_POINT('Ctrl Pts',(167.586653664678,-133.507510426889,-4.1848110957316));
#5972=CARTESIAN_POINT('Ctrl Pts',(168.122151554919,-132.809718610563,-4.40411507853918));
#5973=CARTESIAN_POINT('Ctrl Pts',(168.090363592684,-132.881280822623,-4.33296941357882));
#5974=CARTESIAN_POINT('Ctrl Pts',(168.018459754569,-133.020682098474,-4.16495454466067));
#5975=CARTESIAN_POINT('Ctrl Pts',(167.877613243845,-133.21643538108,-3.93328943256582));
#5976=CARTESIAN_POINT('Ctrl Pts',(167.767784219464,-133.333510074804,-3.83867310599212));
#5977=CARTESIAN_POINT('Ctrl Pts',(167.706844317025,-133.392051078518,-3.7824503075971));
#5978=CARTESIAN_POINT('Ctrl Pts',(168.137698009097,-132.817487270671,-3.68213716441712));
#5979=CARTESIAN_POINT('Ctrl Pts',(168.105607418969,-132.881706181276,-3.66372233766157));
#5980=CARTESIAN_POINT('Ctrl Pts',(168.033260874017,-133.009231220715,-3.62261071876627));
#5981=CARTESIAN_POINT('Ctrl Pts',(167.899040681503,-133.194052142426,-3.55513461914395));
#5982=CARTESIAN_POINT('Ctrl Pts',(167.792036841845,-133.310212156691,-3.51422751691415));
#5983=CARTESIAN_POINT('Ctrl Pts',(167.734173658236,-133.365797556584,-3.49460145289633));
#5984=CARTESIAN_POINT('Ctrl Pts',(168.137698009097,-132.817487270671,-3.35067028281719));
#5985=CARTESIAN_POINT('Ctrl Pts',(168.103719737197,-132.885483764253,-3.35067028281719));
#5986=CARTESIAN_POINT('Ctrl Pts',(168.028001934847,-133.017598115045,-3.35067028281719));
#5987=CARTESIAN_POINT('Ctrl Pts',(167.892615939787,-133.201561074161,-3.35067028281719));
#5988=CARTESIAN_POINT('Ctrl Pts',(167.788991411128,-133.313137704054,-3.35067028281719));
#5989=CARTESIAN_POINT('Ctrl Pts',(167.734173658236,-133.365797556584,-3.35067028281719));
#5990=CARTESIAN_POINT('Origin',(166.54474551119,-134.50840387505,-3.35067028281719));
#5991=CARTESIAN_POINT('Origin',(162.601686008776,-135.522929443639,0.));
#5992=CARTESIAN_POINT('',(162.533787534511,-137.521776560652,-1.966));
#5993=CARTESIAN_POINT('',(163.987226215275,-136.965246446303,-1.966));
#5994=CARTESIAN_POINT('Origin',(162.601686008776,-135.522929443639,-1.966));
#5995=CARTESIAN_POINT('',(162.533787534511,-137.521776560652,0.));
#5996=CARTESIAN_POINT('',(163.987226215275,-136.965246446303,0.));
#5997=CARTESIAN_POINT('Origin',(169.01667340657,-110.045552924284,0.));
#5998=CARTESIAN_POINT('',(171.001965161671,-110.287661674906,-1.966));
#5999=CARTESIAN_POINT('',(171.008369999274,-109.863496112792,-1.966));
#6000=CARTESIAN_POINT('Origin',(169.01667340657,-110.045552924284,-1.966));
#6001=CARTESIAN_POINT('',(171.001965161671,-110.287661674906,-3.56689493580445));
#6002=CARTESIAN_POINT('',(171.001965161671,-110.287661674906,0.));
#6003=CARTESIAN_POINT('Origin',(169.01667340657,-110.045552924284,-3.56689493580445));
#6004=CARTESIAN_POINT('',(171.008369999274,-109.863496112792,0.));
#6005=CARTESIAN_POINT('Ctrl Pts',(163.143483940802,-136.937893434377,-5.93040316628574));
#6006=CARTESIAN_POINT('Ctrl Pts',(163.294719838131,-136.937996578247,-5.84081584431437));
#6007=CARTESIAN_POINT('Ctrl Pts',(163.565590790212,-136.928597100691,-5.64274577100917));
#6008=CARTESIAN_POINT('Ctrl Pts',(164.012674788656,-136.83589931062,-5.11564028901764));
#6009=CARTESIAN_POINT('Ctrl Pts',(164.257122047836,-136.705975060824,-4.6894679493851));
#6010=CARTESIAN_POINT('Ctrl Pts',(164.346285476042,-136.620321550188,-4.50210770572113));
#6011=CARTESIAN_POINT('Ctrl Pts',(163.255974155261,-136.836808030235,-6.0199904882571));
#6012=CARTESIAN_POINT('Ctrl Pts',(163.397527770778,-136.840874163703,-5.92840709419196));
#6013=CARTESIAN_POINT('Ctrl Pts',(163.659006632793,-136.836568051449,-5.72778175971196));
#6014=CARTESIAN_POINT('Ctrl Pts',(164.105304651455,-136.748198486467,-5.20544347573518));
#6015=CARTESIAN_POINT('Ctrl Pts',(164.337775995271,-136.628496055323,-4.79581559302534));
#6016=CARTESIAN_POINT('Ctrl Pts',(164.421932037133,-136.547652815311,-4.60700359331217));
#6017=CARTESIAN_POINT('Ctrl Pts',(163.483289783063,-136.616243927961,-6.16791048908339));
#6018=CARTESIAN_POINT('Ctrl Pts',(163.612907592163,-136.626841110067,-6.07555418183782));
#6019=CARTESIAN_POINT('Ctrl Pts',(163.868198203082,-136.631391516131,-5.86913664589773));
#6020=CARTESIAN_POINT('Ctrl Pts',(164.326162454012,-136.548026605131,-5.35248717420623));
#6021=CARTESIAN_POINT('Ctrl Pts',(164.520975357491,-136.452508334391,-4.98146305366735));
#6022=CARTESIAN_POINT('Ctrl Pts',(164.593135477375,-136.383188796993,-4.78916691614937));
#6023=CARTESIAN_POINT('Ctrl Pts',(164.039679700712,-136.074822389681,-6.37145409922904));
#6024=CARTESIAN_POINT('Ctrl Pts',(164.16906294385,-136.104808590299,-6.26592800934243));
#6025=CARTESIAN_POINT('Ctrl Pts',(164.430711850974,-136.144532025371,-6.01802708366923));
#6026=CARTESIAN_POINT('Ctrl Pts',(164.748036900915,-136.16040629626,-5.52382669526362));
#6027=CARTESIAN_POINT('Ctrl Pts',(164.853202820379,-136.133359002666,-5.1582850756046));
#6028=CARTESIAN_POINT('Ctrl Pts',(164.892200058554,-136.09589689043,-4.96094136700995));
#6029=CARTESIAN_POINT('Ctrl Pts',(164.557867386374,-135.604783276507,-6.41421356237309));
#6030=CARTESIAN_POINT('Ctrl Pts',(164.655586477395,-135.67253571824,-6.29765644825474));
#6031=CARTESIAN_POINT('Ctrl Pts',(164.834662981134,-135.790256432843,-6.0309432480046));
#6032=CARTESIAN_POINT('Ctrl Pts',(165.028995176663,-135.893676097129,-5.54598059094814));
#6033=CARTESIAN_POINT('Ctrl Pts',(165.092463027362,-135.903517271634,-5.18422919882162));
#6034=CARTESIAN_POINT('Ctrl Pts',(165.106150820439,-135.890368298411,-5.));
#6035=CARTESIAN_POINT('Ctrl Pts',(164.807315882204,-135.365154318528,-6.41421356237309));
#6036=CARTESIAN_POINT('Ctrl Pts',(164.89281300642,-135.454154951897,-6.29080014742425));
#6037=CARTESIAN_POINT('Ctrl Pts',(165.041288228834,-135.60871440586,-6.01149067311925));
#6038=CARTESIAN_POINT('Ctrl Pts',(165.181295829701,-135.75445925129,-5.52358242294624));
#6039=CARTESIAN_POINT('Ctrl Pts',(165.213131213081,-135.787599187988,-5.17453292519943));
#6040=CARTESIAN_POINT('Ctrl Pts',(165.213131213081,-135.787599187988,-5.));
#6041=CARTESIAN_POINT('Origin',(165.213131213081,-135.787599187988,-3.30008937627202));
#6042=CARTESIAN_POINT('Ctrl Pts',(170.60356683549,-110.069514781666,-5.95333735802395));
#6043=CARTESIAN_POINT('Ctrl Pts',(170.649372452433,-110.15664536733,-5.86826900126363));
#6044=CARTESIAN_POINT('Ctrl Pts',(170.740483246364,-110.306461962983,-5.68005268691019));
#6045=CARTESIAN_POINT('Ctrl Pts',(170.899952544167,-110.536176950854,-5.17362775339033));
#6046=CARTESIAN_POINT('Ctrl Pts',(170.957543584337,-110.65191860905,-4.76113285865878));
#6047=CARTESIAN_POINT('Ctrl Pts',(170.951152980438,-110.704321561021,-4.58025324484983));
#6048=CARTESIAN_POINT('Ctrl Pts',(170.697787904506,-110.070937505951,-5.78320064450331));
#6049=CARTESIAN_POINT('Ctrl Pts',(170.732000998743,-110.146950342326,-5.70096025380889));
#6050=CARTESIAN_POINT('Ctrl Pts',(170.802659086271,-110.280505675603,-5.51486647714767));
#6051=CARTESIAN_POINT('Ctrl Pts',(170.928710254582,-110.478218294142,-5.01573566397776));
#6052=CARTESIAN_POINT('Ctrl Pts',(170.967221741474,-110.572557720523,-4.6491620113997));
#6053=CARTESIAN_POINT('Ctrl Pts',(170.961858084558,-110.616539707235,-4.49182104987341));
#6054=CARTESIAN_POINT('Ctrl Pts',(170.847300023396,-110.073195116956,-5.42198944435266));
#6055=CARTESIAN_POINT('Ctrl Pts',(170.86659397988,-110.13068827759,-5.34204613156297));
#6056=CARTESIAN_POINT('Ctrl Pts',(170.908710328833,-110.234728097128,-5.15081922910774));
#6057=CARTESIAN_POINT('Ctrl Pts',(170.977919551588,-110.371894558409,-4.66320566401242));
#6058=CARTESIAN_POINT('Ctrl Pts',(170.984180673705,-110.433494476233,-4.4060279361096));
#6059=CARTESIAN_POINT('Ctrl Pts',(170.980448683128,-110.46409679896,-4.29168113882128));
#6060=CARTESIAN_POINT('Ctrl Pts',(171.007090050943,-110.075607922871,-4.51238671158483));
#6061=CARTESIAN_POINT('Ctrl Pts',(171.00964568034,-110.108744948076,-4.44746977734579));
#6062=CARTESIAN_POINT('Ctrl Pts',(171.013676045588,-110.169272920249,-4.29332106701853));
#6063=CARTESIAN_POINT('Ctrl Pts',(171.008917206807,-110.245998718007,-4.07932763289782));
#6064=CARTESIAN_POINT('Ctrl Pts',(171.000977732354,-110.29575859531,-3.99305087640071));
#6065=CARTESIAN_POINT('Ctrl Pts',(170.997979049894,-110.320347791483,-3.94206924672844));
#6066=CARTESIAN_POINT('Ctrl Pts',(171.016445439994,-110.075749187869,-3.86269294247122));
#6067=CARTESIAN_POINT('Ctrl Pts',(171.016108750534,-110.098046720315,-3.84625971987862));
#6068=CARTESIAN_POINT('Ctrl Pts',(171.014678809944,-110.143505521685,-3.80890808971497));
#6069=CARTESIAN_POINT('Ctrl Pts',(171.009988105079,-110.21419684282,-3.74679629701933));
#6070=CARTESIAN_POINT('Ctrl Pts',(171.004982274005,-110.262921353771,-3.70965888976353));
#6071=CARTESIAN_POINT('Ctrl Pts',(171.001965161671,-110.287661674906,-3.69195694529053));
#6072=CARTESIAN_POINT('Ctrl Pts',(171.016445439994,-110.075749187869,-3.56689493580445));
#6073=CARTESIAN_POINT('Ctrl Pts',(171.016088945271,-110.099358339871,-3.56689493580445));
#6074=CARTESIAN_POINT('Ctrl Pts',(171.014539685028,-110.146564015565,-3.56689493580445));
#6075=CARTESIAN_POINT('Ctrl Pts',(171.009709897022,-110.217245832954,-3.56689493580445));
#6076=CARTESIAN_POINT('Ctrl Pts',(171.004823478619,-110.264223475936,-3.56689493580445));
#6077=CARTESIAN_POINT('Ctrl Pts',(171.001965161671,-110.287661674906,-3.56689493580445));
#6078=CARTESIAN_POINT('Origin',(170.82848152337,-111.710227508977,-3.56689493580445));
#6079=CARTESIAN_POINT('Origin',(166.348798879684,-80.8590777717442,0.));
#6080=CARTESIAN_POINT('',(168.340495472388,-80.6770209602522,-1.966));
#6081=CARTESIAN_POINT('',(167.376214961093,-79.1431476462257,-1.966));
#6082=CARTESIAN_POINT('Origin',(166.348798879684,-80.8590777717442,-1.966));
#6083=CARTESIAN_POINT('',(168.340495472388,-80.6770209602522,0.));
#6084=CARTESIAN_POINT('',(167.376214961093,-79.1431476462257,0.));
#6085=CARTESIAN_POINT('Origin',(98.3488914685343,-126.859012148362,-5.));
#6086=CARTESIAN_POINT('',(96.5005575174332,-127.622989638349,-5.));
#6087=CARTESIAN_POINT('Ctrl Pts',(100.24678455867,-134.613760498046,-5.917651118742));
#6088=CARTESIAN_POINT('Ctrl Pts',(100.072705818797,-134.564944036562,-5.82561549693125));
#6089=CARTESIAN_POINT('Ctrl Pts',(99.7660441553381,-134.453440572125,-5.62223281599465));
#6090=CARTESIAN_POINT('Ctrl Pts',(99.2896758173685,-134.126218604982,-5.08411023330215));
#6091=CARTESIAN_POINT('Ctrl Pts',(99.0706016205678,-133.840842695423,-4.65074217452232));
#6092=CARTESIAN_POINT('Ctrl Pts',(99.0113688163968,-133.697537422162,-4.45997363458927));
#6093=CARTESIAN_POINT('Ctrl Pts',(100.179423546292,-134.710881630163,-5.7335798751205));
#6094=CARTESIAN_POINT('Ctrl Pts',(100.023740237756,-134.657918692237,-5.64350710123157));
#6095=CARTESIAN_POINT('Ctrl Pts',(99.743339702765,-134.539974429234,-5.44073496011668));
#6096=CARTESIAN_POINT('Ctrl Pts',(99.3060471784474,-134.214092297827,-4.905610205095));
#6097=CARTESIAN_POINT('Ctrl Pts',(99.1125057985772,-133.942223843328,-4.51537972677775));
#6098=CARTESIAN_POINT('Ctrl Pts',(99.0548287029059,-133.802682383628,-4.34620094605155));
#6099=CARTESIAN_POINT('Ctrl Pts',(100.069863885403,-134.868844789032,-5.33724987469221));
#6100=CARTESIAN_POINT('Ctrl Pts',(99.9414110764685,-134.812086927491,-5.24794470068511));
#6101=CARTESIAN_POINT('Ctrl Pts',(99.7000291706732,-134.684445406639,-5.03627261385519));
#6102=CARTESIAN_POINT('Ctrl Pts',(99.3314043993945,-134.362452377864,-4.50101518858292));
#6103=CARTESIAN_POINT('Ctrl Pts',(99.1855649827832,-134.11898005981,-4.21720568115078));
#6104=CARTESIAN_POINT('Ctrl Pts',(99.130301607692,-133.985278250827,-4.08871038200784));
#6105=CARTESIAN_POINT('Ctrl Pts',(99.9456978104672,-135.047867480981,-4.30624994154599));
#6106=CARTESIAN_POINT('Ctrl Pts',(99.8411657662618,-134.982628808348,-4.22952082811728));
#6107=CARTESIAN_POINT('Ctrl Pts',(99.6404732598785,-134.829970470213,-4.04910866437683));
#6108=CARTESIAN_POINT('Ctrl Pts',(99.3824333426811,-134.52546159522,-3.80178836113299));
#6109=CARTESIAN_POINT('Ctrl Pts',(99.2560458756947,-134.289498470338,-3.69979941271287));
#6110=CARTESIAN_POINT('Ctrl Pts',(99.2014702522499,-134.157460577812,-3.63891622142222));
#6111=CARTESIAN_POINT('Ctrl Pts',(99.9261567623813,-135.07604177121,-3.51959301098612));
#6112=CARTESIAN_POINT('Ctrl Pts',(99.8274347192617,-135.007570403304,-3.49940643588554));
#6113=CARTESIAN_POINT('Ctrl Pts',(99.6383838646633,-134.850112932942,-3.4549520359611));
#6114=CARTESIAN_POINT('Ctrl Pts',(99.3946989475313,-134.554124785764,-3.38273404427196));
#6115=CARTESIAN_POINT('Ctrl Pts',(99.2689453449956,-134.320706885995,-3.33847457436437));
#6116=CARTESIAN_POINT('Ctrl Pts',(99.2176528099834,-134.196611955001,-3.31713353833337));
#6117=CARTESIAN_POINT('Ctrl Pts',(99.9261567623813,-135.07604177121,-3.15623465917567));
#6118=CARTESIAN_POINT('Ctrl Pts',(99.8216275402546,-135.00354267578,-3.15623465917567));
#6119=CARTESIAN_POINT('Ctrl Pts',(99.6264478050152,-134.838540066142,-3.15623465917567));
#6120=CARTESIAN_POINT('Ctrl Pts',(99.3859313596507,-134.539999270954,-3.15623465917567));
#6121=CARTESIAN_POINT('Ctrl Pts',(99.2662457378897,-134.314175573838,-3.15623465917567));
#6122=CARTESIAN_POINT('Ctrl Pts',(99.2176528099834,-134.196611955001,-3.15623465917567));
#6123=CARTESIAN_POINT('',(99.2176528099834,-134.196611955001,-3.15623465917567));
#6124=CARTESIAN_POINT('Origin',(101.065986761085,-133.432634465014,-3.15623465917567));
#6125=CARTESIAN_POINT('Origin',(98.5133552013795,-132.492664916347,-3.15623465917567));
#6126=CARTESIAN_POINT('Ctrl Pts',(167.607050081806,-80.0680690871125,-5.92515130192253));
#6127=CARTESIAN_POINT('Ctrl Pts',(167.572663548768,-79.9079351503619,-5.83454198297133));
#6128=CARTESIAN_POINT('Ctrl Pts',(167.495827218559,-79.6237887161483,-5.63424859246301));
#6129=CARTESIAN_POINT('Ctrl Pts',(167.266082475223,-79.1722905187355,-5.1025033893373));
#6130=CARTESIAN_POINT('Ctrl Pts',(167.050993301079,-78.9484206240983,-4.67328055768762));
#6131=CARTESIAN_POINT('Ctrl Pts',(166.933912665429,-78.8783183943515,-4.48447516704057));
#6132=CARTESIAN_POINT('Ctrl Pts',(167.477648711207,-79.9676669126305,-6.01576062087374));
#6133=CARTESIAN_POINT('Ctrl Pts',(167.447668027816,-79.8182262644206,-5.92331247095455));
#6134=CARTESIAN_POINT('Ctrl Pts',(167.375572888273,-79.5452486021133,-5.72078253105857));
#6135=CARTESIAN_POINT('Ctrl Pts',(167.148430090967,-79.0984638755806,-5.1947392736908));
#6136=CARTESIAN_POINT('Ctrl Pts',(166.949684605886,-78.8877618705277,-4.78289698546956));
#6137=CARTESIAN_POINT('Ctrl Pts',(166.840728471939,-78.8225241999954,-4.59308587572171));
#6138=CARTESIAN_POINT('Ctrl Pts',(167.196943114119,-79.7723192301746,-6.16550595432305));
#6139=CARTESIAN_POINT('Ctrl Pts',(167.173238510926,-79.6362495233236,-6.07253219565314));
#6140=CARTESIAN_POINT('Ctrl Pts',(167.106122944431,-79.3722594858129,-5.86477138114559));
#6141=CARTESIAN_POINT('Ctrl Pts',(166.8779287788,-78.9227049639934,-5.34615454185726));
#6142=CARTESIAN_POINT('Ctrl Pts',(166.720920704746,-78.7507890955981,-4.97426942370582));
#6143=CARTESIAN_POINT('Ctrl Pts',(166.629833828857,-78.6962506737233,-4.78170039668551));
#6144=CARTESIAN_POINT('Ctrl Pts',(166.48843065178,-79.3211440662752,-6.3707415636609));
#6145=CARTESIAN_POINT('Ctrl Pts',(166.481173562177,-79.1854956008105,-6.26501519566562));
#6146=CARTESIAN_POINT('Ctrl Pts',(166.443906774468,-78.916426896082,-6.01678060117832));
#6147=CARTESIAN_POINT('Ctrl Pts',(166.365349665127,-78.5997646579194,-5.52235131038457));
#6148=CARTESIAN_POINT('Ctrl Pts',(166.309475627976,-78.5044356560241,-5.15680551215269));
#6149=CARTESIAN_POINT('Ctrl Pts',(166.261435168077,-78.4756713489441,-4.95955813038444));
#6150=CARTESIAN_POINT('Ctrl Pts',(165.872361243256,-78.92547525212,-6.4142135623731));
#6151=CARTESIAN_POINT('Ctrl Pts',(165.9116270007,-78.8131327069765,-6.29765644825475));
#6152=CARTESIAN_POINT('Ctrl Pts',(165.976857641698,-78.6086434510174,-6.0309432480046));
#6153=CARTESIAN_POINT('Ctrl Pts',(166.023186691245,-78.3925391968421,-5.54598059094814));
#6154=CARTESIAN_POINT('Ctrl Pts',(166.014759374806,-78.3279737981339,-5.18422919882163));
#6155=CARTESIAN_POINT('Ctrl Pts',(165.997882814801,-78.317868929124,-5.));
#6156=CARTESIAN_POINT('Ctrl Pts',(165.565177261424,-78.7415483204859,-6.4142135623731));
#6157=CARTESIAN_POINT('Ctrl Pts',(165.628575725014,-78.635663922184,-6.29080014742426));
#6158=CARTESIAN_POINT('Ctrl Pts',(165.738674176493,-78.4517839410499,-6.01149067311925));
#6159=CARTESIAN_POINT('Ctrl Pts',(165.842493654251,-78.2783907338354,-5.52358242294624));
#6160=CARTESIAN_POINT('Ctrl Pts',(165.866100464569,-78.2389640227639,-5.17453292519943));
#6161=CARTESIAN_POINT('Ctrl Pts',(165.866100464569,-78.2389640227639,-5.));
#6162=CARTESIAN_POINT('Origin',(165.866100464569,-78.2389640227639,-3.23988812356979));
#6163=CARTESIAN_POINT('Origin',(151.196722269283,-71.7867461279567,0.));
#6164=CARTESIAN_POINT('',(152.224138350692,-70.0708160024382,-1.966));
#6165=CARTESIAN_POINT('',(149.978403119664,-70.2006507809893,-1.966));
#6166=CARTESIAN_POINT('Origin',(151.196722269283,-71.7867461279567,-1.966));
#6167=CARTESIAN_POINT('',(152.224138350692,-70.0708160024382,-3.13673932945791));
#6168=CARTESIAN_POINT('',(152.224138350692,-70.0708160024382,0.));
#6169=CARTESIAN_POINT('Origin',(151.196722269283,-71.7867461279567,-3.13673932945791));
#6170=CARTESIAN_POINT('',(149.978403119664,-70.2006507809893,0.));
#6171=CARTESIAN_POINT('Origin',(98.1461805560085,-111.94052683539,-5.));
#6172=CARTESIAN_POINT('',(98.2380307004215,-91.9384508157518,-5.));
#6173=CARTESIAN_POINT('Origin',(100.227068600502,-92.1475637805389,-5.));
#6174=CARTESIAN_POINT('',(96.1571426559277,-111.731413870603,-5.));
#6175=CARTESIAN_POINT('Ctrl Pts',(95.3887033699374,-123.666772196497,-5.94200655652571));
#6176=CARTESIAN_POINT('Ctrl Pts',(95.3229033433864,-123.563424547067,-5.854706723115));
#6177=CARTESIAN_POINT('Ctrl Pts',(95.2040450225211,-123.380139720417,-5.66162506180946));
#6178=CARTESIAN_POINT('Ctrl Pts',(95.033844753672,-123.074249569248,-5.14499136725278));
#6179=CARTESIAN_POINT('Ctrl Pts',(94.9857538883765,-122.873413874092,-4.72574634847881));
#6180=CARTESIAN_POINT('Ctrl Pts',(94.9957873353123,-122.777977867797,-4.54166842024679));
#6181=CARTESIAN_POINT('Ctrl Pts',(95.2890734418089,-123.681178179266,-5.76740688970429));
#6182=CARTESIAN_POINT('Ctrl Pts',(95.2374248512844,-123.587599242264,-5.68265650671184));
#6183=CARTESIAN_POINT('Ctrl Pts',(95.1419563655805,-123.418434150418,-5.49121177732203));
#6184=CARTESIAN_POINT('Ctrl Pts',(95.00707216144,-123.138900178206,-4.9804916211818));
#6185=CARTESIAN_POINT('Ctrl Pts',(94.9766111385635,-122.960377759414,-4.60627299680576));
#6186=CARTESIAN_POINT('Ctrl Pts',(94.9856912316074,-122.874009851909,-4.44510717914775));
#6187=CARTESIAN_POINT('Ctrl Pts',(95.130730353097,-123.704073787548,-5.39494028767646));
#6188=CARTESIAN_POINT('Ctrl Pts',(95.0984391526759,-123.627523044972,-5.31199598574029));
#6189=CARTESIAN_POINT('Ctrl Pts',(95.0376575393175,-123.484156381937,-5.11421019619701));
#6190=CARTESIAN_POINT('Ctrl Pts',(94.9629004936458,-123.251776890765,-4.61126019194525));
#6191=CARTESIAN_POINT('Ctrl Pts',(94.9607528270073,-123.111218635055,-4.34548180620805));
#6192=CARTESIAN_POINT('Ctrl Pts',(94.9681582296869,-123.040780024948,-4.22656959552452));
#6193=CARTESIAN_POINT('Ctrl Pts',(94.9701485229619,-123.727293106496,-4.44640283976099));
#6194=CARTESIAN_POINT('Ctrl Pts',(94.9586290072372,-123.668856849988,-4.37769163757142));
#6195=CARTESIAN_POINT('Ctrl Pts',(94.9408721467113,-123.552620785299,-4.21509745628782));
#6196=CARTESIAN_POINT('Ctrl Pts',(94.9362762399519,-123.375381185274,-3.99034599461077));
#6197=CARTESIAN_POINT('Ctrl Pts',(94.9452713762437,-123.258474891254,-3.89899289870652));
#6198=CARTESIAN_POINT('Ctrl Pts',(94.9516251442671,-123.198039205596,-3.84481995997075));
#6199=CARTESIAN_POINT('Ctrl Pts',(94.9574891530493,-123.729123587238,-3.75268101622333));
#6200=CARTESIAN_POINT('Ctrl Pts',(94.9500300997919,-123.677537732121,-3.73504085445219));
#6201=CARTESIAN_POINT('Ctrl Pts',(94.938839929504,-123.571754671112,-3.6953998153314));
#6202=CARTESIAN_POINT('Ctrl Pts',(94.9348590094016,-123.406093773797,-3.63002275732555));
#6203=CARTESIAN_POINT('Ctrl Pts',(94.9417749249589,-123.291732389794,-3.59058999616343));
#6204=CARTESIAN_POINT('Ctrl Pts',(94.9478657975634,-123.233797309263,-3.57171632110459));
#6205=CARTESIAN_POINT('Ctrl Pts',(94.9574891530493,-123.729123587238,-3.43515810434275));
#6206=CARTESIAN_POINT('Ctrl Pts',(94.9495913319532,-123.674503270056,-3.43515810434275));
#6207=CARTESIAN_POINT('Ctrl Pts',(94.9383198877505,-123.564608511945,-3.43515810434275));
#6208=CARTESIAN_POINT('Ctrl Pts',(94.9351010878077,-123.398932807918,-3.43515810434275));
#6209=CARTESIAN_POINT('Ctrl Pts',(94.9420954972012,-123.28868317503,-3.43515810434275));
#6210=CARTESIAN_POINT('Ctrl Pts',(94.9478657975634,-123.233797309263,-3.43515810434275));
#6211=CARTESIAN_POINT('',(94.9478657975634,-123.233797309263,-3.43515810434275));
#6212=CARTESIAN_POINT('Origin',(96.9369036976442,-123.442910274051,-3.43515810434275));
#6213=CARTESIAN_POINT('Origin',(95.1114801616755,-121.677532390215,-3.43515810434275));
#6214=CARTESIAN_POINT('Ctrl Pts',(151.114507888058,-70.3646946986256,-5.91585242843788));
#6215=CARTESIAN_POINT('Ctrl Pts',(151.285462418778,-70.2948636547512,-5.82348285965048));
#6216=CARTESIAN_POINT('Ctrl Pts',(151.603481058146,-70.1939606830747,-5.61938026129657));
#6217=CARTESIAN_POINT('Ctrl Pts',(152.19774425589,-70.167961868944,-5.07978895492558));
#6218=CARTESIAN_POINT('Ctrl Pts',(152.555453602286,-70.2691915728893,-4.64547834900749));
#6219=CARTESIAN_POINT('Ctrl Pts',(152.692361128481,-70.3511651870747,-4.45426358471641));
#6220=CARTESIAN_POINT('Ctrl Pts',(151.107599379395,-70.2451991253186,-5.73111329086308));
#6221=CARTESIAN_POINT('Ctrl Pts',(151.266630230632,-70.1900571810733,-5.64066638598475));
#6222=CARTESIAN_POINT('Ctrl Pts',(151.56802095419,-70.1102850259936,-5.43710305524965));
#6223=CARTESIAN_POINT('Ctrl Pts',(152.130854362995,-70.1064616615777,-4.90030772768938));
#6224=CARTESIAN_POINT('Ctrl Pts',(152.459963717768,-70.2120168421081,-4.50900422233572));
#6225=CARTESIAN_POINT('Ctrl Pts',(152.593716010991,-70.2921012551846,-4.33928790357068));
#6226=CARTESIAN_POINT('Ctrl Pts',(151.096341018822,-70.0504647308512,-5.33310675593656));
#6227=CARTESIAN_POINT('Ctrl Pts',(151.236374889087,-70.0151800856762,-5.24335515563124));
#6228=CARTESIAN_POINT('Ctrl Pts',(151.513563063406,-69.9668726043884,-5.03071266881325));
#6229=CARTESIAN_POINT('Ctrl Pts',(152.020291000324,-70.0009338623478,-4.49324044172035));
#6230=CARTESIAN_POINT('Ctrl Pts',(152.293430766891,-70.1123049545019,-4.20821787567303));
#6231=CARTESIAN_POINT('Ctrl Pts',(152.422407842517,-70.18953019792,-4.07907472437953));
#6232=CARTESIAN_POINT('Ctrl Pts',(151.083398376227,-69.8265975299214,-4.29633601624999));
#6233=CARTESIAN_POINT('Ctrl Pts',(151.210604271266,-69.8129074366259,-4.21905061252326));
#6234=CARTESIAN_POINT('Ctrl Pts',(151.472880915881,-69.8099357140526,-4.03740980870908));
#6235=CARTESIAN_POINT('Ctrl Pts',(151.879587556288,-69.8984791016997,-3.78856721250764));
#6236=CARTESIAN_POINT('Ctrl Pts',(152.132896328944,-70.0161846867163,-3.68586448827081));
#6237=CARTESIAN_POINT('Ctrl Pts',(152.260869470746,-70.0928088230494,-3.62452459768935));
#6238=CARTESIAN_POINT('Ctrl Pts',(151.081287167198,-69.790080222702,-3.5032585146));
#6239=CARTESIAN_POINT('Ctrl Pts',(151.206427132245,-69.7828453895724,-3.48289633764766));
#6240=CARTESIAN_POINT('Ctrl Pts',(151.463068824812,-69.7916098756394,-3.43811447323717));
#6241=CARTESIAN_POINT('Ctrl Pts',(151.852719302901,-69.8827625896856,-3.36543748809439));
#6242=CARTESIAN_POINT('Ctrl Pts',(152.103940997108,-69.9988476325267,-3.32084941986028));
#6243=CARTESIAN_POINT('Ctrl Pts',(152.224138350692,-70.0708160024382,-3.2993394970773));
#6244=CARTESIAN_POINT('Ctrl Pts',(151.081287167198,-69.790080222702,-3.13673932945791));
#6245=CARTESIAN_POINT('Ctrl Pts',(151.21378830666,-69.782419811153,-3.13673932945791));
#6246=CARTESIAN_POINT('Ctrl Pts',(151.480316530747,-69.7935651838847,-3.13673932945791));
#6247=CARTESIAN_POINT('Ctrl Pts',(151.868909914047,-69.8890212397881,-3.13673932945791));
#6248=CARTESIAN_POINT('Ctrl Pts',(152.110267173612,-70.0026354414694,-3.13673932945791));
#6249=CARTESIAN_POINT('Ctrl Pts',(152.224138350692,-70.0708160024382,-3.13673932945791));
#6250=CARTESIAN_POINT('Origin',(153.822750908831,-71.0279879908243,-3.13673932945791));
#6251=CARTESIAN_POINT('Origin',(110.471442764138,-85.4534722223654,-5.));
#6252=CARTESIAN_POINT('',(104.832178214552,-85.9828967725867,-5.));
#6253=CARTESIAN_POINT('Origin',(105.710193125254,-87.779863610507,-5.));
#6254=CARTESIAN_POINT('',(109.593427853437,-83.6565053844451,-5.));
#6255=CARTESIAN_POINT('Ctrl Pts',(99.2096826451581,-89.5247239024581,-5.92251942300284));
#6256=CARTESIAN_POINT('Ctrl Pts',(99.0711427049125,-89.6230644084283,-5.83140422360962));
#6257=CARTESIAN_POINT('Ctrl Pts',(98.8330038124065,-89.8148773706659,-5.63001287455292));
#6258=CARTESIAN_POINT('Ctrl Pts',(98.5031913507377,-90.2319415531964,-5.09598953217548));
#6259=CARTESIAN_POINT('Ctrl Pts',(98.3853051032518,-90.5376081217587,-4.66527790377405));
#6260=CARTESIAN_POINT('Ctrl Pts',(98.3703583919845,-90.6797780499716,-4.47576732433848));
#6261=CARTESIAN_POINT('Ctrl Pts',(99.1647676399378,-89.6885738718319,-6.01363462239606));
#6262=CARTESIAN_POINT('Ctrl Pts',(99.0355928012654,-89.779002182734,-5.92075904238688));
#6263=CARTESIAN_POINT('Ctrl Pts',(98.8077753151667,-89.9625522933566,-5.71728982692668));
#6264=CARTESIAN_POINT('Ctrl Pts',(98.484032297818,-90.3752605633456,-5.18943103753607));
#6265=CARTESIAN_POINT('Ctrl Pts',(98.3726329891415,-90.6581425671731,-4.77651000859213));
#6266=CARTESIAN_POINT('Ctrl Pts',(98.3588106224378,-90.7896179698119,-4.5862126002538));
#6267=CARTESIAN_POINT('Ctrl Pts',(99.0912066927519,-90.0351369872234,-6.16428556221987));
#6268=CARTESIAN_POINT('Ctrl Pts',(98.9738405231852,-90.1152154692868,-6.07100785794252));
#6269=CARTESIAN_POINT('Ctrl Pts',(98.7556898475208,-90.2921214732637,-5.86258791322954));
#6270=CARTESIAN_POINT('Ctrl Pts',(98.4353139930178,-90.7065969941989,-5.3430148025231));
#6271=CARTESIAN_POINT('Ctrl Pts',(98.344097643273,-90.9295646881405,-4.97071306258056));
#6272=CARTESIAN_POINT('Ctrl Pts',(98.3326756885425,-91.0382078842956,-4.77801305034241));
#6273=CARTESIAN_POINT('Ctrl Pts',(98.9614212811102,-90.8968294822246,-6.3703819947866));
#6274=CARTESIAN_POINT('Ctrl Pts',(98.8405314222228,-90.9620070190795,-6.26455815789723));
#6275=CARTESIAN_POINT('Ctrl Pts',(98.6107076739899,-91.1132983958184,-6.01616271756874));
#6276=CARTESIAN_POINT('Ctrl Pts',(98.3558293568407,-91.3238116663195,-5.52162273995067));
#6277=CARTESIAN_POINT('Ctrl Pts',(98.2929768179417,-91.4158150704201,-5.15607482065031));
#6278=CARTESIAN_POINT('Ctrl Pts',(98.2870222072312,-91.4724540568904,-4.95887501791987));
#6279=CARTESIAN_POINT('Ctrl Pts',(98.8586445783814,-91.6378876756874,-6.41421356237309));
#6280=CARTESIAN_POINT('Ctrl Pts',(98.7401970447852,-91.6497587964459,-6.29765644825474));
#6281=CARTESIAN_POINT('Ctrl Pts',(98.5271905306313,-91.6773503205559,-6.0309432480046));
#6282=CARTESIAN_POINT('Ctrl Pts',(98.3115397524771,-91.7276511730552,-5.54598059094814));
#6283=CARTESIAN_POINT('Ctrl Pts',(98.2564543739029,-91.7632087648795,-5.18422919882162));
#6284=CARTESIAN_POINT('Ctrl Pts',(98.2543617127296,-91.7831137114237,-5.));
#6285=CARTESIAN_POINT('Ctrl Pts',(98.8206064133181,-91.9996985851039,-6.41421356237309));
#6286=CARTESIAN_POINT('Ctrl Pts',(98.6978694334623,-91.9867949125567,-6.29080014742425));
#6287=CARTESIAN_POINT('Ctrl Pts',(98.4847230785479,-91.9643862564883,-6.01149067311925));
#6288=CARTESIAN_POINT('Ctrl Pts',(98.2837325745425,-91.9432555780911,-5.52358242294624));
#6289=CARTESIAN_POINT('Ctrl Pts',(98.2380307004215,-91.9384508157518,-5.17453292519943));
#6290=CARTESIAN_POINT('Ctrl Pts',(98.2380307004215,-91.9384508157518,-5.));
#6291=CARTESIAN_POINT('Origin',(98.2380307004215,-91.9384508157518,-3.21015768891731));
#6292=CARTESIAN_POINT('Ctrl Pts',(139.937504249392,-78.2454150149144,-5.92087122132336));
#6293=CARTESIAN_POINT('Ctrl Pts',(139.815591179713,-78.2591254755031,-5.833285817872));
#6294=CARTESIAN_POINT('Ctrl Pts',(139.601174095715,-78.2576400875892,-5.64114787531133));
#6295=CARTESIAN_POINT('Ctrl Pts',(139.255807094193,-78.1919826560486,-5.13449246238793));
#6296=CARTESIAN_POINT('Ctrl Pts',(139.037088364079,-78.1707212173888,-4.72730837385467));
#6297=CARTESIAN_POINT('Ctrl Pts',(138.944048234723,-78.1908467570221,-4.54901566791472));
#6298=CARTESIAN_POINT('Ctrl Pts',(139.848246072754,-78.3295800384769,-6.00845662477472));
#6299=CARTESIAN_POINT('Ctrl Pts',(139.72910358432,-78.3287686110621,-5.91894649616605));
#6300=CARTESIAN_POINT('Ctrl Pts',(139.514703317465,-78.3072504810677,-5.72419637091478));
#6301=CARTESIAN_POINT('Ctrl Pts',(139.15733314682,-78.2185826359816,-5.22042457722359));
#6302=CARTESIAN_POINT('Ctrl Pts',(138.94388042345,-78.1908830563312,-4.82581157713899));
#6303=CARTESIAN_POINT('Ctrl Pts',(138.851182671469,-78.2109345362067,-4.64402899177476));
#6304=CARTESIAN_POINT('Ctrl Pts',(139.642740415379,-78.4951124944462,-6.15408017900855));
#6305=CARTESIAN_POINT('Ctrl Pts',(139.526002964764,-78.4694562671786,-6.06397079205924));
#6306=CARTESIAN_POINT('Ctrl Pts',(139.303371768821,-78.4078428800231,-5.86373820788261));
#6307=CARTESIAN_POINT('Ctrl Pts',(138.913398945614,-78.2695183457715,-5.36173494316473));
#6308=CARTESIAN_POINT('Ctrl Pts',(138.727692874442,-78.2376466530273,-4.99827620684516));
#6309=CARTESIAN_POINT('Ctrl Pts',(138.641009152942,-78.2563972360789,-4.80903014849914));
#6310=CARTESIAN_POINT('Ctrl Pts',(138.979074330057,-78.7790216518154,-6.368627877594));
#6311=CARTESIAN_POINT('Ctrl Pts',(138.869744252557,-78.7017600554507,-6.26451876076718));
#6312=CARTESIAN_POINT('Ctrl Pts',(138.656635125917,-78.5478409075232,-6.01992504548672));
#6313=CARTESIAN_POINT('Ctrl Pts',(138.418794129643,-78.3582791593863,-5.52778210449001));
#6314=CARTESIAN_POINT('Ctrl Pts',(138.324188452349,-78.3249288214337,-5.16221627543832));
#6315=CARTESIAN_POINT('Ctrl Pts',(138.27387017954,-78.3358131828452,-4.9646212007826));
#6316=CARTESIAN_POINT('Ctrl Pts',(138.325985107959,-78.9238744772971,-6.4142135623731));
#6317=CARTESIAN_POINT('Ctrl Pts',(138.27117980113,-78.8164766262446,-6.29765644825475));
#6318=CARTESIAN_POINT('Ctrl Pts',(138.177328148789,-78.6229909499858,-6.0309432480046));
#6319=CARTESIAN_POINT('Ctrl Pts',(138.075063980608,-78.4310637185649,-5.54598059094814));
#6320=CARTESIAN_POINT('Ctrl Pts',(138.02868879788,-78.3888484445981,-5.18422919882162));
#6321=CARTESIAN_POINT('Ctrl Pts',(138.011219006449,-78.3926273406752,-5.));
#6322=CARTESIAN_POINT('Ctrl Pts',(138.003734619877,-78.9935805816908,-6.4142135623731));
#6323=CARTESIAN_POINT('Ctrl Pts',(137.977642474826,-78.872956906751,-6.29080014742425));
#6324=CARTESIAN_POINT('Ctrl Pts',(137.932330576033,-78.6634805398077,-6.01149067311925));
#6325=CARTESIAN_POINT('Ctrl Pts',(137.889602839123,-78.4659507223915,-5.52358242294624));
#6326=CARTESIAN_POINT('Ctrl Pts',(137.879887267418,-78.4210357504361,-5.17453292519943));
#6327=CARTESIAN_POINT('Ctrl Pts',(137.879887267418,-78.4210357504361,-5.));
#6328=CARTESIAN_POINT('Origin',(137.879887267418,-78.4210357504361,-3.46024317697666));
#6329=CARTESIAN_POINT('Ctrl Pts',(106.491295396621,-85.6487903373103,-5.95216429009697));
#6330=CARTESIAN_POINT('Ctrl Pts',(106.391100360195,-85.6333342788987,-5.8668660164689));
#6331=CARTESIAN_POINT('Ctrl Pts',(106.21449966959,-85.5958482375286,-5.67814885519031));
#6332=CARTESIAN_POINT('Ctrl Pts',(105.93490142162,-85.5233229364254,-5.1706752964452));
#6333=CARTESIAN_POINT('Ctrl Pts',(105.80092650551,-85.5095572394197,-4.75748859985035));
#6334=CARTESIAN_POINT('Ctrl Pts',(105.751279695179,-85.5338151382411,-4.57628121962088));
#6335=CARTESIAN_POINT('Ctrl Pts',(106.422174357645,-85.7229537854298,-6.03746256372504));
#6336=CARTESIAN_POINT('Ctrl Pts',(106.32599594436,-85.6988217029576,-5.94951366970751));
#6337=CARTESIAN_POINT('Ctrl Pts',(106.15074146487,-85.6490828955992,-5.75691170176696));
#6338=CARTESIAN_POINT('Ctrl Pts',(105.859789209084,-85.5630553658079,-5.25028171299556));
#6339=CARTESIAN_POINT('Ctrl Pts',(105.722600846025,-85.5478278938732,-4.85009769832874));
#6340=CARTESIAN_POINT('Ctrl Pts',(105.671072960194,-85.5730049038889,-4.66555024038618));
#6341=CARTESIAN_POINT('Ctrl Pts',(106.270828944552,-85.8754916162066,-6.17774017202967));
#6342=CARTESIAN_POINT('Ctrl Pts',(106.178686902158,-85.8363944472963,-6.08798977627044));
#6343=CARTESIAN_POINT('Ctrl Pts',(105.998427432472,-85.761026381483,-5.88725974562938));
#6344=CARTESIAN_POINT('Ctrl Pts',(105.672814116844,-85.6483094248009,-5.37901901512242));
#6345=CARTESIAN_POINT('Ctrl Pts',(105.541388345816,-85.636370027112,-5.01169119099795));
#6346=CARTESIAN_POINT('Ctrl Pts',(105.489548925765,-85.6616992556802,-4.82057577877933));
#6347=CARTESIAN_POINT('Ctrl Pts',(105.824898712444,-86.1678892408123,-6.37438487110016));
#6348=CARTESIAN_POINT('Ctrl Pts',(105.724997222717,-86.0973601050821,-6.26971374752748));
#6349=CARTESIAN_POINT('Ctrl Pts',(105.521577413544,-85.96652632603,-6.02325056919984));
#6350=CARTESIAN_POINT('Ctrl Pts',(105.280762572669,-85.821909580863,-5.53003351842901));
#6351=CARTESIAN_POINT('Ctrl Pts',(105.204990114385,-85.8007373692896,-5.16450897820834));
#6352=CARTESIAN_POINT('Ctrl Pts',(105.172455944142,-85.8166338710934,-4.96676012759388));
#6353=CARTESIAN_POINT('Ctrl Pts',(105.33356023797,-86.389889248631,-6.41421356237309));
#6354=CARTESIAN_POINT('Ctrl Pts',(105.263803676384,-86.2942464557771,-6.29765644825474));
#6355=CARTESIAN_POINT('Ctrl Pts',(105.13770681571,-86.1232954099038,-6.03094324800459));
#6356=CARTESIAN_POINT('Ctrl Pts',(105.003258798495,-85.9561406019433,-5.54598059094814));
#6357=CARTESIAN_POINT('Ctrl Pts',(104.957505343244,-85.9216607578841,-5.18422919882162));
#6358=CARTESIAN_POINT('Ctrl Pts',(104.945607666961,-85.9274740745013,-5.));
#6359=CARTESIAN_POINT('Ctrl Pts',(105.089342827914,-86.5092161738462,-6.41421356237309));
#6360=CARTESIAN_POINT('Ctrl Pts',(105.035163418661,-86.3983312668374,-6.29080014742425));
#6361=CARTESIAN_POINT('Ctrl Pts',(104.941074875768,-86.2057673486791,-6.01149067311925));
#6362=CARTESIAN_POINT('Ctrl Pts',(104.852352252927,-86.0241854540255,-5.52358242294624));
#6363=CARTESIAN_POINT('Ctrl Pts',(104.832178214552,-85.9828967725867,-5.17453292519943));
#6364=CARTESIAN_POINT('Ctrl Pts',(104.832178214552,-85.9828967725867,-5.));
#6365=CARTESIAN_POINT('Origin',(104.832178214552,-85.9828967725867,-3.55333359339743));
#6366=CARTESIAN_POINT('Origin',(140.433151228548,-78.7935535928808,0.));
#6367=CARTESIAN_POINT('',(150.587562694474,-70.993698454473,-1.966));
#6368=CARTESIAN_POINT('',(140.789475553927,-78.5198520465555,-1.966));
#6369=CARTESIAN_POINT('',(132.093546829103,-85.1994104409692,-1.966));
#6370=CARTESIAN_POINT('',(150.587562694474,-70.993698454473,-3.13673932945791));
#6371=CARTESIAN_POINT('',(150.587562694474,-70.993698454473,0.));
#6372=CARTESIAN_POINT('',(149.109908154607,-72.1287215322998,-5.));
#6373=CARTESIAN_POINT('Origin',(149.109908154607,-72.1287215322998,-3.13673932945791));
#6374=CARTESIAN_POINT('',(142.010576120157,-77.5818944349326,-5.));
#6375=CARTESIAN_POINT('',(132.125147116674,-85.1751374768279,-5.));
#6376=CARTESIAN_POINT('',(140.789475553927,-78.5198520465555,-3.46024317697666));
#6377=CARTESIAN_POINT('Origin',(142.010576120157,-77.5818944349326,-3.46024317697666));
#6378=CARTESIAN_POINT('',(140.789475553927,-78.5198520465555,0.));
#6379=CARTESIAN_POINT('Origin',(141.401416545347,-76.7888467614489,-3.46024317697666));
#6380=CARTESIAN_POINT('',(140.180315979118,-77.7268043730719,-3.46024317697666));
#6381=CARTESIAN_POINT('',(141.401416545347,-76.7888467614489,-5.));
#6382=CARTESIAN_POINT('Origin',(141.401416545347,-76.7888467614489,-5.));
#6383=CARTESIAN_POINT('',(148.500748579797,-71.3356738588161,-5.));
#6384=CARTESIAN_POINT('Origin',(148.500748579797,-71.3356738588161,-3.13673932945791));
#6385=CARTESIAN_POINT('',(149.978403119664,-70.2006507809893,-3.13673932945791));
#6386=CARTESIAN_POINT('Origin',(149.978403119664,-70.2006507809893,-3.13673932945791));
#6387=CARTESIAN_POINT('',(154.89787707865,-76.6051752098429,-1.966));
#6388=CARTESIAN_POINT('Origin',(150.543411833308,-70.2300267672155,0.));
#6389=CARTESIAN_POINT('',(166.862506920389,-80.0011127089849,-1.966));
#6390=CARTESIAN_POINT('',(151.710430309988,-70.9287810651975,-1.966));
#6391=CARTESIAN_POINT('',(151.439022897473,-70.766275415297,-1.966));
#6392=CARTESIAN_POINT('',(166.862506920389,-80.0011127089849,-3.23988812356979));
#6393=CARTESIAN_POINT('',(166.862506920389,-80.0011127089849,0.));
#6394=CARTESIAN_POINT('',(165.352392423864,-79.0969290855231,-5.));
#6395=CARTESIAN_POINT('Origin',(165.352392423864,-79.0969290855231,-3.23988812356979));
#6396=CARTESIAN_POINT('',(153.309042868126,-71.8859530535835,-5.));
#6397=CARTESIAN_POINT('',(151.395510184466,-70.74022210437,-5.));
#6398=CARTESIAN_POINT('',(151.710430309988,-70.9287810651975,-3.13673932945791));
#6399=CARTESIAN_POINT('Origin',(153.309042868126,-71.8859530535835,-3.13673932945791));
#6400=CARTESIAN_POINT('',(151.710430309988,-70.9287810651975,0.));
#6401=CARTESIAN_POINT('Origin',(152.224138350692,-70.0708160024382,2.17073932945792));
#6402=CARTESIAN_POINT('',(142.29183273593,-86.659170738769,-1.966));
#6403=CARTESIAN_POINT('',(152.224138350692,-70.0708160024382,-3.13673932945791));
#6404=CARTESIAN_POINT('Origin',(153.822750908831,-71.0279879908243,-3.13673932945791));
#6405=CARTESIAN_POINT('',(153.822750908831,-71.0279879908243,-5.));
#6406=CARTESIAN_POINT('Origin',(153.822750908831,-71.0279879908243,-5.));
#6407=CARTESIAN_POINT('',(165.866100464569,-78.2389640227639,-5.));
#6408=CARTESIAN_POINT('Origin',(165.866100464569,-78.2389640227639,-3.23988812356979));
#6409=CARTESIAN_POINT('',(167.376214961093,-79.1431476462257,-3.23988812356979));
#6410=CARTESIAN_POINT('Origin',(167.376214961093,-79.1431476462257,-3.23988812356979));
#6411=CARTESIAN_POINT('',(157.443909346331,-95.7315023825565,-1.966));
#6412=CARTESIAN_POINT('Origin',(167.252152421806,-79.7561592569006,0.));
#6413=CARTESIAN_POINT('',(170.012521702922,-109.954524518538,-1.966));
#6414=CARTESIAN_POINT('',(167.344647176036,-80.7680493659982,-1.966));
#6415=CARTESIAN_POINT('',(168.191867262969,-90.03661419796,-1.966));
#6416=CARTESIAN_POINT('',(170.012521702922,-109.954524518538,-3.56689493580445));
#6417=CARTESIAN_POINT('',(170.012521702922,-109.954524518538,0.));
#6418=CARTESIAN_POINT('',(169.882068433662,-108.527369281866,-5.));
#6419=CARTESIAN_POINT('Origin',(169.882068433662,-108.527369281866,-3.56689493580445));
#6420=CARTESIAN_POINT('',(167.504867354082,-82.5208537795303,-5.));
#6421=CARTESIAN_POINT('',(168.184521879928,-89.9562559062066,-5.));
#6422=CARTESIAN_POINT('',(167.344647176036,-80.7680493659982,-3.23988812356979));
#6423=CARTESIAN_POINT('Origin',(167.504867354082,-82.5208537795303,-3.23988812356979));
#6424=CARTESIAN_POINT('',(167.344647176036,-80.7680493659982,0.));
#6425=CARTESIAN_POINT('Origin',(168.340495472388,-80.6770209602522,2.27388812356979));
#6426=CARTESIAN_POINT('',(149.768645658557,-82.3746348302561,-1.966));
#6427=CARTESIAN_POINT('',(168.340495472388,-80.6770209602522,-3.23988812356979));
#6428=CARTESIAN_POINT('Origin',(168.500715650434,-82.4298253737843,-3.23988812356979));
#6429=CARTESIAN_POINT('',(168.500715650434,-82.4298253737843,-5.));
#6430=CARTESIAN_POINT('Origin',(168.500715650434,-82.4298253737843,-5.));
#6431=CARTESIAN_POINT('',(170.877916730014,-108.43634087612,-5.));
#6432=CARTESIAN_POINT('Origin',(170.877916730014,-108.43634087612,-3.56689493580445));
#6433=CARTESIAN_POINT('',(171.008369999274,-109.863496112792,-3.56689493580445));
#6434=CARTESIAN_POINT('Origin',(171.008369999274,-109.863496112792,-3.56689493580445));
#6435=CARTESIAN_POINT('',(152.436520185443,-111.561109982796,-1.966));
#6436=CARTESIAN_POINT('Origin',(170.035141384997,-109.954866072411,0.));
#6437=CARTESIAN_POINT('',(167.341279329287,-132.044534929231,-1.966));
#6438=CARTESIAN_POINT('',(170.009319284121,-110.166607299595,-1.966));
#6439=CARTESIAN_POINT('',(170.144198314222,-109.060599252762,-1.966));
#6440=CARTESIAN_POINT('',(167.341279329287,-132.044534929231,-3.35067028281719));
#6441=CARTESIAN_POINT('',(167.341279329287,-132.044534929231,0.));
#6442=CARTESIAN_POINT('',(167.540937907883,-130.407334584748,-5.));
#6443=CARTESIAN_POINT('Origin',(167.540937907883,-130.407334584748,-3.35067028281719));
#6444=CARTESIAN_POINT('',(169.835835645819,-111.589173133666,-5.));
#6445=CARTESIAN_POINT('',(170.153647802659,-108.983113447583,-5.));
#6446=CARTESIAN_POINT('',(170.009319284121,-110.166607299595,-3.56689493580445));
#6447=CARTESIAN_POINT('Origin',(169.835835645819,-111.589173133666,-3.56689493580445));
#6448=CARTESIAN_POINT('',(170.009319284121,-110.166607299595,0.));
#6449=CARTESIAN_POINT('Origin',(171.001965161671,-110.287661674906,2.60089493580446));
#6450=CARTESIAN_POINT('',(151.870879987582,-107.954602507334,-1.966));
#6451=CARTESIAN_POINT('',(171.001965161671,-110.287661674906,-3.56689493580445));
#6452=CARTESIAN_POINT('Origin',(170.82848152337,-111.710227508977,-3.56689493580445));
#6453=CARTESIAN_POINT('',(170.82848152337,-111.710227508977,-5.));
#6454=CARTESIAN_POINT('Origin',(170.82848152337,-111.710227508977,-5.));
#6455=CARTESIAN_POINT('',(168.533583785433,-130.528388960059,-5.));
#6456=CARTESIAN_POINT('Origin',(168.533583785433,-130.528388960059,-3.35067028281719));
#6457=CARTESIAN_POINT('',(168.333925206838,-132.165589304542,-3.35067028281719));
#6458=CARTESIAN_POINT('Origin',(168.333925206838,-132.165589304542,-3.35067028281719));
#6459=CARTESIAN_POINT('',(149.202840032748,-129.83253013697,-1.966));
#6460=CARTESIAN_POINT('Origin',(167.554950592744,-132.151307792134,0.));
#6461=CARTESIAN_POINT('',(163.294456112025,-136.244087944971,-1.966));
#6462=CARTESIAN_POINT('',(167.041403554986,-132.644639055252,-1.966));
#6463=CARTESIAN_POINT('',(165.691992368801,-133.940930681924,-1.966));
#6464=CARTESIAN_POINT('',(163.294456112025,-136.244087944971,-3.30008937627202));
#6465=CARTESIAN_POINT('',(163.294456112025,-136.244087944971,0.));
#6466=CARTESIAN_POINT('',(164.520361109831,-135.066440686656,-5.));
#6467=CARTESIAN_POINT('Origin',(164.520361109831,-135.066440686656,-3.30008937627202));
#6468=CARTESIAN_POINT('',(165.85197540794,-133.787245373717,-5.));
#6469=CARTESIAN_POINT('',(165.726133251038,-133.908133755216,-5.));
#6470=CARTESIAN_POINT('',(167.041403554986,-132.644639055252,-3.35067028281719));
#6471=CARTESIAN_POINT('Origin',(165.85197540794,-133.787245373718,-3.35067028281719));
#6472=CARTESIAN_POINT('',(167.041403554986,-132.644639055252,0.));
#6473=CARTESIAN_POINT('Origin',(167.734173658236,-133.365797556584,2.38467028281719));
#6474=CARTESIAN_POINT('',(151.965136920592,-116.950575756702,-1.966));
#6475=CARTESIAN_POINT('',(167.734173658236,-133.365797556584,-3.35067028281719));
#6476=CARTESIAN_POINT('Origin',(166.54474551119,-134.50840387505,-3.35067028281719));
#6477=CARTESIAN_POINT('',(166.54474551119,-134.50840387505,-5.));
#6478=CARTESIAN_POINT('Origin',(166.54474551119,-134.50840387505,-5.));
#6479=CARTESIAN_POINT('',(165.213131213081,-135.787599187988,-5.));
#6480=CARTESIAN_POINT('Origin',(165.213131213081,-135.787599187988,-3.30008937627202));
#6481=CARTESIAN_POINT('',(163.987226215275,-136.965246446303,-3.30008937627202));
#6482=CARTESIAN_POINT('Origin',(163.987226215275,-136.965246446303,-3.30008937627202));
#6483=CARTESIAN_POINT('',(148.218189477631,-120.55002464642,-1.966));
#6484=CARTESIAN_POINT('Origin',(162.533787534511,-137.521776560652,2.33408937627202));
#6485=CARTESIAN_POINT('',(162.567736771643,-136.522353002145,-1.966));
#6486=CARTESIAN_POINT('',(163.091875046947,-121.092370342704,-1.966));
#6487=CARTESIAN_POINT('',(162.567736771643,-136.522353002145,-3.30008937627202));
#6488=CARTESIAN_POINT('',(162.567736771643,-136.522353002145,0.));
#6489=CARTESIAN_POINT('',(162.533787534511,-137.521776560652,-3.30008937627202));
#6490=CARTESIAN_POINT('Origin',(160.834856809801,-137.464065891783,-3.30008937627202));
#6491=CARTESIAN_POINT('',(160.868806046934,-136.464642333276,-5.));
#6492=CARTESIAN_POINT('Origin',(160.868806046934,-136.464642333276,-3.30008937627202));
#6493=CARTESIAN_POINT('',(160.834856809801,-137.464065891783,-5.));
#6494=CARTESIAN_POINT('Origin',(160.834856809801,-137.464065891783,-5.));
#6495=CARTESIAN_POINT('',(102.87474004193,-134.494652450293,-5.));
#6496=CARTESIAN_POINT('',(147.64283512134,-136.015371731801,-5.));
#6497=CARTESIAN_POINT('',(102.840790804798,-135.4940760088,-5.));
#6498=CARTESIAN_POINT('Origin',(102.840790804798,-135.4940760088,-3.15623465917567));
#6499=CARTESIAN_POINT('',(101.032037523952,-134.432058023521,-3.15623465917567));
#6500=CARTESIAN_POINT('Origin',(102.87474004193,-134.494652450293,-3.15623465917567));
#6501=CARTESIAN_POINT('',(100.99808828682,-135.431481582028,-3.15623465917567));
#6502=CARTESIAN_POINT('Origin',(98.5133552013795,-132.492664916347,-3.15623465917567));
#6503=CARTESIAN_POINT('',(100.141819785534,-133.814623210008,-3.15623465917567));
#6504=CARTESIAN_POINT('',(99.2176528099834,-134.196611955001,-3.15623465917567));
#6505=CARTESIAN_POINT('',(99.4375221769301,-132.110676171353,-5.));
#6506=CARTESIAN_POINT('Origin',(99.4375221769301,-132.110676171353,-3.15623465917567));
#6507=CARTESIAN_POINT('',(98.5133552013795,-132.492664916347,-5.));
#6508=CARTESIAN_POINT('Origin',(98.5133552013795,-132.492664916347,-5.));
#6509=CARTESIAN_POINT('',(96.6104887139289,-125.271074220968,-5.));
#6510=CARTESIAN_POINT('',(97.4247244929838,-127.241000893355,-5.));
#6511=CARTESIAN_POINT('',(95.6863217383783,-125.653062965962,-5.));
#6512=CARTESIAN_POINT('Origin',(95.6863217383783,-125.653062965962,-3.43515810434275));
#6513=CARTESIAN_POINT('',(96.0127367220936,-123.824899019044,-3.43515810434275));
#6514=CARTESIAN_POINT('Origin',(96.6104887139289,-125.271074220968,-3.43515810434275));
#6515=CARTESIAN_POINT('',(95.0885697465431,-124.206887764037,-3.43515810434275));
#6516=CARTESIAN_POINT('Origin',(95.1114801616755,-121.677532390215,-3.43515810434275));
#6517=CARTESIAN_POINT('',(95.9423847476038,-123.338353791657,-3.43515810434275));
#6518=CARTESIAN_POINT('',(94.9478657975634,-123.233797309263,-3.43515810434275));
#6519=CARTESIAN_POINT('',(96.1059991117159,-121.782088872609,-5.));
#6520=CARTESIAN_POINT('Origin',(96.1059991117159,-121.782088872609,-3.43515810434275));
#6521=CARTESIAN_POINT('',(95.1114801616755,-121.677532390215,-5.));
#6522=CARTESIAN_POINT('Origin',(95.1114801616755,-121.677532390215,-5.));
#6523=CARTESIAN_POINT('',(99.2325496504619,-92.0430072981453,-5.));
#6524=CARTESIAN_POINT('',(97.1516616059681,-111.835970352997,-5.));
#6525=CARTESIAN_POINT('',(98.2380307004215,-91.9384508157518,-5.));
#6526=CARTESIAN_POINT('Origin',(98.2380307004215,-91.9384508157518,-3.21015768891731));
#6527=CARTESIAN_POINT('',(99.4196892665479,-90.2629752021895,-3.21015768891731));
#6528=CARTESIAN_POINT('Origin',(99.2325496504619,-92.0430072981453,-3.21015768891731));
#6529=CARTESIAN_POINT('',(98.4251703165075,-90.1584187197959,-3.21015768891731));
#6530=CARTESIAN_POINT('Origin',(101.144336944948,-87.784810728195,-3.21015768891731));
#6531=CARTESIAN_POINT('',(99.9752007612374,-89.4690482656229,-3.21015768891731));
#6532=CARTESIAN_POINT('',(99.5361933058865,-88.5705648466627,-3.21015768891731));
#6533=CARTESIAN_POINT('',(101.583344400299,-88.6832941471552,-5.));
#6534=CARTESIAN_POINT('Origin',(101.583344400299,-88.6832941471552,-3.21015768891731));
#6535=CARTESIAN_POINT('',(101.144336944948,-87.784810728195,-5.));
#6536=CARTESIAN_POINT('Origin',(101.144336944948,-87.784810728195,-5.));
#6537=CARTESIAN_POINT('',(105.271185669903,-86.8813801915468,-5.));
#6538=CARTESIAN_POINT('',(110.032435308787,-84.5549888034053,-5.));
#6539=CARTESIAN_POINT('',(104.832178214552,-85.9828967725867,-5.));
#6540=CARTESIAN_POINT('Origin',(104.832178214552,-85.9828967725867,-3.55333359339743));
#6541=CARTESIAN_POINT('',(106.570991449002,-86.2462828536427,-3.55333359339743));
#6542=CARTESIAN_POINT('Origin',(105.271185669903,-86.8813801915468,-3.55333359339743));
#6543=CARTESIAN_POINT('',(106.131983993651,-85.3477994346825,-3.55333359339743));
#6544=CARTESIAN_POINT('Origin',(108.001122343612,-84.8841207851051,-3.55333359339743));
#6545=CARTESIAN_POINT('',(106.798578249138,-86.1673711086345,-3.55333359339743));
#6546=CARTESIAN_POINT('',(106.587157593923,-85.1899759446663,-3.55333359339743));
#6547=CARTESIAN_POINT('',(108.212542998827,-85.8615159490733,-5.));
#6548=CARTESIAN_POINT('Origin',(108.212542998827,-85.8615159490733,-3.55333359339743));
#6549=CARTESIAN_POINT('',(108.001122343612,-84.8841207851051,-5.));
#6550=CARTESIAN_POINT('Origin',(108.001122343612,-84.8841207851051,-5.));
#6551=CARTESIAN_POINT('',(138.091307922633,-79.3984309144044,-5.));
#6552=CARTESIAN_POINT('',(117.389827607658,-83.8763746299628,-5.));
#6553=CARTESIAN_POINT('',(137.879887267418,-78.4210357504361,-5.));
#6554=CARTESIAN_POINT('Origin',(137.879887267418,-78.4210357504361,-3.46024317697666));
#6555=CARTESIAN_POINT('',(139.596258795143,-79.0728945180093,-3.46024317697666));
#6556=CARTESIAN_POINT('Origin',(138.091307922633,-79.3984309144044,-3.46024317697666));
#6557=CARTESIAN_POINT('',(139.384838139928,-78.095499354041,-3.46024317697666));
#6558=CARTESIAN_POINT('Origin',(161.437159195842,-132.481641522168,0.));
#6559=CARTESIAN_POINT('',(161.437159195842,-132.481641522168,-1.966));
#6560=CARTESIAN_POINT('',(161.24755646385,-132.663780544277,-1.966));
#6561=CARTESIAN_POINT('',(161.437159195842,-132.481641522168,0.));
#6562=CARTESIAN_POINT('Origin',(103.099997472018,-130.499997083098,0.));
#6563=CARTESIAN_POINT('',(103.099997472018,-130.499997083098,-1.966));
#6564=CARTESIAN_POINT('',(117.568649702814,-130.991480099871,-1.966));
#6565=CARTESIAN_POINT('',(103.099997472018,-130.499997083098,0.));
#6566=CARTESIAN_POINT('Origin',(100.000001639128,-123.000001832843,0.));
#6567=CARTESIAN_POINT('',(100.000001639128,-123.000001832843,-1.966));
#6568=CARTESIAN_POINT('',(98.98586504842,-120.546443820693,-1.966));
#6569=CARTESIAN_POINT('',(100.000001639128,-123.000001832843,0.));
#6570=CARTESIAN_POINT('Origin',(103.224046171572,-92.3335781937981,0.));
#6571=CARTESIAN_POINT('',(103.224046171572,-92.3335781937981,-1.966));
#6572=CARTESIAN_POINT('',(102.799847246647,-96.3684678512082,-1.966));
#6573=CARTESIAN_POINT('',(103.224046171572,-92.3335781937981,0.));
#6574=CARTESIAN_POINT('Origin',(108.000001758337,-90.0000013411045,0.));
#6575=CARTESIAN_POINT('',(115.397947310235,-86.3852955123407,-1.966));
#6576=CARTESIAN_POINT('Origin',(140.180315979118,-77.7268043730719,2.49424317697666));
#6577=CARTESIAN_POINT('',(140.180315979118,-77.7268043730719,-1.966));
#6578=CARTESIAN_POINT('',(145.099789938104,-84.1313288019254,-1.966));
#6579=CARTESIAN_POINT('',(140.180315979118,-77.7268043730719,0.));
#6580=CARTESIAN_POINT('Origin',(138.961996829499,-76.1407090261045,0.));
#6581=CARTESIAN_POINT('',(139.384838139928,-78.095499354041,-1.966));
#6582=CARTESIAN_POINT('Origin',(138.961996829499,-76.1407090261045,-1.966));
#6583=CARTESIAN_POINT('',(139.384838139928,-78.095499354041,0.));
#6584=CARTESIAN_POINT('Origin',(139.384838139928,-78.095499354041,-3.46024317697666));
#6585=CARTESIAN_POINT('',(139.596258795143,-79.0728945180093,-1.966));
#6586=CARTESIAN_POINT('',(141.879119513131,-89.6265323520556,-1.966));
#6587=CARTESIAN_POINT('',(139.596258795143,-79.0728945180093,0.));
#6588=CARTESIAN_POINT('Origin',(106.561417656912,-86.2186713909032,0.));
#6589=CARTESIAN_POINT('',(106.798578249138,-86.1673711086345,-1.966));
#6590=CARTESIAN_POINT('',(117.384003169271,-83.8776345160617,-1.966));
#6591=CARTESIAN_POINT('',(106.798578249138,-86.1673711086345,0.));
#6592=CARTESIAN_POINT('Origin',(106.587157593923,-85.1899759446663,2.58733359339743));
#6593=CARTESIAN_POINT('',(106.587157593923,-85.1899759446663,-1.966));
#6594=CARTESIAN_POINT('',(109.081438967126,-96.7210089426808,-1.966));
#6595=CARTESIAN_POINT('',(106.587157593923,-85.1899759446663,0.));
#6596=CARTESIAN_POINT('Origin',(107.009998904353,-87.1447662726028,0.));
#6597=CARTESIAN_POINT('',(106.131983993651,-85.3477994346825,-1.966));
#6598=CARTESIAN_POINT('Origin',(107.009998904353,-87.1447662726028,-1.966));
#6599=CARTESIAN_POINT('',(106.131983993651,-85.3477994346825,0.));
#6600=CARTESIAN_POINT('Origin',(106.131983993651,-85.3477994346825,-3.55333359339743));
#6601=CARTESIAN_POINT('',(106.570991449002,-86.2462828536426,-1.966));
#6602=CARTESIAN_POINT('',(112.323421587372,-98.0193473769349,-1.966));
#6603=CARTESIAN_POINT('',(106.570991449002,-86.2462828536426,0.));
#6604=CARTESIAN_POINT('Origin',(98.9799903686166,-89.9553174307332,0.));
#6605=CARTESIAN_POINT('',(99.9752007612374,-89.4690482656229,-1.966));
#6606=CARTESIAN_POINT('',(110.009926704673,-84.5659867192347,-1.966));
#6607=CARTESIAN_POINT('',(99.9752007612374,-89.4690482656229,0.));
#6608=CARTESIAN_POINT('Origin',(99.5361933058865,-88.5705648466627,2.24415768891731));
#6609=CARTESIAN_POINT('',(99.5361933058865,-88.5705648466627,-1.966));
#6610=CARTESIAN_POINT('',(105.727630899607,-101.242112788915,-1.966));
#6611=CARTESIAN_POINT('',(99.5361933058865,-88.5705648466627,0.));
#6612=CARTESIAN_POINT('Origin',(100.414208216588,-90.3675316845831,0.));
#6613=CARTESIAN_POINT('',(98.4251703165075,-90.1584187197959,-1.966));
#6614=CARTESIAN_POINT('Origin',(100.414208216588,-90.3675316845831,-1.966));
#6615=CARTESIAN_POINT('',(98.4251703165075,-90.1584187197959,0.));
#6616=CARTESIAN_POINT('Origin',(98.4251703165075,-90.1584187197959,-3.21015768891731));
#6617=CARTESIAN_POINT('',(99.4196892665479,-90.2629752021895,-1.966));
#6618=CARTESIAN_POINT('',(116.215508917158,-92.0287654081113,-1.966));
#6619=CARTESIAN_POINT('',(99.4196892665479,-90.2629752021895,0.));
#6620=CARTESIAN_POINT('Origin',(95.8893573533623,-123.842739050583,0.));
#6621=CARTESIAN_POINT('',(95.9423847476038,-123.338353791657,-1.966));
#6622=CARTESIAN_POINT('',(97.143464937461,-111.913935314813,-1.966));
#6623=CARTESIAN_POINT('',(95.9423847476038,-123.338353791657,0.));
#6624=CARTESIAN_POINT('Origin',(94.9478657975634,-123.233797309263,2.46915810434275));
#6625=CARTESIAN_POINT('',(94.9478657975634,-123.233797309263,-1.966));
#6626=CARTESIAN_POINT('',(112.738204398214,-125.104143997579,-1.966));
#6627=CARTESIAN_POINT('',(94.9478657975634,-123.233797309263,0.));
#6628=CARTESIAN_POINT('Origin',(96.9369036976442,-123.442910274051,0.));
#6629=CARTESIAN_POINT('',(95.0885697465431,-124.206887764037,-1.966));
#6630=CARTESIAN_POINT('Origin',(96.9369036976442,-123.442910274051,-1.966));
#6631=CARTESIAN_POINT('',(95.0885697465431,-124.206887764037,0.));
#6632=CARTESIAN_POINT('Origin',(95.0885697465431,-124.206887764037,-3.43515810434275));
#6633=CARTESIAN_POINT('',(96.0127367220936,-123.824899019044,-1.966));
#6634=CARTESIAN_POINT('',(114.904988342973,-116.016107233922,-1.966));
#6635=CARTESIAN_POINT('',(96.0127367220936,-123.824899019044,0.));
#6636=CARTESIAN_POINT('Origin',(100.634146596013,-135.005737307965,0.));
#6637=CARTESIAN_POINT('',(100.141819785534,-133.814623210008,-1.966));
#6638=CARTESIAN_POINT('',(97.4546035757614,-127.313289048241,-1.966));
#6639=CARTESIAN_POINT('',(100.141819785534,-133.814623210008,0.));
#6640=CARTESIAN_POINT('Origin',(99.2176528099834,-134.196611955001,2.19023465917567));
#6641=CARTESIAN_POINT('',(99.2176528099834,-134.196611955001,-1.966));
#6642=CARTESIAN_POINT('',(119.034071406414,-126.005831424886,-1.966));
#6643=CARTESIAN_POINT('',(99.2176528099834,-134.196611955001,0.));
#6644=CARTESIAN_POINT('Origin',(101.065986761085,-133.432634465014,0.));
#6645=CARTESIAN_POINT('',(100.99808828682,-135.431481582028,-1.966));
#6646=CARTESIAN_POINT('Origin',(101.065986761085,-133.432634465014,-1.966));
#6647=CARTESIAN_POINT('',(100.99808828682,-135.431481582028,0.));
#6648=CARTESIAN_POINT('Origin',(100.99808828682,-135.431481582028,-3.15623465917567));
#6649=CARTESIAN_POINT('',(101.032037523952,-134.432058023521,-1.966));
#6650=CARTESIAN_POINT('',(101.556175799256,-119.00207536408,-1.966));
#6651=CARTESIAN_POINT('',(101.032037523952,-134.432058023521,0.));
#6652=CARTESIAN_POINT('Origin',(163.41198645453,-136.551031166112,0.));
#6653=CARTESIAN_POINT('',(147.656745719805,-136.015844258391,-1.966));
#6654=CARTESIAN_POINT('Origin',(132.98373077282,-103.621268473281,-1.966));
#6655=UNCERTAINTY_MEASURE_WITH_UNIT(LENGTH_MEASURE(0.01),#6659,
'DISTANCE_ACCURACY_VALUE',
'Maximum model space distance between geometric entities at asserted c
onnectivities');
#6656=UNCERTAINTY_MEASURE_WITH_UNIT(LENGTH_MEASURE(0.01),#6659,
'DISTANCE_ACCURACY_VALUE',
'Maximum model space distance between geometric entities at asserted c
onnectivities');
#6657=(
GEOMETRIC_REPRESENTATION_CONTEXT(3)
GLOBAL_UNCERTAINTY_ASSIGNED_CONTEXT((#6655))
GLOBAL_UNIT_ASSIGNED_CONTEXT((#6659,#6660,#6661))
REPRESENTATION_CONTEXT('','3D')
);
#6658=(
GEOMETRIC_REPRESENTATION_CONTEXT(3)
GLOBAL_UNCERTAINTY_ASSIGNED_CONTEXT((#6656))
GLOBAL_UNIT_ASSIGNED_CONTEXT((#6659,#6660,#6661))
REPRESENTATION_CONTEXT('','3D')
);
#6659=(
LENGTH_UNIT()
NAMED_UNIT(*)
SI_UNIT(.MILLI.,.METRE.)
);
#6660=(
NAMED_UNIT(*)
PLANE_ANGLE_UNIT()
SI_UNIT($,.RADIAN.)
);
#6661=(
NAMED_UNIT(*)
SI_UNIT($,.STERADIAN.)
SOLID_ANGLE_UNIT()
);
#6662=SHAPE_DEFINITION_REPRESENTATION(#6663,#6664);
#6663=PRODUCT_DEFINITION_SHAPE('',$,#6666);
#6664=SHAPE_REPRESENTATION('',(#2573),#6657);
#6665=PRODUCT_DEFINITION_CONTEXT('part definition',#6670,'design');
#6666=PRODUCT_DEFINITION('2026-06-12-05-57-02-625',
'withholesPathfinder',#6667,#6665);
#6667=PRODUCT_DEFINITION_FORMATION('',$,#6672);
#6668=PRODUCT_RELATED_PRODUCT_CATEGORY('withholesPathfinder',
'withholesPathfinder',(#6672));
#6669=APPLICATION_PROTOCOL_DEFINITION('international standard',
'automotive_design',2009,#6670);
#6670=APPLICATION_CONTEXT(
'Core Data for Automotive Mechanical Design Process');
#6671=PRODUCT_CONTEXT('part definition',#6670,'mechanical');
#6672=PRODUCT('2026-06-12-05-57-02-625','withholesPathfinder',
'KiCad electronic assembly',(#6671));
#6673=PRESENTATION_STYLE_ASSIGNMENT((#6680));
#6674=PRESENTATION_STYLE_ASSIGNMENT((#6681));
#6675=PRESENTATION_STYLE_ASSIGNMENT((#6682));
#6676=PRESENTATION_STYLE_ASSIGNMENT((#6683));
#6677=PRESENTATION_STYLE_ASSIGNMENT((#6684));
#6678=PRESENTATION_STYLE_ASSIGNMENT((#6685));
#6679=PRESENTATION_STYLE_ASSIGNMENT((#6686));
#6680=SURFACE_STYLE_USAGE(.BOTH.,#6687);
#6681=SURFACE_STYLE_USAGE(.BOTH.,#6688);
#6682=SURFACE_STYLE_USAGE(.BOTH.,#6689);
#6683=SURFACE_STYLE_USAGE(.BOTH.,#6690);
#6684=SURFACE_STYLE_USAGE(.BOTH.,#6691);
#6685=SURFACE_STYLE_USAGE(.BOTH.,#6692);
#6686=SURFACE_STYLE_USAGE(.BOTH.,#6693);
#6687=SURFACE_SIDE_STYLE('',(#6694));
#6688=SURFACE_SIDE_STYLE('',(#6695));
#6689=SURFACE_SIDE_STYLE('',(#6696));
#6690=SURFACE_SIDE_STYLE('',(#6697));
#6691=SURFACE_SIDE_STYLE('',(#6698));
#6692=SURFACE_SIDE_STYLE('',(#6699));
#6693=SURFACE_SIDE_STYLE('',(#6700));
#6694=SURFACE_STYLE_FILL_AREA(#6701);
#6695=SURFACE_STYLE_FILL_AREA(#6702);
#6696=SURFACE_STYLE_FILL_AREA(#6703);
#6697=SURFACE_STYLE_FILL_AREA(#6704);
#6698=SURFACE_STYLE_FILL_AREA(#6705);
#6699=SURFACE_STYLE_FILL_AREA(#6706);
#6700=SURFACE_STYLE_FILL_AREA(#6707);
#6701=FILL_AREA_STYLE('Opaque(202,209,238)',(#6708));
#6702=FILL_AREA_STYLE('Opaque(25,25,25)',(#6709));
#6703=FILL_AREA_STYLE('Opaque(244,229,167)',(#6710));
#6704=FILL_AREA_STYLE('Opaque(160,160,160)',(#6711));
#6705=FILL_AREA_STYLE('Opaque(246,246,243)',(#6712));
#6706=FILL_AREA_STYLE('Paint - Enamel Glossy (Red)',(#6713));
#6707=FILL_AREA_STYLE('Paint - Enamel Glossy (Blue)',(#6714));
#6708=FILL_AREA_STYLE_COLOUR('Opaque(202,209,238)',#6715);
#6709=FILL_AREA_STYLE_COLOUR('Opaque(25,25,25)',#6716);
#6710=FILL_AREA_STYLE_COLOUR('Opaque(244,229,167)',#6717);
#6711=FILL_AREA_STYLE_COLOUR('Opaque(160,160,160)',#6718);
#6712=FILL_AREA_STYLE_COLOUR('Opaque(246,246,243)',#6719);
#6713=FILL_AREA_STYLE_COLOUR('Paint - Enamel Glossy (Red)',#6720);
#6714=FILL_AREA_STYLE_COLOUR('Paint - Enamel Glossy (Blue)',#6721);
#6715=COLOUR_RGB('Opaque(202,209,238)',0.792156862745098,0.819607843137255,
0.933333333333333);
#6716=COLOUR_RGB('Opaque(25,25,25)',0.0980392156862745,0.0980392156862745,
0.0980392156862745);
#6717=COLOUR_RGB('Opaque(244,229,167)',0.956862745098039,0.898039215686275,
0.654901960784314);
#6718=COLOUR_RGB('Opaque(160,160,160)',0.627450980392157,0.627450980392157,
0.627450980392157);
#6719=COLOUR_RGB('Opaque(246,246,243)',0.964705882352941,0.964705882352941,
0.952941176470588);
#6720=COLOUR_RGB('Paint - Enamel Glossy (Red)',0.768627450980392,0.207843137254902,
0.152941176470588);
#6721=COLOUR_RGB('Paint - Enamel Glossy (Blue)',0.188235294117647,0.231372549019608,
0.588235294117647);
ENDSEC;
END-ISO-10303-21;
