ISO-10303-21;
HEADER;
/* Generated by software containing ST-Developer
 * from STEP Tools, Inc. (www.steptools.com) 
 */

FILE_DESCRIPTION(
/* description */ ('KiCad electronic assembly'),
/* implementation_level */ '2;1');

FILE_NAME(
/* name */ 'righttop.step',
/* time_stamp */ '2026-06-16T11:59:29+05:30',
/* author */ (''),
/* organization */ (''),
/* preprocessor_version */ 'ST-DEVELOPER v20.1',
/* originating_system */ 'Autodesk Translation Framework v15.8.0.0',
/* authorisation */ '');

FILE_SCHEMA (('AUTOMOTIVE_DESIGN { 1 0 10303 214 3 1 1 }'));
ENDSEC;

DATA;
#10=MECHANICAL_DESIGN_GEOMETRIC_PRESENTATION_REPRESENTATION('',(#13),#8614);
#11=SHAPE_REPRESENTATION_RELATIONSHIP('SRR','None',#8620,#12);
#12=ADVANCED_BREP_SHAPE_REPRESENTATION('',(#14),#8613);
#13=STYLED_ITEM('',(#8634),#14);
#14=MANIFOLD_SOLID_BREP('righttop',#3752);
#15=ELLIPSE('',#3983,2.82842712474619,2.);
#16=ELLIPSE('',#3984,2.82842712474645,2.);
#17=ELLIPSE('',#3992,2.82842712474619,2.);
#18=ELLIPSE('',#3993,2.82842712474619,2.);
#19=FACE_BOUND('',#1046,.T.);
#20=FACE_BOUND('',#1154,.T.);
#21=FACE_BOUND('',#1155,.T.);
#22=FACE_BOUND('',#1156,.T.);
#23=FACE_BOUND('',#1157,.T.);
#24=FACE_BOUND('',#1158,.T.);
#25=FACE_BOUND('',#1159,.T.);
#26=FACE_BOUND('',#1161,.T.);
#27=FACE_BOUND('',#1162,.T.);
#28=FACE_BOUND('',#1163,.T.);
#29=FACE_BOUND('',#1164,.T.);
#30=FACE_BOUND('',#1165,.T.);
#31=FACE_BOUND('',#1166,.T.);
#32=PLANE('',#3857);
#33=PLANE('',#3868);
#34=PLANE('',#3870);
#35=PLANE('',#3871);
#36=PLANE('',#3874);
#37=PLANE('',#3876);
#38=PLANE('',#3877);
#39=PLANE('',#3880);
#40=PLANE('',#3882);
#41=PLANE('',#3883);
#42=PLANE('',#3886);
#43=PLANE('',#3889);
#44=PLANE('',#3890);
#45=PLANE('',#3893);
#46=PLANE('',#3895);
#47=PLANE('',#3896);
#48=PLANE('',#3899);
#49=PLANE('',#3900);
#50=PLANE('',#3901);
#51=PLANE('',#3902);
#52=PLANE('',#3903);
#53=PLANE('',#3904);
#54=PLANE('',#3905);
#55=PLANE('',#3909);
#56=PLANE('',#3913);
#57=PLANE('',#3914);
#58=PLANE('',#3917);
#59=PLANE('',#3920);
#60=PLANE('',#3921);
#61=PLANE('',#3922);
#62=PLANE('',#3926);
#63=PLANE('',#3930);
#64=PLANE('',#3931);
#65=PLANE('',#3932);
#66=PLANE('',#3935);
#67=PLANE('',#3938);
#68=PLANE('',#3939);
#69=PLANE('',#3940);
#70=PLANE('',#3941);
#71=PLANE('',#3942);
#72=PLANE('',#3943);
#73=PLANE('',#3944);
#74=PLANE('',#3948);
#75=PLANE('',#3952);
#76=PLANE('',#3953);
#77=PLANE('',#3959);
#78=PLANE('',#3962);
#79=PLANE('',#3966);
#80=PLANE('',#3969);
#81=PLANE('',#3971);
#82=PLANE('',#4005);
#83=PLANE('',#4006);
#84=PLANE('',#4007);
#85=PLANE('',#4008);
#86=PLANE('',#4029);
#87=PLANE('',#4050);
#88=PLANE('',#4051);
#89=PLANE('',#4053);
#90=PLANE('',#4055);
#91=PLANE('',#4057);
#92=PLANE('',#4059);
#93=PLANE('',#4061);
#94=PLANE('',#4063);
#95=PLANE('',#4065);
#96=PLANE('',#4067);
#97=PLANE('',#4069);
#98=PLANE('',#4071);
#99=PLANE('',#4073);
#100=PLANE('',#4075);
#101=PLANE('',#4077);
#102=PLANE('',#4079);
#103=PLANE('',#4081);
#104=PLANE('',#4083);
#105=PLANE('',#4085);
#106=PLANE('',#4087);
#107=PLANE('',#4089);
#108=PLANE('',#4091);
#109=PLANE('',#4092);
#110=PLANE('',#4093);
#111=PLANE('',#4094);
#112=PLANE('',#4095);
#113=PLANE('',#4096);
#114=PLANE('',#4097);
#115=PLANE('',#4098);
#116=PLANE('',#4099);
#117=PLANE('',#4100);
#118=PLANE('',#4101);
#119=LINE('',#7484,#418);
#120=LINE('',#7489,#419);
#121=LINE('',#7491,#420);
#122=LINE('',#7493,#421);
#123=LINE('',#7497,#422);
#124=LINE('',#7499,#423);
#125=LINE('',#7501,#424);
#126=LINE('',#7505,#425);
#127=LINE('',#7507,#426);
#128=LINE('',#7509,#427);
#129=LINE('',#7513,#428);
#130=LINE('',#7515,#429);
#131=LINE('',#7517,#430);
#132=LINE('',#7521,#431);
#133=LINE('',#7523,#432);
#134=LINE('',#7525,#433);
#135=LINE('',#7529,#434);
#136=LINE('',#7531,#435);
#137=LINE('',#7533,#436);
#138=LINE('',#7537,#437);
#139=LINE('',#7539,#438);
#140=LINE('',#7541,#439);
#141=LINE('',#7545,#440);
#142=LINE('',#7547,#441);
#143=LINE('',#7549,#442);
#144=LINE('',#7553,#443);
#145=LINE('',#7555,#444);
#146=LINE('',#7557,#445);
#147=LINE('',#7561,#446);
#148=LINE('',#7563,#447);
#149=LINE('',#7565,#448);
#150=LINE('',#7569,#449);
#151=LINE('',#7571,#450);
#152=LINE('',#7573,#451);
#153=LINE('',#7575,#452);
#154=LINE('',#7577,#453);
#155=LINE('',#7579,#454);
#156=LINE('',#7581,#455);
#157=LINE('',#7583,#456);
#158=LINE('',#7585,#457);
#159=LINE('',#7586,#458);
#160=LINE('',#7588,#459);
#161=LINE('',#7590,#460);
#162=LINE('',#7591,#461);
#163=LINE('',#7593,#462);
#164=LINE('',#7596,#463);
#165=LINE('',#7597,#464);
#166=LINE('',#7600,#465);
#167=LINE('',#7604,#466);
#168=LINE('',#7607,#467);
#169=LINE('',#7608,#468);
#170=LINE('',#7610,#469);
#171=LINE('',#7613,#470);
#172=LINE('',#7614,#471);
#173=LINE('',#7617,#472);
#174=LINE('',#7621,#473);
#175=LINE('',#7624,#474);
#176=LINE('',#7625,#475);
#177=LINE('',#7627,#476);
#178=LINE('',#7630,#477);
#179=LINE('',#7631,#478);
#180=LINE('',#7634,#479);
#181=LINE('',#7638,#480);
#182=LINE('',#7641,#481);
#183=LINE('',#7642,#482);
#184=LINE('',#7645,#483);
#185=LINE('',#7649,#484);
#186=LINE('',#7650,#485);
#187=LINE('',#7653,#486);
#188=LINE('',#7657,#487);
#189=LINE('',#7660,#488);
#190=LINE('',#7661,#489);
#191=LINE('',#7663,#490);
#192=LINE('',#7666,#491);
#193=LINE('',#7667,#492);
#194=LINE('',#7670,#493);
#195=LINE('',#7674,#494);
#196=LINE('',#7678,#495);
#197=LINE('',#7680,#496);
#198=LINE('',#7681,#497);
#199=LINE('',#7684,#498);
#200=LINE('',#7685,#499);
#201=LINE('',#7688,#500);
#202=LINE('',#7689,#501);
#203=LINE('',#7692,#502);
#204=LINE('',#7693,#503);
#205=LINE('',#7696,#504);
#206=LINE('',#7697,#505);
#207=LINE('',#7700,#506);
#208=LINE('',#7702,#507);
#209=LINE('',#7703,#508);
#210=LINE('',#7705,#509);
#211=LINE('',#7707,#510);
#212=LINE('',#7708,#511);
#213=LINE('',#7713,#512);
#214=LINE('',#7716,#513);
#215=LINE('',#7718,#514);
#216=LINE('',#7719,#515);
#217=LINE('',#7725,#516);
#218=LINE('',#7727,#517);
#219=LINE('',#7728,#518);
#220=LINE('',#7731,#519);
#221=LINE('',#7734,#520);
#222=LINE('',#7736,#521);
#223=LINE('',#7737,#522);
#224=LINE('',#7740,#523);
#225=LINE('',#7743,#524);
#226=LINE('',#7744,#525);
#227=LINE('',#7747,#526);
#228=LINE('',#7749,#527);
#229=LINE('',#7750,#528);
#230=LINE('',#7755,#529);
#231=LINE('',#7758,#530);
#232=LINE('',#7760,#531);
#233=LINE('',#7761,#532);
#234=LINE('',#7766,#533);
#235=LINE('',#7769,#534);
#236=LINE('',#7770,#535);
#237=LINE('',#7773,#536);
#238=LINE('',#7775,#537);
#239=LINE('',#7776,#538);
#240=LINE('',#7779,#539);
#241=LINE('',#7782,#540);
#242=LINE('',#7784,#541);
#243=LINE('',#7785,#542);
#244=LINE('',#7788,#543);
#245=LINE('',#7791,#544);
#246=LINE('',#7792,#545);
#247=LINE('',#7797,#546);
#248=LINE('',#7799,#547);
#249=LINE('',#7801,#548);
#250=LINE('',#7802,#549);
#251=LINE('',#7805,#550);
#252=LINE('',#7807,#551);
#253=LINE('',#7808,#552);
#254=LINE('',#7811,#553);
#255=LINE('',#7813,#554);
#256=LINE('',#7814,#555);
#257=LINE('',#7817,#556);
#258=LINE('',#7819,#557);
#259=LINE('',#7820,#558);
#260=LINE('',#7822,#559);
#261=LINE('',#7824,#560);
#262=LINE('',#7825,#561);
#263=LINE('',#7830,#562);
#264=LINE('',#7833,#563);
#265=LINE('',#7834,#564);
#266=LINE('',#7841,#565);
#267=LINE('',#7842,#566);
#268=LINE('',#7843,#567);
#269=LINE('',#7850,#568);
#270=LINE('',#7852,#569);
#271=LINE('',#7853,#570);
#272=LINE('',#7856,#571);
#273=LINE('',#7858,#572);
#274=LINE('',#7859,#573);
#275=LINE('',#7864,#574);
#276=LINE('',#7866,#575);
#277=LINE('',#7867,#576);
#278=LINE('',#7871,#577);
#279=LINE('',#7872,#578);
#280=LINE('',#7874,#579);
#281=LINE('',#7876,#580);
#282=LINE('',#7877,#581);
#283=LINE('',#7955,#582);
#284=LINE('',#8033,#583);
#285=LINE('',#8038,#584);
#286=LINE('',#8116,#585);
#287=LINE('',#8155,#586);
#288=LINE('',#8160,#587);
#289=LINE('',#8200,#588);
#290=LINE('',#8276,#589);
#291=LINE('',#8278,#590);
#292=LINE('',#8280,#591);
#293=LINE('',#8282,#592);
#294=LINE('',#8284,#593);
#295=LINE('',#8286,#594);
#296=LINE('',#8288,#595);
#297=LINE('',#8291,#596);
#298=LINE('',#8293,#597);
#299=LINE('',#8295,#598);
#300=LINE('',#8297,#599);
#301=LINE('',#8298,#600);
#302=LINE('',#8301,#601);
#303=LINE('',#8302,#602);
#304=LINE('',#8305,#603);
#305=LINE('',#8307,#604);
#306=LINE('',#8309,#605);
#307=LINE('',#8310,#606);
#308=LINE('',#8313,#607);
#309=LINE('',#8315,#608);
#310=LINE('',#8317,#609);
#311=LINE('',#8319,#610);
#312=LINE('',#8320,#611);
#313=LINE('',#8323,#612);
#314=LINE('',#8327,#613);
#315=LINE('',#8331,#614);
#316=LINE('',#8335,#615);
#317=LINE('',#8339,#616);
#318=LINE('',#8343,#617);
#319=LINE('',#8347,#618);
#320=LINE('',#8351,#619);
#321=LINE('',#8355,#620);
#322=LINE('',#8359,#621);
#323=LINE('',#8363,#622);
#324=LINE('',#8367,#623);
#325=LINE('',#8371,#624);
#326=LINE('',#8375,#625);
#327=LINE('',#8379,#626);
#328=LINE('',#8383,#627);
#329=LINE('',#8387,#628);
#330=LINE('',#8391,#629);
#331=LINE('',#8395,#630);
#332=LINE('',#8399,#631);
#333=LINE('',#8404,#632);
#334=LINE('',#8406,#633);
#335=LINE('',#8408,#634);
#336=LINE('',#8410,#635);
#337=LINE('',#8412,#636);
#338=LINE('',#8414,#637);
#339=LINE('',#8416,#638);
#340=LINE('',#8417,#639);
#341=LINE('',#8418,#640);
#342=LINE('',#8421,#641);
#343=LINE('',#8425,#642);
#344=LINE('',#8429,#643);
#345=LINE('',#8433,#644);
#346=LINE('',#8437,#645);
#347=LINE('',#8441,#646);
#348=LINE('',#8445,#647);
#349=LINE('',#8449,#648);
#350=LINE('',#8453,#649);
#351=LINE('',#8457,#650);
#352=LINE('',#8461,#651);
#353=LINE('',#8465,#652);
#354=LINE('',#8469,#653);
#355=LINE('',#8473,#654);
#356=LINE('',#8477,#655);
#357=LINE('',#8481,#656);
#358=LINE('',#8485,#657);
#359=LINE('',#8489,#658);
#360=LINE('',#8493,#659);
#361=LINE('',#8497,#660);
#362=LINE('',#8500,#661);
#363=LINE('',#8501,#662);
#364=LINE('',#8503,#663);
#365=LINE('',#8504,#664);
#366=LINE('',#8506,#665);
#367=LINE('',#8508,#666);
#368=LINE('',#8510,#667);
#369=LINE('',#8512,#668);
#370=LINE('',#8514,#669);
#371=LINE('',#8516,#670);
#372=LINE('',#8519,#671);
#373=LINE('',#8520,#672);
#374=LINE('',#8522,#673);
#375=LINE('',#8524,#674);
#376=LINE('',#8526,#675);
#377=LINE('',#8528,#676);
#378=LINE('',#8530,#677);
#379=LINE('',#8532,#678);
#380=LINE('',#8535,#679);
#381=LINE('',#8536,#680);
#382=LINE('',#8538,#681);
#383=LINE('',#8540,#682);
#384=LINE('',#8542,#683);
#385=LINE('',#8544,#684);
#386=LINE('',#8546,#685);
#387=LINE('',#8548,#686);
#388=LINE('',#8551,#687);
#389=LINE('',#8552,#688);
#390=LINE('',#8554,#689);
#391=LINE('',#8556,#690);
#392=LINE('',#8558,#691);
#393=LINE('',#8560,#692);
#394=LINE('',#8562,#693);
#395=LINE('',#8564,#694);
#396=LINE('',#8567,#695);
#397=LINE('',#8568,#696);
#398=LINE('',#8570,#697);
#399=LINE('',#8572,#698);
#400=LINE('',#8574,#699);
#401=LINE('',#8576,#700);
#402=LINE('',#8578,#701);
#403=LINE('',#8580,#702);
#404=LINE('',#8583,#703);
#405=LINE('',#8585,#704);
#406=LINE('',#8587,#705);
#407=LINE('',#8588,#706);
#408=LINE('',#8590,#707);
#409=LINE('',#8591,#708);
#410=LINE('',#8593,#709);
#411=LINE('',#8595,#710);
#412=LINE('',#8599,#711);
#413=LINE('',#8600,#712);
#414=LINE('',#8603,#713);
#415=LINE('',#8604,#714);
#416=LINE('',#8606,#715);
#417=LINE('',#8608,#716);
#418=VECTOR('',#4308,1.59999999999998);
#419=VECTOR('',#4313,10.);
#420=VECTOR('',#4314,10.);
#421=VECTOR('',#4315,10.);
#422=VECTOR('',#4318,10.);
#423=VECTOR('',#4319,10.);
#424=VECTOR('',#4320,10.);
#425=VECTOR('',#4323,10.);
#426=VECTOR('',#4324,10.);
#427=VECTOR('',#4325,10.);
#428=VECTOR('',#4328,10.);
#429=VECTOR('',#4329,10.);
#430=VECTOR('',#4330,10.);
#431=VECTOR('',#4333,10.);
#432=VECTOR('',#4334,10.);
#433=VECTOR('',#4335,10.);
#434=VECTOR('',#4338,10.);
#435=VECTOR('',#4339,10.);
#436=VECTOR('',#4340,10.);
#437=VECTOR('',#4343,10.);
#438=VECTOR('',#4344,10.);
#439=VECTOR('',#4345,10.);
#440=VECTOR('',#4348,10.);
#441=VECTOR('',#4349,10.);
#442=VECTOR('',#4350,10.);
#443=VECTOR('',#4353,10.);
#444=VECTOR('',#4354,10.);
#445=VECTOR('',#4355,10.);
#446=VECTOR('',#4358,10.);
#447=VECTOR('',#4359,10.);
#448=VECTOR('',#4360,10.);
#449=VECTOR('',#4363,10.);
#450=VECTOR('',#4364,10.);
#451=VECTOR('',#4365,10.);
#452=VECTOR('',#4366,10.);
#453=VECTOR('',#4367,10.);
#454=VECTOR('',#4368,10.);
#455=VECTOR('',#4369,10.);
#456=VECTOR('',#4370,10.);
#457=VECTOR('',#4371,10.);
#458=VECTOR('',#4372,10.);
#459=VECTOR('',#4375,10.);
#460=VECTOR('',#4376,10.);
#461=VECTOR('',#4377,10.);
#462=VECTOR('',#4380,10.);
#463=VECTOR('',#4383,10.);
#464=VECTOR('',#4384,10.);
#465=VECTOR('',#4387,10.);
#466=VECTOR('',#4390,10.);
#467=VECTOR('',#4395,10.);
#468=VECTOR('',#4396,10.);
#469=VECTOR('',#4399,10.);
#470=VECTOR('',#4402,10.);
#471=VECTOR('',#4403,10.);
#472=VECTOR('',#4406,10.);
#473=VECTOR('',#4409,10.);
#474=VECTOR('',#4414,10.);
#475=VECTOR('',#4415,10.);
#476=VECTOR('',#4418,10.);
#477=VECTOR('',#4421,10.);
#478=VECTOR('',#4422,10.);
#479=VECTOR('',#4425,10.);
#480=VECTOR('',#4428,10.);
#481=VECTOR('',#4433,10.);
#482=VECTOR('',#4434,10.);
#483=VECTOR('',#4437,10.);
#484=VECTOR('',#4442,10.);
#485=VECTOR('',#4443,10.);
#486=VECTOR('',#4446,10.);
#487=VECTOR('',#4449,10.);
#488=VECTOR('',#4454,10.);
#489=VECTOR('',#4455,10.);
#490=VECTOR('',#4458,10.);
#491=VECTOR('',#4461,10.);
#492=VECTOR('',#4462,10.);
#493=VECTOR('',#4465,10.);
#494=VECTOR('',#4468,10.);
#495=VECTOR('',#4473,10.);
#496=VECTOR('',#4474,10.);
#497=VECTOR('',#4475,10.);
#498=VECTOR('',#4478,10.);
#499=VECTOR('',#4479,10.);
#500=VECTOR('',#4482,10.);
#501=VECTOR('',#4483,10.);
#502=VECTOR('',#4486,10.);
#503=VECTOR('',#4487,10.);
#504=VECTOR('',#4490,10.);
#505=VECTOR('',#4491,10.);
#506=VECTOR('',#4494,10.);
#507=VECTOR('',#4495,10.);
#508=VECTOR('',#4496,10.);
#509=VECTOR('',#4499,10.);
#510=VECTOR('',#4500,10.);
#511=VECTOR('',#4501,10.);
#512=VECTOR('',#4506,10.);
#513=VECTOR('',#4511,10.);
#514=VECTOR('',#4512,10.);
#515=VECTOR('',#4513,10.);
#516=VECTOR('',#4524,10.);
#517=VECTOR('',#4525,10.);
#518=VECTOR('',#4526,10.);
#519=VECTOR('',#4529,10.);
#520=VECTOR('',#4534,10.);
#521=VECTOR('',#4535,10.);
#522=VECTOR('',#4536,10.);
#523=VECTOR('',#4539,10.);
#524=VECTOR('',#4544,10.);
#525=VECTOR('',#4545,10.);
#526=VECTOR('',#4550,10.);
#527=VECTOR('',#4551,10.);
#528=VECTOR('',#4552,10.);
#529=VECTOR('',#4557,10.);
#530=VECTOR('',#4562,10.);
#531=VECTOR('',#4563,10.);
#532=VECTOR('',#4564,10.);
#533=VECTOR('',#4569,10.);
#534=VECTOR('',#4574,10.);
#535=VECTOR('',#4575,10.);
#536=VECTOR('',#4580,10.);
#537=VECTOR('',#4581,10.);
#538=VECTOR('',#4582,10.);
#539=VECTOR('',#4585,10.);
#540=VECTOR('',#4590,10.);
#541=VECTOR('',#4591,10.);
#542=VECTOR('',#4592,10.);
#543=VECTOR('',#4595,10.);
#544=VECTOR('',#4600,10.);
#545=VECTOR('',#4601,10.);
#546=VECTOR('',#4606,10.);
#547=VECTOR('',#4607,10.);
#548=VECTOR('',#4608,10.);
#549=VECTOR('',#4609,10.);
#550=VECTOR('',#4612,10.);
#551=VECTOR('',#4613,10.);
#552=VECTOR('',#4614,10.);
#553=VECTOR('',#4617,10.);
#554=VECTOR('',#4618,10.);
#555=VECTOR('',#4619,10.);
#556=VECTOR('',#4622,10.);
#557=VECTOR('',#4623,10.);
#558=VECTOR('',#4624,10.);
#559=VECTOR('',#4627,10.);
#560=VECTOR('',#4628,10.);
#561=VECTOR('',#4629,10.);
#562=VECTOR('',#4634,10.);
#563=VECTOR('',#4639,10.);
#564=VECTOR('',#4640,10.);
#565=VECTOR('',#4651,10.);
#566=VECTOR('',#4652,10.);
#567=VECTOR('',#4653,10.);
#568=VECTOR('',#4664,10.);
#569=VECTOR('',#4667,10.);
#570=VECTOR('',#4668,10.);
#571=VECTOR('',#4673,10.);
#572=VECTOR('',#4676,10.);
#573=VECTOR('',#4677,10.);
#574=VECTOR('',#4684,10.);
#575=VECTOR('',#4687,10.);
#576=VECTOR('',#4688,10.);
#577=VECTOR('',#4695,10.);
#578=VECTOR('',#4696,10.);
#579=VECTOR('',#4699,10.);
#580=VECTOR('',#4702,10.);
#581=VECTOR('',#4703,10.);
#582=VECTOR('',#4714,10.);
#583=VECTOR('',#4725,10.);
#584=VECTOR('',#4730,10.);
#585=VECTOR('',#4741,10.);
#586=VECTOR('',#4746,10.);
#587=VECTOR('',#4751,10.);
#588=VECTOR('',#4758,10.);
#589=VECTOR('',#4765,10.);
#590=VECTOR('',#4768,10.);
#591=VECTOR('',#4771,10.);
#592=VECTOR('',#4774,10.);
#593=VECTOR('',#4777,10.);
#594=VECTOR('',#4780,10.);
#595=VECTOR('',#4783,10.);
#596=VECTOR('',#4786,10.);
#597=VECTOR('',#4787,10.);
#598=VECTOR('',#4788,10.);
#599=VECTOR('',#4789,10.);
#600=VECTOR('',#4790,10.);
#601=VECTOR('',#4793,10.);
#602=VECTOR('',#4794,10.);
#603=VECTOR('',#4797,10.);
#604=VECTOR('',#4798,10.);
#605=VECTOR('',#4799,10.);
#606=VECTOR('',#4800,10.);
#607=VECTOR('',#4803,10.);
#608=VECTOR('',#4804,10.);
#609=VECTOR('',#4805,10.);
#610=VECTOR('',#4806,10.);
#611=VECTOR('',#4807,10.);
#612=VECTOR('',#4808,10.);
#613=VECTOR('',#4811,10.);
#614=VECTOR('',#4814,10.);
#615=VECTOR('',#4817,10.);
#616=VECTOR('',#4820,10.);
#617=VECTOR('',#4823,10.);
#618=VECTOR('',#4826,10.);
#619=VECTOR('',#4829,10.);
#620=VECTOR('',#4832,10.);
#621=VECTOR('',#4835,10.);
#622=VECTOR('',#4838,10.);
#623=VECTOR('',#4841,10.);
#624=VECTOR('',#4844,10.);
#625=VECTOR('',#4847,10.);
#626=VECTOR('',#4850,10.);
#627=VECTOR('',#4853,10.);
#628=VECTOR('',#4856,10.);
#629=VECTOR('',#4859,10.);
#630=VECTOR('',#4862,10.);
#631=VECTOR('',#4865,10.);
#632=VECTOR('',#4870,10.);
#633=VECTOR('',#4871,10.);
#634=VECTOR('',#4872,10.);
#635=VECTOR('',#4873,10.);
#636=VECTOR('',#4874,10.);
#637=VECTOR('',#4875,10.);
#638=VECTOR('',#4876,10.);
#639=VECTOR('',#4877,10.);
#640=VECTOR('',#4878,10.);
#641=VECTOR('',#4879,10.);
#642=VECTOR('',#4882,10.);
#643=VECTOR('',#4885,10.);
#644=VECTOR('',#4888,10.);
#645=VECTOR('',#4891,10.);
#646=VECTOR('',#4894,10.);
#647=VECTOR('',#4897,10.);
#648=VECTOR('',#4900,10.);
#649=VECTOR('',#4903,10.);
#650=VECTOR('',#4906,10.);
#651=VECTOR('',#4909,10.);
#652=VECTOR('',#4912,10.);
#653=VECTOR('',#4915,10.);
#654=VECTOR('',#4918,10.);
#655=VECTOR('',#4921,10.);
#656=VECTOR('',#4924,10.);
#657=VECTOR('',#4927,10.);
#658=VECTOR('',#4930,10.);
#659=VECTOR('',#4933,10.);
#660=VECTOR('',#4936,10.);
#661=VECTOR('',#4941,10.);
#662=VECTOR('',#4942,10.);
#663=VECTOR('',#4945,10.);
#664=VECTOR('',#4946,10.);
#665=VECTOR('',#4949,10.);
#666=VECTOR('',#4952,10.);
#667=VECTOR('',#4955,10.);
#668=VECTOR('',#4958,10.);
#669=VECTOR('',#4961,10.);
#670=VECTOR('',#4964,10.);
#671=VECTOR('',#4969,10.);
#672=VECTOR('',#4970,10.);
#673=VECTOR('',#4973,10.);
#674=VECTOR('',#4976,10.);
#675=VECTOR('',#4979,10.);
#676=VECTOR('',#4982,10.);
#677=VECTOR('',#4985,10.);
#678=VECTOR('',#4988,10.);
#679=VECTOR('',#4993,10.);
#680=VECTOR('',#4994,10.);
#681=VECTOR('',#4997,10.);
#682=VECTOR('',#5000,10.);
#683=VECTOR('',#5003,10.);
#684=VECTOR('',#5006,10.);
#685=VECTOR('',#5009,10.);
#686=VECTOR('',#5012,10.);
#687=VECTOR('',#5017,10.);
#688=VECTOR('',#5018,10.);
#689=VECTOR('',#5021,10.);
#690=VECTOR('',#5024,10.);
#691=VECTOR('',#5027,10.);
#692=VECTOR('',#5030,10.);
#693=VECTOR('',#5033,10.);
#694=VECTOR('',#5036,10.);
#695=VECTOR('',#5041,10.);
#696=VECTOR('',#5042,10.);
#697=VECTOR('',#5045,10.);
#698=VECTOR('',#5048,10.);
#699=VECTOR('',#5051,10.);
#700=VECTOR('',#5054,10.);
#701=VECTOR('',#5057,10.);
#702=VECTOR('',#5060,10.);
#703=VECTOR('',#5065,10.);
#704=VECTOR('',#5068,10.);
#705=VECTOR('',#5069,10.);
#706=VECTOR('',#5070,10.);
#707=VECTOR('',#5071,10.);
#708=VECTOR('',#5072,10.);
#709=VECTOR('',#5075,10.);
#710=VECTOR('',#5078,10.);
#711=VECTOR('',#5083,10.);
#712=VECTOR('',#5084,10.);
#713=VECTOR('',#5087,10.);
#714=VECTOR('',#5088,10.);
#715=VECTOR('',#5091,10.);
#716=VECTOR('',#5094,10.);
#717=CYLINDRICAL_SURFACE('',#3854,1.59999999999998);
#718=CYLINDRICAL_SURFACE('',#3869,2.);
#719=CYLINDRICAL_SURFACE('',#3875,2.);
#720=CYLINDRICAL_SURFACE('',#3881,2.);
#721=CYLINDRICAL_SURFACE('',#3887,2.);
#722=CYLINDRICAL_SURFACE('',#3894,2.);
#723=CYLINDRICAL_SURFACE('',#3906,1.44666640660257);
#724=CYLINDRICAL_SURFACE('',#3910,1.53975682302333);
#725=CYLINDRICAL_SURFACE('',#3915,1.78984231108269);
#726=CYLINDRICAL_SURFACE('',#3918,1.4466664066026);
#727=CYLINDRICAL_SURFACE('',#3923,1.56484189565725);
#728=CYLINDRICAL_SURFACE('',#3927,1.78984231108269);
#729=CYLINDRICAL_SURFACE('',#3933,1.84376534082433);
#730=CYLINDRICAL_SURFACE('',#3936,1.56484189565729);
#731=CYLINDRICAL_SURFACE('',#3945,1.84376534082433);
#732=CYLINDRICAL_SURFACE('',#3949,1.69991062372798);
#733=CYLINDRICAL_SURFACE('',#3954,1.699910623728);
#734=CYLINDRICAL_SURFACE('',#3955,1.64932971718281);
#735=CYLINDRICAL_SURFACE('',#3957,1.43310506419554);
#736=CYLINDRICAL_SURFACE('',#3960,1.64932971718281);
#737=CYLINDRICAL_SURFACE('',#3961,1.76011187643021);
#738=CYLINDRICAL_SURFACE('',#3963,1.43310506419562);
#739=CYLINDRICAL_SURFACE('',#3964,1.86326067054208);
#740=CYLINDRICAL_SURFACE('',#3967,1.7601118764302);
#741=CYLINDRICAL_SURFACE('',#3970,1.53975682302334);
#742=CYLINDRICAL_SURFACE('',#3972,1.86326067054209);
#743=CYLINDRICAL_SURFACE('',#3975,2.);
#744=CYLINDRICAL_SURFACE('',#3976,2.);
#745=CYLINDRICAL_SURFACE('',#3977,2.);
#746=CYLINDRICAL_SURFACE('',#3980,2.);
#747=CYLINDRICAL_SURFACE('',#3981,2.);
#748=CYLINDRICAL_SURFACE('',#3982,2.);
#749=CYLINDRICAL_SURFACE('',#3985,2.);
#750=CYLINDRICAL_SURFACE('',#3988,2.);
#751=CYLINDRICAL_SURFACE('',#3989,2.);
#752=CYLINDRICAL_SURFACE('',#3990,2.);
#753=CYLINDRICAL_SURFACE('',#3991,2.);
#754=CYLINDRICAL_SURFACE('',#3995,2.);
#755=CYLINDRICAL_SURFACE('',#3998,2.);
#756=CYLINDRICAL_SURFACE('',#3999,2.);
#757=CYLINDRICAL_SURFACE('',#4000,2.);
#758=CYLINDRICAL_SURFACE('',#4001,2.);
#759=CYLINDRICAL_SURFACE('',#4002,2.);
#760=CYLINDRICAL_SURFACE('',#4003,2.);
#761=CYLINDRICAL_SURFACE('',#4004,2.);
#762=CYLINDRICAL_SURFACE('',#4052,0.5);
#763=CYLINDRICAL_SURFACE('',#4054,0.499999999999998);
#764=CYLINDRICAL_SURFACE('',#4056,0.5);
#765=CYLINDRICAL_SURFACE('',#4058,0.499999999999998);
#766=CYLINDRICAL_SURFACE('',#4060,0.5);
#767=CYLINDRICAL_SURFACE('',#4062,0.5);
#768=CYLINDRICAL_SURFACE('',#4064,0.5);
#769=CYLINDRICAL_SURFACE('',#4066,0.5);
#770=CYLINDRICAL_SURFACE('',#4068,0.5);
#771=CYLINDRICAL_SURFACE('',#4070,0.5);
#772=CYLINDRICAL_SURFACE('',#4072,0.5);
#773=CYLINDRICAL_SURFACE('',#4074,0.5);
#774=CYLINDRICAL_SURFACE('',#4076,0.5);
#775=CYLINDRICAL_SURFACE('',#4078,0.499999999999998);
#776=CYLINDRICAL_SURFACE('',#4080,0.5);
#777=CYLINDRICAL_SURFACE('',#4082,0.499999999999998);
#778=CYLINDRICAL_SURFACE('',#4084,0.5);
#779=CYLINDRICAL_SURFACE('',#4086,0.499999999999998);
#780=CYLINDRICAL_SURFACE('',#4088,0.5);
#781=CYLINDRICAL_SURFACE('',#4090,0.499999999999998);
#782=FACE_OUTER_BOUND('',#994,.T.);
#783=FACE_OUTER_BOUND('',#995,.T.);
#784=FACE_OUTER_BOUND('',#996,.T.);
#785=FACE_OUTER_BOUND('',#997,.T.);
#786=FACE_OUTER_BOUND('',#998,.T.);
#787=FACE_OUTER_BOUND('',#999,.T.);
#788=FACE_OUTER_BOUND('',#1000,.T.);
#789=FACE_OUTER_BOUND('',#1001,.T.);
#790=FACE_OUTER_BOUND('',#1002,.T.);
#791=FACE_OUTER_BOUND('',#1003,.T.);
#792=FACE_OUTER_BOUND('',#1004,.T.);
#793=FACE_OUTER_BOUND('',#1005,.T.);
#794=FACE_OUTER_BOUND('',#1006,.T.);
#795=FACE_OUTER_BOUND('',#1007,.T.);
#796=FACE_OUTER_BOUND('',#1008,.T.);
#797=FACE_OUTER_BOUND('',#1009,.T.);
#798=FACE_OUTER_BOUND('',#1010,.T.);
#799=FACE_OUTER_BOUND('',#1011,.T.);
#800=FACE_OUTER_BOUND('',#1012,.T.);
#801=FACE_OUTER_BOUND('',#1013,.T.);
#802=FACE_OUTER_BOUND('',#1014,.T.);
#803=FACE_OUTER_BOUND('',#1015,.T.);
#804=FACE_OUTER_BOUND('',#1016,.T.);
#805=FACE_OUTER_BOUND('',#1017,.T.);
#806=FACE_OUTER_BOUND('',#1018,.T.);
#807=FACE_OUTER_BOUND('',#1019,.T.);
#808=FACE_OUTER_BOUND('',#1020,.T.);
#809=FACE_OUTER_BOUND('',#1021,.T.);
#810=FACE_OUTER_BOUND('',#1022,.T.);
#811=FACE_OUTER_BOUND('',#1023,.T.);
#812=FACE_OUTER_BOUND('',#1024,.T.);
#813=FACE_OUTER_BOUND('',#1025,.T.);
#814=FACE_OUTER_BOUND('',#1026,.T.);
#815=FACE_OUTER_BOUND('',#1027,.T.);
#816=FACE_OUTER_BOUND('',#1028,.T.);
#817=FACE_OUTER_BOUND('',#1029,.T.);
#818=FACE_OUTER_BOUND('',#1030,.T.);
#819=FACE_OUTER_BOUND('',#1031,.T.);
#820=FACE_OUTER_BOUND('',#1032,.T.);
#821=FACE_OUTER_BOUND('',#1033,.T.);
#822=FACE_OUTER_BOUND('',#1034,.T.);
#823=FACE_OUTER_BOUND('',#1035,.T.);
#824=FACE_OUTER_BOUND('',#1036,.T.);
#825=FACE_OUTER_BOUND('',#1037,.T.);
#826=FACE_OUTER_BOUND('',#1038,.T.);
#827=FACE_OUTER_BOUND('',#1039,.T.);
#828=FACE_OUTER_BOUND('',#1040,.T.);
#829=FACE_OUTER_BOUND('',#1041,.T.);
#830=FACE_OUTER_BOUND('',#1042,.T.);
#831=FACE_OUTER_BOUND('',#1043,.T.);
#832=FACE_OUTER_BOUND('',#1044,.T.);
#833=FACE_OUTER_BOUND('',#1045,.T.);
#834=FACE_OUTER_BOUND('',#1047,.T.);
#835=FACE_OUTER_BOUND('',#1048,.T.);
#836=FACE_OUTER_BOUND('',#1049,.T.);
#837=FACE_OUTER_BOUND('',#1050,.T.);
#838=FACE_OUTER_BOUND('',#1051,.T.);
#839=FACE_OUTER_BOUND('',#1052,.T.);
#840=FACE_OUTER_BOUND('',#1053,.T.);
#841=FACE_OUTER_BOUND('',#1054,.T.);
#842=FACE_OUTER_BOUND('',#1055,.T.);
#843=FACE_OUTER_BOUND('',#1056,.T.);
#844=FACE_OUTER_BOUND('',#1057,.T.);
#845=FACE_OUTER_BOUND('',#1058,.T.);
#846=FACE_OUTER_BOUND('',#1059,.T.);
#847=FACE_OUTER_BOUND('',#1060,.T.);
#848=FACE_OUTER_BOUND('',#1061,.T.);
#849=FACE_OUTER_BOUND('',#1062,.T.);
#850=FACE_OUTER_BOUND('',#1063,.T.);
#851=FACE_OUTER_BOUND('',#1064,.T.);
#852=FACE_OUTER_BOUND('',#1065,.T.);
#853=FACE_OUTER_BOUND('',#1066,.T.);
#854=FACE_OUTER_BOUND('',#1067,.T.);
#855=FACE_OUTER_BOUND('',#1068,.T.);
#856=FACE_OUTER_BOUND('',#1069,.T.);
#857=FACE_OUTER_BOUND('',#1070,.T.);
#858=FACE_OUTER_BOUND('',#1071,.T.);
#859=FACE_OUTER_BOUND('',#1072,.T.);
#860=FACE_OUTER_BOUND('',#1073,.T.);
#861=FACE_OUTER_BOUND('',#1074,.T.);
#862=FACE_OUTER_BOUND('',#1075,.T.);
#863=FACE_OUTER_BOUND('',#1076,.T.);
#864=FACE_OUTER_BOUND('',#1077,.T.);
#865=FACE_OUTER_BOUND('',#1078,.T.);
#866=FACE_OUTER_BOUND('',#1079,.T.);
#867=FACE_OUTER_BOUND('',#1080,.T.);
#868=FACE_OUTER_BOUND('',#1081,.T.);
#869=FACE_OUTER_BOUND('',#1082,.T.);
#870=FACE_OUTER_BOUND('',#1083,.T.);
#871=FACE_OUTER_BOUND('',#1084,.T.);
#872=FACE_OUTER_BOUND('',#1085,.T.);
#873=FACE_OUTER_BOUND('',#1086,.T.);
#874=FACE_OUTER_BOUND('',#1087,.T.);
#875=FACE_OUTER_BOUND('',#1088,.T.);
#876=FACE_OUTER_BOUND('',#1089,.T.);
#877=FACE_OUTER_BOUND('',#1090,.T.);
#878=FACE_OUTER_BOUND('',#1091,.T.);
#879=FACE_OUTER_BOUND('',#1092,.T.);
#880=FACE_OUTER_BOUND('',#1093,.T.);
#881=FACE_OUTER_BOUND('',#1094,.T.);
#882=FACE_OUTER_BOUND('',#1095,.T.);
#883=FACE_OUTER_BOUND('',#1096,.T.);
#884=FACE_OUTER_BOUND('',#1097,.T.);
#885=FACE_OUTER_BOUND('',#1098,.T.);
#886=FACE_OUTER_BOUND('',#1099,.T.);
#887=FACE_OUTER_BOUND('',#1100,.T.);
#888=FACE_OUTER_BOUND('',#1101,.T.);
#889=FACE_OUTER_BOUND('',#1102,.T.);
#890=FACE_OUTER_BOUND('',#1103,.T.);
#891=FACE_OUTER_BOUND('',#1104,.T.);
#892=FACE_OUTER_BOUND('',#1105,.T.);
#893=FACE_OUTER_BOUND('',#1106,.T.);
#894=FACE_OUTER_BOUND('',#1107,.T.);
#895=FACE_OUTER_BOUND('',#1108,.T.);
#896=FACE_OUTER_BOUND('',#1109,.T.);
#897=FACE_OUTER_BOUND('',#1110,.T.);
#898=FACE_OUTER_BOUND('',#1111,.T.);
#899=FACE_OUTER_BOUND('',#1112,.T.);
#900=FACE_OUTER_BOUND('',#1113,.T.);
#901=FACE_OUTER_BOUND('',#1114,.T.);
#902=FACE_OUTER_BOUND('',#1115,.T.);
#903=FACE_OUTER_BOUND('',#1116,.T.);
#904=FACE_OUTER_BOUND('',#1117,.T.);
#905=FACE_OUTER_BOUND('',#1118,.T.);
#906=FACE_OUTER_BOUND('',#1119,.T.);
#907=FACE_OUTER_BOUND('',#1120,.T.);
#908=FACE_OUTER_BOUND('',#1121,.T.);
#909=FACE_OUTER_BOUND('',#1122,.T.);
#910=FACE_OUTER_BOUND('',#1123,.T.);
#911=FACE_OUTER_BOUND('',#1124,.T.);
#912=FACE_OUTER_BOUND('',#1125,.T.);
#913=FACE_OUTER_BOUND('',#1126,.T.);
#914=FACE_OUTER_BOUND('',#1127,.T.);
#915=FACE_OUTER_BOUND('',#1128,.T.);
#916=FACE_OUTER_BOUND('',#1129,.T.);
#917=FACE_OUTER_BOUND('',#1130,.T.);
#918=FACE_OUTER_BOUND('',#1131,.T.);
#919=FACE_OUTER_BOUND('',#1132,.T.);
#920=FACE_OUTER_BOUND('',#1133,.T.);
#921=FACE_OUTER_BOUND('',#1134,.T.);
#922=FACE_OUTER_BOUND('',#1135,.T.);
#923=FACE_OUTER_BOUND('',#1136,.T.);
#924=FACE_OUTER_BOUND('',#1137,.T.);
#925=FACE_OUTER_BOUND('',#1138,.T.);
#926=FACE_OUTER_BOUND('',#1139,.T.);
#927=FACE_OUTER_BOUND('',#1140,.T.);
#928=FACE_OUTER_BOUND('',#1141,.T.);
#929=FACE_OUTER_BOUND('',#1142,.T.);
#930=FACE_OUTER_BOUND('',#1143,.T.);
#931=FACE_OUTER_BOUND('',#1144,.T.);
#932=FACE_OUTER_BOUND('',#1145,.T.);
#933=FACE_OUTER_BOUND('',#1146,.T.);
#934=FACE_OUTER_BOUND('',#1147,.T.);
#935=FACE_OUTER_BOUND('',#1148,.T.);
#936=FACE_OUTER_BOUND('',#1149,.T.);
#937=FACE_OUTER_BOUND('',#1150,.T.);
#938=FACE_OUTER_BOUND('',#1151,.T.);
#939=FACE_OUTER_BOUND('',#1152,.T.);
#940=FACE_OUTER_BOUND('',#1153,.T.);
#941=FACE_OUTER_BOUND('',#1160,.T.);
#942=FACE_OUTER_BOUND('',#1167,.T.);
#943=FACE_OUTER_BOUND('',#1168,.T.);
#944=FACE_OUTER_BOUND('',#1169,.T.);
#945=FACE_OUTER_BOUND('',#1170,.T.);
#946=FACE_OUTER_BOUND('',#1171,.T.);
#947=FACE_OUTER_BOUND('',#1172,.T.);
#948=FACE_OUTER_BOUND('',#1173,.T.);
#949=FACE_OUTER_BOUND('',#1174,.T.);
#950=FACE_OUTER_BOUND('',#1175,.T.);
#951=FACE_OUTER_BOUND('',#1176,.T.);
#952=FACE_OUTER_BOUND('',#1177,.T.);
#953=FACE_OUTER_BOUND('',#1178,.T.);
#954=FACE_OUTER_BOUND('',#1179,.T.);
#955=FACE_OUTER_BOUND('',#1180,.T.);
#956=FACE_OUTER_BOUND('',#1181,.T.);
#957=FACE_OUTER_BOUND('',#1182,.T.);
#958=FACE_OUTER_BOUND('',#1183,.T.);
#959=FACE_OUTER_BOUND('',#1184,.T.);
#960=FACE_OUTER_BOUND('',#1185,.T.);
#961=FACE_OUTER_BOUND('',#1186,.T.);
#962=FACE_OUTER_BOUND('',#1187,.T.);
#963=FACE_OUTER_BOUND('',#1188,.T.);
#964=FACE_OUTER_BOUND('',#1189,.T.);
#965=FACE_OUTER_BOUND('',#1190,.T.);
#966=FACE_OUTER_BOUND('',#1191,.T.);
#967=FACE_OUTER_BOUND('',#1192,.T.);
#968=FACE_OUTER_BOUND('',#1193,.T.);
#969=FACE_OUTER_BOUND('',#1194,.T.);
#970=FACE_OUTER_BOUND('',#1195,.T.);
#971=FACE_OUTER_BOUND('',#1196,.T.);
#972=FACE_OUTER_BOUND('',#1197,.T.);
#973=FACE_OUTER_BOUND('',#1198,.T.);
#974=FACE_OUTER_BOUND('',#1199,.T.);
#975=FACE_OUTER_BOUND('',#1200,.T.);
#976=FACE_OUTER_BOUND('',#1201,.T.);
#977=FACE_OUTER_BOUND('',#1202,.T.);
#978=FACE_OUTER_BOUND('',#1203,.T.);
#979=FACE_OUTER_BOUND('',#1204,.T.);
#980=FACE_OUTER_BOUND('',#1205,.T.);
#981=FACE_OUTER_BOUND('',#1206,.T.);
#982=FACE_OUTER_BOUND('',#1207,.T.);
#983=FACE_OUTER_BOUND('',#1208,.T.);
#984=FACE_OUTER_BOUND('',#1209,.T.);
#985=FACE_OUTER_BOUND('',#1210,.T.);
#986=FACE_OUTER_BOUND('',#1211,.T.);
#987=FACE_OUTER_BOUND('',#1212,.T.);
#988=FACE_OUTER_BOUND('',#1213,.T.);
#989=FACE_OUTER_BOUND('',#1214,.T.);
#990=FACE_OUTER_BOUND('',#1215,.T.);
#991=FACE_OUTER_BOUND('',#1216,.T.);
#992=FACE_OUTER_BOUND('',#1217,.T.);
#993=FACE_OUTER_BOUND('',#1218,.T.);
#994=EDGE_LOOP('',(#2370,#2371,#2372,#2373));
#995=EDGE_LOOP('',(#2374,#2375,#2376,#2377));
#996=EDGE_LOOP('',(#2378,#2379,#2380,#2381));
#997=EDGE_LOOP('',(#2382,#2383,#2384,#2385));
#998=EDGE_LOOP('',(#2386,#2387,#2388,#2389));
#999=EDGE_LOOP('',(#2390,#2391,#2392,#2393));
#1000=EDGE_LOOP('',(#2394,#2395,#2396,#2397));
#1001=EDGE_LOOP('',(#2398,#2399,#2400,#2401));
#1002=EDGE_LOOP('',(#2402,#2403,#2404,#2405));
#1003=EDGE_LOOP('',(#2406,#2407,#2408,#2409));
#1004=EDGE_LOOP('',(#2410,#2411,#2412,#2413));
#1005=EDGE_LOOP('',(#2414,#2415,#2416,#2417));
#1006=EDGE_LOOP('',(#2418,#2419,#2420,#2421));
#1007=EDGE_LOOP('',(#2422,#2423,#2424,#2425));
#1008=EDGE_LOOP('',(#2426,#2427,#2428,#2429));
#1009=EDGE_LOOP('',(#2430,#2431,#2432,#2433));
#1010=EDGE_LOOP('',(#2434,#2435,#2436,#2437));
#1011=EDGE_LOOP('',(#2438,#2439,#2440,#2441));
#1012=EDGE_LOOP('',(#2442,#2443,#2444,#2445));
#1013=EDGE_LOOP('',(#2446,#2447,#2448,#2449));
#1014=EDGE_LOOP('',(#2450,#2451,#2452,#2453));
#1015=EDGE_LOOP('',(#2454,#2455,#2456,#2457));
#1016=EDGE_LOOP('',(#2458,#2459,#2460,#2461));
#1017=EDGE_LOOP('',(#2462,#2463,#2464,#2465));
#1018=EDGE_LOOP('',(#2466,#2467,#2468,#2469));
#1019=EDGE_LOOP('',(#2470,#2471,#2472,#2473));
#1020=EDGE_LOOP('',(#2474,#2475,#2476,#2477));
#1021=EDGE_LOOP('',(#2478,#2479,#2480,#2481));
#1022=EDGE_LOOP('',(#2482,#2483,#2484,#2485));
#1023=EDGE_LOOP('',(#2486,#2487,#2488,#2489));
#1024=EDGE_LOOP('',(#2490,#2491,#2492,#2493));
#1025=EDGE_LOOP('',(#2494,#2495,#2496,#2497));
#1026=EDGE_LOOP('',(#2498,#2499,#2500,#2501));
#1027=EDGE_LOOP('',(#2502,#2503,#2504,#2505));
#1028=EDGE_LOOP('',(#2506,#2507,#2508,#2509));
#1029=EDGE_LOOP('',(#2510,#2511,#2512,#2513));
#1030=EDGE_LOOP('',(#2514,#2515,#2516,#2517));
#1031=EDGE_LOOP('',(#2518,#2519,#2520,#2521));
#1032=EDGE_LOOP('',(#2522,#2523,#2524,#2525));
#1033=EDGE_LOOP('',(#2526,#2527,#2528,#2529));
#1034=EDGE_LOOP('',(#2530,#2531,#2532,#2533));
#1035=EDGE_LOOP('',(#2534,#2535,#2536,#2537));
#1036=EDGE_LOOP('',(#2538,#2539,#2540,#2541));
#1037=EDGE_LOOP('',(#2542,#2543,#2544,#2545));
#1038=EDGE_LOOP('',(#2546,#2547,#2548,#2549));
#1039=EDGE_LOOP('',(#2550,#2551,#2552,#2553));
#1040=EDGE_LOOP('',(#2554,#2555,#2556,#2557));
#1041=EDGE_LOOP('',(#2558,#2559,#2560,#2561));
#1042=EDGE_LOOP('',(#2562,#2563,#2564,#2565));
#1043=EDGE_LOOP('',(#2566,#2567,#2568,#2569));
#1044=EDGE_LOOP('',(#2570,#2571,#2572,#2573));
#1045=EDGE_LOOP('',(#2574,#2575,#2576,#2577,#2578,#2579,#2580,#2581,#2582,
#2583,#2584,#2585,#2586,#2587,#2588,#2589,#2590,#2591,#2592,#2593,#2594,
#2595,#2596,#2597,#2598,#2599,#2600,#2601,#2602,#2603,#2604,#2605,#2606,
#2607,#2608,#2609,#2610,#2611,#2612,#2613));
#1046=EDGE_LOOP('',(#2614,#2615,#2616,#2617,#2618,#2619,#2620,#2621,#2622,
#2623));
#1047=EDGE_LOOP('',(#2624,#2625,#2626,#2627));
#1048=EDGE_LOOP('',(#2628,#2629,#2630,#2631,#2632));
#1049=EDGE_LOOP('',(#2633,#2634,#2635,#2636));
#1050=EDGE_LOOP('',(#2637,#2638,#2639,#2640,#2641,#2642));
#1051=EDGE_LOOP('',(#2643,#2644,#2645,#2646));
#1052=EDGE_LOOP('',(#2647,#2648,#2649,#2650,#2651));
#1053=EDGE_LOOP('',(#2652,#2653,#2654,#2655));
#1054=EDGE_LOOP('',(#2656,#2657,#2658,#2659,#2660,#2661));
#1055=EDGE_LOOP('',(#2662,#2663,#2664,#2665));
#1056=EDGE_LOOP('',(#2666,#2667,#2668,#2669,#2670));
#1057=EDGE_LOOP('',(#2671,#2672,#2673,#2674));
#1058=EDGE_LOOP('',(#2675,#2676,#2677,#2678,#2679,#2680));
#1059=EDGE_LOOP('',(#2681,#2682,#2683,#2684));
#1060=EDGE_LOOP('',(#2685,#2686,#2687,#2688,#2689));
#1061=EDGE_LOOP('',(#2690,#2691,#2692,#2693));
#1062=EDGE_LOOP('',(#2694,#2695,#2696,#2697,#2698,#2699));
#1063=EDGE_LOOP('',(#2700,#2701,#2702,#2703));
#1064=EDGE_LOOP('',(#2704,#2705,#2706,#2707,#2708));
#1065=EDGE_LOOP('',(#2709,#2710,#2711,#2712));
#1066=EDGE_LOOP('',(#2713,#2714,#2715,#2716,#2717,#2718));
#1067=EDGE_LOOP('',(#2719,#2720,#2721,#2722));
#1068=EDGE_LOOP('',(#2723,#2724,#2725,#2726));
#1069=EDGE_LOOP('',(#2727,#2728,#2729,#2730));
#1070=EDGE_LOOP('',(#2731,#2732,#2733,#2734));
#1071=EDGE_LOOP('',(#2735,#2736,#2737,#2738));
#1072=EDGE_LOOP('',(#2739,#2740,#2741,#2742));
#1073=EDGE_LOOP('',(#2743,#2744,#2745,#2746));
#1074=EDGE_LOOP('',(#2747,#2748,#2749,#2750,#2751));
#1075=EDGE_LOOP('',(#2752,#2753,#2754,#2755));
#1076=EDGE_LOOP('',(#2756,#2757,#2758,#2759,#2760));
#1077=EDGE_LOOP('',(#2761,#2762,#2763,#2764,#2765,#2766));
#1078=EDGE_LOOP('',(#2767,#2768,#2769,#2770));
#1079=EDGE_LOOP('',(#2771,#2772,#2773,#2774,#2775));
#1080=EDGE_LOOP('',(#2776,#2777,#2778,#2779));
#1081=EDGE_LOOP('',(#2780,#2781,#2782,#2783,#2784));
#1082=EDGE_LOOP('',(#2785,#2786,#2787,#2788));
#1083=EDGE_LOOP('',(#2789,#2790,#2791,#2792,#2793,#2794));
#1084=EDGE_LOOP('',(#2795,#2796,#2797,#2798));
#1085=EDGE_LOOP('',(#2799,#2800,#2801,#2802,#2803));
#1086=EDGE_LOOP('',(#2804,#2805,#2806,#2807));
#1087=EDGE_LOOP('',(#2808,#2809,#2810,#2811,#2812));
#1088=EDGE_LOOP('',(#2813,#2814,#2815,#2816));
#1089=EDGE_LOOP('',(#2817,#2818,#2819,#2820,#2821,#2822));
#1090=EDGE_LOOP('',(#2823,#2824,#2825,#2826));
#1091=EDGE_LOOP('',(#2827,#2828,#2829,#2830,#2831));
#1092=EDGE_LOOP('',(#2832,#2833,#2834,#2835));
#1093=EDGE_LOOP('',(#2836,#2837,#2838,#2839,#2840));
#1094=EDGE_LOOP('',(#2841,#2842,#2843,#2844));
#1095=EDGE_LOOP('',(#2845,#2846,#2847,#2848,#2849,#2850));
#1096=EDGE_LOOP('',(#2851,#2852,#2853,#2854));
#1097=EDGE_LOOP('',(#2855,#2856,#2857,#2858));
#1098=EDGE_LOOP('',(#2859,#2860,#2861,#2862));
#1099=EDGE_LOOP('',(#2863,#2864,#2865,#2866));
#1100=EDGE_LOOP('',(#2867,#2868,#2869,#2870));
#1101=EDGE_LOOP('',(#2871,#2872,#2873,#2874,#2875));
#1102=EDGE_LOOP('',(#2876,#2877,#2878,#2879));
#1103=EDGE_LOOP('',(#2880,#2881,#2882,#2883,#2884));
#1104=EDGE_LOOP('',(#2885,#2886,#2887,#2888,#2889,#2890,#2891,#2892,#2893,
#2894));
#1105=EDGE_LOOP('',(#2895,#2896,#2897,#2898));
#1106=EDGE_LOOP('',(#2899,#2900,#2901,#2902,#2903));
#1107=EDGE_LOOP('',(#2904,#2905,#2906,#2907,#2908));
#1108=EDGE_LOOP('',(#2909,#2910,#2911,#2912,#2913));
#1109=EDGE_LOOP('',(#2914,#2915,#2916,#2917));
#1110=EDGE_LOOP('',(#2918,#2919,#2920,#2921,#2922));
#1111=EDGE_LOOP('',(#2923,#2924,#2925,#2926,#2927));
#1112=EDGE_LOOP('',(#2928,#2929,#2930,#2931));
#1113=EDGE_LOOP('',(#2932,#2933,#2934,#2935,#2936));
#1114=EDGE_LOOP('',(#2937,#2938,#2939,#2940,#2941));
#1115=EDGE_LOOP('',(#2942,#2943,#2944,#2945));
#1116=EDGE_LOOP('',(#2946,#2947,#2948,#2949,#2950));
#1117=EDGE_LOOP('',(#2951,#2952,#2953,#2954));
#1118=EDGE_LOOP('',(#2955,#2956,#2957,#2958,#2959));
#1119=EDGE_LOOP('',(#2960,#2961,#2962,#2963));
#1120=EDGE_LOOP('',(#2964,#2965,#2966,#2967,#2968));
#1121=EDGE_LOOP('',(#2969,#2970,#2971,#2972));
#1122=EDGE_LOOP('',(#2973,#2974,#2975,#2976));
#1123=EDGE_LOOP('',(#2977,#2978,#2979,#2980,#2981));
#1124=EDGE_LOOP('',(#2982,#2983,#2984,#2985,#2986,#2987));
#1125=EDGE_LOOP('',(#2988,#2989,#2990,#2991,#2992));
#1126=EDGE_LOOP('',(#2993,#2994,#2995,#2996));
#1127=EDGE_LOOP('',(#2997,#2998,#2999,#3000));
#1128=EDGE_LOOP('',(#3001,#3002,#3003,#3004,#3005));
#1129=EDGE_LOOP('',(#3006,#3007,#3008,#3009,#3010,#3011));
#1130=EDGE_LOOP('',(#3012,#3013,#3014,#3015));
#1131=EDGE_LOOP('',(#3016,#3017,#3018,#3019,#3020));
#1132=EDGE_LOOP('',(#3021,#3022,#3023,#3024));
#1133=EDGE_LOOP('',(#3025,#3026,#3027,#3028));
#1134=EDGE_LOOP('',(#3029,#3030,#3031,#3032,#3033,#3034));
#1135=EDGE_LOOP('',(#3035,#3036,#3037,#3038,#3039));
#1136=EDGE_LOOP('',(#3040,#3041,#3042,#3043));
#1137=EDGE_LOOP('',(#3044,#3045,#3046,#3047,#3048,#3049));
#1138=EDGE_LOOP('',(#3050,#3051,#3052,#3053));
#1139=EDGE_LOOP('',(#3054,#3055,#3056,#3057));
#1140=EDGE_LOOP('',(#3058,#3059,#3060,#3061,#3062,#3063));
#1141=EDGE_LOOP('',(#3064,#3065,#3066,#3067));
#1142=EDGE_LOOP('',(#3068,#3069,#3070,#3071));
#1143=EDGE_LOOP('',(#3072,#3073,#3074,#3075,#3076,#3077));
#1144=EDGE_LOOP('',(#3078,#3079,#3080,#3081,#3082,#3083));
#1145=EDGE_LOOP('',(#3084,#3085,#3086,#3087,#3088));
#1146=EDGE_LOOP('',(#3089,#3090,#3091,#3092));
#1147=EDGE_LOOP('',(#3093,#3094,#3095,#3096,#3097));
#1148=EDGE_LOOP('',(#3098,#3099,#3100,#3101,#3102,#3103));
#1149=EDGE_LOOP('',(#3104,#3105,#3106,#3107,#3108,#3109));
#1150=EDGE_LOOP('',(#3110,#3111,#3112,#3113,#3114,#3115));
#1151=EDGE_LOOP('',(#3116,#3117,#3118,#3119));
#1152=EDGE_LOOP('',(#3120,#3121,#3122,#3123,#3124,#3125));
#1153=EDGE_LOOP('',(#3126,#3127,#3128,#3129,#3130,#3131,#3132,#3133,#3134,
#3135,#3136,#3137,#3138,#3139,#3140,#3141,#3142,#3143,#3144,#3145,#3146,
#3147,#3148,#3149,#3150,#3151,#3152,#3153,#3154,#3155,#3156,#3157,#3158,
#3159,#3160,#3161,#3162,#3163));
#1154=EDGE_LOOP('',(#3164));
#1155=EDGE_LOOP('',(#3165,#3166,#3167,#3168,#3169,#3170,#3171,#3172));
#1156=EDGE_LOOP('',(#3173,#3174,#3175,#3176,#3177,#3178,#3179,#3180));
#1157=EDGE_LOOP('',(#3181,#3182,#3183,#3184,#3185,#3186,#3187,#3188));
#1158=EDGE_LOOP('',(#3189,#3190,#3191,#3192,#3193,#3194,#3195,#3196));
#1159=EDGE_LOOP('',(#3197,#3198,#3199,#3200,#3201,#3202,#3203,#3204));
#1160=EDGE_LOOP('',(#3205,#3206,#3207,#3208,#3209,#3210,#3211,#3212,#3213,
#3214,#3215,#3216,#3217,#3218));
#1161=EDGE_LOOP('',(#3219));
#1162=EDGE_LOOP('',(#3220,#3221,#3222,#3223,#3224,#3225,#3226,#3227));
#1163=EDGE_LOOP('',(#3228,#3229,#3230,#3231,#3232,#3233,#3234,#3235));
#1164=EDGE_LOOP('',(#3236,#3237,#3238,#3239,#3240,#3241,#3242,#3243));
#1165=EDGE_LOOP('',(#3244,#3245,#3246,#3247,#3248,#3249,#3250,#3251));
#1166=EDGE_LOOP('',(#3252,#3253,#3254,#3255,#3256,#3257,#3258,#3259));
#1167=EDGE_LOOP('',(#3260,#3261,#3262,#3263));
#1168=EDGE_LOOP('',(#3264,#3265,#3266,#3267));
#1169=EDGE_LOOP('',(#3268,#3269,#3270,#3271));
#1170=EDGE_LOOP('',(#3272,#3273,#3274,#3275));
#1171=EDGE_LOOP('',(#3276,#3277,#3278,#3279));
#1172=EDGE_LOOP('',(#3280,#3281,#3282,#3283));
#1173=EDGE_LOOP('',(#3284,#3285,#3286,#3287));
#1174=EDGE_LOOP('',(#3288,#3289,#3290,#3291));
#1175=EDGE_LOOP('',(#3292,#3293,#3294,#3295));
#1176=EDGE_LOOP('',(#3296,#3297,#3298,#3299));
#1177=EDGE_LOOP('',(#3300,#3301,#3302,#3303));
#1178=EDGE_LOOP('',(#3304,#3305,#3306,#3307));
#1179=EDGE_LOOP('',(#3308,#3309,#3310,#3311));
#1180=EDGE_LOOP('',(#3312,#3313,#3314,#3315));
#1181=EDGE_LOOP('',(#3316,#3317,#3318,#3319));
#1182=EDGE_LOOP('',(#3320,#3321,#3322,#3323));
#1183=EDGE_LOOP('',(#3324,#3325,#3326,#3327));
#1184=EDGE_LOOP('',(#3328,#3329,#3330,#3331));
#1185=EDGE_LOOP('',(#3332,#3333,#3334,#3335));
#1186=EDGE_LOOP('',(#3336,#3337,#3338,#3339));
#1187=EDGE_LOOP('',(#3340,#3341,#3342,#3343));
#1188=EDGE_LOOP('',(#3344,#3345,#3346,#3347));
#1189=EDGE_LOOP('',(#3348,#3349,#3350,#3351));
#1190=EDGE_LOOP('',(#3352,#3353,#3354,#3355));
#1191=EDGE_LOOP('',(#3356,#3357,#3358,#3359));
#1192=EDGE_LOOP('',(#3360,#3361,#3362,#3363));
#1193=EDGE_LOOP('',(#3364,#3365,#3366,#3367));
#1194=EDGE_LOOP('',(#3368,#3369,#3370,#3371));
#1195=EDGE_LOOP('',(#3372,#3373,#3374,#3375));
#1196=EDGE_LOOP('',(#3376,#3377,#3378,#3379));
#1197=EDGE_LOOP('',(#3380,#3381,#3382,#3383));
#1198=EDGE_LOOP('',(#3384,#3385,#3386,#3387));
#1199=EDGE_LOOP('',(#3388,#3389,#3390,#3391));
#1200=EDGE_LOOP('',(#3392,#3393,#3394,#3395));
#1201=EDGE_LOOP('',(#3396,#3397,#3398,#3399));
#1202=EDGE_LOOP('',(#3400,#3401,#3402,#3403));
#1203=EDGE_LOOP('',(#3404,#3405,#3406,#3407));
#1204=EDGE_LOOP('',(#3408,#3409,#3410,#3411));
#1205=EDGE_LOOP('',(#3412,#3413,#3414,#3415));
#1206=EDGE_LOOP('',(#3416,#3417,#3418,#3419));
#1207=EDGE_LOOP('',(#3420,#3421,#3422,#3423));
#1208=EDGE_LOOP('',(#3424,#3425,#3426,#3427));
#1209=EDGE_LOOP('',(#3428,#3429,#3430,#3431,#3432,#3433,#3434,#3435,#3436,
#3437,#3438,#3439));
#1210=EDGE_LOOP('',(#3440,#3441,#3442,#3443));
#1211=EDGE_LOOP('',(#3444,#3445,#3446,#3447));
#1212=EDGE_LOOP('',(#3448,#3449,#3450,#3451));
#1213=EDGE_LOOP('',(#3452,#3453,#3454,#3455));
#1214=EDGE_LOOP('',(#3456,#3457,#3458,#3459));
#1215=EDGE_LOOP('',(#3460,#3461,#3462,#3463));
#1216=EDGE_LOOP('',(#3464,#3465,#3466,#3467));
#1217=EDGE_LOOP('',(#3468,#3469,#3470,#3471,#3472,#3473));
#1218=EDGE_LOOP('',(#3474,#3475,#3476,#3477,#3478,#3479));
#1219=CIRCLE('',#3754,4.63220721607062);
#1220=CIRCLE('',#3755,2.);
#1221=CIRCLE('',#3756,2.);
#1222=CIRCLE('',#3757,4.63220721607062);
#1223=CIRCLE('',#3758,1.64932971718281);
#1224=CIRCLE('',#3759,2.);
#1225=CIRCLE('',#3760,2.00000000000001);
#1226=CIRCLE('',#3761,1.64932971718281);
#1227=CIRCLE('',#3762,1.64932971718281);
#1228=CIRCLE('',#3763,2.00000000000001);
#1229=CIRCLE('',#3764,4.02471154954874);
#1230=CIRCLE('',#3765,2.);
#1231=CIRCLE('',#3766,2.);
#1232=CIRCLE('',#3767,4.02471154954874);
#1233=CIRCLE('',#3768,1.699910623728);
#1234=CIRCLE('',#3769,2.);
#1235=CIRCLE('',#3770,2.00000000000001);
#1236=CIRCLE('',#3771,1.699910623728);
#1237=CIRCLE('',#3772,1.69991062372798);
#1238=CIRCLE('',#3773,2.00000000000001);
#1239=CIRCLE('',#3774,13.4368337520861);
#1240=CIRCLE('',#3775,2.00000000000001);
#1241=CIRCLE('',#3776,2.);
#1242=CIRCLE('',#3777,13.4368337520861);
#1243=CIRCLE('',#3778,1.43310506419562);
#1244=CIRCLE('',#3779,2.);
#1245=CIRCLE('',#3780,2.00000000000001);
#1246=CIRCLE('',#3781,1.43310506419562);
#1247=CIRCLE('',#3782,1.43310506419554);
#1248=CIRCLE('',#3783,2.00000000000001);
#1249=CIRCLE('',#3784,1.76011187643021);
#1250=CIRCLE('',#3785,1.99999999999999);
#1251=CIRCLE('',#3786,2.00000000000001);
#1252=CIRCLE('',#3787,1.76011187643021);
#1253=CIRCLE('',#3788,3.46441653648583);
#1254=CIRCLE('',#3789,2.00000000000001);
#1255=CIRCLE('',#3790,2.);
#1256=CIRCLE('',#3791,3.46441653648583);
#1257=CIRCLE('',#3792,1.7601118764302);
#1258=CIRCLE('',#3793,2.);
#1259=CIRCLE('',#3794,2.73965252493015);
#1260=CIRCLE('',#3795,2.);
#1261=CIRCLE('',#3796,2.);
#1262=CIRCLE('',#3797,2.73965252493015);
#1263=CIRCLE('',#3798,1.86326067054209);
#1264=CIRCLE('',#3799,2.);
#1265=CIRCLE('',#3800,2.00000000000001);
#1266=CIRCLE('',#3801,1.86326067054209);
#1267=CIRCLE('',#3802,1.86326067054208);
#1268=CIRCLE('',#3803,2.00000000000001);
#1269=CIRCLE('',#3804,1.84376534082433);
#1270=CIRCLE('',#3805,2.00000000000002);
#1271=CIRCLE('',#3806,1.99999999999999);
#1272=CIRCLE('',#3807,1.84376534082433);
#1273=CIRCLE('',#3808,2.86109792769059);
#1274=CIRCLE('',#3809,1.99999999999999);
#1275=CIRCLE('',#3810,2.);
#1276=CIRCLE('',#3811,2.86109792769059);
#1277=CIRCLE('',#3812,1.84376534082433);
#1278=CIRCLE('',#3813,2.);
#1279=CIRCLE('',#3814,1.53975682302334);
#1280=CIRCLE('',#3815,2.00000000000001);
#1281=CIRCLE('',#3816,2.);
#1282=CIRCLE('',#3817,1.53975682302334);
#1283=CIRCLE('',#3818,10.853871483126);
#1284=CIRCLE('',#3819,2.);
#1285=CIRCLE('',#3820,2.);
#1286=CIRCLE('',#3821,10.853871483126);
#1287=CIRCLE('',#3822,1.53975682302333);
#1288=CIRCLE('',#3823,2.);
#1289=CIRCLE('',#3824,6.17093735991863);
#1290=CIRCLE('',#3825,2.);
#1291=CIRCLE('',#3826,2.);
#1292=CIRCLE('',#3827,6.17093735991863);
#1293=CIRCLE('',#3828,1.56484189565729);
#1294=CIRCLE('',#3829,2.);
#1295=CIRCLE('',#3830,1.99999999999999);
#1296=CIRCLE('',#3831,1.56484189565729);
#1297=CIRCLE('',#3832,1.56484189565725);
#1298=CIRCLE('',#3833,1.99999999999999);
#1299=CIRCLE('',#3834,11.9241121504656);
#1300=CIRCLE('',#3835,2.00000000000002);
#1301=CIRCLE('',#3836,2.);
#1302=CIRCLE('',#3837,11.9241121504656);
#1303=CIRCLE('',#3838,1.4466664066026);
#1304=CIRCLE('',#3839,2.);
#1305=CIRCLE('',#3840,1.99999999999998);
#1306=CIRCLE('',#3841,1.4466664066026);
#1307=CIRCLE('',#3842,1.44666640660257);
#1308=CIRCLE('',#3843,1.99999999999998);
#1309=CIRCLE('',#3844,1.78984231108269);
#1310=CIRCLE('',#3845,2.);
#1311=CIRCLE('',#3846,2.);
#1312=CIRCLE('',#3847,1.78984231108269);
#1313=CIRCLE('',#3848,3.23176616921405);
#1314=CIRCLE('',#3849,2.);
#1315=CIRCLE('',#3850,2.);
#1316=CIRCLE('',#3851,3.23176616921405);
#1317=CIRCLE('',#3852,1.78984231108269);
#1318=CIRCLE('',#3853,2.);
#1319=CIRCLE('',#3855,1.59999999999998);
#1320=CIRCLE('',#3856,1.59999999999998);
#1321=CIRCLE('',#3858,2.);
#1322=CIRCLE('',#3859,2.);
#1323=CIRCLE('',#3860,2.);
#1324=CIRCLE('',#3861,2.);
#1325=CIRCLE('',#3862,2.);
#1326=CIRCLE('',#3863,2.);
#1327=CIRCLE('',#3864,2.);
#1328=CIRCLE('',#3865,2.);
#1329=CIRCLE('',#3866,2.);
#1330=CIRCLE('',#3867,2.);
#1331=CIRCLE('',#3872,1.64932971718281);
#1332=CIRCLE('',#3873,1.699910623728);
#1333=CIRCLE('',#3878,1.43310506419554);
#1334=CIRCLE('',#3879,1.64932971718281);
#1335=CIRCLE('',#3884,1.76011187643021);
#1336=CIRCLE('',#3885,1.43310506419562);
#1337=CIRCLE('',#3888,1.99999999999999);
#1338=CIRCLE('',#3891,1.86326067054208);
#1339=CIRCLE('',#3892,1.7601118764302);
#1340=CIRCLE('',#3897,1.53975682302334);
#1341=CIRCLE('',#3898,1.86326067054209);
#1342=CIRCLE('',#3907,1.44666640660257);
#1343=CIRCLE('',#3908,1.44666640660257);
#1344=CIRCLE('',#3911,1.53975682302333);
#1345=CIRCLE('',#3912,1.53975682302333);
#1346=CIRCLE('',#3916,1.78984231108269);
#1347=CIRCLE('',#3919,1.4466664066026);
#1348=CIRCLE('',#3924,1.56484189565725);
#1349=CIRCLE('',#3925,1.56484189565725);
#1350=CIRCLE('',#3928,1.78984231108269);
#1351=CIRCLE('',#3929,1.78984231108269);
#1352=CIRCLE('',#3934,1.84376534082433);
#1353=CIRCLE('',#3937,1.56484189565729);
#1354=CIRCLE('',#3946,1.84376534082433);
#1355=CIRCLE('',#3947,1.84376534082433);
#1356=CIRCLE('',#3950,1.69991062372798);
#1357=CIRCLE('',#3951,1.69991062372798);
#1358=CIRCLE('',#3956,1.64932971718281);
#1359=CIRCLE('',#3958,1.43310506419554);
#1360=CIRCLE('',#3965,1.86326067054208);
#1361=CIRCLE('',#3968,1.7601118764302);
#1362=CIRCLE('',#3973,2.);
#1363=CIRCLE('',#3974,2.00000000000002);
#1364=CIRCLE('',#3978,2.);
#1365=CIRCLE('',#3979,2.00000000000001);
#1366=CIRCLE('',#3986,2.00000000000002);
#1367=CIRCLE('',#3987,2.);
#1368=CIRCLE('',#3994,2.00000000000001);
#1369=CIRCLE('',#3996,2.);
#1370=CIRCLE('',#3997,2.);
#1371=CIRCLE('',#4009,0.5);
#1372=CIRCLE('',#4010,0.499999999999998);
#1373=CIRCLE('',#4011,0.5);
#1374=CIRCLE('',#4012,0.499999999999998);
#1375=CIRCLE('',#4013,0.5);
#1376=CIRCLE('',#4014,0.499999999999998);
#1377=CIRCLE('',#4015,0.5);
#1378=CIRCLE('',#4016,0.499999999999998);
#1379=CIRCLE('',#4017,0.5);
#1380=CIRCLE('',#4018,0.5);
#1381=CIRCLE('',#4019,0.5);
#1382=CIRCLE('',#4020,0.5);
#1383=CIRCLE('',#4021,0.5);
#1384=CIRCLE('',#4022,0.5);
#1385=CIRCLE('',#4023,0.5);
#1386=CIRCLE('',#4024,0.5);
#1387=CIRCLE('',#4025,0.5);
#1388=CIRCLE('',#4026,0.499999999999998);
#1389=CIRCLE('',#4027,0.5);
#1390=CIRCLE('',#4028,0.499999999999998);
#1391=CIRCLE('',#4030,0.499999999999998);
#1392=CIRCLE('',#4031,0.5);
#1393=CIRCLE('',#4032,0.499999999999998);
#1394=CIRCLE('',#4033,0.5);
#1395=CIRCLE('',#4034,0.499999999999998);
#1396=CIRCLE('',#4035,0.5);
#1397=CIRCLE('',#4036,0.499999999999998);
#1398=CIRCLE('',#4037,0.5);
#1399=CIRCLE('',#4038,0.5);
#1400=CIRCLE('',#4039,0.5);
#1401=CIRCLE('',#4040,0.5);
#1402=CIRCLE('',#4041,0.5);
#1403=CIRCLE('',#4042,0.5);
#1404=CIRCLE('',#4043,0.5);
#1405=CIRCLE('',#4044,0.5);
#1406=CIRCLE('',#4045,0.5);
#1407=CIRCLE('',#4046,0.499999999999998);
#1408=CIRCLE('',#4047,0.5);
#1409=CIRCLE('',#4048,0.499999999999998);
#1410=CIRCLE('',#4049,0.5);
#1411=B_SPLINE_CURVE_WITH_KNOTS('',3,(#5138,#5139,#5140,#5141,#5142,#5143),
 .UNSPECIFIED.,.F.,.F.,(4,1,1,4),(0.,0.333333333333333,0.666666666666667,
1.),.UNSPECIFIED.);
#1412=B_SPLINE_CURVE_WITH_KNOTS('',3,(#5145,#5146,#5147,#5148,#5149,#5150),
 .UNSPECIFIED.,.F.,.F.,(4,1,1,4),(0.,0.333333333333333,0.666666666666667,
1.),.UNSPECIFIED.);
#1413=B_SPLINE_CURVE_WITH_KNOTS('',3,(#5191,#5192,#5193,#5194,#5195,#5196),
 .UNSPECIFIED.,.F.,.F.,(4,1,1,4),(0.,0.333333333333333,0.666666666666667,
1.),.UNSPECIFIED.);
#1414=B_SPLINE_CURVE_WITH_KNOTS('',3,(#5237,#5238,#5239,#5240,#5241,#5242),
 .UNSPECIFIED.,.F.,.F.,(4,1,1,4),(0.,0.333333333333333,0.666666666666667,
1.),.UNSPECIFIED.);
#1415=B_SPLINE_CURVE_WITH_KNOTS('',3,(#5283,#5284,#5285,#5286,#5287,#5288),
 .UNSPECIFIED.,.F.,.F.,(4,1,1,4),(0.,0.333333333333333,0.666666666666667,
1.),.UNSPECIFIED.);
#1416=B_SPLINE_CURVE_WITH_KNOTS('',3,(#5329,#5330,#5331,#5332,#5333,#5334),
 .UNSPECIFIED.,.F.,.F.,(4,1,1,4),(0.,0.333333333333333,0.666666666666667,
1.),.UNSPECIFIED.);
#1417=B_SPLINE_CURVE_WITH_KNOTS('',3,(#5376,#5377,#5378,#5379,#5380,#5381),
 .UNSPECIFIED.,.F.,.F.,(4,1,1,4),(0.,0.333333333333333,0.666666666666667,
1.),.UNSPECIFIED.);
#1418=B_SPLINE_CURVE_WITH_KNOTS('',3,(#5383,#5384,#5385,#5386,#5387,#5388),
 .UNSPECIFIED.,.F.,.F.,(4,1,1,4),(0.,0.333333333333333,0.666666666666667,
1.),.UNSPECIFIED.);
#1419=B_SPLINE_CURVE_WITH_KNOTS('',3,(#5429,#5430,#5431,#5432,#5433,#5434),
 .UNSPECIFIED.,.F.,.F.,(4,1,1,4),(0.,0.333333333333333,0.666666666666667,
1.),.UNSPECIFIED.);
#1420=B_SPLINE_CURVE_WITH_KNOTS('',3,(#5475,#5476,#5477,#5478,#5479,#5480),
 .UNSPECIFIED.,.F.,.F.,(4,1,1,4),(0.,0.333333333333333,0.666666666666667,
1.),.UNSPECIFIED.);
#1421=B_SPLINE_CURVE_WITH_KNOTS('',3,(#5521,#5522,#5523,#5524,#5525,#5526),
 .UNSPECIFIED.,.F.,.F.,(4,1,1,4),(0.,0.333333333333333,0.666666666666667,
1.),.UNSPECIFIED.);
#1422=B_SPLINE_CURVE_WITH_KNOTS('',3,(#5567,#5568,#5569,#5570,#5571,#5572),
 .UNSPECIFIED.,.F.,.F.,(4,1,1,4),(0.,0.333333333333333,0.666666666666667,
1.),.UNSPECIFIED.);
#1423=B_SPLINE_CURVE_WITH_KNOTS('',3,(#5614,#5615,#5616,#5617,#5618,#5619),
 .UNSPECIFIED.,.F.,.F.,(4,1,1,4),(0.,0.333333333333333,0.666666666666667,
1.),.UNSPECIFIED.);
#1424=B_SPLINE_CURVE_WITH_KNOTS('',3,(#5621,#5622,#5623,#5624,#5625,#5626),
 .UNSPECIFIED.,.F.,.F.,(4,1,1,4),(0.,0.333333333333333,0.666666666666667,
1.),.UNSPECIFIED.);
#1425=B_SPLINE_CURVE_WITH_KNOTS('',3,(#5667,#5668,#5669,#5670,#5671,#5672),
 .UNSPECIFIED.,.F.,.F.,(4,1,1,4),(0.,0.333333333333333,0.666666666666667,
1.),.UNSPECIFIED.);
#1426=B_SPLINE_CURVE_WITH_KNOTS('',3,(#5713,#5714,#5715,#5716,#5717,#5718),
 .UNSPECIFIED.,.F.,.F.,(4,1,1,4),(0.,0.333333333333333,0.666666666666667,
1.),.UNSPECIFIED.);
#1427=B_SPLINE_CURVE_WITH_KNOTS('',3,(#5759,#5760,#5761,#5762,#5763,#5764),
 .UNSPECIFIED.,.F.,.F.,(4,1,1,4),(0.,0.333333333333333,0.666666666666667,
1.),.UNSPECIFIED.);
#1428=B_SPLINE_CURVE_WITH_KNOTS('',3,(#5805,#5806,#5807,#5808,#5809,#5810),
 .UNSPECIFIED.,.F.,.F.,(4,1,1,4),(0.,0.333333333333333,0.666666666666667,
1.),.UNSPECIFIED.);
#1429=B_SPLINE_CURVE_WITH_KNOTS('',3,(#5852,#5853,#5854,#5855,#5856,#5857),
 .UNSPECIFIED.,.F.,.F.,(4,1,1,4),(0.,0.333333333333333,0.666666666666667,
1.),.UNSPECIFIED.);
#1430=B_SPLINE_CURVE_WITH_KNOTS('',3,(#5859,#5860,#5861,#5862,#5863,#5864),
 .UNSPECIFIED.,.F.,.F.,(4,1,1,4),(0.,0.333333333333333,0.666666666666667,
1.),.UNSPECIFIED.);
#1431=B_SPLINE_CURVE_WITH_KNOTS('',3,(#5905,#5906,#5907,#5908,#5909,#5910),
 .UNSPECIFIED.,.F.,.F.,(4,1,1,4),(0.,0.333333333333333,0.666666666666667,
1.),.UNSPECIFIED.);
#1432=B_SPLINE_CURVE_WITH_KNOTS('',3,(#5951,#5952,#5953,#5954,#5955,#5956),
 .UNSPECIFIED.,.F.,.F.,(4,1,1,4),(0.,0.333333333333333,0.666666666666667,
1.),.UNSPECIFIED.);
#1433=B_SPLINE_CURVE_WITH_KNOTS('',3,(#5997,#5998,#5999,#6000,#6001,#6002),
 .UNSPECIFIED.,.F.,.F.,(4,1,1,4),(0.,0.333333333333333,0.666666666666667,
1.),.UNSPECIFIED.);
#1434=B_SPLINE_CURVE_WITH_KNOTS('',3,(#6043,#6044,#6045,#6046,#6047,#6048),
 .UNSPECIFIED.,.F.,.F.,(4,1,1,4),(0.,0.333333333333333,0.666666666666667,
1.),.UNSPECIFIED.);
#1435=B_SPLINE_CURVE_WITH_KNOTS('',3,(#6090,#6091,#6092,#6093,#6094,#6095),
 .UNSPECIFIED.,.F.,.F.,(4,1,1,4),(0.,0.333333333333333,0.666666666666667,
1.),.UNSPECIFIED.);
#1436=B_SPLINE_CURVE_WITH_KNOTS('',3,(#6097,#6098,#6099,#6100,#6101,#6102),
 .UNSPECIFIED.,.F.,.F.,(4,1,1,4),(0.,0.333333333333333,0.666666666666667,
1.),.UNSPECIFIED.);
#1437=B_SPLINE_CURVE_WITH_KNOTS('',3,(#6143,#6144,#6145,#6146,#6147,#6148),
 .UNSPECIFIED.,.F.,.F.,(4,1,1,4),(0.,0.333333333333333,0.666666666666667,
1.),.UNSPECIFIED.);
#1438=B_SPLINE_CURVE_WITH_KNOTS('',3,(#6189,#6190,#6191,#6192,#6193,#6194),
 .UNSPECIFIED.,.F.,.F.,(4,1,1,4),(0.,0.333333333333333,0.666666666666667,
1.),.UNSPECIFIED.);
#1439=B_SPLINE_CURVE_WITH_KNOTS('',3,(#6235,#6236,#6237,#6238,#6239,#6240),
 .UNSPECIFIED.,.F.,.F.,(4,1,1,4),(0.,0.333333333333333,0.666666666666667,
1.),.UNSPECIFIED.);
#1440=B_SPLINE_CURVE_WITH_KNOTS('',3,(#6281,#6282,#6283,#6284,#6285,#6286),
 .UNSPECIFIED.,.F.,.F.,(4,1,1,4),(0.,0.333333333333333,0.666666666666667,
1.),.UNSPECIFIED.);
#1441=B_SPLINE_CURVE_WITH_KNOTS('',3,(#6328,#6329,#6330,#6331,#6332,#6333),
 .UNSPECIFIED.,.F.,.F.,(4,1,1,4),(0.,0.333333333333333,0.666666666666667,
1.),.UNSPECIFIED.);
#1442=B_SPLINE_CURVE_WITH_KNOTS('',3,(#6335,#6336,#6337,#6338,#6339,#6340),
 .UNSPECIFIED.,.F.,.F.,(4,1,1,4),(0.,0.333333333333333,0.666666666666667,
1.),.UNSPECIFIED.);
#1443=B_SPLINE_CURVE_WITH_KNOTS('',3,(#6381,#6382,#6383,#6384,#6385,#6386),
 .UNSPECIFIED.,.F.,.F.,(4,1,1,4),(0.,0.333333333333333,0.666666666666667,
1.),.UNSPECIFIED.);
#1444=B_SPLINE_CURVE_WITH_KNOTS('',3,(#6427,#6428,#6429,#6430,#6431,#6432),
 .UNSPECIFIED.,.F.,.F.,(4,1,1,4),(0.,0.333333333333333,0.666666666666667,
1.),.UNSPECIFIED.);
#1445=B_SPLINE_CURVE_WITH_KNOTS('',3,(#6473,#6474,#6475,#6476,#6477,#6478),
 .UNSPECIFIED.,.F.,.F.,(4,1,1,4),(0.,0.333333333333333,0.666666666666667,
1.),.UNSPECIFIED.);
#1446=B_SPLINE_CURVE_WITH_KNOTS('',3,(#6519,#6520,#6521,#6522,#6523,#6524),
 .UNSPECIFIED.,.F.,.F.,(4,1,1,4),(0.,0.333333333333333,0.666666666666667,
1.),.UNSPECIFIED.);
#1447=B_SPLINE_CURVE_WITH_KNOTS('',3,(#6566,#6567,#6568,#6569,#6570,#6571),
 .UNSPECIFIED.,.F.,.F.,(4,1,1,4),(0.,0.333333333333333,0.666666666666667,
1.),.UNSPECIFIED.);
#1448=B_SPLINE_CURVE_WITH_KNOTS('',3,(#6573,#6574,#6575,#6576,#6577,#6578),
 .UNSPECIFIED.,.F.,.F.,(4,1,1,4),(0.,0.333333333333333,0.666666666666667,
1.),.UNSPECIFIED.);
#1449=B_SPLINE_CURVE_WITH_KNOTS('',3,(#6619,#6620,#6621,#6622,#6623,#6624),
 .UNSPECIFIED.,.F.,.F.,(4,1,1,4),(0.,0.333333333333333,0.666666666666667,
1.),.UNSPECIFIED.);
#1450=B_SPLINE_CURVE_WITH_KNOTS('',3,(#6665,#6666,#6667,#6668,#6669,#6670),
 .UNSPECIFIED.,.F.,.F.,(4,1,1,4),(0.,0.333333333333333,0.666666666666667,
1.),.UNSPECIFIED.);
#1451=B_SPLINE_CURVE_WITH_KNOTS('',3,(#6711,#6712,#6713,#6714,#6715,#6716),
 .UNSPECIFIED.,.F.,.F.,(4,1,1,4),(0.,0.333333333333333,0.666666666666667,
1.),.UNSPECIFIED.);
#1452=B_SPLINE_CURVE_WITH_KNOTS('',3,(#6757,#6758,#6759,#6760,#6761,#6762),
 .UNSPECIFIED.,.F.,.F.,(4,1,1,4),(0.,0.333333333333333,0.666666666666667,
1.),.UNSPECIFIED.);
#1453=B_SPLINE_CURVE_WITH_KNOTS('',3,(#6804,#6805,#6806,#6807,#6808,#6809),
 .UNSPECIFIED.,.F.,.F.,(4,1,1,4),(0.,0.333333333333333,0.666666666666667,
1.),.UNSPECIFIED.);
#1454=B_SPLINE_CURVE_WITH_KNOTS('',3,(#6811,#6812,#6813,#6814,#6815,#6816),
 .UNSPECIFIED.,.F.,.F.,(4,1,1,4),(0.,0.333333333333333,0.666666666666667,
1.),.UNSPECIFIED.);
#1455=B_SPLINE_CURVE_WITH_KNOTS('',3,(#6857,#6858,#6859,#6860,#6861,#6862),
 .UNSPECIFIED.,.F.,.F.,(4,1,1,4),(0.,0.333333333333333,0.666666666666667,
1.),.UNSPECIFIED.);
#1456=B_SPLINE_CURVE_WITH_KNOTS('',3,(#6903,#6904,#6905,#6906,#6907,#6908),
 .UNSPECIFIED.,.F.,.F.,(4,1,1,4),(0.,0.333333333333333,0.666666666666667,
1.),.UNSPECIFIED.);
#1457=B_SPLINE_CURVE_WITH_KNOTS('',3,(#6949,#6950,#6951,#6952,#6953,#6954),
 .UNSPECIFIED.,.F.,.F.,(4,1,1,4),(0.,0.333333333333333,0.666666666666667,
1.),.UNSPECIFIED.);
#1458=B_SPLINE_CURVE_WITH_KNOTS('',3,(#6995,#6996,#6997,#6998,#6999,#7000),
 .UNSPECIFIED.,.F.,.F.,(4,1,1,4),(0.,0.333333333333333,0.666666666666667,
1.),.UNSPECIFIED.);
#1459=B_SPLINE_CURVE_WITH_KNOTS('',3,(#7042,#7043,#7044,#7045,#7046,#7047),
 .UNSPECIFIED.,.F.,.F.,(4,1,1,4),(0.,0.333333333333333,0.666666666666667,
1.),.UNSPECIFIED.);
#1460=B_SPLINE_CURVE_WITH_KNOTS('',3,(#7049,#7050,#7051,#7052,#7053,#7054),
 .UNSPECIFIED.,.F.,.F.,(4,1,1,4),(0.,0.333333333333333,0.666666666666667,
1.),.UNSPECIFIED.);
#1461=B_SPLINE_CURVE_WITH_KNOTS('',3,(#7095,#7096,#7097,#7098,#7099,#7100),
 .UNSPECIFIED.,.F.,.F.,(4,1,1,4),(0.,0.333333333333333,0.666666666666667,
1.),.UNSPECIFIED.);
#1462=B_SPLINE_CURVE_WITH_KNOTS('',3,(#7141,#7142,#7143,#7144,#7145,#7146),
 .UNSPECIFIED.,.F.,.F.,(4,1,1,4),(0.,0.333333333333333,0.666666666666667,
1.),.UNSPECIFIED.);
#1463=B_SPLINE_CURVE_WITH_KNOTS('',3,(#7187,#7188,#7189,#7190,#7191,#7192),
 .UNSPECIFIED.,.F.,.F.,(4,1,1,4),(0.,0.333333333333333,0.666666666666667,
1.),.UNSPECIFIED.);
#1464=B_SPLINE_CURVE_WITH_KNOTS('',3,(#7233,#7234,#7235,#7236,#7237,#7238),
 .UNSPECIFIED.,.F.,.F.,(4,1,1,4),(0.,0.333333333333333,0.666666666666667,
1.),.UNSPECIFIED.);
#1465=B_SPLINE_CURVE_WITH_KNOTS('',3,(#7280,#7281,#7282,#7283,#7284,#7285),
 .UNSPECIFIED.,.F.,.F.,(4,1,1,4),(0.,0.333333333333333,0.666666666666667,
1.),.UNSPECIFIED.);
#1466=B_SPLINE_CURVE_WITH_KNOTS('',3,(#7287,#7288,#7289,#7290,#7291,#7292),
 .UNSPECIFIED.,.F.,.F.,(4,1,1,4),(0.,0.333333333333333,0.666666666666667,
1.),.UNSPECIFIED.);
#1467=B_SPLINE_CURVE_WITH_KNOTS('',3,(#7333,#7334,#7335,#7336,#7337,#7338),
 .UNSPECIFIED.,.F.,.F.,(4,1,1,4),(0.,0.333333333333333,0.666666666666667,
1.),.UNSPECIFIED.);
#1468=B_SPLINE_CURVE_WITH_KNOTS('',3,(#7379,#7380,#7381,#7382,#7383,#7384),
 .UNSPECIFIED.,.F.,.F.,(4,1,1,4),(0.,0.333333333333333,0.666666666666667,
1.),.UNSPECIFIED.);
#1469=B_SPLINE_CURVE_WITH_KNOTS('',3,(#7425,#7426,#7427,#7428,#7429,#7430),
 .UNSPECIFIED.,.F.,.F.,(4,1,1,4),(0.,0.333333333333333,0.666666666666667,
1.),.UNSPECIFIED.);
#1470=B_SPLINE_CURVE_WITH_KNOTS('',3,(#7471,#7472,#7473,#7474,#7475,#7476),
 .UNSPECIFIED.,.F.,.F.,(4,1,1,4),(0.,0.333333333333333,0.666666666666667,
1.),.UNSPECIFIED.);
#1471=VERTEX_POINT('',#5136);
#1472=VERTEX_POINT('',#5137);
#1473=VERTEX_POINT('',#5144);
#1474=VERTEX_POINT('',#5151);
#1475=VERTEX_POINT('',#5190);
#1476=VERTEX_POINT('',#5197);
#1477=VERTEX_POINT('',#5236);
#1478=VERTEX_POINT('',#5243);
#1479=VERTEX_POINT('',#5282);
#1480=VERTEX_POINT('',#5289);
#1481=VERTEX_POINT('',#5328);
#1482=VERTEX_POINT('',#5335);
#1483=VERTEX_POINT('',#5374);
#1484=VERTEX_POINT('',#5375);
#1485=VERTEX_POINT('',#5382);
#1486=VERTEX_POINT('',#5389);
#1487=VERTEX_POINT('',#5428);
#1488=VERTEX_POINT('',#5435);
#1489=VERTEX_POINT('',#5474);
#1490=VERTEX_POINT('',#5481);
#1491=VERTEX_POINT('',#5520);
#1492=VERTEX_POINT('',#5527);
#1493=VERTEX_POINT('',#5566);
#1494=VERTEX_POINT('',#5573);
#1495=VERTEX_POINT('',#5612);
#1496=VERTEX_POINT('',#5613);
#1497=VERTEX_POINT('',#5620);
#1498=VERTEX_POINT('',#5627);
#1499=VERTEX_POINT('',#5666);
#1500=VERTEX_POINT('',#5673);
#1501=VERTEX_POINT('',#5712);
#1502=VERTEX_POINT('',#5719);
#1503=VERTEX_POINT('',#5758);
#1504=VERTEX_POINT('',#5765);
#1505=VERTEX_POINT('',#5804);
#1506=VERTEX_POINT('',#5811);
#1507=VERTEX_POINT('',#5850);
#1508=VERTEX_POINT('',#5851);
#1509=VERTEX_POINT('',#5858);
#1510=VERTEX_POINT('',#5865);
#1511=VERTEX_POINT('',#5904);
#1512=VERTEX_POINT('',#5911);
#1513=VERTEX_POINT('',#5950);
#1514=VERTEX_POINT('',#5957);
#1515=VERTEX_POINT('',#5996);
#1516=VERTEX_POINT('',#6003);
#1517=VERTEX_POINT('',#6042);
#1518=VERTEX_POINT('',#6049);
#1519=VERTEX_POINT('',#6088);
#1520=VERTEX_POINT('',#6089);
#1521=VERTEX_POINT('',#6096);
#1522=VERTEX_POINT('',#6103);
#1523=VERTEX_POINT('',#6142);
#1524=VERTEX_POINT('',#6149);
#1525=VERTEX_POINT('',#6188);
#1526=VERTEX_POINT('',#6195);
#1527=VERTEX_POINT('',#6234);
#1528=VERTEX_POINT('',#6241);
#1529=VERTEX_POINT('',#6280);
#1530=VERTEX_POINT('',#6287);
#1531=VERTEX_POINT('',#6326);
#1532=VERTEX_POINT('',#6327);
#1533=VERTEX_POINT('',#6334);
#1534=VERTEX_POINT('',#6341);
#1535=VERTEX_POINT('',#6380);
#1536=VERTEX_POINT('',#6387);
#1537=VERTEX_POINT('',#6426);
#1538=VERTEX_POINT('',#6433);
#1539=VERTEX_POINT('',#6472);
#1540=VERTEX_POINT('',#6479);
#1541=VERTEX_POINT('',#6518);
#1542=VERTEX_POINT('',#6525);
#1543=VERTEX_POINT('',#6564);
#1544=VERTEX_POINT('',#6565);
#1545=VERTEX_POINT('',#6572);
#1546=VERTEX_POINT('',#6579);
#1547=VERTEX_POINT('',#6618);
#1548=VERTEX_POINT('',#6625);
#1549=VERTEX_POINT('',#6664);
#1550=VERTEX_POINT('',#6671);
#1551=VERTEX_POINT('',#6710);
#1552=VERTEX_POINT('',#6717);
#1553=VERTEX_POINT('',#6756);
#1554=VERTEX_POINT('',#6763);
#1555=VERTEX_POINT('',#6802);
#1556=VERTEX_POINT('',#6803);
#1557=VERTEX_POINT('',#6810);
#1558=VERTEX_POINT('',#6817);
#1559=VERTEX_POINT('',#6856);
#1560=VERTEX_POINT('',#6863);
#1561=VERTEX_POINT('',#6902);
#1562=VERTEX_POINT('',#6909);
#1563=VERTEX_POINT('',#6948);
#1564=VERTEX_POINT('',#6955);
#1565=VERTEX_POINT('',#6994);
#1566=VERTEX_POINT('',#7001);
#1567=VERTEX_POINT('',#7040);
#1568=VERTEX_POINT('',#7041);
#1569=VERTEX_POINT('',#7048);
#1570=VERTEX_POINT('',#7055);
#1571=VERTEX_POINT('',#7094);
#1572=VERTEX_POINT('',#7101);
#1573=VERTEX_POINT('',#7140);
#1574=VERTEX_POINT('',#7147);
#1575=VERTEX_POINT('',#7186);
#1576=VERTEX_POINT('',#7193);
#1577=VERTEX_POINT('',#7232);
#1578=VERTEX_POINT('',#7239);
#1579=VERTEX_POINT('',#7278);
#1580=VERTEX_POINT('',#7279);
#1581=VERTEX_POINT('',#7286);
#1582=VERTEX_POINT('',#7293);
#1583=VERTEX_POINT('',#7332);
#1584=VERTEX_POINT('',#7339);
#1585=VERTEX_POINT('',#7378);
#1586=VERTEX_POINT('',#7385);
#1587=VERTEX_POINT('',#7424);
#1588=VERTEX_POINT('',#7431);
#1589=VERTEX_POINT('',#7470);
#1590=VERTEX_POINT('',#7477);
#1591=VERTEX_POINT('',#7481);
#1592=VERTEX_POINT('',#7483);
#1593=VERTEX_POINT('',#7487);
#1594=VERTEX_POINT('',#7488);
#1595=VERTEX_POINT('',#7490);
#1596=VERTEX_POINT('',#7492);
#1597=VERTEX_POINT('',#7494);
#1598=VERTEX_POINT('',#7496);
#1599=VERTEX_POINT('',#7498);
#1600=VERTEX_POINT('',#7500);
#1601=VERTEX_POINT('',#7502);
#1602=VERTEX_POINT('',#7504);
#1603=VERTEX_POINT('',#7506);
#1604=VERTEX_POINT('',#7508);
#1605=VERTEX_POINT('',#7510);
#1606=VERTEX_POINT('',#7512);
#1607=VERTEX_POINT('',#7514);
#1608=VERTEX_POINT('',#7516);
#1609=VERTEX_POINT('',#7518);
#1610=VERTEX_POINT('',#7520);
#1611=VERTEX_POINT('',#7522);
#1612=VERTEX_POINT('',#7524);
#1613=VERTEX_POINT('',#7526);
#1614=VERTEX_POINT('',#7528);
#1615=VERTEX_POINT('',#7530);
#1616=VERTEX_POINT('',#7532);
#1617=VERTEX_POINT('',#7534);
#1618=VERTEX_POINT('',#7536);
#1619=VERTEX_POINT('',#7538);
#1620=VERTEX_POINT('',#7540);
#1621=VERTEX_POINT('',#7542);
#1622=VERTEX_POINT('',#7544);
#1623=VERTEX_POINT('',#7546);
#1624=VERTEX_POINT('',#7548);
#1625=VERTEX_POINT('',#7550);
#1626=VERTEX_POINT('',#7552);
#1627=VERTEX_POINT('',#7554);
#1628=VERTEX_POINT('',#7556);
#1629=VERTEX_POINT('',#7558);
#1630=VERTEX_POINT('',#7560);
#1631=VERTEX_POINT('',#7562);
#1632=VERTEX_POINT('',#7564);
#1633=VERTEX_POINT('',#7567);
#1634=VERTEX_POINT('',#7568);
#1635=VERTEX_POINT('',#7570);
#1636=VERTEX_POINT('',#7572);
#1637=VERTEX_POINT('',#7574);
#1638=VERTEX_POINT('',#7576);
#1639=VERTEX_POINT('',#7578);
#1640=VERTEX_POINT('',#7580);
#1641=VERTEX_POINT('',#7582);
#1642=VERTEX_POINT('',#7584);
#1643=VERTEX_POINT('',#7589);
#1644=VERTEX_POINT('',#7595);
#1645=VERTEX_POINT('',#7599);
#1646=VERTEX_POINT('',#7601);
#1647=VERTEX_POINT('',#7603);
#1648=VERTEX_POINT('',#7612);
#1649=VERTEX_POINT('',#7616);
#1650=VERTEX_POINT('',#7618);
#1651=VERTEX_POINT('',#7620);
#1652=VERTEX_POINT('',#7629);
#1653=VERTEX_POINT('',#7633);
#1654=VERTEX_POINT('',#7635);
#1655=VERTEX_POINT('',#7637);
#1656=VERTEX_POINT('',#7644);
#1657=VERTEX_POINT('',#7648);
#1658=VERTEX_POINT('',#7652);
#1659=VERTEX_POINT('',#7654);
#1660=VERTEX_POINT('',#7656);
#1661=VERTEX_POINT('',#7665);
#1662=VERTEX_POINT('',#7669);
#1663=VERTEX_POINT('',#7671);
#1664=VERTEX_POINT('',#7673);
#1665=VERTEX_POINT('',#7677);
#1666=VERTEX_POINT('',#7679);
#1667=VERTEX_POINT('',#7683);
#1668=VERTEX_POINT('',#7687);
#1669=VERTEX_POINT('',#7691);
#1670=VERTEX_POINT('',#7695);
#1671=VERTEX_POINT('',#7699);
#1672=VERTEX_POINT('',#7701);
#1673=VERTEX_POINT('',#7706);
#1674=VERTEX_POINT('',#7710);
#1675=VERTEX_POINT('',#7712);
#1676=VERTEX_POINT('',#7717);
#1677=VERTEX_POINT('',#7726);
#1678=VERTEX_POINT('',#7730);
#1679=VERTEX_POINT('',#7735);
#1680=VERTEX_POINT('',#7739);
#1681=VERTEX_POINT('',#7748);
#1682=VERTEX_POINT('',#7752);
#1683=VERTEX_POINT('',#7754);
#1684=VERTEX_POINT('',#7759);
#1685=VERTEX_POINT('',#7763);
#1686=VERTEX_POINT('',#7765);
#1687=VERTEX_POINT('',#7774);
#1688=VERTEX_POINT('',#7778);
#1689=VERTEX_POINT('',#7783);
#1690=VERTEX_POINT('',#7787);
#1691=VERTEX_POINT('',#7795);
#1692=VERTEX_POINT('',#7796);
#1693=VERTEX_POINT('',#7798);
#1694=VERTEX_POINT('',#7800);
#1695=VERTEX_POINT('',#7804);
#1696=VERTEX_POINT('',#7806);
#1697=VERTEX_POINT('',#7810);
#1698=VERTEX_POINT('',#7812);
#1699=VERTEX_POINT('',#7816);
#1700=VERTEX_POINT('',#7818);
#1701=VERTEX_POINT('',#7823);
#1702=VERTEX_POINT('',#7827);
#1703=VERTEX_POINT('',#7829);
#1704=VERTEX_POINT('',#7840);
#1705=VERTEX_POINT('',#7848);
#1706=VERTEX_POINT('',#7862);
#1707=VERTEX_POINT('',#8035);
#1708=VERTEX_POINT('',#8037);
#1709=VERTEX_POINT('',#8157);
#1710=VERTEX_POINT('',#8159);
#1711=VERTEX_POINT('',#8290);
#1712=VERTEX_POINT('',#8292);
#1713=VERTEX_POINT('',#8294);
#1714=VERTEX_POINT('',#8296);
#1715=VERTEX_POINT('',#8300);
#1716=VERTEX_POINT('',#8304);
#1717=VERTEX_POINT('',#8306);
#1718=VERTEX_POINT('',#8308);
#1719=VERTEX_POINT('',#8312);
#1720=VERTEX_POINT('',#8314);
#1721=VERTEX_POINT('',#8316);
#1722=VERTEX_POINT('',#8318);
#1723=VERTEX_POINT('',#8321);
#1724=VERTEX_POINT('',#8322);
#1725=VERTEX_POINT('',#8324);
#1726=VERTEX_POINT('',#8326);
#1727=VERTEX_POINT('',#8328);
#1728=VERTEX_POINT('',#8330);
#1729=VERTEX_POINT('',#8332);
#1730=VERTEX_POINT('',#8334);
#1731=VERTEX_POINT('',#8337);
#1732=VERTEX_POINT('',#8338);
#1733=VERTEX_POINT('',#8340);
#1734=VERTEX_POINT('',#8342);
#1735=VERTEX_POINT('',#8344);
#1736=VERTEX_POINT('',#8346);
#1737=VERTEX_POINT('',#8348);
#1738=VERTEX_POINT('',#8350);
#1739=VERTEX_POINT('',#8353);
#1740=VERTEX_POINT('',#8354);
#1741=VERTEX_POINT('',#8356);
#1742=VERTEX_POINT('',#8358);
#1743=VERTEX_POINT('',#8360);
#1744=VERTEX_POINT('',#8362);
#1745=VERTEX_POINT('',#8364);
#1746=VERTEX_POINT('',#8366);
#1747=VERTEX_POINT('',#8369);
#1748=VERTEX_POINT('',#8370);
#1749=VERTEX_POINT('',#8372);
#1750=VERTEX_POINT('',#8374);
#1751=VERTEX_POINT('',#8376);
#1752=VERTEX_POINT('',#8378);
#1753=VERTEX_POINT('',#8380);
#1754=VERTEX_POINT('',#8382);
#1755=VERTEX_POINT('',#8385);
#1756=VERTEX_POINT('',#8386);
#1757=VERTEX_POINT('',#8388);
#1758=VERTEX_POINT('',#8390);
#1759=VERTEX_POINT('',#8392);
#1760=VERTEX_POINT('',#8394);
#1761=VERTEX_POINT('',#8396);
#1762=VERTEX_POINT('',#8398);
#1763=VERTEX_POINT('',#8402);
#1764=VERTEX_POINT('',#8403);
#1765=VERTEX_POINT('',#8405);
#1766=VERTEX_POINT('',#8407);
#1767=VERTEX_POINT('',#8409);
#1768=VERTEX_POINT('',#8411);
#1769=VERTEX_POINT('',#8413);
#1770=VERTEX_POINT('',#8415);
#1771=VERTEX_POINT('',#8419);
#1772=VERTEX_POINT('',#8420);
#1773=VERTEX_POINT('',#8422);
#1774=VERTEX_POINT('',#8424);
#1775=VERTEX_POINT('',#8426);
#1776=VERTEX_POINT('',#8428);
#1777=VERTEX_POINT('',#8430);
#1778=VERTEX_POINT('',#8432);
#1779=VERTEX_POINT('',#8435);
#1780=VERTEX_POINT('',#8436);
#1781=VERTEX_POINT('',#8438);
#1782=VERTEX_POINT('',#8440);
#1783=VERTEX_POINT('',#8442);
#1784=VERTEX_POINT('',#8444);
#1785=VERTEX_POINT('',#8446);
#1786=VERTEX_POINT('',#8448);
#1787=VERTEX_POINT('',#8451);
#1788=VERTEX_POINT('',#8452);
#1789=VERTEX_POINT('',#8454);
#1790=VERTEX_POINT('',#8456);
#1791=VERTEX_POINT('',#8458);
#1792=VERTEX_POINT('',#8460);
#1793=VERTEX_POINT('',#8462);
#1794=VERTEX_POINT('',#8464);
#1795=VERTEX_POINT('',#8467);
#1796=VERTEX_POINT('',#8468);
#1797=VERTEX_POINT('',#8470);
#1798=VERTEX_POINT('',#8472);
#1799=VERTEX_POINT('',#8474);
#1800=VERTEX_POINT('',#8476);
#1801=VERTEX_POINT('',#8478);
#1802=VERTEX_POINT('',#8480);
#1803=VERTEX_POINT('',#8483);
#1804=VERTEX_POINT('',#8484);
#1805=VERTEX_POINT('',#8486);
#1806=VERTEX_POINT('',#8488);
#1807=VERTEX_POINT('',#8490);
#1808=VERTEX_POINT('',#8492);
#1809=VERTEX_POINT('',#8494);
#1810=VERTEX_POINT('',#8496);
#1811=VERTEX_POINT('',#8586);
#1812=VERTEX_POINT('',#8589);
#1813=VERTEX_POINT('',#8598);
#1814=VERTEX_POINT('',#8602);
#1815=EDGE_CURVE('',#1471,#1472,#1411,.T.);
#1816=EDGE_CURVE('',#1471,#1473,#1412,.T.);
#1817=EDGE_CURVE('',#1473,#1474,#1219,.T.);
#1818=EDGE_CURVE('',#1472,#1474,#1220,.T.);
#1819=EDGE_CURVE('',#1471,#1475,#1413,.T.);
#1820=EDGE_CURVE('',#1476,#1475,#1221,.T.);
#1821=EDGE_CURVE('',#1476,#1473,#1222,.T.);
#1822=EDGE_CURVE('',#1471,#1477,#1414,.T.);
#1823=EDGE_CURVE('',#1477,#1478,#1223,.T.);
#1824=EDGE_CURVE('',#1475,#1478,#1224,.T.);
#1825=EDGE_CURVE('',#1471,#1479,#1415,.T.);
#1826=EDGE_CURVE('',#1480,#1479,#1225,.T.);
#1827=EDGE_CURVE('',#1480,#1477,#1226,.T.);
#1828=EDGE_CURVE('',#1471,#1481,#1416,.T.);
#1829=EDGE_CURVE('',#1481,#1482,#1227,.T.);
#1830=EDGE_CURVE('',#1479,#1482,#1228,.T.);
#1831=EDGE_CURVE('',#1483,#1484,#1417,.T.);
#1832=EDGE_CURVE('',#1483,#1485,#1418,.T.);
#1833=EDGE_CURVE('',#1485,#1486,#1229,.T.);
#1834=EDGE_CURVE('',#1484,#1486,#1230,.T.);
#1835=EDGE_CURVE('',#1483,#1487,#1419,.T.);
#1836=EDGE_CURVE('',#1488,#1487,#1231,.T.);
#1837=EDGE_CURVE('',#1488,#1485,#1232,.T.);
#1838=EDGE_CURVE('',#1483,#1489,#1420,.T.);
#1839=EDGE_CURVE('',#1489,#1490,#1233,.T.);
#1840=EDGE_CURVE('',#1487,#1490,#1234,.T.);
#1841=EDGE_CURVE('',#1483,#1491,#1421,.T.);
#1842=EDGE_CURVE('',#1492,#1491,#1235,.T.);
#1843=EDGE_CURVE('',#1492,#1489,#1236,.T.);
#1844=EDGE_CURVE('',#1483,#1493,#1422,.T.);
#1845=EDGE_CURVE('',#1493,#1494,#1237,.T.);
#1846=EDGE_CURVE('',#1491,#1494,#1238,.T.);
#1847=EDGE_CURVE('',#1495,#1496,#1423,.T.);
#1848=EDGE_CURVE('',#1495,#1497,#1424,.T.);
#1849=EDGE_CURVE('',#1497,#1498,#1239,.T.);
#1850=EDGE_CURVE('',#1496,#1498,#1240,.T.);
#1851=EDGE_CURVE('',#1495,#1499,#1425,.T.);
#1852=EDGE_CURVE('',#1500,#1499,#1241,.T.);
#1853=EDGE_CURVE('',#1500,#1497,#1242,.T.);
#1854=EDGE_CURVE('',#1495,#1501,#1426,.T.);
#1855=EDGE_CURVE('',#1501,#1502,#1243,.T.);
#1856=EDGE_CURVE('',#1499,#1502,#1244,.T.);
#1857=EDGE_CURVE('',#1495,#1503,#1427,.T.);
#1858=EDGE_CURVE('',#1504,#1503,#1245,.T.);
#1859=EDGE_CURVE('',#1504,#1501,#1246,.T.);
#1860=EDGE_CURVE('',#1495,#1505,#1428,.T.);
#1861=EDGE_CURVE('',#1505,#1506,#1247,.T.);
#1862=EDGE_CURVE('',#1503,#1506,#1248,.T.);
#1863=EDGE_CURVE('',#1507,#1508,#1429,.T.);
#1864=EDGE_CURVE('',#1507,#1509,#1430,.T.);
#1865=EDGE_CURVE('',#1509,#1510,#1249,.T.);
#1866=EDGE_CURVE('',#1508,#1510,#1250,.T.);
#1867=EDGE_CURVE('',#1507,#1511,#1431,.T.);
#1868=EDGE_CURVE('',#1512,#1511,#1251,.T.);
#1869=EDGE_CURVE('',#1512,#1509,#1252,.T.);
#1870=EDGE_CURVE('',#1507,#1513,#1432,.T.);
#1871=EDGE_CURVE('',#1513,#1514,#1253,.T.);
#1872=EDGE_CURVE('',#1511,#1514,#1254,.T.);
#1873=EDGE_CURVE('',#1507,#1515,#1433,.T.);
#1874=EDGE_CURVE('',#1516,#1515,#1255,.T.);
#1875=EDGE_CURVE('',#1516,#1513,#1256,.T.);
#1876=EDGE_CURVE('',#1507,#1517,#1434,.T.);
#1877=EDGE_CURVE('',#1517,#1518,#1257,.T.);
#1878=EDGE_CURVE('',#1515,#1518,#1258,.T.);
#1879=EDGE_CURVE('',#1519,#1520,#1435,.T.);
#1880=EDGE_CURVE('',#1519,#1521,#1436,.T.);
#1881=EDGE_CURVE('',#1521,#1522,#1259,.T.);
#1882=EDGE_CURVE('',#1520,#1522,#1260,.T.);
#1883=EDGE_CURVE('',#1519,#1523,#1437,.T.);
#1884=EDGE_CURVE('',#1524,#1523,#1261,.T.);
#1885=EDGE_CURVE('',#1524,#1521,#1262,.T.);
#1886=EDGE_CURVE('',#1519,#1525,#1438,.T.);
#1887=EDGE_CURVE('',#1525,#1526,#1263,.T.);
#1888=EDGE_CURVE('',#1523,#1526,#1264,.T.);
#1889=EDGE_CURVE('',#1519,#1527,#1439,.T.);
#1890=EDGE_CURVE('',#1528,#1527,#1265,.T.);
#1891=EDGE_CURVE('',#1528,#1525,#1266,.T.);
#1892=EDGE_CURVE('',#1519,#1529,#1440,.T.);
#1893=EDGE_CURVE('',#1529,#1530,#1267,.T.);
#1894=EDGE_CURVE('',#1527,#1530,#1268,.T.);
#1895=EDGE_CURVE('',#1531,#1532,#1441,.T.);
#1896=EDGE_CURVE('',#1531,#1533,#1442,.T.);
#1897=EDGE_CURVE('',#1533,#1534,#1269,.T.);
#1898=EDGE_CURVE('',#1532,#1534,#1270,.T.);
#1899=EDGE_CURVE('',#1531,#1535,#1443,.T.);
#1900=EDGE_CURVE('',#1536,#1535,#1271,.T.);
#1901=EDGE_CURVE('',#1536,#1533,#1272,.T.);
#1902=EDGE_CURVE('',#1531,#1537,#1444,.T.);
#1903=EDGE_CURVE('',#1537,#1538,#1273,.T.);
#1904=EDGE_CURVE('',#1535,#1538,#1274,.T.);
#1905=EDGE_CURVE('',#1531,#1539,#1445,.T.);
#1906=EDGE_CURVE('',#1540,#1539,#1275,.T.);
#1907=EDGE_CURVE('',#1540,#1537,#1276,.T.);
#1908=EDGE_CURVE('',#1531,#1541,#1446,.T.);
#1909=EDGE_CURVE('',#1541,#1542,#1277,.T.);
#1910=EDGE_CURVE('',#1539,#1542,#1278,.T.);
#1911=EDGE_CURVE('',#1543,#1544,#1447,.T.);
#1912=EDGE_CURVE('',#1543,#1545,#1448,.T.);
#1913=EDGE_CURVE('',#1545,#1546,#1279,.T.);
#1914=EDGE_CURVE('',#1544,#1546,#1280,.T.);
#1915=EDGE_CURVE('',#1543,#1547,#1449,.T.);
#1916=EDGE_CURVE('',#1548,#1547,#1281,.T.);
#1917=EDGE_CURVE('',#1548,#1545,#1282,.T.);
#1918=EDGE_CURVE('',#1543,#1549,#1450,.T.);
#1919=EDGE_CURVE('',#1549,#1550,#1283,.T.);
#1920=EDGE_CURVE('',#1547,#1550,#1284,.T.);
#1921=EDGE_CURVE('',#1543,#1551,#1451,.T.);
#1922=EDGE_CURVE('',#1552,#1551,#1285,.T.);
#1923=EDGE_CURVE('',#1552,#1549,#1286,.T.);
#1924=EDGE_CURVE('',#1543,#1553,#1452,.T.);
#1925=EDGE_CURVE('',#1553,#1554,#1287,.T.);
#1926=EDGE_CURVE('',#1551,#1554,#1288,.T.);
#1927=EDGE_CURVE('',#1555,#1556,#1453,.T.);
#1928=EDGE_CURVE('',#1555,#1557,#1454,.T.);
#1929=EDGE_CURVE('',#1557,#1558,#1289,.T.);
#1930=EDGE_CURVE('',#1556,#1558,#1290,.T.);
#1931=EDGE_CURVE('',#1555,#1559,#1455,.T.);
#1932=EDGE_CURVE('',#1560,#1559,#1291,.T.);
#1933=EDGE_CURVE('',#1560,#1557,#1292,.T.);
#1934=EDGE_CURVE('',#1555,#1561,#1456,.T.);
#1935=EDGE_CURVE('',#1561,#1562,#1293,.T.);
#1936=EDGE_CURVE('',#1559,#1562,#1294,.T.);
#1937=EDGE_CURVE('',#1555,#1563,#1457,.T.);
#1938=EDGE_CURVE('',#1564,#1563,#1295,.T.);
#1939=EDGE_CURVE('',#1564,#1561,#1296,.T.);
#1940=EDGE_CURVE('',#1555,#1565,#1458,.T.);
#1941=EDGE_CURVE('',#1565,#1566,#1297,.T.);
#1942=EDGE_CURVE('',#1563,#1566,#1298,.T.);
#1943=EDGE_CURVE('',#1567,#1568,#1459,.T.);
#1944=EDGE_CURVE('',#1567,#1569,#1460,.T.);
#1945=EDGE_CURVE('',#1569,#1570,#1299,.T.);
#1946=EDGE_CURVE('',#1568,#1570,#1300,.T.);
#1947=EDGE_CURVE('',#1567,#1571,#1461,.T.);
#1948=EDGE_CURVE('',#1572,#1571,#1301,.T.);
#1949=EDGE_CURVE('',#1572,#1569,#1302,.T.);
#1950=EDGE_CURVE('',#1567,#1573,#1462,.T.);
#1951=EDGE_CURVE('',#1573,#1574,#1303,.T.);
#1952=EDGE_CURVE('',#1571,#1574,#1304,.T.);
#1953=EDGE_CURVE('',#1567,#1575,#1463,.T.);
#1954=EDGE_CURVE('',#1576,#1575,#1305,.T.);
#1955=EDGE_CURVE('',#1576,#1573,#1306,.T.);
#1956=EDGE_CURVE('',#1567,#1577,#1464,.T.);
#1957=EDGE_CURVE('',#1577,#1578,#1307,.T.);
#1958=EDGE_CURVE('',#1575,#1578,#1308,.T.);
#1959=EDGE_CURVE('',#1579,#1580,#1465,.T.);
#1960=EDGE_CURVE('',#1579,#1581,#1466,.T.);
#1961=EDGE_CURVE('',#1581,#1582,#1309,.T.);
#1962=EDGE_CURVE('',#1580,#1582,#1310,.T.);
#1963=EDGE_CURVE('',#1579,#1583,#1467,.T.);
#1964=EDGE_CURVE('',#1584,#1583,#1311,.T.);
#1965=EDGE_CURVE('',#1584,#1581,#1312,.T.);
#1966=EDGE_CURVE('',#1579,#1585,#1468,.T.);
#1967=EDGE_CURVE('',#1585,#1586,#1313,.T.);
#1968=EDGE_CURVE('',#1583,#1586,#1314,.T.);
#1969=EDGE_CURVE('',#1579,#1587,#1469,.T.);
#1970=EDGE_CURVE('',#1588,#1587,#1315,.T.);
#1971=EDGE_CURVE('',#1588,#1585,#1316,.T.);
#1972=EDGE_CURVE('',#1579,#1589,#1470,.T.);
#1973=EDGE_CURVE('',#1589,#1590,#1317,.T.);
#1974=EDGE_CURVE('',#1587,#1590,#1318,.T.);
#1975=EDGE_CURVE('',#1591,#1591,#1319,.T.);
#1976=EDGE_CURVE('',#1591,#1592,#119,.T.);
#1977=EDGE_CURVE('',#1592,#1592,#1320,.T.);
#1978=EDGE_CURVE('',#1593,#1594,#120,.T.);
#1979=EDGE_CURVE('',#1595,#1593,#121,.T.);
#1980=EDGE_CURVE('',#1596,#1595,#122,.T.);
#1981=EDGE_CURVE('',#1597,#1596,#1321,.T.);
#1982=EDGE_CURVE('',#1598,#1597,#123,.T.);
#1983=EDGE_CURVE('',#1599,#1598,#124,.T.);
#1984=EDGE_CURVE('',#1600,#1599,#125,.T.);
#1985=EDGE_CURVE('',#1601,#1600,#1322,.T.);
#1986=EDGE_CURVE('',#1602,#1601,#126,.T.);
#1987=EDGE_CURVE('',#1603,#1602,#127,.T.);
#1988=EDGE_CURVE('',#1604,#1603,#128,.T.);
#1989=EDGE_CURVE('',#1605,#1604,#1323,.T.);
#1990=EDGE_CURVE('',#1606,#1605,#129,.T.);
#1991=EDGE_CURVE('',#1607,#1606,#130,.T.);
#1992=EDGE_CURVE('',#1608,#1607,#131,.T.);
#1993=EDGE_CURVE('',#1609,#1608,#1324,.T.);
#1994=EDGE_CURVE('',#1610,#1609,#132,.T.);
#1995=EDGE_CURVE('',#1611,#1610,#133,.T.);
#1996=EDGE_CURVE('',#1612,#1611,#134,.T.);
#1997=EDGE_CURVE('',#1613,#1612,#1325,.T.);
#1998=EDGE_CURVE('',#1614,#1613,#135,.T.);
#1999=EDGE_CURVE('',#1615,#1614,#136,.T.);
#2000=EDGE_CURVE('',#1616,#1615,#137,.T.);
#2001=EDGE_CURVE('',#1617,#1616,#1326,.T.);
#2002=EDGE_CURVE('',#1618,#1617,#138,.T.);
#2003=EDGE_CURVE('',#1619,#1618,#139,.T.);
#2004=EDGE_CURVE('',#1620,#1619,#140,.T.);
#2005=EDGE_CURVE('',#1621,#1620,#1327,.T.);
#2006=EDGE_CURVE('',#1622,#1621,#141,.T.);
#2007=EDGE_CURVE('',#1623,#1622,#142,.T.);
#2008=EDGE_CURVE('',#1624,#1623,#143,.T.);
#2009=EDGE_CURVE('',#1625,#1624,#1328,.T.);
#2010=EDGE_CURVE('',#1626,#1625,#144,.T.);
#2011=EDGE_CURVE('',#1627,#1626,#145,.T.);
#2012=EDGE_CURVE('',#1628,#1627,#146,.T.);
#2013=EDGE_CURVE('',#1629,#1628,#1329,.T.);
#2014=EDGE_CURVE('',#1630,#1629,#147,.T.);
#2015=EDGE_CURVE('',#1631,#1630,#148,.T.);
#2016=EDGE_CURVE('',#1632,#1631,#149,.T.);
#2017=EDGE_CURVE('',#1594,#1632,#1330,.T.);
#2018=EDGE_CURVE('',#1633,#1634,#150,.T.);
#2019=EDGE_CURVE('',#1635,#1633,#151,.T.);
#2020=EDGE_CURVE('',#1636,#1635,#152,.T.);
#2021=EDGE_CURVE('',#1637,#1636,#153,.T.);
#2022=EDGE_CURVE('',#1638,#1637,#154,.T.);
#2023=EDGE_CURVE('',#1639,#1638,#155,.T.);
#2024=EDGE_CURVE('',#1640,#1639,#156,.T.);
#2025=EDGE_CURVE('',#1641,#1640,#157,.T.);
#2026=EDGE_CURVE('',#1642,#1641,#158,.T.);
#2027=EDGE_CURVE('',#1634,#1642,#159,.T.);
#2028=EDGE_CURVE('',#1494,#1613,#160,.T.);
#2029=EDGE_CURVE('',#1494,#1643,#161,.T.);
#2030=EDGE_CURVE('',#1643,#1614,#162,.T.);
#2031=EDGE_CURVE('',#1612,#1492,#163,.T.);
#2032=EDGE_CURVE('',#1611,#1644,#164,.T.);
#2033=EDGE_CURVE('',#1492,#1644,#165,.T.);
#2034=EDGE_CURVE('',#1645,#1610,#166,.T.);
#2035=EDGE_CURVE('',#1646,#1645,#1331,.T.);
#2036=EDGE_CURVE('',#1647,#1646,#167,.T.);
#2037=EDGE_CURVE('',#1644,#1647,#1332,.T.);
#2038=EDGE_CURVE('',#1482,#1609,#168,.T.);
#2039=EDGE_CURVE('',#1482,#1645,#169,.T.);
#2040=EDGE_CURVE('',#1608,#1480,#170,.T.);
#2041=EDGE_CURVE('',#1607,#1648,#171,.T.);
#2042=EDGE_CURVE('',#1480,#1648,#172,.T.);
#2043=EDGE_CURVE('',#1649,#1606,#173,.T.);
#2044=EDGE_CURVE('',#1650,#1649,#1333,.T.);
#2045=EDGE_CURVE('',#1651,#1650,#174,.T.);
#2046=EDGE_CURVE('',#1648,#1651,#1334,.T.);
#2047=EDGE_CURVE('',#1506,#1605,#175,.T.);
#2048=EDGE_CURVE('',#1506,#1649,#176,.T.);
#2049=EDGE_CURVE('',#1604,#1504,#177,.T.);
#2050=EDGE_CURVE('',#1603,#1652,#178,.T.);
#2051=EDGE_CURVE('',#1504,#1652,#179,.T.);
#2052=EDGE_CURVE('',#1653,#1602,#180,.T.);
#2053=EDGE_CURVE('',#1654,#1653,#1335,.T.);
#2054=EDGE_CURVE('',#1655,#1654,#181,.T.);
#2055=EDGE_CURVE('',#1652,#1655,#1336,.T.);
#2056=EDGE_CURVE('',#1510,#1601,#182,.T.);
#2057=EDGE_CURVE('',#1510,#1653,#183,.T.);
#2058=EDGE_CURVE('',#1600,#1656,#184,.T.);
#2059=EDGE_CURVE('',#1656,#1508,#1337,.T.);
#2060=EDGE_CURVE('',#1599,#1657,#185,.T.);
#2061=EDGE_CURVE('',#1656,#1657,#186,.T.);
#2062=EDGE_CURVE('',#1658,#1598,#187,.T.);
#2063=EDGE_CURVE('',#1659,#1658,#1338,.T.);
#2064=EDGE_CURVE('',#1660,#1659,#188,.T.);
#2065=EDGE_CURVE('',#1657,#1660,#1339,.T.);
#2066=EDGE_CURVE('',#1530,#1597,#189,.T.);
#2067=EDGE_CURVE('',#1530,#1658,#190,.T.);
#2068=EDGE_CURVE('',#1596,#1528,#191,.T.);
#2069=EDGE_CURVE('',#1595,#1661,#192,.T.);
#2070=EDGE_CURVE('',#1528,#1661,#193,.T.);
#2071=EDGE_CURVE('',#1662,#1593,#194,.T.);
#2072=EDGE_CURVE('',#1663,#1662,#1340,.T.);
#2073=EDGE_CURVE('',#1664,#1663,#195,.T.);
#2074=EDGE_CURVE('',#1661,#1664,#1341,.T.);
#2075=EDGE_CURVE('',#1665,#1638,#196,.T.);
#2076=EDGE_CURVE('',#1665,#1666,#197,.T.);
#2077=EDGE_CURVE('',#1666,#1639,#198,.T.);
#2078=EDGE_CURVE('',#1667,#1637,#199,.T.);
#2079=EDGE_CURVE('',#1667,#1665,#200,.T.);
#2080=EDGE_CURVE('',#1668,#1636,#201,.T.);
#2081=EDGE_CURVE('',#1668,#1667,#202,.T.);
#2082=EDGE_CURVE('',#1669,#1635,#203,.T.);
#2083=EDGE_CURVE('',#1669,#1668,#204,.T.);
#2084=EDGE_CURVE('',#1670,#1633,#205,.T.);
#2085=EDGE_CURVE('',#1670,#1669,#206,.T.);
#2086=EDGE_CURVE('',#1631,#1671,#207,.T.);
#2087=EDGE_CURVE('',#1672,#1671,#208,.T.);
#2088=EDGE_CURVE('',#1632,#1672,#209,.T.);
#2089=EDGE_CURVE('',#1578,#1629,#210,.T.);
#2090=EDGE_CURVE('',#1578,#1673,#211,.T.);
#2091=EDGE_CURVE('',#1673,#1630,#212,.T.);
#2092=EDGE_CURVE('',#1674,#1577,#1342,.T.);
#2093=EDGE_CURVE('',#1674,#1675,#213,.T.);
#2094=EDGE_CURVE('',#1675,#1673,#1343,.T.);
#2095=EDGE_CURVE('',#1554,#1674,#214,.T.);
#2096=EDGE_CURVE('',#1554,#1676,#215,.T.);
#2097=EDGE_CURVE('',#1676,#1675,#216,.T.);
#2098=EDGE_CURVE('',#1672,#1553,#1344,.T.);
#2099=EDGE_CURVE('',#1671,#1676,#1345,.T.);
#2100=EDGE_CURVE('',#1582,#1625,#217,.T.);
#2101=EDGE_CURVE('',#1582,#1677,#218,.T.);
#2102=EDGE_CURVE('',#1677,#1626,#219,.T.);
#2103=EDGE_CURVE('',#1584,#1678,#220,.T.);
#2104=EDGE_CURVE('',#1678,#1677,#1346,.T.);
#2105=EDGE_CURVE('',#1574,#1584,#221,.T.);
#2106=EDGE_CURVE('',#1574,#1679,#222,.T.);
#2107=EDGE_CURVE('',#1679,#1678,#223,.T.);
#2108=EDGE_CURVE('',#1576,#1680,#224,.T.);
#2109=EDGE_CURVE('',#1680,#1679,#1347,.T.);
#2110=EDGE_CURVE('',#1627,#1680,#225,.T.);
#2111=EDGE_CURVE('',#1628,#1576,#226,.T.);
#2112=EDGE_CURVE('',#1566,#1621,#227,.T.);
#2113=EDGE_CURVE('',#1566,#1681,#228,.T.);
#2114=EDGE_CURVE('',#1681,#1622,#229,.T.);
#2115=EDGE_CURVE('',#1682,#1565,#1348,.T.);
#2116=EDGE_CURVE('',#1682,#1683,#230,.T.);
#2117=EDGE_CURVE('',#1683,#1681,#1349,.T.);
#2118=EDGE_CURVE('',#1590,#1682,#231,.T.);
#2119=EDGE_CURVE('',#1590,#1684,#232,.T.);
#2120=EDGE_CURVE('',#1684,#1683,#233,.T.);
#2121=EDGE_CURVE('',#1685,#1589,#1350,.T.);
#2122=EDGE_CURVE('',#1685,#1686,#234,.T.);
#2123=EDGE_CURVE('',#1686,#1684,#1351,.T.);
#2124=EDGE_CURVE('',#1623,#1686,#235,.T.);
#2125=EDGE_CURVE('',#1624,#1685,#236,.T.);
#2126=EDGE_CURVE('',#1534,#1617,#237,.T.);
#2127=EDGE_CURVE('',#1534,#1687,#238,.T.);
#2128=EDGE_CURVE('',#1687,#1618,#239,.T.);
#2129=EDGE_CURVE('',#1536,#1688,#240,.T.);
#2130=EDGE_CURVE('',#1688,#1687,#1352,.T.);
#2131=EDGE_CURVE('',#1562,#1536,#241,.T.);
#2132=EDGE_CURVE('',#1562,#1689,#242,.T.);
#2133=EDGE_CURVE('',#1689,#1688,#243,.T.);
#2134=EDGE_CURVE('',#1564,#1690,#244,.T.);
#2135=EDGE_CURVE('',#1690,#1689,#1353,.T.);
#2136=EDGE_CURVE('',#1619,#1690,#245,.T.);
#2137=EDGE_CURVE('',#1620,#1564,#246,.T.);
#2138=EDGE_CURVE('',#1691,#1692,#247,.T.);
#2139=EDGE_CURVE('',#1691,#1693,#248,.T.);
#2140=EDGE_CURVE('',#1693,#1694,#249,.T.);
#2141=EDGE_CURVE('',#1692,#1694,#250,.T.);
#2142=EDGE_CURVE('',#1695,#1691,#251,.T.);
#2143=EDGE_CURVE('',#1695,#1696,#252,.T.);
#2144=EDGE_CURVE('',#1696,#1693,#253,.T.);
#2145=EDGE_CURVE('',#1697,#1695,#254,.T.);
#2146=EDGE_CURVE('',#1697,#1698,#255,.T.);
#2147=EDGE_CURVE('',#1698,#1696,#256,.T.);
#2148=EDGE_CURVE('',#1699,#1697,#257,.T.);
#2149=EDGE_CURVE('',#1699,#1700,#258,.T.);
#2150=EDGE_CURVE('',#1700,#1698,#259,.T.);
#2151=EDGE_CURVE('',#1542,#1699,#260,.T.);
#2152=EDGE_CURVE('',#1542,#1701,#261,.T.);
#2153=EDGE_CURVE('',#1701,#1700,#262,.T.);
#2154=EDGE_CURVE('',#1702,#1541,#1354,.T.);
#2155=EDGE_CURVE('',#1702,#1703,#263,.T.);
#2156=EDGE_CURVE('',#1703,#1701,#1355,.T.);
#2157=EDGE_CURVE('',#1615,#1703,#264,.T.);
#2158=EDGE_CURVE('',#1616,#1702,#265,.T.);
#2159=EDGE_CURVE('',#1692,#1493,#1356,.T.);
#2160=EDGE_CURVE('',#1694,#1643,#1357,.T.);
#2161=EDGE_CURVE('',#1490,#1704,#266,.T.);
#2162=EDGE_CURVE('',#1490,#1647,#267,.T.);
#2163=EDGE_CURVE('',#1704,#1646,#268,.T.);
#2164=EDGE_CURVE('',#1704,#1481,#1358,.T.);
#2165=EDGE_CURVE('',#1705,#1505,#1359,.T.);
#2166=EDGE_CURVE('',#1705,#1650,#269,.T.);
#2167=EDGE_CURVE('',#1478,#1705,#270,.T.);
#2168=EDGE_CURVE('',#1478,#1651,#271,.T.);
#2169=EDGE_CURVE('',#1512,#1654,#272,.T.);
#2170=EDGE_CURVE('',#1502,#1512,#273,.T.);
#2171=EDGE_CURVE('',#1502,#1655,#274,.T.);
#2172=EDGE_CURVE('',#1706,#1529,#1360,.T.);
#2173=EDGE_CURVE('',#1706,#1659,#275,.T.);
#2174=EDGE_CURVE('',#1518,#1706,#276,.T.);
#2175=EDGE_CURVE('',#1518,#1660,#277,.T.);
#2176=EDGE_CURVE('',#1656,#1517,#1361,.T.);
#2177=EDGE_CURVE('',#1546,#1594,#278,.T.);
#2178=EDGE_CURVE('',#1546,#1662,#279,.T.);
#2179=EDGE_CURVE('',#1548,#1663,#280,.T.);
#2180=EDGE_CURVE('',#1526,#1548,#281,.T.);
#2181=EDGE_CURVE('',#1526,#1664,#282,.T.);
#2182=EDGE_CURVE('',#1685,#1580,#1362,.T.);
#2183=EDGE_CURVE('',#1674,#1568,#1363,.T.);
#2184=EDGE_CURVE('',#1586,#1572,#283,.T.);
#2185=EDGE_CURVE('',#1682,#1556,#1364,.T.);
#2186=EDGE_CURVE('',#1672,#1544,#1365,.T.);
#2187=EDGE_CURVE('',#1570,#1552,#284,.T.);
#2188=EDGE_CURVE('',#1697,#1707,#15,.T.);
#2189=EDGE_CURVE('',#1707,#1708,#285,.T.);
#2190=EDGE_CURVE('',#1699,#1708,#16,.T.);
#2191=EDGE_CURVE('',#1702,#1532,#1366,.T.);
#2192=EDGE_CURVE('',#1706,#1520,#1367,.T.);
#2193=EDGE_CURVE('',#1550,#1524,#286,.T.);
#2194=EDGE_CURVE('',#1522,#1516,#287,.T.);
#2195=EDGE_CURVE('',#1691,#1709,#17,.T.);
#2196=EDGE_CURVE('',#1709,#1710,#288,.T.);
#2197=EDGE_CURVE('',#1710,#1695,#18,.T.);
#2198=EDGE_CURVE('',#1705,#1496,#1368,.T.);
#2199=EDGE_CURVE('',#1514,#1500,#289,.T.);
#2200=EDGE_CURVE('',#1692,#1484,#1369,.T.);
#2201=EDGE_CURVE('',#1704,#1472,#1370,.T.);
#2202=EDGE_CURVE('',#1498,#1476,#290,.T.);
#2203=EDGE_CURVE('',#1474,#1488,#291,.T.);
#2204=EDGE_CURVE('',#1486,#1709,#292,.T.);
#2205=EDGE_CURVE('',#1710,#1707,#293,.T.);
#2206=EDGE_CURVE('',#1708,#1540,#294,.T.);
#2207=EDGE_CURVE('',#1538,#1560,#295,.T.);
#2208=EDGE_CURVE('',#1558,#1588,#296,.T.);
#2209=EDGE_CURVE('',#1707,#1711,#297,.T.);
#2210=EDGE_CURVE('',#1712,#1711,#298,.T.);
#2211=EDGE_CURVE('',#1713,#1712,#299,.T.);
#2212=EDGE_CURVE('',#1714,#1713,#300,.T.);
#2213=EDGE_CURVE('',#1708,#1714,#301,.T.);
#2214=EDGE_CURVE('',#1710,#1715,#302,.T.);
#2215=EDGE_CURVE('',#1711,#1715,#303,.T.);
#2216=EDGE_CURVE('',#1716,#1709,#304,.T.);
#2217=EDGE_CURVE('',#1717,#1716,#305,.T.);
#2218=EDGE_CURVE('',#1718,#1717,#306,.T.);
#2219=EDGE_CURVE('',#1715,#1718,#307,.T.);
#2220=EDGE_CURVE('',#1714,#1719,#308,.T.);
#2221=EDGE_CURVE('',#1719,#1720,#309,.T.);
#2222=EDGE_CURVE('',#1720,#1721,#310,.T.);
#2223=EDGE_CURVE('',#1721,#1722,#311,.T.);
#2224=EDGE_CURVE('',#1722,#1716,#312,.T.);
#2225=EDGE_CURVE('',#1723,#1724,#313,.T.);
#2226=EDGE_CURVE('',#1724,#1725,#1371,.T.);
#2227=EDGE_CURVE('',#1725,#1726,#314,.T.);
#2228=EDGE_CURVE('',#1726,#1727,#1372,.T.);
#2229=EDGE_CURVE('',#1727,#1728,#315,.T.);
#2230=EDGE_CURVE('',#1728,#1729,#1373,.T.);
#2231=EDGE_CURVE('',#1729,#1730,#316,.T.);
#2232=EDGE_CURVE('',#1730,#1723,#1374,.T.);
#2233=EDGE_CURVE('',#1731,#1732,#317,.T.);
#2234=EDGE_CURVE('',#1732,#1733,#1375,.T.);
#2235=EDGE_CURVE('',#1733,#1734,#318,.T.);
#2236=EDGE_CURVE('',#1734,#1735,#1376,.T.);
#2237=EDGE_CURVE('',#1735,#1736,#319,.T.);
#2238=EDGE_CURVE('',#1736,#1737,#1377,.T.);
#2239=EDGE_CURVE('',#1737,#1738,#320,.T.);
#2240=EDGE_CURVE('',#1738,#1731,#1378,.T.);
#2241=EDGE_CURVE('',#1739,#1740,#321,.T.);
#2242=EDGE_CURVE('',#1740,#1741,#1379,.T.);
#2243=EDGE_CURVE('',#1741,#1742,#322,.T.);
#2244=EDGE_CURVE('',#1742,#1743,#1380,.T.);
#2245=EDGE_CURVE('',#1743,#1744,#323,.T.);
#2246=EDGE_CURVE('',#1744,#1745,#1381,.T.);
#2247=EDGE_CURVE('',#1745,#1746,#324,.T.);
#2248=EDGE_CURVE('',#1746,#1739,#1382,.T.);
#2249=EDGE_CURVE('',#1747,#1748,#325,.T.);
#2250=EDGE_CURVE('',#1748,#1749,#1383,.T.);
#2251=EDGE_CURVE('',#1749,#1750,#326,.T.);
#2252=EDGE_CURVE('',#1750,#1751,#1384,.T.);
#2253=EDGE_CURVE('',#1751,#1752,#327,.T.);
#2254=EDGE_CURVE('',#1752,#1753,#1385,.T.);
#2255=EDGE_CURVE('',#1753,#1754,#328,.T.);
#2256=EDGE_CURVE('',#1754,#1747,#1386,.T.);
#2257=EDGE_CURVE('',#1755,#1756,#329,.T.);
#2258=EDGE_CURVE('',#1756,#1757,#1387,.T.);
#2259=EDGE_CURVE('',#1757,#1758,#330,.T.);
#2260=EDGE_CURVE('',#1758,#1759,#1388,.T.);
#2261=EDGE_CURVE('',#1759,#1760,#331,.T.);
#2262=EDGE_CURVE('',#1760,#1761,#1389,.T.);
#2263=EDGE_CURVE('',#1761,#1762,#332,.T.);
#2264=EDGE_CURVE('',#1762,#1755,#1390,.T.);
#2265=EDGE_CURVE('',#1763,#1764,#333,.T.);
#2266=EDGE_CURVE('',#1763,#1765,#334,.T.);
#2267=EDGE_CURVE('',#1765,#1766,#335,.T.);
#2268=EDGE_CURVE('',#1766,#1767,#336,.T.);
#2269=EDGE_CURVE('',#1768,#1767,#337,.T.);
#2270=EDGE_CURVE('',#1769,#1768,#338,.T.);
#2271=EDGE_CURVE('',#1770,#1769,#339,.T.);
#2272=EDGE_CURVE('',#1666,#1770,#340,.T.);
#2273=EDGE_CURVE('',#1764,#1670,#341,.T.);
#2274=EDGE_CURVE('',#1771,#1772,#342,.T.);
#2275=EDGE_CURVE('',#1772,#1773,#1391,.T.);
#2276=EDGE_CURVE('',#1773,#1774,#343,.T.);
#2277=EDGE_CURVE('',#1774,#1775,#1392,.T.);
#2278=EDGE_CURVE('',#1775,#1776,#344,.T.);
#2279=EDGE_CURVE('',#1776,#1777,#1393,.T.);
#2280=EDGE_CURVE('',#1777,#1778,#345,.T.);
#2281=EDGE_CURVE('',#1778,#1771,#1394,.T.);
#2282=EDGE_CURVE('',#1779,#1780,#346,.T.);
#2283=EDGE_CURVE('',#1780,#1781,#1395,.T.);
#2284=EDGE_CURVE('',#1781,#1782,#347,.T.);
#2285=EDGE_CURVE('',#1782,#1783,#1396,.T.);
#2286=EDGE_CURVE('',#1783,#1784,#348,.T.);
#2287=EDGE_CURVE('',#1784,#1785,#1397,.T.);
#2288=EDGE_CURVE('',#1785,#1786,#349,.T.);
#2289=EDGE_CURVE('',#1786,#1779,#1398,.T.);
#2290=EDGE_CURVE('',#1787,#1788,#350,.T.);
#2291=EDGE_CURVE('',#1788,#1789,#1399,.T.);
#2292=EDGE_CURVE('',#1789,#1790,#351,.T.);
#2293=EDGE_CURVE('',#1790,#1791,#1400,.T.);
#2294=EDGE_CURVE('',#1791,#1792,#352,.T.);
#2295=EDGE_CURVE('',#1792,#1793,#1401,.T.);
#2296=EDGE_CURVE('',#1793,#1794,#353,.T.);
#2297=EDGE_CURVE('',#1794,#1787,#1402,.T.);
#2298=EDGE_CURVE('',#1795,#1796,#354,.T.);
#2299=EDGE_CURVE('',#1796,#1797,#1403,.T.);
#2300=EDGE_CURVE('',#1797,#1798,#355,.T.);
#2301=EDGE_CURVE('',#1798,#1799,#1404,.T.);
#2302=EDGE_CURVE('',#1799,#1800,#356,.T.);
#2303=EDGE_CURVE('',#1800,#1801,#1405,.T.);
#2304=EDGE_CURVE('',#1801,#1802,#357,.T.);
#2305=EDGE_CURVE('',#1802,#1795,#1406,.T.);
#2306=EDGE_CURVE('',#1803,#1804,#358,.T.);
#2307=EDGE_CURVE('',#1804,#1805,#1407,.T.);
#2308=EDGE_CURVE('',#1805,#1806,#359,.T.);
#2309=EDGE_CURVE('',#1806,#1807,#1408,.T.);
#2310=EDGE_CURVE('',#1807,#1808,#360,.T.);
#2311=EDGE_CURVE('',#1808,#1809,#1409,.T.);
#2312=EDGE_CURVE('',#1809,#1810,#361,.T.);
#2313=EDGE_CURVE('',#1810,#1803,#1410,.T.);
#2314=EDGE_CURVE('',#1721,#1765,#362,.T.);
#2315=EDGE_CURVE('',#1720,#1766,#363,.T.);
#2316=EDGE_CURVE('',#1808,#1759,#364,.T.);
#2317=EDGE_CURVE('',#1807,#1760,#365,.T.);
#2318=EDGE_CURVE('',#1806,#1761,#366,.T.);
#2319=EDGE_CURVE('',#1805,#1762,#367,.T.);
#2320=EDGE_CURVE('',#1804,#1755,#368,.T.);
#2321=EDGE_CURVE('',#1803,#1756,#369,.T.);
#2322=EDGE_CURVE('',#1810,#1757,#370,.T.);
#2323=EDGE_CURVE('',#1809,#1758,#371,.T.);
#2324=EDGE_CURVE('',#1800,#1751,#372,.T.);
#2325=EDGE_CURVE('',#1799,#1752,#373,.T.);
#2326=EDGE_CURVE('',#1798,#1753,#374,.T.);
#2327=EDGE_CURVE('',#1797,#1754,#375,.T.);
#2328=EDGE_CURVE('',#1796,#1747,#376,.T.);
#2329=EDGE_CURVE('',#1795,#1748,#377,.T.);
#2330=EDGE_CURVE('',#1802,#1749,#378,.T.);
#2331=EDGE_CURVE('',#1801,#1750,#379,.T.);
#2332=EDGE_CURVE('',#1792,#1743,#380,.T.);
#2333=EDGE_CURVE('',#1791,#1744,#381,.T.);
#2334=EDGE_CURVE('',#1790,#1745,#382,.T.);
#2335=EDGE_CURVE('',#1789,#1746,#383,.T.);
#2336=EDGE_CURVE('',#1788,#1739,#384,.T.);
#2337=EDGE_CURVE('',#1787,#1740,#385,.T.);
#2338=EDGE_CURVE('',#1794,#1741,#386,.T.);
#2339=EDGE_CURVE('',#1793,#1742,#387,.T.);
#2340=EDGE_CURVE('',#1784,#1735,#388,.T.);
#2341=EDGE_CURVE('',#1783,#1736,#389,.T.);
#2342=EDGE_CURVE('',#1782,#1737,#390,.T.);
#2343=EDGE_CURVE('',#1781,#1738,#391,.T.);
#2344=EDGE_CURVE('',#1780,#1731,#392,.T.);
#2345=EDGE_CURVE('',#1779,#1732,#393,.T.);
#2346=EDGE_CURVE('',#1786,#1733,#394,.T.);
#2347=EDGE_CURVE('',#1785,#1734,#395,.T.);
#2348=EDGE_CURVE('',#1776,#1727,#396,.T.);
#2349=EDGE_CURVE('',#1775,#1728,#397,.T.);
#2350=EDGE_CURVE('',#1774,#1729,#398,.T.);
#2351=EDGE_CURVE('',#1773,#1730,#399,.T.);
#2352=EDGE_CURVE('',#1772,#1723,#400,.T.);
#2353=EDGE_CURVE('',#1771,#1724,#401,.T.);
#2354=EDGE_CURVE('',#1778,#1725,#402,.T.);
#2355=EDGE_CURVE('',#1777,#1726,#403,.T.);
#2356=EDGE_CURVE('',#1634,#1764,#404,.T.);
#2357=EDGE_CURVE('',#1768,#1642,#405,.T.);
#2358=EDGE_CURVE('',#1767,#1811,#406,.T.);
#2359=EDGE_CURVE('',#1811,#1712,#407,.T.);
#2360=EDGE_CURVE('',#1718,#1812,#408,.T.);
#2361=EDGE_CURVE('',#1812,#1763,#409,.T.);
#2362=EDGE_CURVE('',#1769,#1641,#410,.T.);
#2363=EDGE_CURVE('',#1770,#1640,#411,.T.);
#2364=EDGE_CURVE('',#1813,#1811,#412,.T.);
#2365=EDGE_CURVE('',#1713,#1813,#413,.T.);
#2366=EDGE_CURVE('',#1814,#1717,#414,.T.);
#2367=EDGE_CURVE('',#1812,#1814,#415,.T.);
#2368=EDGE_CURVE('',#1719,#1813,#416,.T.);
#2369=EDGE_CURVE('',#1722,#1814,#417,.T.);
#2370=ORIENTED_EDGE('',*,*,#1815,.F.);
#2371=ORIENTED_EDGE('',*,*,#1816,.T.);
#2372=ORIENTED_EDGE('',*,*,#1817,.T.);
#2373=ORIENTED_EDGE('',*,*,#1818,.F.);
#2374=ORIENTED_EDGE('',*,*,#1816,.F.);
#2375=ORIENTED_EDGE('',*,*,#1819,.T.);
#2376=ORIENTED_EDGE('',*,*,#1820,.F.);
#2377=ORIENTED_EDGE('',*,*,#1821,.T.);
#2378=ORIENTED_EDGE('',*,*,#1819,.F.);
#2379=ORIENTED_EDGE('',*,*,#1822,.T.);
#2380=ORIENTED_EDGE('',*,*,#1823,.T.);
#2381=ORIENTED_EDGE('',*,*,#1824,.F.);
#2382=ORIENTED_EDGE('',*,*,#1822,.F.);
#2383=ORIENTED_EDGE('',*,*,#1825,.T.);
#2384=ORIENTED_EDGE('',*,*,#1826,.F.);
#2385=ORIENTED_EDGE('',*,*,#1827,.T.);
#2386=ORIENTED_EDGE('',*,*,#1825,.F.);
#2387=ORIENTED_EDGE('',*,*,#1828,.T.);
#2388=ORIENTED_EDGE('',*,*,#1829,.T.);
#2389=ORIENTED_EDGE('',*,*,#1830,.F.);
#2390=ORIENTED_EDGE('',*,*,#1831,.F.);
#2391=ORIENTED_EDGE('',*,*,#1832,.T.);
#2392=ORIENTED_EDGE('',*,*,#1833,.T.);
#2393=ORIENTED_EDGE('',*,*,#1834,.F.);
#2394=ORIENTED_EDGE('',*,*,#1832,.F.);
#2395=ORIENTED_EDGE('',*,*,#1835,.T.);
#2396=ORIENTED_EDGE('',*,*,#1836,.F.);
#2397=ORIENTED_EDGE('',*,*,#1837,.T.);
#2398=ORIENTED_EDGE('',*,*,#1835,.F.);
#2399=ORIENTED_EDGE('',*,*,#1838,.T.);
#2400=ORIENTED_EDGE('',*,*,#1839,.T.);
#2401=ORIENTED_EDGE('',*,*,#1840,.F.);
#2402=ORIENTED_EDGE('',*,*,#1838,.F.);
#2403=ORIENTED_EDGE('',*,*,#1841,.T.);
#2404=ORIENTED_EDGE('',*,*,#1842,.F.);
#2405=ORIENTED_EDGE('',*,*,#1843,.T.);
#2406=ORIENTED_EDGE('',*,*,#1841,.F.);
#2407=ORIENTED_EDGE('',*,*,#1844,.T.);
#2408=ORIENTED_EDGE('',*,*,#1845,.T.);
#2409=ORIENTED_EDGE('',*,*,#1846,.F.);
#2410=ORIENTED_EDGE('',*,*,#1847,.F.);
#2411=ORIENTED_EDGE('',*,*,#1848,.T.);
#2412=ORIENTED_EDGE('',*,*,#1849,.T.);
#2413=ORIENTED_EDGE('',*,*,#1850,.F.);
#2414=ORIENTED_EDGE('',*,*,#1848,.F.);
#2415=ORIENTED_EDGE('',*,*,#1851,.T.);
#2416=ORIENTED_EDGE('',*,*,#1852,.F.);
#2417=ORIENTED_EDGE('',*,*,#1853,.T.);
#2418=ORIENTED_EDGE('',*,*,#1851,.F.);
#2419=ORIENTED_EDGE('',*,*,#1854,.T.);
#2420=ORIENTED_EDGE('',*,*,#1855,.T.);
#2421=ORIENTED_EDGE('',*,*,#1856,.F.);
#2422=ORIENTED_EDGE('',*,*,#1854,.F.);
#2423=ORIENTED_EDGE('',*,*,#1857,.T.);
#2424=ORIENTED_EDGE('',*,*,#1858,.F.);
#2425=ORIENTED_EDGE('',*,*,#1859,.T.);
#2426=ORIENTED_EDGE('',*,*,#1857,.F.);
#2427=ORIENTED_EDGE('',*,*,#1860,.T.);
#2428=ORIENTED_EDGE('',*,*,#1861,.T.);
#2429=ORIENTED_EDGE('',*,*,#1862,.F.);
#2430=ORIENTED_EDGE('',*,*,#1863,.F.);
#2431=ORIENTED_EDGE('',*,*,#1864,.T.);
#2432=ORIENTED_EDGE('',*,*,#1865,.T.);
#2433=ORIENTED_EDGE('',*,*,#1866,.F.);
#2434=ORIENTED_EDGE('',*,*,#1864,.F.);
#2435=ORIENTED_EDGE('',*,*,#1867,.T.);
#2436=ORIENTED_EDGE('',*,*,#1868,.F.);
#2437=ORIENTED_EDGE('',*,*,#1869,.T.);
#2438=ORIENTED_EDGE('',*,*,#1867,.F.);
#2439=ORIENTED_EDGE('',*,*,#1870,.T.);
#2440=ORIENTED_EDGE('',*,*,#1871,.T.);
#2441=ORIENTED_EDGE('',*,*,#1872,.F.);
#2442=ORIENTED_EDGE('',*,*,#1870,.F.);
#2443=ORIENTED_EDGE('',*,*,#1873,.T.);
#2444=ORIENTED_EDGE('',*,*,#1874,.F.);
#2445=ORIENTED_EDGE('',*,*,#1875,.T.);
#2446=ORIENTED_EDGE('',*,*,#1873,.F.);
#2447=ORIENTED_EDGE('',*,*,#1876,.T.);
#2448=ORIENTED_EDGE('',*,*,#1877,.T.);
#2449=ORIENTED_EDGE('',*,*,#1878,.F.);
#2450=ORIENTED_EDGE('',*,*,#1879,.F.);
#2451=ORIENTED_EDGE('',*,*,#1880,.T.);
#2452=ORIENTED_EDGE('',*,*,#1881,.T.);
#2453=ORIENTED_EDGE('',*,*,#1882,.F.);
#2454=ORIENTED_EDGE('',*,*,#1880,.F.);
#2455=ORIENTED_EDGE('',*,*,#1883,.T.);
#2456=ORIENTED_EDGE('',*,*,#1884,.F.);
#2457=ORIENTED_EDGE('',*,*,#1885,.T.);
#2458=ORIENTED_EDGE('',*,*,#1883,.F.);
#2459=ORIENTED_EDGE('',*,*,#1886,.T.);
#2460=ORIENTED_EDGE('',*,*,#1887,.T.);
#2461=ORIENTED_EDGE('',*,*,#1888,.F.);
#2462=ORIENTED_EDGE('',*,*,#1886,.F.);
#2463=ORIENTED_EDGE('',*,*,#1889,.T.);
#2464=ORIENTED_EDGE('',*,*,#1890,.F.);
#2465=ORIENTED_EDGE('',*,*,#1891,.T.);
#2466=ORIENTED_EDGE('',*,*,#1889,.F.);
#2467=ORIENTED_EDGE('',*,*,#1892,.T.);
#2468=ORIENTED_EDGE('',*,*,#1893,.T.);
#2469=ORIENTED_EDGE('',*,*,#1894,.F.);
#2470=ORIENTED_EDGE('',*,*,#1895,.F.);
#2471=ORIENTED_EDGE('',*,*,#1896,.T.);
#2472=ORIENTED_EDGE('',*,*,#1897,.T.);
#2473=ORIENTED_EDGE('',*,*,#1898,.F.);
#2474=ORIENTED_EDGE('',*,*,#1896,.F.);
#2475=ORIENTED_EDGE('',*,*,#1899,.T.);
#2476=ORIENTED_EDGE('',*,*,#1900,.F.);
#2477=ORIENTED_EDGE('',*,*,#1901,.T.);
#2478=ORIENTED_EDGE('',*,*,#1899,.F.);
#2479=ORIENTED_EDGE('',*,*,#1902,.T.);
#2480=ORIENTED_EDGE('',*,*,#1903,.T.);
#2481=ORIENTED_EDGE('',*,*,#1904,.F.);
#2482=ORIENTED_EDGE('',*,*,#1902,.F.);
#2483=ORIENTED_EDGE('',*,*,#1905,.T.);
#2484=ORIENTED_EDGE('',*,*,#1906,.F.);
#2485=ORIENTED_EDGE('',*,*,#1907,.T.);
#2486=ORIENTED_EDGE('',*,*,#1905,.F.);
#2487=ORIENTED_EDGE('',*,*,#1908,.T.);
#2488=ORIENTED_EDGE('',*,*,#1909,.T.);
#2489=ORIENTED_EDGE('',*,*,#1910,.F.);
#2490=ORIENTED_EDGE('',*,*,#1911,.F.);
#2491=ORIENTED_EDGE('',*,*,#1912,.T.);
#2492=ORIENTED_EDGE('',*,*,#1913,.T.);
#2493=ORIENTED_EDGE('',*,*,#1914,.F.);
#2494=ORIENTED_EDGE('',*,*,#1912,.F.);
#2495=ORIENTED_EDGE('',*,*,#1915,.T.);
#2496=ORIENTED_EDGE('',*,*,#1916,.F.);
#2497=ORIENTED_EDGE('',*,*,#1917,.T.);
#2498=ORIENTED_EDGE('',*,*,#1915,.F.);
#2499=ORIENTED_EDGE('',*,*,#1918,.T.);
#2500=ORIENTED_EDGE('',*,*,#1919,.T.);
#2501=ORIENTED_EDGE('',*,*,#1920,.F.);
#2502=ORIENTED_EDGE('',*,*,#1918,.F.);
#2503=ORIENTED_EDGE('',*,*,#1921,.T.);
#2504=ORIENTED_EDGE('',*,*,#1922,.F.);
#2505=ORIENTED_EDGE('',*,*,#1923,.T.);
#2506=ORIENTED_EDGE('',*,*,#1921,.F.);
#2507=ORIENTED_EDGE('',*,*,#1924,.T.);
#2508=ORIENTED_EDGE('',*,*,#1925,.T.);
#2509=ORIENTED_EDGE('',*,*,#1926,.F.);
#2510=ORIENTED_EDGE('',*,*,#1927,.F.);
#2511=ORIENTED_EDGE('',*,*,#1928,.T.);
#2512=ORIENTED_EDGE('',*,*,#1929,.T.);
#2513=ORIENTED_EDGE('',*,*,#1930,.F.);
#2514=ORIENTED_EDGE('',*,*,#1928,.F.);
#2515=ORIENTED_EDGE('',*,*,#1931,.T.);
#2516=ORIENTED_EDGE('',*,*,#1932,.F.);
#2517=ORIENTED_EDGE('',*,*,#1933,.T.);
#2518=ORIENTED_EDGE('',*,*,#1931,.F.);
#2519=ORIENTED_EDGE('',*,*,#1934,.T.);
#2520=ORIENTED_EDGE('',*,*,#1935,.T.);
#2521=ORIENTED_EDGE('',*,*,#1936,.F.);
#2522=ORIENTED_EDGE('',*,*,#1934,.F.);
#2523=ORIENTED_EDGE('',*,*,#1937,.T.);
#2524=ORIENTED_EDGE('',*,*,#1938,.F.);
#2525=ORIENTED_EDGE('',*,*,#1939,.T.);
#2526=ORIENTED_EDGE('',*,*,#1937,.F.);
#2527=ORIENTED_EDGE('',*,*,#1940,.T.);
#2528=ORIENTED_EDGE('',*,*,#1941,.T.);
#2529=ORIENTED_EDGE('',*,*,#1942,.F.);
#2530=ORIENTED_EDGE('',*,*,#1943,.F.);
#2531=ORIENTED_EDGE('',*,*,#1944,.T.);
#2532=ORIENTED_EDGE('',*,*,#1945,.T.);
#2533=ORIENTED_EDGE('',*,*,#1946,.F.);
#2534=ORIENTED_EDGE('',*,*,#1944,.F.);
#2535=ORIENTED_EDGE('',*,*,#1947,.T.);
#2536=ORIENTED_EDGE('',*,*,#1948,.F.);
#2537=ORIENTED_EDGE('',*,*,#1949,.T.);
#2538=ORIENTED_EDGE('',*,*,#1947,.F.);
#2539=ORIENTED_EDGE('',*,*,#1950,.T.);
#2540=ORIENTED_EDGE('',*,*,#1951,.T.);
#2541=ORIENTED_EDGE('',*,*,#1952,.F.);
#2542=ORIENTED_EDGE('',*,*,#1950,.F.);
#2543=ORIENTED_EDGE('',*,*,#1953,.T.);
#2544=ORIENTED_EDGE('',*,*,#1954,.F.);
#2545=ORIENTED_EDGE('',*,*,#1955,.T.);
#2546=ORIENTED_EDGE('',*,*,#1953,.F.);
#2547=ORIENTED_EDGE('',*,*,#1956,.T.);
#2548=ORIENTED_EDGE('',*,*,#1957,.T.);
#2549=ORIENTED_EDGE('',*,*,#1958,.F.);
#2550=ORIENTED_EDGE('',*,*,#1959,.F.);
#2551=ORIENTED_EDGE('',*,*,#1960,.T.);
#2552=ORIENTED_EDGE('',*,*,#1961,.T.);
#2553=ORIENTED_EDGE('',*,*,#1962,.F.);
#2554=ORIENTED_EDGE('',*,*,#1960,.F.);
#2555=ORIENTED_EDGE('',*,*,#1963,.T.);
#2556=ORIENTED_EDGE('',*,*,#1964,.F.);
#2557=ORIENTED_EDGE('',*,*,#1965,.T.);
#2558=ORIENTED_EDGE('',*,*,#1963,.F.);
#2559=ORIENTED_EDGE('',*,*,#1966,.T.);
#2560=ORIENTED_EDGE('',*,*,#1967,.T.);
#2561=ORIENTED_EDGE('',*,*,#1968,.F.);
#2562=ORIENTED_EDGE('',*,*,#1966,.F.);
#2563=ORIENTED_EDGE('',*,*,#1969,.T.);
#2564=ORIENTED_EDGE('',*,*,#1970,.F.);
#2565=ORIENTED_EDGE('',*,*,#1971,.T.);
#2566=ORIENTED_EDGE('',*,*,#1969,.F.);
#2567=ORIENTED_EDGE('',*,*,#1972,.T.);
#2568=ORIENTED_EDGE('',*,*,#1973,.T.);
#2569=ORIENTED_EDGE('',*,*,#1974,.F.);
#2570=ORIENTED_EDGE('',*,*,#1975,.F.);
#2571=ORIENTED_EDGE('',*,*,#1976,.T.);
#2572=ORIENTED_EDGE('',*,*,#1977,.F.);
#2573=ORIENTED_EDGE('',*,*,#1976,.F.);
#2574=ORIENTED_EDGE('',*,*,#1978,.F.);
#2575=ORIENTED_EDGE('',*,*,#1979,.F.);
#2576=ORIENTED_EDGE('',*,*,#1980,.F.);
#2577=ORIENTED_EDGE('',*,*,#1981,.F.);
#2578=ORIENTED_EDGE('',*,*,#1982,.F.);
#2579=ORIENTED_EDGE('',*,*,#1983,.F.);
#2580=ORIENTED_EDGE('',*,*,#1984,.F.);
#2581=ORIENTED_EDGE('',*,*,#1985,.F.);
#2582=ORIENTED_EDGE('',*,*,#1986,.F.);
#2583=ORIENTED_EDGE('',*,*,#1987,.F.);
#2584=ORIENTED_EDGE('',*,*,#1988,.F.);
#2585=ORIENTED_EDGE('',*,*,#1989,.F.);
#2586=ORIENTED_EDGE('',*,*,#1990,.F.);
#2587=ORIENTED_EDGE('',*,*,#1991,.F.);
#2588=ORIENTED_EDGE('',*,*,#1992,.F.);
#2589=ORIENTED_EDGE('',*,*,#1993,.F.);
#2590=ORIENTED_EDGE('',*,*,#1994,.F.);
#2591=ORIENTED_EDGE('',*,*,#1995,.F.);
#2592=ORIENTED_EDGE('',*,*,#1996,.F.);
#2593=ORIENTED_EDGE('',*,*,#1997,.F.);
#2594=ORIENTED_EDGE('',*,*,#1998,.F.);
#2595=ORIENTED_EDGE('',*,*,#1999,.F.);
#2596=ORIENTED_EDGE('',*,*,#2000,.F.);
#2597=ORIENTED_EDGE('',*,*,#2001,.F.);
#2598=ORIENTED_EDGE('',*,*,#2002,.F.);
#2599=ORIENTED_EDGE('',*,*,#2003,.F.);
#2600=ORIENTED_EDGE('',*,*,#2004,.F.);
#2601=ORIENTED_EDGE('',*,*,#2005,.F.);
#2602=ORIENTED_EDGE('',*,*,#2006,.F.);
#2603=ORIENTED_EDGE('',*,*,#2007,.F.);
#2604=ORIENTED_EDGE('',*,*,#2008,.F.);
#2605=ORIENTED_EDGE('',*,*,#2009,.F.);
#2606=ORIENTED_EDGE('',*,*,#2010,.F.);
#2607=ORIENTED_EDGE('',*,*,#2011,.F.);
#2608=ORIENTED_EDGE('',*,*,#2012,.F.);
#2609=ORIENTED_EDGE('',*,*,#2013,.F.);
#2610=ORIENTED_EDGE('',*,*,#2014,.F.);
#2611=ORIENTED_EDGE('',*,*,#2015,.F.);
#2612=ORIENTED_EDGE('',*,*,#2016,.F.);
#2613=ORIENTED_EDGE('',*,*,#2017,.F.);
#2614=ORIENTED_EDGE('',*,*,#2018,.F.);
#2615=ORIENTED_EDGE('',*,*,#2019,.F.);
#2616=ORIENTED_EDGE('',*,*,#2020,.F.);
#2617=ORIENTED_EDGE('',*,*,#2021,.F.);
#2618=ORIENTED_EDGE('',*,*,#2022,.F.);
#2619=ORIENTED_EDGE('',*,*,#2023,.F.);
#2620=ORIENTED_EDGE('',*,*,#2024,.F.);
#2621=ORIENTED_EDGE('',*,*,#2025,.F.);
#2622=ORIENTED_EDGE('',*,*,#2026,.F.);
#2623=ORIENTED_EDGE('',*,*,#2027,.F.);
#2624=ORIENTED_EDGE('',*,*,#1998,.T.);
#2625=ORIENTED_EDGE('',*,*,#2028,.F.);
#2626=ORIENTED_EDGE('',*,*,#2029,.T.);
#2627=ORIENTED_EDGE('',*,*,#2030,.T.);
#2628=ORIENTED_EDGE('',*,*,#1997,.T.);
#2629=ORIENTED_EDGE('',*,*,#2031,.T.);
#2630=ORIENTED_EDGE('',*,*,#1842,.T.);
#2631=ORIENTED_EDGE('',*,*,#1846,.T.);
#2632=ORIENTED_EDGE('',*,*,#2028,.T.);
#2633=ORIENTED_EDGE('',*,*,#1996,.T.);
#2634=ORIENTED_EDGE('',*,*,#2032,.T.);
#2635=ORIENTED_EDGE('',*,*,#2033,.F.);
#2636=ORIENTED_EDGE('',*,*,#2031,.F.);
#2637=ORIENTED_EDGE('',*,*,#1995,.T.);
#2638=ORIENTED_EDGE('',*,*,#2034,.F.);
#2639=ORIENTED_EDGE('',*,*,#2035,.F.);
#2640=ORIENTED_EDGE('',*,*,#2036,.F.);
#2641=ORIENTED_EDGE('',*,*,#2037,.F.);
#2642=ORIENTED_EDGE('',*,*,#2032,.F.);
#2643=ORIENTED_EDGE('',*,*,#1994,.T.);
#2644=ORIENTED_EDGE('',*,*,#2038,.F.);
#2645=ORIENTED_EDGE('',*,*,#2039,.T.);
#2646=ORIENTED_EDGE('',*,*,#2034,.T.);
#2647=ORIENTED_EDGE('',*,*,#1993,.T.);
#2648=ORIENTED_EDGE('',*,*,#2040,.T.);
#2649=ORIENTED_EDGE('',*,*,#1826,.T.);
#2650=ORIENTED_EDGE('',*,*,#1830,.T.);
#2651=ORIENTED_EDGE('',*,*,#2038,.T.);
#2652=ORIENTED_EDGE('',*,*,#1992,.T.);
#2653=ORIENTED_EDGE('',*,*,#2041,.T.);
#2654=ORIENTED_EDGE('',*,*,#2042,.F.);
#2655=ORIENTED_EDGE('',*,*,#2040,.F.);
#2656=ORIENTED_EDGE('',*,*,#1991,.T.);
#2657=ORIENTED_EDGE('',*,*,#2043,.F.);
#2658=ORIENTED_EDGE('',*,*,#2044,.F.);
#2659=ORIENTED_EDGE('',*,*,#2045,.F.);
#2660=ORIENTED_EDGE('',*,*,#2046,.F.);
#2661=ORIENTED_EDGE('',*,*,#2041,.F.);
#2662=ORIENTED_EDGE('',*,*,#1990,.T.);
#2663=ORIENTED_EDGE('',*,*,#2047,.F.);
#2664=ORIENTED_EDGE('',*,*,#2048,.T.);
#2665=ORIENTED_EDGE('',*,*,#2043,.T.);
#2666=ORIENTED_EDGE('',*,*,#1989,.T.);
#2667=ORIENTED_EDGE('',*,*,#2049,.T.);
#2668=ORIENTED_EDGE('',*,*,#1858,.T.);
#2669=ORIENTED_EDGE('',*,*,#1862,.T.);
#2670=ORIENTED_EDGE('',*,*,#2047,.T.);
#2671=ORIENTED_EDGE('',*,*,#1988,.T.);
#2672=ORIENTED_EDGE('',*,*,#2050,.T.);
#2673=ORIENTED_EDGE('',*,*,#2051,.F.);
#2674=ORIENTED_EDGE('',*,*,#2049,.F.);
#2675=ORIENTED_EDGE('',*,*,#1987,.T.);
#2676=ORIENTED_EDGE('',*,*,#2052,.F.);
#2677=ORIENTED_EDGE('',*,*,#2053,.F.);
#2678=ORIENTED_EDGE('',*,*,#2054,.F.);
#2679=ORIENTED_EDGE('',*,*,#2055,.F.);
#2680=ORIENTED_EDGE('',*,*,#2050,.F.);
#2681=ORIENTED_EDGE('',*,*,#1986,.T.);
#2682=ORIENTED_EDGE('',*,*,#2056,.F.);
#2683=ORIENTED_EDGE('',*,*,#2057,.T.);
#2684=ORIENTED_EDGE('',*,*,#2052,.T.);
#2685=ORIENTED_EDGE('',*,*,#1985,.T.);
#2686=ORIENTED_EDGE('',*,*,#2058,.T.);
#2687=ORIENTED_EDGE('',*,*,#2059,.T.);
#2688=ORIENTED_EDGE('',*,*,#1866,.T.);
#2689=ORIENTED_EDGE('',*,*,#2056,.T.);
#2690=ORIENTED_EDGE('',*,*,#1984,.T.);
#2691=ORIENTED_EDGE('',*,*,#2060,.T.);
#2692=ORIENTED_EDGE('',*,*,#2061,.F.);
#2693=ORIENTED_EDGE('',*,*,#2058,.F.);
#2694=ORIENTED_EDGE('',*,*,#1983,.T.);
#2695=ORIENTED_EDGE('',*,*,#2062,.F.);
#2696=ORIENTED_EDGE('',*,*,#2063,.F.);
#2697=ORIENTED_EDGE('',*,*,#2064,.F.);
#2698=ORIENTED_EDGE('',*,*,#2065,.F.);
#2699=ORIENTED_EDGE('',*,*,#2060,.F.);
#2700=ORIENTED_EDGE('',*,*,#1982,.T.);
#2701=ORIENTED_EDGE('',*,*,#2066,.F.);
#2702=ORIENTED_EDGE('',*,*,#2067,.T.);
#2703=ORIENTED_EDGE('',*,*,#2062,.T.);
#2704=ORIENTED_EDGE('',*,*,#1981,.T.);
#2705=ORIENTED_EDGE('',*,*,#2068,.T.);
#2706=ORIENTED_EDGE('',*,*,#1890,.T.);
#2707=ORIENTED_EDGE('',*,*,#1894,.T.);
#2708=ORIENTED_EDGE('',*,*,#2066,.T.);
#2709=ORIENTED_EDGE('',*,*,#1980,.T.);
#2710=ORIENTED_EDGE('',*,*,#2069,.T.);
#2711=ORIENTED_EDGE('',*,*,#2070,.F.);
#2712=ORIENTED_EDGE('',*,*,#2068,.F.);
#2713=ORIENTED_EDGE('',*,*,#1979,.T.);
#2714=ORIENTED_EDGE('',*,*,#2071,.F.);
#2715=ORIENTED_EDGE('',*,*,#2072,.F.);
#2716=ORIENTED_EDGE('',*,*,#2073,.F.);
#2717=ORIENTED_EDGE('',*,*,#2074,.F.);
#2718=ORIENTED_EDGE('',*,*,#2069,.F.);
#2719=ORIENTED_EDGE('',*,*,#2023,.T.);
#2720=ORIENTED_EDGE('',*,*,#2075,.F.);
#2721=ORIENTED_EDGE('',*,*,#2076,.T.);
#2722=ORIENTED_EDGE('',*,*,#2077,.T.);
#2723=ORIENTED_EDGE('',*,*,#2022,.T.);
#2724=ORIENTED_EDGE('',*,*,#2078,.F.);
#2725=ORIENTED_EDGE('',*,*,#2079,.T.);
#2726=ORIENTED_EDGE('',*,*,#2075,.T.);
#2727=ORIENTED_EDGE('',*,*,#2021,.T.);
#2728=ORIENTED_EDGE('',*,*,#2080,.F.);
#2729=ORIENTED_EDGE('',*,*,#2081,.T.);
#2730=ORIENTED_EDGE('',*,*,#2078,.T.);
#2731=ORIENTED_EDGE('',*,*,#2020,.T.);
#2732=ORIENTED_EDGE('',*,*,#2082,.F.);
#2733=ORIENTED_EDGE('',*,*,#2083,.T.);
#2734=ORIENTED_EDGE('',*,*,#2080,.T.);
#2735=ORIENTED_EDGE('',*,*,#2019,.T.);
#2736=ORIENTED_EDGE('',*,*,#2084,.F.);
#2737=ORIENTED_EDGE('',*,*,#2085,.T.);
#2738=ORIENTED_EDGE('',*,*,#2082,.T.);
#2739=ORIENTED_EDGE('',*,*,#2016,.T.);
#2740=ORIENTED_EDGE('',*,*,#2086,.T.);
#2741=ORIENTED_EDGE('',*,*,#2087,.F.);
#2742=ORIENTED_EDGE('',*,*,#2088,.F.);
#2743=ORIENTED_EDGE('',*,*,#2014,.T.);
#2744=ORIENTED_EDGE('',*,*,#2089,.F.);
#2745=ORIENTED_EDGE('',*,*,#2090,.T.);
#2746=ORIENTED_EDGE('',*,*,#2091,.T.);
#2747=ORIENTED_EDGE('',*,*,#2092,.F.);
#2748=ORIENTED_EDGE('',*,*,#2093,.T.);
#2749=ORIENTED_EDGE('',*,*,#2094,.T.);
#2750=ORIENTED_EDGE('',*,*,#2090,.F.);
#2751=ORIENTED_EDGE('',*,*,#1957,.F.);
#2752=ORIENTED_EDGE('',*,*,#2095,.F.);
#2753=ORIENTED_EDGE('',*,*,#2096,.T.);
#2754=ORIENTED_EDGE('',*,*,#2097,.T.);
#2755=ORIENTED_EDGE('',*,*,#2093,.F.);
#2756=ORIENTED_EDGE('',*,*,#2098,.F.);
#2757=ORIENTED_EDGE('',*,*,#2087,.T.);
#2758=ORIENTED_EDGE('',*,*,#2099,.T.);
#2759=ORIENTED_EDGE('',*,*,#2096,.F.);
#2760=ORIENTED_EDGE('',*,*,#1925,.F.);
#2761=ORIENTED_EDGE('',*,*,#2015,.T.);
#2762=ORIENTED_EDGE('',*,*,#2091,.F.);
#2763=ORIENTED_EDGE('',*,*,#2094,.F.);
#2764=ORIENTED_EDGE('',*,*,#2097,.F.);
#2765=ORIENTED_EDGE('',*,*,#2099,.F.);
#2766=ORIENTED_EDGE('',*,*,#2086,.F.);
#2767=ORIENTED_EDGE('',*,*,#2010,.T.);
#2768=ORIENTED_EDGE('',*,*,#2100,.F.);
#2769=ORIENTED_EDGE('',*,*,#2101,.T.);
#2770=ORIENTED_EDGE('',*,*,#2102,.T.);
#2771=ORIENTED_EDGE('',*,*,#1965,.F.);
#2772=ORIENTED_EDGE('',*,*,#2103,.T.);
#2773=ORIENTED_EDGE('',*,*,#2104,.T.);
#2774=ORIENTED_EDGE('',*,*,#2101,.F.);
#2775=ORIENTED_EDGE('',*,*,#1961,.F.);
#2776=ORIENTED_EDGE('',*,*,#2105,.F.);
#2777=ORIENTED_EDGE('',*,*,#2106,.T.);
#2778=ORIENTED_EDGE('',*,*,#2107,.T.);
#2779=ORIENTED_EDGE('',*,*,#2103,.F.);
#2780=ORIENTED_EDGE('',*,*,#1955,.F.);
#2781=ORIENTED_EDGE('',*,*,#2108,.T.);
#2782=ORIENTED_EDGE('',*,*,#2109,.T.);
#2783=ORIENTED_EDGE('',*,*,#2106,.F.);
#2784=ORIENTED_EDGE('',*,*,#1951,.F.);
#2785=ORIENTED_EDGE('',*,*,#2012,.T.);
#2786=ORIENTED_EDGE('',*,*,#2110,.T.);
#2787=ORIENTED_EDGE('',*,*,#2108,.F.);
#2788=ORIENTED_EDGE('',*,*,#2111,.F.);
#2789=ORIENTED_EDGE('',*,*,#2011,.T.);
#2790=ORIENTED_EDGE('',*,*,#2102,.F.);
#2791=ORIENTED_EDGE('',*,*,#2104,.F.);
#2792=ORIENTED_EDGE('',*,*,#2107,.F.);
#2793=ORIENTED_EDGE('',*,*,#2109,.F.);
#2794=ORIENTED_EDGE('',*,*,#2110,.F.);
#2795=ORIENTED_EDGE('',*,*,#2006,.T.);
#2796=ORIENTED_EDGE('',*,*,#2112,.F.);
#2797=ORIENTED_EDGE('',*,*,#2113,.T.);
#2798=ORIENTED_EDGE('',*,*,#2114,.T.);
#2799=ORIENTED_EDGE('',*,*,#2115,.F.);
#2800=ORIENTED_EDGE('',*,*,#2116,.T.);
#2801=ORIENTED_EDGE('',*,*,#2117,.T.);
#2802=ORIENTED_EDGE('',*,*,#2113,.F.);
#2803=ORIENTED_EDGE('',*,*,#1941,.F.);
#2804=ORIENTED_EDGE('',*,*,#2118,.F.);
#2805=ORIENTED_EDGE('',*,*,#2119,.T.);
#2806=ORIENTED_EDGE('',*,*,#2120,.T.);
#2807=ORIENTED_EDGE('',*,*,#2116,.F.);
#2808=ORIENTED_EDGE('',*,*,#2121,.F.);
#2809=ORIENTED_EDGE('',*,*,#2122,.T.);
#2810=ORIENTED_EDGE('',*,*,#2123,.T.);
#2811=ORIENTED_EDGE('',*,*,#2119,.F.);
#2812=ORIENTED_EDGE('',*,*,#1973,.F.);
#2813=ORIENTED_EDGE('',*,*,#2008,.T.);
#2814=ORIENTED_EDGE('',*,*,#2124,.T.);
#2815=ORIENTED_EDGE('',*,*,#2122,.F.);
#2816=ORIENTED_EDGE('',*,*,#2125,.F.);
#2817=ORIENTED_EDGE('',*,*,#2007,.T.);
#2818=ORIENTED_EDGE('',*,*,#2114,.F.);
#2819=ORIENTED_EDGE('',*,*,#2117,.F.);
#2820=ORIENTED_EDGE('',*,*,#2120,.F.);
#2821=ORIENTED_EDGE('',*,*,#2123,.F.);
#2822=ORIENTED_EDGE('',*,*,#2124,.F.);
#2823=ORIENTED_EDGE('',*,*,#2002,.T.);
#2824=ORIENTED_EDGE('',*,*,#2126,.F.);
#2825=ORIENTED_EDGE('',*,*,#2127,.T.);
#2826=ORIENTED_EDGE('',*,*,#2128,.T.);
#2827=ORIENTED_EDGE('',*,*,#1901,.F.);
#2828=ORIENTED_EDGE('',*,*,#2129,.T.);
#2829=ORIENTED_EDGE('',*,*,#2130,.T.);
#2830=ORIENTED_EDGE('',*,*,#2127,.F.);
#2831=ORIENTED_EDGE('',*,*,#1897,.F.);
#2832=ORIENTED_EDGE('',*,*,#2131,.F.);
#2833=ORIENTED_EDGE('',*,*,#2132,.T.);
#2834=ORIENTED_EDGE('',*,*,#2133,.T.);
#2835=ORIENTED_EDGE('',*,*,#2129,.F.);
#2836=ORIENTED_EDGE('',*,*,#1939,.F.);
#2837=ORIENTED_EDGE('',*,*,#2134,.T.);
#2838=ORIENTED_EDGE('',*,*,#2135,.T.);
#2839=ORIENTED_EDGE('',*,*,#2132,.F.);
#2840=ORIENTED_EDGE('',*,*,#1935,.F.);
#2841=ORIENTED_EDGE('',*,*,#2004,.T.);
#2842=ORIENTED_EDGE('',*,*,#2136,.T.);
#2843=ORIENTED_EDGE('',*,*,#2134,.F.);
#2844=ORIENTED_EDGE('',*,*,#2137,.F.);
#2845=ORIENTED_EDGE('',*,*,#2003,.T.);
#2846=ORIENTED_EDGE('',*,*,#2128,.F.);
#2847=ORIENTED_EDGE('',*,*,#2130,.F.);
#2848=ORIENTED_EDGE('',*,*,#2133,.F.);
#2849=ORIENTED_EDGE('',*,*,#2135,.F.);
#2850=ORIENTED_EDGE('',*,*,#2136,.F.);
#2851=ORIENTED_EDGE('',*,*,#2138,.F.);
#2852=ORIENTED_EDGE('',*,*,#2139,.T.);
#2853=ORIENTED_EDGE('',*,*,#2140,.T.);
#2854=ORIENTED_EDGE('',*,*,#2141,.F.);
#2855=ORIENTED_EDGE('',*,*,#2142,.F.);
#2856=ORIENTED_EDGE('',*,*,#2143,.T.);
#2857=ORIENTED_EDGE('',*,*,#2144,.T.);
#2858=ORIENTED_EDGE('',*,*,#2139,.F.);
#2859=ORIENTED_EDGE('',*,*,#2145,.F.);
#2860=ORIENTED_EDGE('',*,*,#2146,.T.);
#2861=ORIENTED_EDGE('',*,*,#2147,.T.);
#2862=ORIENTED_EDGE('',*,*,#2143,.F.);
#2863=ORIENTED_EDGE('',*,*,#2148,.F.);
#2864=ORIENTED_EDGE('',*,*,#2149,.T.);
#2865=ORIENTED_EDGE('',*,*,#2150,.T.);
#2866=ORIENTED_EDGE('',*,*,#2146,.F.);
#2867=ORIENTED_EDGE('',*,*,#2151,.F.);
#2868=ORIENTED_EDGE('',*,*,#2152,.T.);
#2869=ORIENTED_EDGE('',*,*,#2153,.T.);
#2870=ORIENTED_EDGE('',*,*,#2149,.F.);
#2871=ORIENTED_EDGE('',*,*,#2154,.F.);
#2872=ORIENTED_EDGE('',*,*,#2155,.T.);
#2873=ORIENTED_EDGE('',*,*,#2156,.T.);
#2874=ORIENTED_EDGE('',*,*,#2152,.F.);
#2875=ORIENTED_EDGE('',*,*,#1909,.F.);
#2876=ORIENTED_EDGE('',*,*,#2000,.T.);
#2877=ORIENTED_EDGE('',*,*,#2157,.T.);
#2878=ORIENTED_EDGE('',*,*,#2155,.F.);
#2879=ORIENTED_EDGE('',*,*,#2158,.F.);
#2880=ORIENTED_EDGE('',*,*,#2159,.F.);
#2881=ORIENTED_EDGE('',*,*,#2141,.T.);
#2882=ORIENTED_EDGE('',*,*,#2160,.T.);
#2883=ORIENTED_EDGE('',*,*,#2029,.F.);
#2884=ORIENTED_EDGE('',*,*,#1845,.F.);
#2885=ORIENTED_EDGE('',*,*,#1999,.T.);
#2886=ORIENTED_EDGE('',*,*,#2030,.F.);
#2887=ORIENTED_EDGE('',*,*,#2160,.F.);
#2888=ORIENTED_EDGE('',*,*,#2140,.F.);
#2889=ORIENTED_EDGE('',*,*,#2144,.F.);
#2890=ORIENTED_EDGE('',*,*,#2147,.F.);
#2891=ORIENTED_EDGE('',*,*,#2150,.F.);
#2892=ORIENTED_EDGE('',*,*,#2153,.F.);
#2893=ORIENTED_EDGE('',*,*,#2156,.F.);
#2894=ORIENTED_EDGE('',*,*,#2157,.F.);
#2895=ORIENTED_EDGE('',*,*,#2161,.F.);
#2896=ORIENTED_EDGE('',*,*,#2162,.T.);
#2897=ORIENTED_EDGE('',*,*,#2036,.T.);
#2898=ORIENTED_EDGE('',*,*,#2163,.F.);
#2899=ORIENTED_EDGE('',*,*,#1843,.F.);
#2900=ORIENTED_EDGE('',*,*,#2033,.T.);
#2901=ORIENTED_EDGE('',*,*,#2037,.T.);
#2902=ORIENTED_EDGE('',*,*,#2162,.F.);
#2903=ORIENTED_EDGE('',*,*,#1839,.F.);
#2904=ORIENTED_EDGE('',*,*,#2164,.F.);
#2905=ORIENTED_EDGE('',*,*,#2163,.T.);
#2906=ORIENTED_EDGE('',*,*,#2035,.T.);
#2907=ORIENTED_EDGE('',*,*,#2039,.F.);
#2908=ORIENTED_EDGE('',*,*,#1829,.F.);
#2909=ORIENTED_EDGE('',*,*,#2165,.F.);
#2910=ORIENTED_EDGE('',*,*,#2166,.T.);
#2911=ORIENTED_EDGE('',*,*,#2044,.T.);
#2912=ORIENTED_EDGE('',*,*,#2048,.F.);
#2913=ORIENTED_EDGE('',*,*,#1861,.F.);
#2914=ORIENTED_EDGE('',*,*,#2167,.F.);
#2915=ORIENTED_EDGE('',*,*,#2168,.T.);
#2916=ORIENTED_EDGE('',*,*,#2045,.T.);
#2917=ORIENTED_EDGE('',*,*,#2166,.F.);
#2918=ORIENTED_EDGE('',*,*,#1827,.F.);
#2919=ORIENTED_EDGE('',*,*,#2042,.T.);
#2920=ORIENTED_EDGE('',*,*,#2046,.T.);
#2921=ORIENTED_EDGE('',*,*,#2168,.F.);
#2922=ORIENTED_EDGE('',*,*,#1823,.F.);
#2923=ORIENTED_EDGE('',*,*,#1869,.F.);
#2924=ORIENTED_EDGE('',*,*,#2169,.T.);
#2925=ORIENTED_EDGE('',*,*,#2053,.T.);
#2926=ORIENTED_EDGE('',*,*,#2057,.F.);
#2927=ORIENTED_EDGE('',*,*,#1865,.F.);
#2928=ORIENTED_EDGE('',*,*,#2170,.F.);
#2929=ORIENTED_EDGE('',*,*,#2171,.T.);
#2930=ORIENTED_EDGE('',*,*,#2054,.T.);
#2931=ORIENTED_EDGE('',*,*,#2169,.F.);
#2932=ORIENTED_EDGE('',*,*,#1859,.F.);
#2933=ORIENTED_EDGE('',*,*,#2051,.T.);
#2934=ORIENTED_EDGE('',*,*,#2055,.T.);
#2935=ORIENTED_EDGE('',*,*,#2171,.F.);
#2936=ORIENTED_EDGE('',*,*,#1855,.F.);
#2937=ORIENTED_EDGE('',*,*,#2172,.F.);
#2938=ORIENTED_EDGE('',*,*,#2173,.T.);
#2939=ORIENTED_EDGE('',*,*,#2063,.T.);
#2940=ORIENTED_EDGE('',*,*,#2067,.F.);
#2941=ORIENTED_EDGE('',*,*,#1893,.F.);
#2942=ORIENTED_EDGE('',*,*,#2174,.F.);
#2943=ORIENTED_EDGE('',*,*,#2175,.T.);
#2944=ORIENTED_EDGE('',*,*,#2064,.T.);
#2945=ORIENTED_EDGE('',*,*,#2173,.F.);
#2946=ORIENTED_EDGE('',*,*,#2176,.F.);
#2947=ORIENTED_EDGE('',*,*,#2061,.T.);
#2948=ORIENTED_EDGE('',*,*,#2065,.T.);
#2949=ORIENTED_EDGE('',*,*,#2175,.F.);
#2950=ORIENTED_EDGE('',*,*,#1877,.F.);
#2951=ORIENTED_EDGE('',*,*,#1978,.T.);
#2952=ORIENTED_EDGE('',*,*,#2177,.F.);
#2953=ORIENTED_EDGE('',*,*,#2178,.T.);
#2954=ORIENTED_EDGE('',*,*,#2071,.T.);
#2955=ORIENTED_EDGE('',*,*,#1917,.F.);
#2956=ORIENTED_EDGE('',*,*,#2179,.T.);
#2957=ORIENTED_EDGE('',*,*,#2072,.T.);
#2958=ORIENTED_EDGE('',*,*,#2178,.F.);
#2959=ORIENTED_EDGE('',*,*,#1913,.F.);
#2960=ORIENTED_EDGE('',*,*,#2180,.F.);
#2961=ORIENTED_EDGE('',*,*,#2181,.T.);
#2962=ORIENTED_EDGE('',*,*,#2073,.T.);
#2963=ORIENTED_EDGE('',*,*,#2179,.F.);
#2964=ORIENTED_EDGE('',*,*,#1891,.F.);
#2965=ORIENTED_EDGE('',*,*,#2070,.T.);
#2966=ORIENTED_EDGE('',*,*,#2074,.T.);
#2967=ORIENTED_EDGE('',*,*,#2181,.F.);
#2968=ORIENTED_EDGE('',*,*,#1887,.F.);
#2969=ORIENTED_EDGE('',*,*,#1959,.T.);
#2970=ORIENTED_EDGE('',*,*,#2182,.F.);
#2971=ORIENTED_EDGE('',*,*,#2121,.T.);
#2972=ORIENTED_EDGE('',*,*,#1972,.F.);
#2973=ORIENTED_EDGE('',*,*,#1943,.T.);
#2974=ORIENTED_EDGE('',*,*,#2183,.F.);
#2975=ORIENTED_EDGE('',*,*,#2092,.T.);
#2976=ORIENTED_EDGE('',*,*,#1956,.F.);
#2977=ORIENTED_EDGE('',*,*,#2013,.T.);
#2978=ORIENTED_EDGE('',*,*,#2111,.T.);
#2979=ORIENTED_EDGE('',*,*,#1954,.T.);
#2980=ORIENTED_EDGE('',*,*,#1958,.T.);
#2981=ORIENTED_EDGE('',*,*,#2089,.T.);
#2982=ORIENTED_EDGE('',*,*,#1948,.T.);
#2983=ORIENTED_EDGE('',*,*,#1952,.T.);
#2984=ORIENTED_EDGE('',*,*,#2105,.T.);
#2985=ORIENTED_EDGE('',*,*,#1964,.T.);
#2986=ORIENTED_EDGE('',*,*,#1968,.T.);
#2987=ORIENTED_EDGE('',*,*,#2184,.T.);
#2988=ORIENTED_EDGE('',*,*,#2009,.T.);
#2989=ORIENTED_EDGE('',*,*,#2125,.T.);
#2990=ORIENTED_EDGE('',*,*,#2182,.T.);
#2991=ORIENTED_EDGE('',*,*,#1962,.T.);
#2992=ORIENTED_EDGE('',*,*,#2100,.T.);
#2993=ORIENTED_EDGE('',*,*,#1927,.T.);
#2994=ORIENTED_EDGE('',*,*,#2185,.F.);
#2995=ORIENTED_EDGE('',*,*,#2115,.T.);
#2996=ORIENTED_EDGE('',*,*,#1940,.F.);
#2997=ORIENTED_EDGE('',*,*,#1911,.T.);
#2998=ORIENTED_EDGE('',*,*,#2186,.F.);
#2999=ORIENTED_EDGE('',*,*,#2098,.T.);
#3000=ORIENTED_EDGE('',*,*,#1924,.F.);
#3001=ORIENTED_EDGE('',*,*,#2017,.T.);
#3002=ORIENTED_EDGE('',*,*,#2088,.T.);
#3003=ORIENTED_EDGE('',*,*,#2186,.T.);
#3004=ORIENTED_EDGE('',*,*,#1914,.T.);
#3005=ORIENTED_EDGE('',*,*,#2177,.T.);
#3006=ORIENTED_EDGE('',*,*,#1922,.T.);
#3007=ORIENTED_EDGE('',*,*,#1926,.T.);
#3008=ORIENTED_EDGE('',*,*,#2095,.T.);
#3009=ORIENTED_EDGE('',*,*,#2183,.T.);
#3010=ORIENTED_EDGE('',*,*,#1946,.T.);
#3011=ORIENTED_EDGE('',*,*,#2187,.T.);
#3012=ORIENTED_EDGE('',*,*,#2148,.T.);
#3013=ORIENTED_EDGE('',*,*,#2188,.T.);
#3014=ORIENTED_EDGE('',*,*,#2189,.T.);
#3015=ORIENTED_EDGE('',*,*,#2190,.F.);
#3016=ORIENTED_EDGE('',*,*,#2005,.T.);
#3017=ORIENTED_EDGE('',*,*,#2137,.T.);
#3018=ORIENTED_EDGE('',*,*,#1938,.T.);
#3019=ORIENTED_EDGE('',*,*,#1942,.T.);
#3020=ORIENTED_EDGE('',*,*,#2112,.T.);
#3021=ORIENTED_EDGE('',*,*,#1895,.T.);
#3022=ORIENTED_EDGE('',*,*,#2191,.F.);
#3023=ORIENTED_EDGE('',*,*,#2154,.T.);
#3024=ORIENTED_EDGE('',*,*,#1908,.F.);
#3025=ORIENTED_EDGE('',*,*,#1879,.T.);
#3026=ORIENTED_EDGE('',*,*,#2192,.F.);
#3027=ORIENTED_EDGE('',*,*,#2172,.T.);
#3028=ORIENTED_EDGE('',*,*,#1892,.F.);
#3029=ORIENTED_EDGE('',*,*,#1884,.T.);
#3030=ORIENTED_EDGE('',*,*,#1888,.T.);
#3031=ORIENTED_EDGE('',*,*,#2180,.T.);
#3032=ORIENTED_EDGE('',*,*,#1916,.T.);
#3033=ORIENTED_EDGE('',*,*,#1920,.T.);
#3034=ORIENTED_EDGE('',*,*,#2193,.T.);
#3035=ORIENTED_EDGE('',*,*,#2001,.T.);
#3036=ORIENTED_EDGE('',*,*,#2158,.T.);
#3037=ORIENTED_EDGE('',*,*,#2191,.T.);
#3038=ORIENTED_EDGE('',*,*,#1898,.T.);
#3039=ORIENTED_EDGE('',*,*,#2126,.T.);
#3040=ORIENTED_EDGE('',*,*,#1863,.T.);
#3041=ORIENTED_EDGE('',*,*,#2059,.F.);
#3042=ORIENTED_EDGE('',*,*,#2176,.T.);
#3043=ORIENTED_EDGE('',*,*,#1876,.F.);
#3044=ORIENTED_EDGE('',*,*,#1874,.T.);
#3045=ORIENTED_EDGE('',*,*,#1878,.T.);
#3046=ORIENTED_EDGE('',*,*,#2174,.T.);
#3047=ORIENTED_EDGE('',*,*,#2192,.T.);
#3048=ORIENTED_EDGE('',*,*,#1882,.T.);
#3049=ORIENTED_EDGE('',*,*,#2194,.T.);
#3050=ORIENTED_EDGE('',*,*,#2142,.T.);
#3051=ORIENTED_EDGE('',*,*,#2195,.T.);
#3052=ORIENTED_EDGE('',*,*,#2196,.T.);
#3053=ORIENTED_EDGE('',*,*,#2197,.T.);
#3054=ORIENTED_EDGE('',*,*,#1847,.T.);
#3055=ORIENTED_EDGE('',*,*,#2198,.F.);
#3056=ORIENTED_EDGE('',*,*,#2165,.T.);
#3057=ORIENTED_EDGE('',*,*,#1860,.F.);
#3058=ORIENTED_EDGE('',*,*,#1852,.T.);
#3059=ORIENTED_EDGE('',*,*,#1856,.T.);
#3060=ORIENTED_EDGE('',*,*,#2170,.T.);
#3061=ORIENTED_EDGE('',*,*,#1868,.T.);
#3062=ORIENTED_EDGE('',*,*,#1872,.T.);
#3063=ORIENTED_EDGE('',*,*,#2199,.T.);
#3064=ORIENTED_EDGE('',*,*,#1831,.T.);
#3065=ORIENTED_EDGE('',*,*,#2200,.F.);
#3066=ORIENTED_EDGE('',*,*,#2159,.T.);
#3067=ORIENTED_EDGE('',*,*,#1844,.F.);
#3068=ORIENTED_EDGE('',*,*,#1815,.T.);
#3069=ORIENTED_EDGE('',*,*,#2201,.F.);
#3070=ORIENTED_EDGE('',*,*,#2164,.T.);
#3071=ORIENTED_EDGE('',*,*,#1828,.F.);
#3072=ORIENTED_EDGE('',*,*,#1820,.T.);
#3073=ORIENTED_EDGE('',*,*,#1824,.T.);
#3074=ORIENTED_EDGE('',*,*,#2167,.T.);
#3075=ORIENTED_EDGE('',*,*,#2198,.T.);
#3076=ORIENTED_EDGE('',*,*,#1850,.T.);
#3077=ORIENTED_EDGE('',*,*,#2202,.T.);
#3078=ORIENTED_EDGE('',*,*,#1836,.T.);
#3079=ORIENTED_EDGE('',*,*,#1840,.T.);
#3080=ORIENTED_EDGE('',*,*,#2161,.T.);
#3081=ORIENTED_EDGE('',*,*,#2201,.T.);
#3082=ORIENTED_EDGE('',*,*,#1818,.T.);
#3083=ORIENTED_EDGE('',*,*,#2203,.T.);
#3084=ORIENTED_EDGE('',*,*,#2138,.T.);
#3085=ORIENTED_EDGE('',*,*,#2200,.T.);
#3086=ORIENTED_EDGE('',*,*,#1834,.T.);
#3087=ORIENTED_EDGE('',*,*,#2204,.T.);
#3088=ORIENTED_EDGE('',*,*,#2195,.F.);
#3089=ORIENTED_EDGE('',*,*,#2145,.T.);
#3090=ORIENTED_EDGE('',*,*,#2197,.F.);
#3091=ORIENTED_EDGE('',*,*,#2205,.T.);
#3092=ORIENTED_EDGE('',*,*,#2188,.F.);
#3093=ORIENTED_EDGE('',*,*,#2206,.T.);
#3094=ORIENTED_EDGE('',*,*,#1906,.T.);
#3095=ORIENTED_EDGE('',*,*,#1910,.T.);
#3096=ORIENTED_EDGE('',*,*,#2151,.T.);
#3097=ORIENTED_EDGE('',*,*,#2190,.T.);
#3098=ORIENTED_EDGE('',*,*,#1932,.T.);
#3099=ORIENTED_EDGE('',*,*,#1936,.T.);
#3100=ORIENTED_EDGE('',*,*,#2131,.T.);
#3101=ORIENTED_EDGE('',*,*,#1900,.T.);
#3102=ORIENTED_EDGE('',*,*,#1904,.T.);
#3103=ORIENTED_EDGE('',*,*,#2207,.T.);
#3104=ORIENTED_EDGE('',*,*,#1970,.T.);
#3105=ORIENTED_EDGE('',*,*,#1974,.T.);
#3106=ORIENTED_EDGE('',*,*,#2118,.T.);
#3107=ORIENTED_EDGE('',*,*,#2185,.T.);
#3108=ORIENTED_EDGE('',*,*,#1930,.T.);
#3109=ORIENTED_EDGE('',*,*,#2208,.T.);
#3110=ORIENTED_EDGE('',*,*,#2189,.F.);
#3111=ORIENTED_EDGE('',*,*,#2209,.T.);
#3112=ORIENTED_EDGE('',*,*,#2210,.F.);
#3113=ORIENTED_EDGE('',*,*,#2211,.F.);
#3114=ORIENTED_EDGE('',*,*,#2212,.F.);
#3115=ORIENTED_EDGE('',*,*,#2213,.F.);
#3116=ORIENTED_EDGE('',*,*,#2205,.F.);
#3117=ORIENTED_EDGE('',*,*,#2214,.T.);
#3118=ORIENTED_EDGE('',*,*,#2215,.F.);
#3119=ORIENTED_EDGE('',*,*,#2209,.F.);
#3120=ORIENTED_EDGE('',*,*,#2196,.F.);
#3121=ORIENTED_EDGE('',*,*,#2216,.F.);
#3122=ORIENTED_EDGE('',*,*,#2217,.F.);
#3123=ORIENTED_EDGE('',*,*,#2218,.F.);
#3124=ORIENTED_EDGE('',*,*,#2219,.F.);
#3125=ORIENTED_EDGE('',*,*,#2214,.F.);
#3126=ORIENTED_EDGE('',*,*,#2206,.F.);
#3127=ORIENTED_EDGE('',*,*,#2213,.T.);
#3128=ORIENTED_EDGE('',*,*,#2220,.T.);
#3129=ORIENTED_EDGE('',*,*,#2221,.T.);
#3130=ORIENTED_EDGE('',*,*,#2222,.T.);
#3131=ORIENTED_EDGE('',*,*,#2223,.T.);
#3132=ORIENTED_EDGE('',*,*,#2224,.T.);
#3133=ORIENTED_EDGE('',*,*,#2216,.T.);
#3134=ORIENTED_EDGE('',*,*,#2204,.F.);
#3135=ORIENTED_EDGE('',*,*,#1833,.F.);
#3136=ORIENTED_EDGE('',*,*,#1837,.F.);
#3137=ORIENTED_EDGE('',*,*,#2203,.F.);
#3138=ORIENTED_EDGE('',*,*,#1817,.F.);
#3139=ORIENTED_EDGE('',*,*,#1821,.F.);
#3140=ORIENTED_EDGE('',*,*,#2202,.F.);
#3141=ORIENTED_EDGE('',*,*,#1849,.F.);
#3142=ORIENTED_EDGE('',*,*,#1853,.F.);
#3143=ORIENTED_EDGE('',*,*,#2199,.F.);
#3144=ORIENTED_EDGE('',*,*,#1871,.F.);
#3145=ORIENTED_EDGE('',*,*,#1875,.F.);
#3146=ORIENTED_EDGE('',*,*,#2194,.F.);
#3147=ORIENTED_EDGE('',*,*,#1881,.F.);
#3148=ORIENTED_EDGE('',*,*,#1885,.F.);
#3149=ORIENTED_EDGE('',*,*,#2193,.F.);
#3150=ORIENTED_EDGE('',*,*,#1919,.F.);
#3151=ORIENTED_EDGE('',*,*,#1923,.F.);
#3152=ORIENTED_EDGE('',*,*,#2187,.F.);
#3153=ORIENTED_EDGE('',*,*,#1945,.F.);
#3154=ORIENTED_EDGE('',*,*,#1949,.F.);
#3155=ORIENTED_EDGE('',*,*,#2184,.F.);
#3156=ORIENTED_EDGE('',*,*,#1967,.F.);
#3157=ORIENTED_EDGE('',*,*,#1971,.F.);
#3158=ORIENTED_EDGE('',*,*,#2208,.F.);
#3159=ORIENTED_EDGE('',*,*,#1929,.F.);
#3160=ORIENTED_EDGE('',*,*,#1933,.F.);
#3161=ORIENTED_EDGE('',*,*,#2207,.F.);
#3162=ORIENTED_EDGE('',*,*,#1903,.F.);
#3163=ORIENTED_EDGE('',*,*,#1907,.F.);
#3164=ORIENTED_EDGE('',*,*,#1977,.T.);
#3165=ORIENTED_EDGE('',*,*,#2225,.T.);
#3166=ORIENTED_EDGE('',*,*,#2226,.T.);
#3167=ORIENTED_EDGE('',*,*,#2227,.T.);
#3168=ORIENTED_EDGE('',*,*,#2228,.T.);
#3169=ORIENTED_EDGE('',*,*,#2229,.T.);
#3170=ORIENTED_EDGE('',*,*,#2230,.T.);
#3171=ORIENTED_EDGE('',*,*,#2231,.T.);
#3172=ORIENTED_EDGE('',*,*,#2232,.T.);
#3173=ORIENTED_EDGE('',*,*,#2233,.T.);
#3174=ORIENTED_EDGE('',*,*,#2234,.T.);
#3175=ORIENTED_EDGE('',*,*,#2235,.T.);
#3176=ORIENTED_EDGE('',*,*,#2236,.T.);
#3177=ORIENTED_EDGE('',*,*,#2237,.T.);
#3178=ORIENTED_EDGE('',*,*,#2238,.T.);
#3179=ORIENTED_EDGE('',*,*,#2239,.T.);
#3180=ORIENTED_EDGE('',*,*,#2240,.T.);
#3181=ORIENTED_EDGE('',*,*,#2241,.T.);
#3182=ORIENTED_EDGE('',*,*,#2242,.T.);
#3183=ORIENTED_EDGE('',*,*,#2243,.T.);
#3184=ORIENTED_EDGE('',*,*,#2244,.T.);
#3185=ORIENTED_EDGE('',*,*,#2245,.T.);
#3186=ORIENTED_EDGE('',*,*,#2246,.T.);
#3187=ORIENTED_EDGE('',*,*,#2247,.T.);
#3188=ORIENTED_EDGE('',*,*,#2248,.T.);
#3189=ORIENTED_EDGE('',*,*,#2249,.T.);
#3190=ORIENTED_EDGE('',*,*,#2250,.T.);
#3191=ORIENTED_EDGE('',*,*,#2251,.T.);
#3192=ORIENTED_EDGE('',*,*,#2252,.T.);
#3193=ORIENTED_EDGE('',*,*,#2253,.T.);
#3194=ORIENTED_EDGE('',*,*,#2254,.T.);
#3195=ORIENTED_EDGE('',*,*,#2255,.T.);
#3196=ORIENTED_EDGE('',*,*,#2256,.T.);
#3197=ORIENTED_EDGE('',*,*,#2257,.T.);
#3198=ORIENTED_EDGE('',*,*,#2258,.T.);
#3199=ORIENTED_EDGE('',*,*,#2259,.T.);
#3200=ORIENTED_EDGE('',*,*,#2260,.T.);
#3201=ORIENTED_EDGE('',*,*,#2261,.T.);
#3202=ORIENTED_EDGE('',*,*,#2262,.T.);
#3203=ORIENTED_EDGE('',*,*,#2263,.T.);
#3204=ORIENTED_EDGE('',*,*,#2264,.T.);
#3205=ORIENTED_EDGE('',*,*,#2265,.F.);
#3206=ORIENTED_EDGE('',*,*,#2266,.T.);
#3207=ORIENTED_EDGE('',*,*,#2267,.T.);
#3208=ORIENTED_EDGE('',*,*,#2268,.T.);
#3209=ORIENTED_EDGE('',*,*,#2269,.F.);
#3210=ORIENTED_EDGE('',*,*,#2270,.F.);
#3211=ORIENTED_EDGE('',*,*,#2271,.F.);
#3212=ORIENTED_EDGE('',*,*,#2272,.F.);
#3213=ORIENTED_EDGE('',*,*,#2076,.F.);
#3214=ORIENTED_EDGE('',*,*,#2079,.F.);
#3215=ORIENTED_EDGE('',*,*,#2081,.F.);
#3216=ORIENTED_EDGE('',*,*,#2083,.F.);
#3217=ORIENTED_EDGE('',*,*,#2085,.F.);
#3218=ORIENTED_EDGE('',*,*,#2273,.F.);
#3219=ORIENTED_EDGE('',*,*,#1975,.T.);
#3220=ORIENTED_EDGE('',*,*,#2274,.T.);
#3221=ORIENTED_EDGE('',*,*,#2275,.T.);
#3222=ORIENTED_EDGE('',*,*,#2276,.T.);
#3223=ORIENTED_EDGE('',*,*,#2277,.T.);
#3224=ORIENTED_EDGE('',*,*,#2278,.T.);
#3225=ORIENTED_EDGE('',*,*,#2279,.T.);
#3226=ORIENTED_EDGE('',*,*,#2280,.T.);
#3227=ORIENTED_EDGE('',*,*,#2281,.T.);
#3228=ORIENTED_EDGE('',*,*,#2282,.T.);
#3229=ORIENTED_EDGE('',*,*,#2283,.T.);
#3230=ORIENTED_EDGE('',*,*,#2284,.T.);
#3231=ORIENTED_EDGE('',*,*,#2285,.T.);
#3232=ORIENTED_EDGE('',*,*,#2286,.T.);
#3233=ORIENTED_EDGE('',*,*,#2287,.T.);
#3234=ORIENTED_EDGE('',*,*,#2288,.T.);
#3235=ORIENTED_EDGE('',*,*,#2289,.T.);
#3236=ORIENTED_EDGE('',*,*,#2290,.T.);
#3237=ORIENTED_EDGE('',*,*,#2291,.T.);
#3238=ORIENTED_EDGE('',*,*,#2292,.T.);
#3239=ORIENTED_EDGE('',*,*,#2293,.T.);
#3240=ORIENTED_EDGE('',*,*,#2294,.T.);
#3241=ORIENTED_EDGE('',*,*,#2295,.T.);
#3242=ORIENTED_EDGE('',*,*,#2296,.T.);
#3243=ORIENTED_EDGE('',*,*,#2297,.T.);
#3244=ORIENTED_EDGE('',*,*,#2298,.T.);
#3245=ORIENTED_EDGE('',*,*,#2299,.T.);
#3246=ORIENTED_EDGE('',*,*,#2300,.T.);
#3247=ORIENTED_EDGE('',*,*,#2301,.T.);
#3248=ORIENTED_EDGE('',*,*,#2302,.T.);
#3249=ORIENTED_EDGE('',*,*,#2303,.T.);
#3250=ORIENTED_EDGE('',*,*,#2304,.T.);
#3251=ORIENTED_EDGE('',*,*,#2305,.T.);
#3252=ORIENTED_EDGE('',*,*,#2306,.T.);
#3253=ORIENTED_EDGE('',*,*,#2307,.T.);
#3254=ORIENTED_EDGE('',*,*,#2308,.T.);
#3255=ORIENTED_EDGE('',*,*,#2309,.T.);
#3256=ORIENTED_EDGE('',*,*,#2310,.T.);
#3257=ORIENTED_EDGE('',*,*,#2311,.T.);
#3258=ORIENTED_EDGE('',*,*,#2312,.T.);
#3259=ORIENTED_EDGE('',*,*,#2313,.T.);
#3260=ORIENTED_EDGE('',*,*,#2267,.F.);
#3261=ORIENTED_EDGE('',*,*,#2314,.F.);
#3262=ORIENTED_EDGE('',*,*,#2222,.F.);
#3263=ORIENTED_EDGE('',*,*,#2315,.T.);
#3264=ORIENTED_EDGE('',*,*,#2261,.F.);
#3265=ORIENTED_EDGE('',*,*,#2316,.F.);
#3266=ORIENTED_EDGE('',*,*,#2310,.F.);
#3267=ORIENTED_EDGE('',*,*,#2317,.T.);
#3268=ORIENTED_EDGE('',*,*,#2262,.F.);
#3269=ORIENTED_EDGE('',*,*,#2317,.F.);
#3270=ORIENTED_EDGE('',*,*,#2309,.F.);
#3271=ORIENTED_EDGE('',*,*,#2318,.T.);
#3272=ORIENTED_EDGE('',*,*,#2263,.F.);
#3273=ORIENTED_EDGE('',*,*,#2318,.F.);
#3274=ORIENTED_EDGE('',*,*,#2308,.F.);
#3275=ORIENTED_EDGE('',*,*,#2319,.T.);
#3276=ORIENTED_EDGE('',*,*,#2264,.F.);
#3277=ORIENTED_EDGE('',*,*,#2319,.F.);
#3278=ORIENTED_EDGE('',*,*,#2307,.F.);
#3279=ORIENTED_EDGE('',*,*,#2320,.T.);
#3280=ORIENTED_EDGE('',*,*,#2257,.F.);
#3281=ORIENTED_EDGE('',*,*,#2320,.F.);
#3282=ORIENTED_EDGE('',*,*,#2306,.F.);
#3283=ORIENTED_EDGE('',*,*,#2321,.T.);
#3284=ORIENTED_EDGE('',*,*,#2258,.F.);
#3285=ORIENTED_EDGE('',*,*,#2321,.F.);
#3286=ORIENTED_EDGE('',*,*,#2313,.F.);
#3287=ORIENTED_EDGE('',*,*,#2322,.T.);
#3288=ORIENTED_EDGE('',*,*,#2259,.F.);
#3289=ORIENTED_EDGE('',*,*,#2322,.F.);
#3290=ORIENTED_EDGE('',*,*,#2312,.F.);
#3291=ORIENTED_EDGE('',*,*,#2323,.T.);
#3292=ORIENTED_EDGE('',*,*,#2260,.F.);
#3293=ORIENTED_EDGE('',*,*,#2323,.F.);
#3294=ORIENTED_EDGE('',*,*,#2311,.F.);
#3295=ORIENTED_EDGE('',*,*,#2316,.T.);
#3296=ORIENTED_EDGE('',*,*,#2253,.F.);
#3297=ORIENTED_EDGE('',*,*,#2324,.F.);
#3298=ORIENTED_EDGE('',*,*,#2302,.F.);
#3299=ORIENTED_EDGE('',*,*,#2325,.T.);
#3300=ORIENTED_EDGE('',*,*,#2254,.F.);
#3301=ORIENTED_EDGE('',*,*,#2325,.F.);
#3302=ORIENTED_EDGE('',*,*,#2301,.F.);
#3303=ORIENTED_EDGE('',*,*,#2326,.T.);
#3304=ORIENTED_EDGE('',*,*,#2255,.F.);
#3305=ORIENTED_EDGE('',*,*,#2326,.F.);
#3306=ORIENTED_EDGE('',*,*,#2300,.F.);
#3307=ORIENTED_EDGE('',*,*,#2327,.T.);
#3308=ORIENTED_EDGE('',*,*,#2256,.F.);
#3309=ORIENTED_EDGE('',*,*,#2327,.F.);
#3310=ORIENTED_EDGE('',*,*,#2299,.F.);
#3311=ORIENTED_EDGE('',*,*,#2328,.T.);
#3312=ORIENTED_EDGE('',*,*,#2249,.F.);
#3313=ORIENTED_EDGE('',*,*,#2328,.F.);
#3314=ORIENTED_EDGE('',*,*,#2298,.F.);
#3315=ORIENTED_EDGE('',*,*,#2329,.T.);
#3316=ORIENTED_EDGE('',*,*,#2250,.F.);
#3317=ORIENTED_EDGE('',*,*,#2329,.F.);
#3318=ORIENTED_EDGE('',*,*,#2305,.F.);
#3319=ORIENTED_EDGE('',*,*,#2330,.T.);
#3320=ORIENTED_EDGE('',*,*,#2251,.F.);
#3321=ORIENTED_EDGE('',*,*,#2330,.F.);
#3322=ORIENTED_EDGE('',*,*,#2304,.F.);
#3323=ORIENTED_EDGE('',*,*,#2331,.T.);
#3324=ORIENTED_EDGE('',*,*,#2252,.F.);
#3325=ORIENTED_EDGE('',*,*,#2331,.F.);
#3326=ORIENTED_EDGE('',*,*,#2303,.F.);
#3327=ORIENTED_EDGE('',*,*,#2324,.T.);
#3328=ORIENTED_EDGE('',*,*,#2245,.F.);
#3329=ORIENTED_EDGE('',*,*,#2332,.F.);
#3330=ORIENTED_EDGE('',*,*,#2294,.F.);
#3331=ORIENTED_EDGE('',*,*,#2333,.T.);
#3332=ORIENTED_EDGE('',*,*,#2246,.F.);
#3333=ORIENTED_EDGE('',*,*,#2333,.F.);
#3334=ORIENTED_EDGE('',*,*,#2293,.F.);
#3335=ORIENTED_EDGE('',*,*,#2334,.T.);
#3336=ORIENTED_EDGE('',*,*,#2247,.F.);
#3337=ORIENTED_EDGE('',*,*,#2334,.F.);
#3338=ORIENTED_EDGE('',*,*,#2292,.F.);
#3339=ORIENTED_EDGE('',*,*,#2335,.T.);
#3340=ORIENTED_EDGE('',*,*,#2248,.F.);
#3341=ORIENTED_EDGE('',*,*,#2335,.F.);
#3342=ORIENTED_EDGE('',*,*,#2291,.F.);
#3343=ORIENTED_EDGE('',*,*,#2336,.T.);
#3344=ORIENTED_EDGE('',*,*,#2241,.F.);
#3345=ORIENTED_EDGE('',*,*,#2336,.F.);
#3346=ORIENTED_EDGE('',*,*,#2290,.F.);
#3347=ORIENTED_EDGE('',*,*,#2337,.T.);
#3348=ORIENTED_EDGE('',*,*,#2242,.F.);
#3349=ORIENTED_EDGE('',*,*,#2337,.F.);
#3350=ORIENTED_EDGE('',*,*,#2297,.F.);
#3351=ORIENTED_EDGE('',*,*,#2338,.T.);
#3352=ORIENTED_EDGE('',*,*,#2243,.F.);
#3353=ORIENTED_EDGE('',*,*,#2338,.F.);
#3354=ORIENTED_EDGE('',*,*,#2296,.F.);
#3355=ORIENTED_EDGE('',*,*,#2339,.T.);
#3356=ORIENTED_EDGE('',*,*,#2244,.F.);
#3357=ORIENTED_EDGE('',*,*,#2339,.F.);
#3358=ORIENTED_EDGE('',*,*,#2295,.F.);
#3359=ORIENTED_EDGE('',*,*,#2332,.T.);
#3360=ORIENTED_EDGE('',*,*,#2237,.F.);
#3361=ORIENTED_EDGE('',*,*,#2340,.F.);
#3362=ORIENTED_EDGE('',*,*,#2286,.F.);
#3363=ORIENTED_EDGE('',*,*,#2341,.T.);
#3364=ORIENTED_EDGE('',*,*,#2238,.F.);
#3365=ORIENTED_EDGE('',*,*,#2341,.F.);
#3366=ORIENTED_EDGE('',*,*,#2285,.F.);
#3367=ORIENTED_EDGE('',*,*,#2342,.T.);
#3368=ORIENTED_EDGE('',*,*,#2239,.F.);
#3369=ORIENTED_EDGE('',*,*,#2342,.F.);
#3370=ORIENTED_EDGE('',*,*,#2284,.F.);
#3371=ORIENTED_EDGE('',*,*,#2343,.T.);
#3372=ORIENTED_EDGE('',*,*,#2240,.F.);
#3373=ORIENTED_EDGE('',*,*,#2343,.F.);
#3374=ORIENTED_EDGE('',*,*,#2283,.F.);
#3375=ORIENTED_EDGE('',*,*,#2344,.T.);
#3376=ORIENTED_EDGE('',*,*,#2233,.F.);
#3377=ORIENTED_EDGE('',*,*,#2344,.F.);
#3378=ORIENTED_EDGE('',*,*,#2282,.F.);
#3379=ORIENTED_EDGE('',*,*,#2345,.T.);
#3380=ORIENTED_EDGE('',*,*,#2234,.F.);
#3381=ORIENTED_EDGE('',*,*,#2345,.F.);
#3382=ORIENTED_EDGE('',*,*,#2289,.F.);
#3383=ORIENTED_EDGE('',*,*,#2346,.T.);
#3384=ORIENTED_EDGE('',*,*,#2235,.F.);
#3385=ORIENTED_EDGE('',*,*,#2346,.F.);
#3386=ORIENTED_EDGE('',*,*,#2288,.F.);
#3387=ORIENTED_EDGE('',*,*,#2347,.T.);
#3388=ORIENTED_EDGE('',*,*,#2236,.F.);
#3389=ORIENTED_EDGE('',*,*,#2347,.F.);
#3390=ORIENTED_EDGE('',*,*,#2287,.F.);
#3391=ORIENTED_EDGE('',*,*,#2340,.T.);
#3392=ORIENTED_EDGE('',*,*,#2229,.F.);
#3393=ORIENTED_EDGE('',*,*,#2348,.F.);
#3394=ORIENTED_EDGE('',*,*,#2278,.F.);
#3395=ORIENTED_EDGE('',*,*,#2349,.T.);
#3396=ORIENTED_EDGE('',*,*,#2230,.F.);
#3397=ORIENTED_EDGE('',*,*,#2349,.F.);
#3398=ORIENTED_EDGE('',*,*,#2277,.F.);
#3399=ORIENTED_EDGE('',*,*,#2350,.T.);
#3400=ORIENTED_EDGE('',*,*,#2231,.F.);
#3401=ORIENTED_EDGE('',*,*,#2350,.F.);
#3402=ORIENTED_EDGE('',*,*,#2276,.F.);
#3403=ORIENTED_EDGE('',*,*,#2351,.T.);
#3404=ORIENTED_EDGE('',*,*,#2232,.F.);
#3405=ORIENTED_EDGE('',*,*,#2351,.F.);
#3406=ORIENTED_EDGE('',*,*,#2275,.F.);
#3407=ORIENTED_EDGE('',*,*,#2352,.T.);
#3408=ORIENTED_EDGE('',*,*,#2225,.F.);
#3409=ORIENTED_EDGE('',*,*,#2352,.F.);
#3410=ORIENTED_EDGE('',*,*,#2274,.F.);
#3411=ORIENTED_EDGE('',*,*,#2353,.T.);
#3412=ORIENTED_EDGE('',*,*,#2226,.F.);
#3413=ORIENTED_EDGE('',*,*,#2353,.F.);
#3414=ORIENTED_EDGE('',*,*,#2281,.F.);
#3415=ORIENTED_EDGE('',*,*,#2354,.T.);
#3416=ORIENTED_EDGE('',*,*,#2227,.F.);
#3417=ORIENTED_EDGE('',*,*,#2354,.F.);
#3418=ORIENTED_EDGE('',*,*,#2280,.F.);
#3419=ORIENTED_EDGE('',*,*,#2355,.T.);
#3420=ORIENTED_EDGE('',*,*,#2228,.F.);
#3421=ORIENTED_EDGE('',*,*,#2355,.F.);
#3422=ORIENTED_EDGE('',*,*,#2279,.F.);
#3423=ORIENTED_EDGE('',*,*,#2348,.T.);
#3424=ORIENTED_EDGE('',*,*,#2018,.T.);
#3425=ORIENTED_EDGE('',*,*,#2356,.T.);
#3426=ORIENTED_EDGE('',*,*,#2273,.T.);
#3427=ORIENTED_EDGE('',*,*,#2084,.T.);
#3428=ORIENTED_EDGE('',*,*,#2027,.T.);
#3429=ORIENTED_EDGE('',*,*,#2357,.F.);
#3430=ORIENTED_EDGE('',*,*,#2269,.T.);
#3431=ORIENTED_EDGE('',*,*,#2358,.T.);
#3432=ORIENTED_EDGE('',*,*,#2359,.T.);
#3433=ORIENTED_EDGE('',*,*,#2210,.T.);
#3434=ORIENTED_EDGE('',*,*,#2215,.T.);
#3435=ORIENTED_EDGE('',*,*,#2219,.T.);
#3436=ORIENTED_EDGE('',*,*,#2360,.T.);
#3437=ORIENTED_EDGE('',*,*,#2361,.T.);
#3438=ORIENTED_EDGE('',*,*,#2265,.T.);
#3439=ORIENTED_EDGE('',*,*,#2356,.F.);
#3440=ORIENTED_EDGE('',*,*,#2026,.T.);
#3441=ORIENTED_EDGE('',*,*,#2362,.F.);
#3442=ORIENTED_EDGE('',*,*,#2270,.T.);
#3443=ORIENTED_EDGE('',*,*,#2357,.T.);
#3444=ORIENTED_EDGE('',*,*,#2025,.T.);
#3445=ORIENTED_EDGE('',*,*,#2363,.F.);
#3446=ORIENTED_EDGE('',*,*,#2271,.T.);
#3447=ORIENTED_EDGE('',*,*,#2362,.T.);
#3448=ORIENTED_EDGE('',*,*,#2024,.T.);
#3449=ORIENTED_EDGE('',*,*,#2077,.F.);
#3450=ORIENTED_EDGE('',*,*,#2272,.T.);
#3451=ORIENTED_EDGE('',*,*,#2363,.T.);
#3452=ORIENTED_EDGE('',*,*,#2211,.T.);
#3453=ORIENTED_EDGE('',*,*,#2359,.F.);
#3454=ORIENTED_EDGE('',*,*,#2364,.F.);
#3455=ORIENTED_EDGE('',*,*,#2365,.F.);
#3456=ORIENTED_EDGE('',*,*,#2218,.T.);
#3457=ORIENTED_EDGE('',*,*,#2366,.F.);
#3458=ORIENTED_EDGE('',*,*,#2367,.F.);
#3459=ORIENTED_EDGE('',*,*,#2360,.F.);
#3460=ORIENTED_EDGE('',*,*,#2212,.T.);
#3461=ORIENTED_EDGE('',*,*,#2365,.T.);
#3462=ORIENTED_EDGE('',*,*,#2368,.F.);
#3463=ORIENTED_EDGE('',*,*,#2220,.F.);
#3464=ORIENTED_EDGE('',*,*,#2217,.T.);
#3465=ORIENTED_EDGE('',*,*,#2224,.F.);
#3466=ORIENTED_EDGE('',*,*,#2369,.T.);
#3467=ORIENTED_EDGE('',*,*,#2366,.T.);
#3468=ORIENTED_EDGE('',*,*,#2361,.F.);
#3469=ORIENTED_EDGE('',*,*,#2367,.T.);
#3470=ORIENTED_EDGE('',*,*,#2369,.F.);
#3471=ORIENTED_EDGE('',*,*,#2223,.F.);
#3472=ORIENTED_EDGE('',*,*,#2314,.T.);
#3473=ORIENTED_EDGE('',*,*,#2266,.F.);
#3474=ORIENTED_EDGE('',*,*,#2358,.F.);
#3475=ORIENTED_EDGE('',*,*,#2268,.F.);
#3476=ORIENTED_EDGE('',*,*,#2315,.F.);
#3477=ORIENTED_EDGE('',*,*,#2221,.F.);
#3478=ORIENTED_EDGE('',*,*,#2368,.T.);
#3479=ORIENTED_EDGE('',*,*,#2364,.T.);
#3480=B_SPLINE_SURFACE_WITH_KNOTS('',3,3,((#5100,#5101,#5102,#5103,#5104,
#5105),(#5106,#5107,#5108,#5109,#5110,#5111),(#5112,#5113,#5114,#5115,#5116,
#5117),(#5118,#5119,#5120,#5121,#5122,#5123),(#5124,#5125,#5126,#5127,#5128,
#5129),(#5130,#5131,#5132,#5133,#5134,#5135)),.UNSPECIFIED.,.F.,.F.,.F.,
(4,1,1,4),(4,1,1,4),(0.,0.333333333333333,0.666666666666667,1.),(0.,0.333333333333333,
0.666666666666667,1.),.UNSPECIFIED.);
#3481=B_SPLINE_SURFACE_WITH_KNOTS('',3,3,((#5154,#5155,#5156,#5157,#5158,
#5159),(#5160,#5161,#5162,#5163,#5164,#5165),(#5166,#5167,#5168,#5169,#5170,
#5171),(#5172,#5173,#5174,#5175,#5176,#5177),(#5178,#5179,#5180,#5181,#5182,
#5183),(#5184,#5185,#5186,#5187,#5188,#5189)),.UNSPECIFIED.,.F.,.F.,.F.,
(4,1,1,4),(4,1,1,4),(0.,0.333333333333333,0.666666666666667,1.),(0.,0.333333333333333,
0.666666666666667,1.),.UNSPECIFIED.);
#3482=B_SPLINE_SURFACE_WITH_KNOTS('',3,3,((#5200,#5201,#5202,#5203,#5204,
#5205),(#5206,#5207,#5208,#5209,#5210,#5211),(#5212,#5213,#5214,#5215,#5216,
#5217),(#5218,#5219,#5220,#5221,#5222,#5223),(#5224,#5225,#5226,#5227,#5228,
#5229),(#5230,#5231,#5232,#5233,#5234,#5235)),.UNSPECIFIED.,.F.,.F.,.F.,
(4,1,1,4),(4,1,1,4),(0.,0.333333333333333,0.666666666666667,1.),(0.,0.333333333333333,
0.666666666666667,1.),.UNSPECIFIED.);
#3483=B_SPLINE_SURFACE_WITH_KNOTS('',3,3,((#5246,#5247,#5248,#5249,#5250,
#5251),(#5252,#5253,#5254,#5255,#5256,#5257),(#5258,#5259,#5260,#5261,#5262,
#5263),(#5264,#5265,#5266,#5267,#5268,#5269),(#5270,#5271,#5272,#5273,#5274,
#5275),(#5276,#5277,#5278,#5279,#5280,#5281)),.UNSPECIFIED.,.F.,.F.,.F.,
(4,1,1,4),(4,1,1,4),(0.,0.333333333333333,0.666666666666667,1.),(0.,0.333333333333333,
0.666666666666667,1.),.UNSPECIFIED.);
#3484=B_SPLINE_SURFACE_WITH_KNOTS('',3,3,((#5292,#5293,#5294,#5295,#5296,
#5297),(#5298,#5299,#5300,#5301,#5302,#5303),(#5304,#5305,#5306,#5307,#5308,
#5309),(#5310,#5311,#5312,#5313,#5314,#5315),(#5316,#5317,#5318,#5319,#5320,
#5321),(#5322,#5323,#5324,#5325,#5326,#5327)),.UNSPECIFIED.,.F.,.F.,.F.,
(4,1,1,4),(4,1,1,4),(0.,0.333333333333333,0.666666666666667,1.),(0.,0.333333333333333,
0.666666666666667,1.),.UNSPECIFIED.);
#3485=B_SPLINE_SURFACE_WITH_KNOTS('',3,3,((#5338,#5339,#5340,#5341,#5342,
#5343),(#5344,#5345,#5346,#5347,#5348,#5349),(#5350,#5351,#5352,#5353,#5354,
#5355),(#5356,#5357,#5358,#5359,#5360,#5361),(#5362,#5363,#5364,#5365,#5366,
#5367),(#5368,#5369,#5370,#5371,#5372,#5373)),.UNSPECIFIED.,.F.,.F.,.F.,
(4,1,1,4),(4,1,1,4),(0.,0.333333333333333,0.666666666666667,1.),(0.,0.333333333333333,
0.666666666666667,1.),.UNSPECIFIED.);
#3486=B_SPLINE_SURFACE_WITH_KNOTS('',3,3,((#5392,#5393,#5394,#5395,#5396,
#5397),(#5398,#5399,#5400,#5401,#5402,#5403),(#5404,#5405,#5406,#5407,#5408,
#5409),(#5410,#5411,#5412,#5413,#5414,#5415),(#5416,#5417,#5418,#5419,#5420,
#5421),(#5422,#5423,#5424,#5425,#5426,#5427)),.UNSPECIFIED.,.F.,.F.,.F.,
(4,1,1,4),(4,1,1,4),(0.,0.333333333333333,0.666666666666667,1.),(0.,0.333333333333333,
0.666666666666667,1.),.UNSPECIFIED.);
#3487=B_SPLINE_SURFACE_WITH_KNOTS('',3,3,((#5438,#5439,#5440,#5441,#5442,
#5443),(#5444,#5445,#5446,#5447,#5448,#5449),(#5450,#5451,#5452,#5453,#5454,
#5455),(#5456,#5457,#5458,#5459,#5460,#5461),(#5462,#5463,#5464,#5465,#5466,
#5467),(#5468,#5469,#5470,#5471,#5472,#5473)),.UNSPECIFIED.,.F.,.F.,.F.,
(4,1,1,4),(4,1,1,4),(0.,0.333333333333333,0.666666666666667,1.),(0.,0.333333333333333,
0.666666666666667,1.),.UNSPECIFIED.);
#3488=B_SPLINE_SURFACE_WITH_KNOTS('',3,3,((#5484,#5485,#5486,#5487,#5488,
#5489),(#5490,#5491,#5492,#5493,#5494,#5495),(#5496,#5497,#5498,#5499,#5500,
#5501),(#5502,#5503,#5504,#5505,#5506,#5507),(#5508,#5509,#5510,#5511,#5512,
#5513),(#5514,#5515,#5516,#5517,#5518,#5519)),.UNSPECIFIED.,.F.,.F.,.F.,
(4,1,1,4),(4,1,1,4),(0.,0.333333333333333,0.666666666666667,1.),(0.,0.333333333333333,
0.666666666666667,1.),.UNSPECIFIED.);
#3489=B_SPLINE_SURFACE_WITH_KNOTS('',3,3,((#5530,#5531,#5532,#5533,#5534,
#5535),(#5536,#5537,#5538,#5539,#5540,#5541),(#5542,#5543,#5544,#5545,#5546,
#5547),(#5548,#5549,#5550,#5551,#5552,#5553),(#5554,#5555,#5556,#5557,#5558,
#5559),(#5560,#5561,#5562,#5563,#5564,#5565)),.UNSPECIFIED.,.F.,.F.,.F.,
(4,1,1,4),(4,1,1,4),(0.,0.333333333333333,0.666666666666667,1.),(0.,0.333333333333333,
0.666666666666667,1.),.UNSPECIFIED.);
#3490=B_SPLINE_SURFACE_WITH_KNOTS('',3,3,((#5576,#5577,#5578,#5579,#5580,
#5581),(#5582,#5583,#5584,#5585,#5586,#5587),(#5588,#5589,#5590,#5591,#5592,
#5593),(#5594,#5595,#5596,#5597,#5598,#5599),(#5600,#5601,#5602,#5603,#5604,
#5605),(#5606,#5607,#5608,#5609,#5610,#5611)),.UNSPECIFIED.,.F.,.F.,.F.,
(4,1,1,4),(4,1,1,4),(0.,0.333333333333333,0.666666666666667,1.),(0.,0.333333333333333,
0.666666666666667,1.),.UNSPECIFIED.);
#3491=B_SPLINE_SURFACE_WITH_KNOTS('',3,3,((#5630,#5631,#5632,#5633,#5634,
#5635),(#5636,#5637,#5638,#5639,#5640,#5641),(#5642,#5643,#5644,#5645,#5646,
#5647),(#5648,#5649,#5650,#5651,#5652,#5653),(#5654,#5655,#5656,#5657,#5658,
#5659),(#5660,#5661,#5662,#5663,#5664,#5665)),.UNSPECIFIED.,.F.,.F.,.F.,
(4,1,1,4),(4,1,1,4),(0.,0.333333333333333,0.666666666666667,1.),(0.,0.333333333333333,
0.666666666666667,1.),.UNSPECIFIED.);
#3492=B_SPLINE_SURFACE_WITH_KNOTS('',3,3,((#5676,#5677,#5678,#5679,#5680,
#5681),(#5682,#5683,#5684,#5685,#5686,#5687),(#5688,#5689,#5690,#5691,#5692,
#5693),(#5694,#5695,#5696,#5697,#5698,#5699),(#5700,#5701,#5702,#5703,#5704,
#5705),(#5706,#5707,#5708,#5709,#5710,#5711)),.UNSPECIFIED.,.F.,.F.,.F.,
(4,1,1,4),(4,1,1,4),(0.,0.333333333333333,0.666666666666667,1.),(0.,0.333333333333333,
0.666666666666667,1.),.UNSPECIFIED.);
#3493=B_SPLINE_SURFACE_WITH_KNOTS('',3,3,((#5722,#5723,#5724,#5725,#5726,
#5727),(#5728,#5729,#5730,#5731,#5732,#5733),(#5734,#5735,#5736,#5737,#5738,
#5739),(#5740,#5741,#5742,#5743,#5744,#5745),(#5746,#5747,#5748,#5749,#5750,
#5751),(#5752,#5753,#5754,#5755,#5756,#5757)),.UNSPECIFIED.,.F.,.F.,.F.,
(4,1,1,4),(4,1,1,4),(0.,0.333333333333333,0.666666666666667,1.),(0.,0.333333333333333,
0.666666666666667,1.),.UNSPECIFIED.);
#3494=B_SPLINE_SURFACE_WITH_KNOTS('',3,3,((#5768,#5769,#5770,#5771,#5772,
#5773),(#5774,#5775,#5776,#5777,#5778,#5779),(#5780,#5781,#5782,#5783,#5784,
#5785),(#5786,#5787,#5788,#5789,#5790,#5791),(#5792,#5793,#5794,#5795,#5796,
#5797),(#5798,#5799,#5800,#5801,#5802,#5803)),.UNSPECIFIED.,.F.,.F.,.F.,
(4,1,1,4),(4,1,1,4),(0.,0.333333333333333,0.666666666666667,1.),(0.,0.333333333333333,
0.666666666666667,1.),.UNSPECIFIED.);
#3495=B_SPLINE_SURFACE_WITH_KNOTS('',3,3,((#5814,#5815,#5816,#5817,#5818,
#5819),(#5820,#5821,#5822,#5823,#5824,#5825),(#5826,#5827,#5828,#5829,#5830,
#5831),(#5832,#5833,#5834,#5835,#5836,#5837),(#5838,#5839,#5840,#5841,#5842,
#5843),(#5844,#5845,#5846,#5847,#5848,#5849)),.UNSPECIFIED.,.F.,.F.,.F.,
(4,1,1,4),(4,1,1,4),(0.,0.333333333333333,0.666666666666667,1.),(0.,0.333333333333333,
0.666666666666667,1.),.UNSPECIFIED.);
#3496=B_SPLINE_SURFACE_WITH_KNOTS('',3,3,((#5868,#5869,#5870,#5871,#5872,
#5873),(#5874,#5875,#5876,#5877,#5878,#5879),(#5880,#5881,#5882,#5883,#5884,
#5885),(#5886,#5887,#5888,#5889,#5890,#5891),(#5892,#5893,#5894,#5895,#5896,
#5897),(#5898,#5899,#5900,#5901,#5902,#5903)),.UNSPECIFIED.,.F.,.F.,.F.,
(4,1,1,4),(4,1,1,4),(0.,0.333333333333333,0.666666666666667,1.),(0.,0.333333333333333,
0.666666666666667,1.),.UNSPECIFIED.);
#3497=B_SPLINE_SURFACE_WITH_KNOTS('',3,3,((#5914,#5915,#5916,#5917,#5918,
#5919),(#5920,#5921,#5922,#5923,#5924,#5925),(#5926,#5927,#5928,#5929,#5930,
#5931),(#5932,#5933,#5934,#5935,#5936,#5937),(#5938,#5939,#5940,#5941,#5942,
#5943),(#5944,#5945,#5946,#5947,#5948,#5949)),.UNSPECIFIED.,.F.,.F.,.F.,
(4,1,1,4),(4,1,1,4),(0.,0.333333333333333,0.666666666666667,1.),(0.,0.333333333333333,
0.666666666666667,1.),.UNSPECIFIED.);
#3498=B_SPLINE_SURFACE_WITH_KNOTS('',3,3,((#5960,#5961,#5962,#5963,#5964,
#5965),(#5966,#5967,#5968,#5969,#5970,#5971),(#5972,#5973,#5974,#5975,#5976,
#5977),(#5978,#5979,#5980,#5981,#5982,#5983),(#5984,#5985,#5986,#5987,#5988,
#5989),(#5990,#5991,#5992,#5993,#5994,#5995)),.UNSPECIFIED.,.F.,.F.,.F.,
(4,1,1,4),(4,1,1,4),(0.,0.333333333333333,0.666666666666667,1.),(0.,0.333333333333333,
0.666666666666667,1.),.UNSPECIFIED.);
#3499=B_SPLINE_SURFACE_WITH_KNOTS('',3,3,((#6006,#6007,#6008,#6009,#6010,
#6011),(#6012,#6013,#6014,#6015,#6016,#6017),(#6018,#6019,#6020,#6021,#6022,
#6023),(#6024,#6025,#6026,#6027,#6028,#6029),(#6030,#6031,#6032,#6033,#6034,
#6035),(#6036,#6037,#6038,#6039,#6040,#6041)),.UNSPECIFIED.,.F.,.F.,.F.,
(4,1,1,4),(4,1,1,4),(0.,0.333333333333333,0.666666666666667,1.),(0.,0.333333333333333,
0.666666666666667,1.),.UNSPECIFIED.);
#3500=B_SPLINE_SURFACE_WITH_KNOTS('',3,3,((#6052,#6053,#6054,#6055,#6056,
#6057),(#6058,#6059,#6060,#6061,#6062,#6063),(#6064,#6065,#6066,#6067,#6068,
#6069),(#6070,#6071,#6072,#6073,#6074,#6075),(#6076,#6077,#6078,#6079,#6080,
#6081),(#6082,#6083,#6084,#6085,#6086,#6087)),.UNSPECIFIED.,.F.,.F.,.F.,
(4,1,1,4),(4,1,1,4),(0.,0.333333333333333,0.666666666666667,1.),(0.,0.333333333333333,
0.666666666666667,1.),.UNSPECIFIED.);
#3501=B_SPLINE_SURFACE_WITH_KNOTS('',3,3,((#6106,#6107,#6108,#6109,#6110,
#6111),(#6112,#6113,#6114,#6115,#6116,#6117),(#6118,#6119,#6120,#6121,#6122,
#6123),(#6124,#6125,#6126,#6127,#6128,#6129),(#6130,#6131,#6132,#6133,#6134,
#6135),(#6136,#6137,#6138,#6139,#6140,#6141)),.UNSPECIFIED.,.F.,.F.,.F.,
(4,1,1,4),(4,1,1,4),(0.,0.333333333333333,0.666666666666667,1.),(0.,0.333333333333333,
0.666666666666667,1.),.UNSPECIFIED.);
#3502=B_SPLINE_SURFACE_WITH_KNOTS('',3,3,((#6152,#6153,#6154,#6155,#6156,
#6157),(#6158,#6159,#6160,#6161,#6162,#6163),(#6164,#6165,#6166,#6167,#6168,
#6169),(#6170,#6171,#6172,#6173,#6174,#6175),(#6176,#6177,#6178,#6179,#6180,
#6181),(#6182,#6183,#6184,#6185,#6186,#6187)),.UNSPECIFIED.,.F.,.F.,.F.,
(4,1,1,4),(4,1,1,4),(0.,0.333333333333333,0.666666666666667,1.),(0.,0.333333333333333,
0.666666666666667,1.),.UNSPECIFIED.);
#3503=B_SPLINE_SURFACE_WITH_KNOTS('',3,3,((#6198,#6199,#6200,#6201,#6202,
#6203),(#6204,#6205,#6206,#6207,#6208,#6209),(#6210,#6211,#6212,#6213,#6214,
#6215),(#6216,#6217,#6218,#6219,#6220,#6221),(#6222,#6223,#6224,#6225,#6226,
#6227),(#6228,#6229,#6230,#6231,#6232,#6233)),.UNSPECIFIED.,.F.,.F.,.F.,
(4,1,1,4),(4,1,1,4),(0.,0.333333333333333,0.666666666666667,1.),(0.,0.333333333333333,
0.666666666666667,1.),.UNSPECIFIED.);
#3504=B_SPLINE_SURFACE_WITH_KNOTS('',3,3,((#6244,#6245,#6246,#6247,#6248,
#6249),(#6250,#6251,#6252,#6253,#6254,#6255),(#6256,#6257,#6258,#6259,#6260,
#6261),(#6262,#6263,#6264,#6265,#6266,#6267),(#6268,#6269,#6270,#6271,#6272,
#6273),(#6274,#6275,#6276,#6277,#6278,#6279)),.UNSPECIFIED.,.F.,.F.,.F.,
(4,1,1,4),(4,1,1,4),(0.,0.333333333333333,0.666666666666667,1.),(0.,0.333333333333333,
0.666666666666667,1.),.UNSPECIFIED.);
#3505=B_SPLINE_SURFACE_WITH_KNOTS('',3,3,((#6290,#6291,#6292,#6293,#6294,
#6295),(#6296,#6297,#6298,#6299,#6300,#6301),(#6302,#6303,#6304,#6305,#6306,
#6307),(#6308,#6309,#6310,#6311,#6312,#6313),(#6314,#6315,#6316,#6317,#6318,
#6319),(#6320,#6321,#6322,#6323,#6324,#6325)),.UNSPECIFIED.,.F.,.F.,.F.,
(4,1,1,4),(4,1,1,4),(0.,0.333333333333333,0.666666666666667,1.),(0.,0.333333333333333,
0.666666666666667,1.),.UNSPECIFIED.);
#3506=B_SPLINE_SURFACE_WITH_KNOTS('',3,3,((#6344,#6345,#6346,#6347,#6348,
#6349),(#6350,#6351,#6352,#6353,#6354,#6355),(#6356,#6357,#6358,#6359,#6360,
#6361),(#6362,#6363,#6364,#6365,#6366,#6367),(#6368,#6369,#6370,#6371,#6372,
#6373),(#6374,#6375,#6376,#6377,#6378,#6379)),.UNSPECIFIED.,.F.,.F.,.F.,
(4,1,1,4),(4,1,1,4),(0.,0.333333333333333,0.666666666666667,1.),(0.,0.333333333333333,
0.666666666666667,1.),.UNSPECIFIED.);
#3507=B_SPLINE_SURFACE_WITH_KNOTS('',3,3,((#6390,#6391,#6392,#6393,#6394,
#6395),(#6396,#6397,#6398,#6399,#6400,#6401),(#6402,#6403,#6404,#6405,#6406,
#6407),(#6408,#6409,#6410,#6411,#6412,#6413),(#6414,#6415,#6416,#6417,#6418,
#6419),(#6420,#6421,#6422,#6423,#6424,#6425)),.UNSPECIFIED.,.F.,.F.,.F.,
(4,1,1,4),(4,1,1,4),(0.,0.333333333333333,0.666666666666667,1.),(0.,0.333333333333333,
0.666666666666667,1.),.UNSPECIFIED.);
#3508=B_SPLINE_SURFACE_WITH_KNOTS('',3,3,((#6436,#6437,#6438,#6439,#6440,
#6441),(#6442,#6443,#6444,#6445,#6446,#6447),(#6448,#6449,#6450,#6451,#6452,
#6453),(#6454,#6455,#6456,#6457,#6458,#6459),(#6460,#6461,#6462,#6463,#6464,
#6465),(#6466,#6467,#6468,#6469,#6470,#6471)),.UNSPECIFIED.,.F.,.F.,.F.,
(4,1,1,4),(4,1,1,4),(0.,0.333333333333333,0.666666666666667,1.),(0.,0.333333333333333,
0.666666666666667,1.),.UNSPECIFIED.);
#3509=B_SPLINE_SURFACE_WITH_KNOTS('',3,3,((#6482,#6483,#6484,#6485,#6486,
#6487),(#6488,#6489,#6490,#6491,#6492,#6493),(#6494,#6495,#6496,#6497,#6498,
#6499),(#6500,#6501,#6502,#6503,#6504,#6505),(#6506,#6507,#6508,#6509,#6510,
#6511),(#6512,#6513,#6514,#6515,#6516,#6517)),.UNSPECIFIED.,.F.,.F.,.F.,
(4,1,1,4),(4,1,1,4),(0.,0.333333333333333,0.666666666666667,1.),(0.,0.333333333333333,
0.666666666666667,1.),.UNSPECIFIED.);
#3510=B_SPLINE_SURFACE_WITH_KNOTS('',3,3,((#6528,#6529,#6530,#6531,#6532,
#6533),(#6534,#6535,#6536,#6537,#6538,#6539),(#6540,#6541,#6542,#6543,#6544,
#6545),(#6546,#6547,#6548,#6549,#6550,#6551),(#6552,#6553,#6554,#6555,#6556,
#6557),(#6558,#6559,#6560,#6561,#6562,#6563)),.UNSPECIFIED.,.F.,.F.,.F.,
(4,1,1,4),(4,1,1,4),(0.,0.333333333333333,0.666666666666667,1.),(0.,0.333333333333333,
0.666666666666667,1.),.UNSPECIFIED.);
#3511=B_SPLINE_SURFACE_WITH_KNOTS('',3,3,((#6582,#6583,#6584,#6585,#6586,
#6587),(#6588,#6589,#6590,#6591,#6592,#6593),(#6594,#6595,#6596,#6597,#6598,
#6599),(#6600,#6601,#6602,#6603,#6604,#6605),(#6606,#6607,#6608,#6609,#6610,
#6611),(#6612,#6613,#6614,#6615,#6616,#6617)),.UNSPECIFIED.,.F.,.F.,.F.,
(4,1,1,4),(4,1,1,4),(0.,0.333333333333333,0.666666666666667,1.),(0.,0.333333333333333,
0.666666666666667,1.),.UNSPECIFIED.);
#3512=B_SPLINE_SURFACE_WITH_KNOTS('',3,3,((#6628,#6629,#6630,#6631,#6632,
#6633),(#6634,#6635,#6636,#6637,#6638,#6639),(#6640,#6641,#6642,#6643,#6644,
#6645),(#6646,#6647,#6648,#6649,#6650,#6651),(#6652,#6653,#6654,#6655,#6656,
#6657),(#6658,#6659,#6660,#6661,#6662,#6663)),.UNSPECIFIED.,.F.,.F.,.F.,
(4,1,1,4),(4,1,1,4),(0.,0.333333333333333,0.666666666666667,1.),(0.,0.333333333333333,
0.666666666666667,1.),.UNSPECIFIED.);
#3513=B_SPLINE_SURFACE_WITH_KNOTS('',3,3,((#6674,#6675,#6676,#6677,#6678,
#6679),(#6680,#6681,#6682,#6683,#6684,#6685),(#6686,#6687,#6688,#6689,#6690,
#6691),(#6692,#6693,#6694,#6695,#6696,#6697),(#6698,#6699,#6700,#6701,#6702,
#6703),(#6704,#6705,#6706,#6707,#6708,#6709)),.UNSPECIFIED.,.F.,.F.,.F.,
(4,1,1,4),(4,1,1,4),(0.,0.333333333333333,0.666666666666667,1.),(0.,0.333333333333333,
0.666666666666667,1.),.UNSPECIFIED.);
#3514=B_SPLINE_SURFACE_WITH_KNOTS('',3,3,((#6720,#6721,#6722,#6723,#6724,
#6725),(#6726,#6727,#6728,#6729,#6730,#6731),(#6732,#6733,#6734,#6735,#6736,
#6737),(#6738,#6739,#6740,#6741,#6742,#6743),(#6744,#6745,#6746,#6747,#6748,
#6749),(#6750,#6751,#6752,#6753,#6754,#6755)),.UNSPECIFIED.,.F.,.F.,.F.,
(4,1,1,4),(4,1,1,4),(0.,0.333333333333333,0.666666666666667,1.),(0.,0.333333333333333,
0.666666666666667,1.),.UNSPECIFIED.);
#3515=B_SPLINE_SURFACE_WITH_KNOTS('',3,3,((#6766,#6767,#6768,#6769,#6770,
#6771),(#6772,#6773,#6774,#6775,#6776,#6777),(#6778,#6779,#6780,#6781,#6782,
#6783),(#6784,#6785,#6786,#6787,#6788,#6789),(#6790,#6791,#6792,#6793,#6794,
#6795),(#6796,#6797,#6798,#6799,#6800,#6801)),.UNSPECIFIED.,.F.,.F.,.F.,
(4,1,1,4),(4,1,1,4),(0.,0.333333333333333,0.666666666666667,1.),(0.,0.333333333333333,
0.666666666666667,1.),.UNSPECIFIED.);
#3516=B_SPLINE_SURFACE_WITH_KNOTS('',3,3,((#6820,#6821,#6822,#6823,#6824,
#6825),(#6826,#6827,#6828,#6829,#6830,#6831),(#6832,#6833,#6834,#6835,#6836,
#6837),(#6838,#6839,#6840,#6841,#6842,#6843),(#6844,#6845,#6846,#6847,#6848,
#6849),(#6850,#6851,#6852,#6853,#6854,#6855)),.UNSPECIFIED.,.F.,.F.,.F.,
(4,1,1,4),(4,1,1,4),(0.,0.333333333333333,0.666666666666667,1.),(0.,0.333333333333333,
0.666666666666667,1.),.UNSPECIFIED.);
#3517=B_SPLINE_SURFACE_WITH_KNOTS('',3,3,((#6866,#6867,#6868,#6869,#6870,
#6871),(#6872,#6873,#6874,#6875,#6876,#6877),(#6878,#6879,#6880,#6881,#6882,
#6883),(#6884,#6885,#6886,#6887,#6888,#6889),(#6890,#6891,#6892,#6893,#6894,
#6895),(#6896,#6897,#6898,#6899,#6900,#6901)),.UNSPECIFIED.,.F.,.F.,.F.,
(4,1,1,4),(4,1,1,4),(0.,0.333333333333333,0.666666666666667,1.),(0.,0.333333333333333,
0.666666666666667,1.),.UNSPECIFIED.);
#3518=B_SPLINE_SURFACE_WITH_KNOTS('',3,3,((#6912,#6913,#6914,#6915,#6916,
#6917),(#6918,#6919,#6920,#6921,#6922,#6923),(#6924,#6925,#6926,#6927,#6928,
#6929),(#6930,#6931,#6932,#6933,#6934,#6935),(#6936,#6937,#6938,#6939,#6940,
#6941),(#6942,#6943,#6944,#6945,#6946,#6947)),.UNSPECIFIED.,.F.,.F.,.F.,
(4,1,1,4),(4,1,1,4),(0.,0.333333333333333,0.666666666666667,1.),(0.,0.333333333333333,
0.666666666666667,1.),.UNSPECIFIED.);
#3519=B_SPLINE_SURFACE_WITH_KNOTS('',3,3,((#6958,#6959,#6960,#6961,#6962,
#6963),(#6964,#6965,#6966,#6967,#6968,#6969),(#6970,#6971,#6972,#6973,#6974,
#6975),(#6976,#6977,#6978,#6979,#6980,#6981),(#6982,#6983,#6984,#6985,#6986,
#6987),(#6988,#6989,#6990,#6991,#6992,#6993)),.UNSPECIFIED.,.F.,.F.,.F.,
(4,1,1,4),(4,1,1,4),(0.,0.333333333333333,0.666666666666667,1.),(0.,0.333333333333333,
0.666666666666667,1.),.UNSPECIFIED.);
#3520=B_SPLINE_SURFACE_WITH_KNOTS('',3,3,((#7004,#7005,#7006,#7007,#7008,
#7009),(#7010,#7011,#7012,#7013,#7014,#7015),(#7016,#7017,#7018,#7019,#7020,
#7021),(#7022,#7023,#7024,#7025,#7026,#7027),(#7028,#7029,#7030,#7031,#7032,
#7033),(#7034,#7035,#7036,#7037,#7038,#7039)),.UNSPECIFIED.,.F.,.F.,.F.,
(4,1,1,4),(4,1,1,4),(0.,0.333333333333333,0.666666666666667,1.),(0.,0.333333333333333,
0.666666666666667,1.),.UNSPECIFIED.);
#3521=B_SPLINE_SURFACE_WITH_KNOTS('',3,3,((#7058,#7059,#7060,#7061,#7062,
#7063),(#7064,#7065,#7066,#7067,#7068,#7069),(#7070,#7071,#7072,#7073,#7074,
#7075),(#7076,#7077,#7078,#7079,#7080,#7081),(#7082,#7083,#7084,#7085,#7086,
#7087),(#7088,#7089,#7090,#7091,#7092,#7093)),.UNSPECIFIED.,.F.,.F.,.F.,
(4,1,1,4),(4,1,1,4),(0.,0.333333333333333,0.666666666666667,1.),(0.,0.333333333333333,
0.666666666666667,1.),.UNSPECIFIED.);
#3522=B_SPLINE_SURFACE_WITH_KNOTS('',3,3,((#7104,#7105,#7106,#7107,#7108,
#7109),(#7110,#7111,#7112,#7113,#7114,#7115),(#7116,#7117,#7118,#7119,#7120,
#7121),(#7122,#7123,#7124,#7125,#7126,#7127),(#7128,#7129,#7130,#7131,#7132,
#7133),(#7134,#7135,#7136,#7137,#7138,#7139)),.UNSPECIFIED.,.F.,.F.,.F.,
(4,1,1,4),(4,1,1,4),(0.,0.333333333333333,0.666666666666667,1.),(0.,0.333333333333333,
0.666666666666667,1.),.UNSPECIFIED.);
#3523=B_SPLINE_SURFACE_WITH_KNOTS('',3,3,((#7150,#7151,#7152,#7153,#7154,
#7155),(#7156,#7157,#7158,#7159,#7160,#7161),(#7162,#7163,#7164,#7165,#7166,
#7167),(#7168,#7169,#7170,#7171,#7172,#7173),(#7174,#7175,#7176,#7177,#7178,
#7179),(#7180,#7181,#7182,#7183,#7184,#7185)),.UNSPECIFIED.,.F.,.F.,.F.,
(4,1,1,4),(4,1,1,4),(0.,0.333333333333333,0.666666666666667,1.),(0.,0.333333333333333,
0.666666666666667,1.),.UNSPECIFIED.);
#3524=B_SPLINE_SURFACE_WITH_KNOTS('',3,3,((#7196,#7197,#7198,#7199,#7200,
#7201),(#7202,#7203,#7204,#7205,#7206,#7207),(#7208,#7209,#7210,#7211,#7212,
#7213),(#7214,#7215,#7216,#7217,#7218,#7219),(#7220,#7221,#7222,#7223,#7224,
#7225),(#7226,#7227,#7228,#7229,#7230,#7231)),.UNSPECIFIED.,.F.,.F.,.F.,
(4,1,1,4),(4,1,1,4),(0.,0.333333333333333,0.666666666666667,1.),(0.,0.333333333333333,
0.666666666666667,1.),.UNSPECIFIED.);
#3525=B_SPLINE_SURFACE_WITH_KNOTS('',3,3,((#7242,#7243,#7244,#7245,#7246,
#7247),(#7248,#7249,#7250,#7251,#7252,#7253),(#7254,#7255,#7256,#7257,#7258,
#7259),(#7260,#7261,#7262,#7263,#7264,#7265),(#7266,#7267,#7268,#7269,#7270,
#7271),(#7272,#7273,#7274,#7275,#7276,#7277)),.UNSPECIFIED.,.F.,.F.,.F.,
(4,1,1,4),(4,1,1,4),(0.,0.333333333333333,0.666666666666667,1.),(0.,0.333333333333333,
0.666666666666667,1.),.UNSPECIFIED.);
#3526=B_SPLINE_SURFACE_WITH_KNOTS('',3,3,((#7296,#7297,#7298,#7299,#7300,
#7301),(#7302,#7303,#7304,#7305,#7306,#7307),(#7308,#7309,#7310,#7311,#7312,
#7313),(#7314,#7315,#7316,#7317,#7318,#7319),(#7320,#7321,#7322,#7323,#7324,
#7325),(#7326,#7327,#7328,#7329,#7330,#7331)),.UNSPECIFIED.,.F.,.F.,.F.,
(4,1,1,4),(4,1,1,4),(0.,0.333333333333333,0.666666666666667,1.),(0.,0.333333333333333,
0.666666666666667,1.),.UNSPECIFIED.);
#3527=B_SPLINE_SURFACE_WITH_KNOTS('',3,3,((#7342,#7343,#7344,#7345,#7346,
#7347),(#7348,#7349,#7350,#7351,#7352,#7353),(#7354,#7355,#7356,#7357,#7358,
#7359),(#7360,#7361,#7362,#7363,#7364,#7365),(#7366,#7367,#7368,#7369,#7370,
#7371),(#7372,#7373,#7374,#7375,#7376,#7377)),.UNSPECIFIED.,.F.,.F.,.F.,
(4,1,1,4),(4,1,1,4),(0.,0.333333333333333,0.666666666666667,1.),(0.,0.333333333333333,
0.666666666666667,1.),.UNSPECIFIED.);
#3528=B_SPLINE_SURFACE_WITH_KNOTS('',3,3,((#7388,#7389,#7390,#7391,#7392,
#7393),(#7394,#7395,#7396,#7397,#7398,#7399),(#7400,#7401,#7402,#7403,#7404,
#7405),(#7406,#7407,#7408,#7409,#7410,#7411),(#7412,#7413,#7414,#7415,#7416,
#7417),(#7418,#7419,#7420,#7421,#7422,#7423)),.UNSPECIFIED.,.F.,.F.,.F.,
(4,1,1,4),(4,1,1,4),(0.,0.333333333333333,0.666666666666667,1.),(0.,0.333333333333333,
0.666666666666667,1.),.UNSPECIFIED.);
#3529=B_SPLINE_SURFACE_WITH_KNOTS('',3,3,((#7434,#7435,#7436,#7437,#7438,
#7439),(#7440,#7441,#7442,#7443,#7444,#7445),(#7446,#7447,#7448,#7449,#7450,
#7451),(#7452,#7453,#7454,#7455,#7456,#7457),(#7458,#7459,#7460,#7461,#7462,
#7463),(#7464,#7465,#7466,#7467,#7468,#7469)),.UNSPECIFIED.,.F.,.F.,.F.,
(4,1,1,4),(4,1,1,4),(0.,0.333333333333333,0.666666666666667,1.),(0.,0.333333333333333,
0.666666666666667,1.),.UNSPECIFIED.);
#3530=B_SPLINE_SURFACE_WITH_KNOTS('',3,3,((#7879,#7880,#7881,#7882,#7883,
#7884),(#7885,#7886,#7887,#7888,#7889,#7890),(#7891,#7892,#7893,#7894,#7895,
#7896),(#7897,#7898,#7899,#7900,#7901,#7902),(#7903,#7904,#7905,#7906,#7907,
#7908),(#7909,#7910,#7911,#7912,#7913,#7914)),.UNSPECIFIED.,.F.,.F.,.F.,
(4,1,1,4),(4,1,1,4),(0.,0.333333333333333,0.666666666666667,1.),(0.,0.333333333333333,
0.666666666666667,1.),.UNSPECIFIED.);
#3531=B_SPLINE_SURFACE_WITH_KNOTS('',3,3,((#7916,#7917,#7918,#7919,#7920,
#7921),(#7922,#7923,#7924,#7925,#7926,#7927),(#7928,#7929,#7930,#7931,#7932,
#7933),(#7934,#7935,#7936,#7937,#7938,#7939),(#7940,#7941,#7942,#7943,#7944,
#7945),(#7946,#7947,#7948,#7949,#7950,#7951)),.UNSPECIFIED.,.F.,.F.,.F.,
(4,1,1,4),(4,1,1,4),(0.,0.333333333333333,0.666666666666667,1.),(0.,0.333333333333333,
0.666666666666667,1.),.UNSPECIFIED.);
#3532=B_SPLINE_SURFACE_WITH_KNOTS('',3,3,((#7957,#7958,#7959,#7960,#7961,
#7962),(#7963,#7964,#7965,#7966,#7967,#7968),(#7969,#7970,#7971,#7972,#7973,
#7974),(#7975,#7976,#7977,#7978,#7979,#7980),(#7981,#7982,#7983,#7984,#7985,
#7986),(#7987,#7988,#7989,#7990,#7991,#7992)),.UNSPECIFIED.,.F.,.F.,.F.,
(4,1,1,4),(4,1,1,4),(0.,0.333333333333333,0.666666666666667,1.),(0.,0.333333333333333,
0.666666666666667,1.),.UNSPECIFIED.);
#3533=B_SPLINE_SURFACE_WITH_KNOTS('',3,3,((#7994,#7995,#7996,#7997,#7998,
#7999),(#8000,#8001,#8002,#8003,#8004,#8005),(#8006,#8007,#8008,#8009,#8010,
#8011),(#8012,#8013,#8014,#8015,#8016,#8017),(#8018,#8019,#8020,#8021,#8022,
#8023),(#8024,#8025,#8026,#8027,#8028,#8029)),.UNSPECIFIED.,.F.,.F.,.F.,
(4,1,1,4),(4,1,1,4),(0.,0.333333333333333,0.666666666666667,1.),(0.,0.333333333333333,
0.666666666666667,1.),.UNSPECIFIED.);
#3534=B_SPLINE_SURFACE_WITH_KNOTS('',3,3,((#8041,#8042,#8043,#8044,#8045,
#8046),(#8047,#8048,#8049,#8050,#8051,#8052),(#8053,#8054,#8055,#8056,#8057,
#8058),(#8059,#8060,#8061,#8062,#8063,#8064),(#8065,#8066,#8067,#8068,#8069,
#8070),(#8071,#8072,#8073,#8074,#8075,#8076)),.UNSPECIFIED.,.F.,.F.,.F.,
(4,1,1,4),(4,1,1,4),(0.,0.333333333333333,0.666666666666667,1.),(0.,0.333333333333333,
0.666666666666667,1.),.UNSPECIFIED.);
#3535=B_SPLINE_SURFACE_WITH_KNOTS('',3,3,((#8078,#8079,#8080,#8081,#8082,
#8083),(#8084,#8085,#8086,#8087,#8088,#8089),(#8090,#8091,#8092,#8093,#8094,
#8095),(#8096,#8097,#8098,#8099,#8100,#8101),(#8102,#8103,#8104,#8105,#8106,
#8107),(#8108,#8109,#8110,#8111,#8112,#8113)),.UNSPECIFIED.,.F.,.F.,.F.,
(4,1,1,4),(4,1,1,4),(0.,0.333333333333333,0.666666666666667,1.),(0.,0.333333333333333,
0.666666666666667,1.),.UNSPECIFIED.);
#3536=B_SPLINE_SURFACE_WITH_KNOTS('',3,3,((#8118,#8119,#8120,#8121,#8122,
#8123),(#8124,#8125,#8126,#8127,#8128,#8129),(#8130,#8131,#8132,#8133,#8134,
#8135),(#8136,#8137,#8138,#8139,#8140,#8141),(#8142,#8143,#8144,#8145,#8146,
#8147),(#8148,#8149,#8150,#8151,#8152,#8153)),.UNSPECIFIED.,.F.,.F.,.F.,
(4,1,1,4),(4,1,1,4),(0.,0.333333333333333,0.666666666666667,1.),(0.,0.333333333333333,
0.666666666666667,1.),.UNSPECIFIED.);
#3537=B_SPLINE_SURFACE_WITH_KNOTS('',3,3,((#8162,#8163,#8164,#8165,#8166,
#8167),(#8168,#8169,#8170,#8171,#8172,#8173),(#8174,#8175,#8176,#8177,#8178,
#8179),(#8180,#8181,#8182,#8183,#8184,#8185),(#8186,#8187,#8188,#8189,#8190,
#8191),(#8192,#8193,#8194,#8195,#8196,#8197)),.UNSPECIFIED.,.F.,.F.,.F.,
(4,1,1,4),(4,1,1,4),(0.,0.333333333333333,0.666666666666667,1.),(0.,0.333333333333333,
0.666666666666667,1.),.UNSPECIFIED.);
#3538=B_SPLINE_SURFACE_WITH_KNOTS('',3,3,((#8201,#8202,#8203,#8204,#8205,
#8206),(#8207,#8208,#8209,#8210,#8211,#8212),(#8213,#8214,#8215,#8216,#8217,
#8218),(#8219,#8220,#8221,#8222,#8223,#8224),(#8225,#8226,#8227,#8228,#8229,
#8230),(#8231,#8232,#8233,#8234,#8235,#8236)),.UNSPECIFIED.,.F.,.F.,.F.,
(4,1,1,4),(4,1,1,4),(0.,0.333333333333333,0.666666666666667,1.),(0.,0.333333333333333,
0.666666666666667,1.),.UNSPECIFIED.);
#3539=B_SPLINE_SURFACE_WITH_KNOTS('',3,3,((#8238,#8239,#8240,#8241,#8242,
#8243),(#8244,#8245,#8246,#8247,#8248,#8249),(#8250,#8251,#8252,#8253,#8254,
#8255),(#8256,#8257,#8258,#8259,#8260,#8261),(#8262,#8263,#8264,#8265,#8266,
#8267),(#8268,#8269,#8270,#8271,#8272,#8273)),.UNSPECIFIED.,.F.,.F.,.F.,
(4,1,1,4),(4,1,1,4),(0.,0.333333333333333,0.666666666666667,1.),(0.,0.333333333333333,
0.666666666666667,1.),.UNSPECIFIED.);
#3540=ADVANCED_FACE('',(#782),#3480,.T.);
#3541=ADVANCED_FACE('',(#783),#3481,.T.);
#3542=ADVANCED_FACE('',(#784),#3482,.T.);
#3543=ADVANCED_FACE('',(#785),#3483,.T.);
#3544=ADVANCED_FACE('',(#786),#3484,.T.);
#3545=ADVANCED_FACE('',(#787),#3485,.T.);
#3546=ADVANCED_FACE('',(#788),#3486,.T.);
#3547=ADVANCED_FACE('',(#789),#3487,.T.);
#3548=ADVANCED_FACE('',(#790),#3488,.T.);
#3549=ADVANCED_FACE('',(#791),#3489,.T.);
#3550=ADVANCED_FACE('',(#792),#3490,.T.);
#3551=ADVANCED_FACE('',(#793),#3491,.T.);
#3552=ADVANCED_FACE('',(#794),#3492,.T.);
#3553=ADVANCED_FACE('',(#795),#3493,.T.);
#3554=ADVANCED_FACE('',(#796),#3494,.T.);
#3555=ADVANCED_FACE('',(#797),#3495,.T.);
#3556=ADVANCED_FACE('',(#798),#3496,.T.);
#3557=ADVANCED_FACE('',(#799),#3497,.T.);
#3558=ADVANCED_FACE('',(#800),#3498,.T.);
#3559=ADVANCED_FACE('',(#801),#3499,.T.);
#3560=ADVANCED_FACE('',(#802),#3500,.T.);
#3561=ADVANCED_FACE('',(#803),#3501,.T.);
#3562=ADVANCED_FACE('',(#804),#3502,.T.);
#3563=ADVANCED_FACE('',(#805),#3503,.T.);
#3564=ADVANCED_FACE('',(#806),#3504,.T.);
#3565=ADVANCED_FACE('',(#807),#3505,.T.);
#3566=ADVANCED_FACE('',(#808),#3506,.T.);
#3567=ADVANCED_FACE('',(#809),#3507,.T.);
#3568=ADVANCED_FACE('',(#810),#3508,.T.);
#3569=ADVANCED_FACE('',(#811),#3509,.T.);
#3570=ADVANCED_FACE('',(#812),#3510,.T.);
#3571=ADVANCED_FACE('',(#813),#3511,.T.);
#3572=ADVANCED_FACE('',(#814),#3512,.T.);
#3573=ADVANCED_FACE('',(#815),#3513,.T.);
#3574=ADVANCED_FACE('',(#816),#3514,.T.);
#3575=ADVANCED_FACE('',(#817),#3515,.T.);
#3576=ADVANCED_FACE('',(#818),#3516,.T.);
#3577=ADVANCED_FACE('',(#819),#3517,.T.);
#3578=ADVANCED_FACE('',(#820),#3518,.T.);
#3579=ADVANCED_FACE('',(#821),#3519,.T.);
#3580=ADVANCED_FACE('',(#822),#3520,.T.);
#3581=ADVANCED_FACE('',(#823),#3521,.T.);
#3582=ADVANCED_FACE('',(#824),#3522,.T.);
#3583=ADVANCED_FACE('',(#825),#3523,.T.);
#3584=ADVANCED_FACE('',(#826),#3524,.T.);
#3585=ADVANCED_FACE('',(#827),#3525,.T.);
#3586=ADVANCED_FACE('',(#828),#3526,.T.);
#3587=ADVANCED_FACE('',(#829),#3527,.T.);
#3588=ADVANCED_FACE('',(#830),#3528,.T.);
#3589=ADVANCED_FACE('',(#831),#3529,.T.);
#3590=ADVANCED_FACE('',(#832),#717,.F.);
#3591=ADVANCED_FACE('',(#833,#19),#32,.F.);
#3592=ADVANCED_FACE('',(#834),#33,.F.);
#3593=ADVANCED_FACE('',(#835),#718,.T.);
#3594=ADVANCED_FACE('',(#836),#34,.F.);
#3595=ADVANCED_FACE('',(#837),#35,.T.);
#3596=ADVANCED_FACE('',(#838),#36,.F.);
#3597=ADVANCED_FACE('',(#839),#719,.T.);
#3598=ADVANCED_FACE('',(#840),#37,.F.);
#3599=ADVANCED_FACE('',(#841),#38,.T.);
#3600=ADVANCED_FACE('',(#842),#39,.F.);
#3601=ADVANCED_FACE('',(#843),#720,.T.);
#3602=ADVANCED_FACE('',(#844),#40,.F.);
#3603=ADVANCED_FACE('',(#845),#41,.T.);
#3604=ADVANCED_FACE('',(#846),#42,.F.);
#3605=ADVANCED_FACE('',(#847),#721,.T.);
#3606=ADVANCED_FACE('',(#848),#43,.F.);
#3607=ADVANCED_FACE('',(#849),#44,.T.);
#3608=ADVANCED_FACE('',(#850),#45,.F.);
#3609=ADVANCED_FACE('',(#851),#722,.T.);
#3610=ADVANCED_FACE('',(#852),#46,.F.);
#3611=ADVANCED_FACE('',(#853),#47,.T.);
#3612=ADVANCED_FACE('',(#854),#48,.T.);
#3613=ADVANCED_FACE('',(#855),#49,.T.);
#3614=ADVANCED_FACE('',(#856),#50,.T.);
#3615=ADVANCED_FACE('',(#857),#51,.T.);
#3616=ADVANCED_FACE('',(#858),#52,.T.);
#3617=ADVANCED_FACE('',(#859),#53,.F.);
#3618=ADVANCED_FACE('',(#860),#54,.F.);
#3619=ADVANCED_FACE('',(#861),#723,.F.);
#3620=ADVANCED_FACE('',(#862),#55,.F.);
#3621=ADVANCED_FACE('',(#863),#724,.F.);
#3622=ADVANCED_FACE('',(#864),#56,.T.);
#3623=ADVANCED_FACE('',(#865),#57,.F.);
#3624=ADVANCED_FACE('',(#866),#725,.F.);
#3625=ADVANCED_FACE('',(#867),#58,.F.);
#3626=ADVANCED_FACE('',(#868),#726,.F.);
#3627=ADVANCED_FACE('',(#869),#59,.F.);
#3628=ADVANCED_FACE('',(#870),#60,.T.);
#3629=ADVANCED_FACE('',(#871),#61,.F.);
#3630=ADVANCED_FACE('',(#872),#727,.F.);
#3631=ADVANCED_FACE('',(#873),#62,.F.);
#3632=ADVANCED_FACE('',(#874),#728,.F.);
#3633=ADVANCED_FACE('',(#875),#63,.F.);
#3634=ADVANCED_FACE('',(#876),#64,.T.);
#3635=ADVANCED_FACE('',(#877),#65,.F.);
#3636=ADVANCED_FACE('',(#878),#729,.F.);
#3637=ADVANCED_FACE('',(#879),#66,.F.);
#3638=ADVANCED_FACE('',(#880),#730,.F.);
#3639=ADVANCED_FACE('',(#881),#67,.F.);
#3640=ADVANCED_FACE('',(#882),#68,.T.);
#3641=ADVANCED_FACE('',(#883),#69,.F.);
#3642=ADVANCED_FACE('',(#884),#70,.F.);
#3643=ADVANCED_FACE('',(#885),#71,.F.);
#3644=ADVANCED_FACE('',(#886),#72,.F.);
#3645=ADVANCED_FACE('',(#887),#73,.F.);
#3646=ADVANCED_FACE('',(#888),#731,.F.);
#3647=ADVANCED_FACE('',(#889),#74,.F.);
#3648=ADVANCED_FACE('',(#890),#732,.F.);
#3649=ADVANCED_FACE('',(#891),#75,.T.);
#3650=ADVANCED_FACE('',(#892),#76,.F.);
#3651=ADVANCED_FACE('',(#893),#733,.F.);
#3652=ADVANCED_FACE('',(#894),#734,.F.);
#3653=ADVANCED_FACE('',(#895),#735,.F.);
#3654=ADVANCED_FACE('',(#896),#77,.F.);
#3655=ADVANCED_FACE('',(#897),#736,.F.);
#3656=ADVANCED_FACE('',(#898),#737,.F.);
#3657=ADVANCED_FACE('',(#899),#78,.F.);
#3658=ADVANCED_FACE('',(#900),#738,.F.);
#3659=ADVANCED_FACE('',(#901),#739,.F.);
#3660=ADVANCED_FACE('',(#902),#79,.F.);
#3661=ADVANCED_FACE('',(#903),#740,.F.);
#3662=ADVANCED_FACE('',(#904),#80,.F.);
#3663=ADVANCED_FACE('',(#905),#741,.F.);
#3664=ADVANCED_FACE('',(#906),#81,.F.);
#3665=ADVANCED_FACE('',(#907),#742,.F.);
#3666=ADVANCED_FACE('',(#908),#3530,.T.);
#3667=ADVANCED_FACE('',(#909),#3531,.T.);
#3668=ADVANCED_FACE('',(#910),#743,.T.);
#3669=ADVANCED_FACE('',(#911),#744,.T.);
#3670=ADVANCED_FACE('',(#912),#745,.T.);
#3671=ADVANCED_FACE('',(#913),#3532,.T.);
#3672=ADVANCED_FACE('',(#914),#3533,.T.);
#3673=ADVANCED_FACE('',(#915),#746,.F.);
#3674=ADVANCED_FACE('',(#916),#747,.T.);
#3675=ADVANCED_FACE('',(#917),#748,.T.);
#3676=ADVANCED_FACE('',(#918),#749,.T.);
#3677=ADVANCED_FACE('',(#919),#3534,.T.);
#3678=ADVANCED_FACE('',(#920),#3535,.T.);
#3679=ADVANCED_FACE('',(#921),#750,.T.);
#3680=ADVANCED_FACE('',(#922),#751,.T.);
#3681=ADVANCED_FACE('',(#923),#3536,.T.);
#3682=ADVANCED_FACE('',(#924),#752,.T.);
#3683=ADVANCED_FACE('',(#925),#753,.T.);
#3684=ADVANCED_FACE('',(#926),#3537,.T.);
#3685=ADVANCED_FACE('',(#927),#754,.T.);
#3686=ADVANCED_FACE('',(#928),#3538,.T.);
#3687=ADVANCED_FACE('',(#929),#3539,.T.);
#3688=ADVANCED_FACE('',(#930),#755,.T.);
#3689=ADVANCED_FACE('',(#931),#756,.T.);
#3690=ADVANCED_FACE('',(#932),#757,.T.);
#3691=ADVANCED_FACE('',(#933),#758,.T.);
#3692=ADVANCED_FACE('',(#934),#759,.T.);
#3693=ADVANCED_FACE('',(#935),#760,.T.);
#3694=ADVANCED_FACE('',(#936),#761,.T.);
#3695=ADVANCED_FACE('',(#937),#82,.F.);
#3696=ADVANCED_FACE('',(#938),#83,.F.);
#3697=ADVANCED_FACE('',(#939),#84,.F.);
#3698=ADVANCED_FACE('',(#940,#20,#21,#22,#23,#24,#25),#85,.F.);
#3699=ADVANCED_FACE('',(#941,#26,#27,#28,#29,#30,#31),#86,.T.);
#3700=ADVANCED_FACE('',(#942),#87,.F.);
#3701=ADVANCED_FACE('',(#943),#88,.F.);
#3702=ADVANCED_FACE('',(#944),#762,.F.);
#3703=ADVANCED_FACE('',(#945),#89,.F.);
#3704=ADVANCED_FACE('',(#946),#763,.F.);
#3705=ADVANCED_FACE('',(#947),#90,.F.);
#3706=ADVANCED_FACE('',(#948),#764,.F.);
#3707=ADVANCED_FACE('',(#949),#91,.F.);
#3708=ADVANCED_FACE('',(#950),#765,.F.);
#3709=ADVANCED_FACE('',(#951),#92,.F.);
#3710=ADVANCED_FACE('',(#952),#766,.F.);
#3711=ADVANCED_FACE('',(#953),#93,.F.);
#3712=ADVANCED_FACE('',(#954),#767,.F.);
#3713=ADVANCED_FACE('',(#955),#94,.F.);
#3714=ADVANCED_FACE('',(#956),#768,.F.);
#3715=ADVANCED_FACE('',(#957),#95,.F.);
#3716=ADVANCED_FACE('',(#958),#769,.F.);
#3717=ADVANCED_FACE('',(#959),#96,.F.);
#3718=ADVANCED_FACE('',(#960),#770,.F.);
#3719=ADVANCED_FACE('',(#961),#97,.F.);
#3720=ADVANCED_FACE('',(#962),#771,.F.);
#3721=ADVANCED_FACE('',(#963),#98,.F.);
#3722=ADVANCED_FACE('',(#964),#772,.F.);
#3723=ADVANCED_FACE('',(#965),#99,.F.);
#3724=ADVANCED_FACE('',(#966),#773,.F.);
#3725=ADVANCED_FACE('',(#967),#100,.F.);
#3726=ADVANCED_FACE('',(#968),#774,.F.);
#3727=ADVANCED_FACE('',(#969),#101,.F.);
#3728=ADVANCED_FACE('',(#970),#775,.F.);
#3729=ADVANCED_FACE('',(#971),#102,.F.);
#3730=ADVANCED_FACE('',(#972),#776,.F.);
#3731=ADVANCED_FACE('',(#973),#103,.F.);
#3732=ADVANCED_FACE('',(#974),#777,.F.);
#3733=ADVANCED_FACE('',(#975),#104,.F.);
#3734=ADVANCED_FACE('',(#976),#778,.F.);
#3735=ADVANCED_FACE('',(#977),#105,.F.);
#3736=ADVANCED_FACE('',(#978),#779,.F.);
#3737=ADVANCED_FACE('',(#979),#106,.F.);
#3738=ADVANCED_FACE('',(#980),#780,.F.);
#3739=ADVANCED_FACE('',(#981),#107,.F.);
#3740=ADVANCED_FACE('',(#982),#781,.F.);
#3741=ADVANCED_FACE('',(#983),#108,.T.);
#3742=ADVANCED_FACE('',(#984),#109,.T.);
#3743=ADVANCED_FACE('',(#985),#110,.T.);
#3744=ADVANCED_FACE('',(#986),#111,.T.);
#3745=ADVANCED_FACE('',(#987),#112,.T.);
#3746=ADVANCED_FACE('',(#988),#113,.F.);
#3747=ADVANCED_FACE('',(#989),#114,.F.);
#3748=ADVANCED_FACE('',(#990),#115,.F.);
#3749=ADVANCED_FACE('',(#991),#116,.F.);
#3750=ADVANCED_FACE('',(#992),#117,.F.);
#3751=ADVANCED_FACE('',(#993),#118,.F.);
#3752=CLOSED_SHELL('',(#3540,#3541,#3542,#3543,#3544,#3545,#3546,#3547,
#3548,#3549,#3550,#3551,#3552,#3553,#3554,#3555,#3556,#3557,#3558,#3559,
#3560,#3561,#3562,#3563,#3564,#3565,#3566,#3567,#3568,#3569,#3570,#3571,
#3572,#3573,#3574,#3575,#3576,#3577,#3578,#3579,#3580,#3581,#3582,#3583,
#3584,#3585,#3586,#3587,#3588,#3589,#3590,#3591,#3592,#3593,#3594,#3595,
#3596,#3597,#3598,#3599,#3600,#3601,#3602,#3603,#3604,#3605,#3606,#3607,
#3608,#3609,#3610,#3611,#3612,#3613,#3614,#3615,#3616,#3617,#3618,#3619,
#3620,#3621,#3622,#3623,#3624,#3625,#3626,#3627,#3628,#3629,#3630,#3631,
#3632,#3633,#3634,#3635,#3636,#3637,#3638,#3639,#3640,#3641,#3642,#3643,
#3644,#3645,#3646,#3647,#3648,#3649,#3650,#3651,#3652,#3653,#3654,#3655,
#3656,#3657,#3658,#3659,#3660,#3661,#3662,#3663,#3664,#3665,#3666,#3667,
#3668,#3669,#3670,#3671,#3672,#3673,#3674,#3675,#3676,#3677,#3678,#3679,
#3680,#3681,#3682,#3683,#3684,#3685,#3686,#3687,#3688,#3689,#3690,#3691,
#3692,#3693,#3694,#3695,#3696,#3697,#3698,#3699,#3700,#3701,#3702,#3703,
#3704,#3705,#3706,#3707,#3708,#3709,#3710,#3711,#3712,#3713,#3714,#3715,
#3716,#3717,#3718,#3719,#3720,#3721,#3722,#3723,#3724,#3725,#3726,#3727,
#3728,#3729,#3730,#3731,#3732,#3733,#3734,#3735,#3736,#3737,#3738,#3739,
#3740,#3741,#3742,#3743,#3744,#3745,#3746,#3747,#3748,#3749,#3750,#3751));
#3753=AXIS2_PLACEMENT_3D('',#5099,#4102,#4103);
#3754=AXIS2_PLACEMENT_3D('',#5152,#4104,#4105);
#3755=AXIS2_PLACEMENT_3D('',#5153,#4106,#4107);
#3756=AXIS2_PLACEMENT_3D('',#5198,#4108,#4109);
#3757=AXIS2_PLACEMENT_3D('',#5199,#4110,#4111);
#3758=AXIS2_PLACEMENT_3D('',#5244,#4112,#4113);
#3759=AXIS2_PLACEMENT_3D('',#5245,#4114,#4115);
#3760=AXIS2_PLACEMENT_3D('',#5290,#4116,#4117);
#3761=AXIS2_PLACEMENT_3D('',#5291,#4118,#4119);
#3762=AXIS2_PLACEMENT_3D('',#5336,#4120,#4121);
#3763=AXIS2_PLACEMENT_3D('',#5337,#4122,#4123);
#3764=AXIS2_PLACEMENT_3D('',#5390,#4124,#4125);
#3765=AXIS2_PLACEMENT_3D('',#5391,#4126,#4127);
#3766=AXIS2_PLACEMENT_3D('',#5436,#4128,#4129);
#3767=AXIS2_PLACEMENT_3D('',#5437,#4130,#4131);
#3768=AXIS2_PLACEMENT_3D('',#5482,#4132,#4133);
#3769=AXIS2_PLACEMENT_3D('',#5483,#4134,#4135);
#3770=AXIS2_PLACEMENT_3D('',#5528,#4136,#4137);
#3771=AXIS2_PLACEMENT_3D('',#5529,#4138,#4139);
#3772=AXIS2_PLACEMENT_3D('',#5574,#4140,#4141);
#3773=AXIS2_PLACEMENT_3D('',#5575,#4142,#4143);
#3774=AXIS2_PLACEMENT_3D('',#5628,#4144,#4145);
#3775=AXIS2_PLACEMENT_3D('',#5629,#4146,#4147);
#3776=AXIS2_PLACEMENT_3D('',#5674,#4148,#4149);
#3777=AXIS2_PLACEMENT_3D('',#5675,#4150,#4151);
#3778=AXIS2_PLACEMENT_3D('',#5720,#4152,#4153);
#3779=AXIS2_PLACEMENT_3D('',#5721,#4154,#4155);
#3780=AXIS2_PLACEMENT_3D('',#5766,#4156,#4157);
#3781=AXIS2_PLACEMENT_3D('',#5767,#4158,#4159);
#3782=AXIS2_PLACEMENT_3D('',#5812,#4160,#4161);
#3783=AXIS2_PLACEMENT_3D('',#5813,#4162,#4163);
#3784=AXIS2_PLACEMENT_3D('',#5866,#4164,#4165);
#3785=AXIS2_PLACEMENT_3D('',#5867,#4166,#4167);
#3786=AXIS2_PLACEMENT_3D('',#5912,#4168,#4169);
#3787=AXIS2_PLACEMENT_3D('',#5913,#4170,#4171);
#3788=AXIS2_PLACEMENT_3D('',#5958,#4172,#4173);
#3789=AXIS2_PLACEMENT_3D('',#5959,#4174,#4175);
#3790=AXIS2_PLACEMENT_3D('',#6004,#4176,#4177);
#3791=AXIS2_PLACEMENT_3D('',#6005,#4178,#4179);
#3792=AXIS2_PLACEMENT_3D('',#6050,#4180,#4181);
#3793=AXIS2_PLACEMENT_3D('',#6051,#4182,#4183);
#3794=AXIS2_PLACEMENT_3D('',#6104,#4184,#4185);
#3795=AXIS2_PLACEMENT_3D('',#6105,#4186,#4187);
#3796=AXIS2_PLACEMENT_3D('',#6150,#4188,#4189);
#3797=AXIS2_PLACEMENT_3D('',#6151,#4190,#4191);
#3798=AXIS2_PLACEMENT_3D('',#6196,#4192,#4193);
#3799=AXIS2_PLACEMENT_3D('',#6197,#4194,#4195);
#3800=AXIS2_PLACEMENT_3D('',#6242,#4196,#4197);
#3801=AXIS2_PLACEMENT_3D('',#6243,#4198,#4199);
#3802=AXIS2_PLACEMENT_3D('',#6288,#4200,#4201);
#3803=AXIS2_PLACEMENT_3D('',#6289,#4202,#4203);
#3804=AXIS2_PLACEMENT_3D('',#6342,#4204,#4205);
#3805=AXIS2_PLACEMENT_3D('',#6343,#4206,#4207);
#3806=AXIS2_PLACEMENT_3D('',#6388,#4208,#4209);
#3807=AXIS2_PLACEMENT_3D('',#6389,#4210,#4211);
#3808=AXIS2_PLACEMENT_3D('',#6434,#4212,#4213);
#3809=AXIS2_PLACEMENT_3D('',#6435,#4214,#4215);
#3810=AXIS2_PLACEMENT_3D('',#6480,#4216,#4217);
#3811=AXIS2_PLACEMENT_3D('',#6481,#4218,#4219);
#3812=AXIS2_PLACEMENT_3D('',#6526,#4220,#4221);
#3813=AXIS2_PLACEMENT_3D('',#6527,#4222,#4223);
#3814=AXIS2_PLACEMENT_3D('',#6580,#4224,#4225);
#3815=AXIS2_PLACEMENT_3D('',#6581,#4226,#4227);
#3816=AXIS2_PLACEMENT_3D('',#6626,#4228,#4229);
#3817=AXIS2_PLACEMENT_3D('',#6627,#4230,#4231);
#3818=AXIS2_PLACEMENT_3D('',#6672,#4232,#4233);
#3819=AXIS2_PLACEMENT_3D('',#6673,#4234,#4235);
#3820=AXIS2_PLACEMENT_3D('',#6718,#4236,#4237);
#3821=AXIS2_PLACEMENT_3D('',#6719,#4238,#4239);
#3822=AXIS2_PLACEMENT_3D('',#6764,#4240,#4241);
#3823=AXIS2_PLACEMENT_3D('',#6765,#4242,#4243);
#3824=AXIS2_PLACEMENT_3D('',#6818,#4244,#4245);
#3825=AXIS2_PLACEMENT_3D('',#6819,#4246,#4247);
#3826=AXIS2_PLACEMENT_3D('',#6864,#4248,#4249);
#3827=AXIS2_PLACEMENT_3D('',#6865,#4250,#4251);
#3828=AXIS2_PLACEMENT_3D('',#6910,#4252,#4253);
#3829=AXIS2_PLACEMENT_3D('',#6911,#4254,#4255);
#3830=AXIS2_PLACEMENT_3D('',#6956,#4256,#4257);
#3831=AXIS2_PLACEMENT_3D('',#6957,#4258,#4259);
#3832=AXIS2_PLACEMENT_3D('',#7002,#4260,#4261);
#3833=AXIS2_PLACEMENT_3D('',#7003,#4262,#4263);
#3834=AXIS2_PLACEMENT_3D('',#7056,#4264,#4265);
#3835=AXIS2_PLACEMENT_3D('',#7057,#4266,#4267);
#3836=AXIS2_PLACEMENT_3D('',#7102,#4268,#4269);
#3837=AXIS2_PLACEMENT_3D('',#7103,#4270,#4271);
#3838=AXIS2_PLACEMENT_3D('',#7148,#4272,#4273);
#3839=AXIS2_PLACEMENT_3D('',#7149,#4274,#4275);
#3840=AXIS2_PLACEMENT_3D('',#7194,#4276,#4277);
#3841=AXIS2_PLACEMENT_3D('',#7195,#4278,#4279);
#3842=AXIS2_PLACEMENT_3D('',#7240,#4280,#4281);
#3843=AXIS2_PLACEMENT_3D('',#7241,#4282,#4283);
#3844=AXIS2_PLACEMENT_3D('',#7294,#4284,#4285);
#3845=AXIS2_PLACEMENT_3D('',#7295,#4286,#4287);
#3846=AXIS2_PLACEMENT_3D('',#7340,#4288,#4289);
#3847=AXIS2_PLACEMENT_3D('',#7341,#4290,#4291);
#3848=AXIS2_PLACEMENT_3D('',#7386,#4292,#4293);
#3849=AXIS2_PLACEMENT_3D('',#7387,#4294,#4295);
#3850=AXIS2_PLACEMENT_3D('',#7432,#4296,#4297);
#3851=AXIS2_PLACEMENT_3D('',#7433,#4298,#4299);
#3852=AXIS2_PLACEMENT_3D('',#7478,#4300,#4301);
#3853=AXIS2_PLACEMENT_3D('',#7479,#4302,#4303);
#3854=AXIS2_PLACEMENT_3D('',#7480,#4304,#4305);
#3855=AXIS2_PLACEMENT_3D('',#7482,#4306,#4307);
#3856=AXIS2_PLACEMENT_3D('',#7485,#4309,#4310);
#3857=AXIS2_PLACEMENT_3D('',#7486,#4311,#4312);
#3858=AXIS2_PLACEMENT_3D('',#7495,#4316,#4317);
#3859=AXIS2_PLACEMENT_3D('',#7503,#4321,#4322);
#3860=AXIS2_PLACEMENT_3D('',#7511,#4326,#4327);
#3861=AXIS2_PLACEMENT_3D('',#7519,#4331,#4332);
#3862=AXIS2_PLACEMENT_3D('',#7527,#4336,#4337);
#3863=AXIS2_PLACEMENT_3D('',#7535,#4341,#4342);
#3864=AXIS2_PLACEMENT_3D('',#7543,#4346,#4347);
#3865=AXIS2_PLACEMENT_3D('',#7551,#4351,#4352);
#3866=AXIS2_PLACEMENT_3D('',#7559,#4356,#4357);
#3867=AXIS2_PLACEMENT_3D('',#7566,#4361,#4362);
#3868=AXIS2_PLACEMENT_3D('',#7587,#4373,#4374);
#3869=AXIS2_PLACEMENT_3D('',#7592,#4378,#4379);
#3870=AXIS2_PLACEMENT_3D('',#7594,#4381,#4382);
#3871=AXIS2_PLACEMENT_3D('',#7598,#4385,#4386);
#3872=AXIS2_PLACEMENT_3D('',#7602,#4388,#4389);
#3873=AXIS2_PLACEMENT_3D('',#7605,#4391,#4392);
#3874=AXIS2_PLACEMENT_3D('',#7606,#4393,#4394);
#3875=AXIS2_PLACEMENT_3D('',#7609,#4397,#4398);
#3876=AXIS2_PLACEMENT_3D('',#7611,#4400,#4401);
#3877=AXIS2_PLACEMENT_3D('',#7615,#4404,#4405);
#3878=AXIS2_PLACEMENT_3D('',#7619,#4407,#4408);
#3879=AXIS2_PLACEMENT_3D('',#7622,#4410,#4411);
#3880=AXIS2_PLACEMENT_3D('',#7623,#4412,#4413);
#3881=AXIS2_PLACEMENT_3D('',#7626,#4416,#4417);
#3882=AXIS2_PLACEMENT_3D('',#7628,#4419,#4420);
#3883=AXIS2_PLACEMENT_3D('',#7632,#4423,#4424);
#3884=AXIS2_PLACEMENT_3D('',#7636,#4426,#4427);
#3885=AXIS2_PLACEMENT_3D('',#7639,#4429,#4430);
#3886=AXIS2_PLACEMENT_3D('',#7640,#4431,#4432);
#3887=AXIS2_PLACEMENT_3D('',#7643,#4435,#4436);
#3888=AXIS2_PLACEMENT_3D('',#7646,#4438,#4439);
#3889=AXIS2_PLACEMENT_3D('',#7647,#4440,#4441);
#3890=AXIS2_PLACEMENT_3D('',#7651,#4444,#4445);
#3891=AXIS2_PLACEMENT_3D('',#7655,#4447,#4448);
#3892=AXIS2_PLACEMENT_3D('',#7658,#4450,#4451);
#3893=AXIS2_PLACEMENT_3D('',#7659,#4452,#4453);
#3894=AXIS2_PLACEMENT_3D('',#7662,#4456,#4457);
#3895=AXIS2_PLACEMENT_3D('',#7664,#4459,#4460);
#3896=AXIS2_PLACEMENT_3D('',#7668,#4463,#4464);
#3897=AXIS2_PLACEMENT_3D('',#7672,#4466,#4467);
#3898=AXIS2_PLACEMENT_3D('',#7675,#4469,#4470);
#3899=AXIS2_PLACEMENT_3D('',#7676,#4471,#4472);
#3900=AXIS2_PLACEMENT_3D('',#7682,#4476,#4477);
#3901=AXIS2_PLACEMENT_3D('',#7686,#4480,#4481);
#3902=AXIS2_PLACEMENT_3D('',#7690,#4484,#4485);
#3903=AXIS2_PLACEMENT_3D('',#7694,#4488,#4489);
#3904=AXIS2_PLACEMENT_3D('',#7698,#4492,#4493);
#3905=AXIS2_PLACEMENT_3D('',#7704,#4497,#4498);
#3906=AXIS2_PLACEMENT_3D('',#7709,#4502,#4503);
#3907=AXIS2_PLACEMENT_3D('',#7711,#4504,#4505);
#3908=AXIS2_PLACEMENT_3D('',#7714,#4507,#4508);
#3909=AXIS2_PLACEMENT_3D('',#7715,#4509,#4510);
#3910=AXIS2_PLACEMENT_3D('',#7720,#4514,#4515);
#3911=AXIS2_PLACEMENT_3D('',#7721,#4516,#4517);
#3912=AXIS2_PLACEMENT_3D('',#7722,#4518,#4519);
#3913=AXIS2_PLACEMENT_3D('',#7723,#4520,#4521);
#3914=AXIS2_PLACEMENT_3D('',#7724,#4522,#4523);
#3915=AXIS2_PLACEMENT_3D('',#7729,#4527,#4528);
#3916=AXIS2_PLACEMENT_3D('',#7732,#4530,#4531);
#3917=AXIS2_PLACEMENT_3D('',#7733,#4532,#4533);
#3918=AXIS2_PLACEMENT_3D('',#7738,#4537,#4538);
#3919=AXIS2_PLACEMENT_3D('',#7741,#4540,#4541);
#3920=AXIS2_PLACEMENT_3D('',#7742,#4542,#4543);
#3921=AXIS2_PLACEMENT_3D('',#7745,#4546,#4547);
#3922=AXIS2_PLACEMENT_3D('',#7746,#4548,#4549);
#3923=AXIS2_PLACEMENT_3D('',#7751,#4553,#4554);
#3924=AXIS2_PLACEMENT_3D('',#7753,#4555,#4556);
#3925=AXIS2_PLACEMENT_3D('',#7756,#4558,#4559);
#3926=AXIS2_PLACEMENT_3D('',#7757,#4560,#4561);
#3927=AXIS2_PLACEMENT_3D('',#7762,#4565,#4566);
#3928=AXIS2_PLACEMENT_3D('',#7764,#4567,#4568);
#3929=AXIS2_PLACEMENT_3D('',#7767,#4570,#4571);
#3930=AXIS2_PLACEMENT_3D('',#7768,#4572,#4573);
#3931=AXIS2_PLACEMENT_3D('',#7771,#4576,#4577);
#3932=AXIS2_PLACEMENT_3D('',#7772,#4578,#4579);
#3933=AXIS2_PLACEMENT_3D('',#7777,#4583,#4584);
#3934=AXIS2_PLACEMENT_3D('',#7780,#4586,#4587);
#3935=AXIS2_PLACEMENT_3D('',#7781,#4588,#4589);
#3936=AXIS2_PLACEMENT_3D('',#7786,#4593,#4594);
#3937=AXIS2_PLACEMENT_3D('',#7789,#4596,#4597);
#3938=AXIS2_PLACEMENT_3D('',#7790,#4598,#4599);
#3939=AXIS2_PLACEMENT_3D('',#7793,#4602,#4603);
#3940=AXIS2_PLACEMENT_3D('',#7794,#4604,#4605);
#3941=AXIS2_PLACEMENT_3D('',#7803,#4610,#4611);
#3942=AXIS2_PLACEMENT_3D('',#7809,#4615,#4616);
#3943=AXIS2_PLACEMENT_3D('',#7815,#4620,#4621);
#3944=AXIS2_PLACEMENT_3D('',#7821,#4625,#4626);
#3945=AXIS2_PLACEMENT_3D('',#7826,#4630,#4631);
#3946=AXIS2_PLACEMENT_3D('',#7828,#4632,#4633);
#3947=AXIS2_PLACEMENT_3D('',#7831,#4635,#4636);
#3948=AXIS2_PLACEMENT_3D('',#7832,#4637,#4638);
#3949=AXIS2_PLACEMENT_3D('',#7835,#4641,#4642);
#3950=AXIS2_PLACEMENT_3D('',#7836,#4643,#4644);
#3951=AXIS2_PLACEMENT_3D('',#7837,#4645,#4646);
#3952=AXIS2_PLACEMENT_3D('',#7838,#4647,#4648);
#3953=AXIS2_PLACEMENT_3D('',#7839,#4649,#4650);
#3954=AXIS2_PLACEMENT_3D('',#7844,#4654,#4655);
#3955=AXIS2_PLACEMENT_3D('',#7845,#4656,#4657);
#3956=AXIS2_PLACEMENT_3D('',#7846,#4658,#4659);
#3957=AXIS2_PLACEMENT_3D('',#7847,#4660,#4661);
#3958=AXIS2_PLACEMENT_3D('',#7849,#4662,#4663);
#3959=AXIS2_PLACEMENT_3D('',#7851,#4665,#4666);
#3960=AXIS2_PLACEMENT_3D('',#7854,#4669,#4670);
#3961=AXIS2_PLACEMENT_3D('',#7855,#4671,#4672);
#3962=AXIS2_PLACEMENT_3D('',#7857,#4674,#4675);
#3963=AXIS2_PLACEMENT_3D('',#7860,#4678,#4679);
#3964=AXIS2_PLACEMENT_3D('',#7861,#4680,#4681);
#3965=AXIS2_PLACEMENT_3D('',#7863,#4682,#4683);
#3966=AXIS2_PLACEMENT_3D('',#7865,#4685,#4686);
#3967=AXIS2_PLACEMENT_3D('',#7868,#4689,#4690);
#3968=AXIS2_PLACEMENT_3D('',#7869,#4691,#4692);
#3969=AXIS2_PLACEMENT_3D('',#7870,#4693,#4694);
#3970=AXIS2_PLACEMENT_3D('',#7873,#4697,#4698);
#3971=AXIS2_PLACEMENT_3D('',#7875,#4700,#4701);
#3972=AXIS2_PLACEMENT_3D('',#7878,#4704,#4705);
#3973=AXIS2_PLACEMENT_3D('',#7915,#4706,#4707);
#3974=AXIS2_PLACEMENT_3D('',#7952,#4708,#4709);
#3975=AXIS2_PLACEMENT_3D('',#7953,#4710,#4711);
#3976=AXIS2_PLACEMENT_3D('',#7954,#4712,#4713);
#3977=AXIS2_PLACEMENT_3D('',#7956,#4715,#4716);
#3978=AXIS2_PLACEMENT_3D('',#7993,#4717,#4718);
#3979=AXIS2_PLACEMENT_3D('',#8030,#4719,#4720);
#3980=AXIS2_PLACEMENT_3D('',#8031,#4721,#4722);
#3981=AXIS2_PLACEMENT_3D('',#8032,#4723,#4724);
#3982=AXIS2_PLACEMENT_3D('',#8034,#4726,#4727);
#3983=AXIS2_PLACEMENT_3D('',#8036,#4728,#4729);
#3984=AXIS2_PLACEMENT_3D('',#8039,#4731,#4732);
#3985=AXIS2_PLACEMENT_3D('',#8040,#4733,#4734);
#3986=AXIS2_PLACEMENT_3D('',#8077,#4735,#4736);
#3987=AXIS2_PLACEMENT_3D('',#8114,#4737,#4738);
#3988=AXIS2_PLACEMENT_3D('',#8115,#4739,#4740);
#3989=AXIS2_PLACEMENT_3D('',#8117,#4742,#4743);
#3990=AXIS2_PLACEMENT_3D('',#8154,#4744,#4745);
#3991=AXIS2_PLACEMENT_3D('',#8156,#4747,#4748);
#3992=AXIS2_PLACEMENT_3D('',#8158,#4749,#4750);
#3993=AXIS2_PLACEMENT_3D('',#8161,#4752,#4753);
#3994=AXIS2_PLACEMENT_3D('',#8198,#4754,#4755);
#3995=AXIS2_PLACEMENT_3D('',#8199,#4756,#4757);
#3996=AXIS2_PLACEMENT_3D('',#8237,#4759,#4760);
#3997=AXIS2_PLACEMENT_3D('',#8274,#4761,#4762);
#3998=AXIS2_PLACEMENT_3D('',#8275,#4763,#4764);
#3999=AXIS2_PLACEMENT_3D('',#8277,#4766,#4767);
#4000=AXIS2_PLACEMENT_3D('',#8279,#4769,#4770);
#4001=AXIS2_PLACEMENT_3D('',#8281,#4772,#4773);
#4002=AXIS2_PLACEMENT_3D('',#8283,#4775,#4776);
#4003=AXIS2_PLACEMENT_3D('',#8285,#4778,#4779);
#4004=AXIS2_PLACEMENT_3D('',#8287,#4781,#4782);
#4005=AXIS2_PLACEMENT_3D('',#8289,#4784,#4785);
#4006=AXIS2_PLACEMENT_3D('',#8299,#4791,#4792);
#4007=AXIS2_PLACEMENT_3D('',#8303,#4795,#4796);
#4008=AXIS2_PLACEMENT_3D('',#8311,#4801,#4802);
#4009=AXIS2_PLACEMENT_3D('',#8325,#4809,#4810);
#4010=AXIS2_PLACEMENT_3D('',#8329,#4812,#4813);
#4011=AXIS2_PLACEMENT_3D('',#8333,#4815,#4816);
#4012=AXIS2_PLACEMENT_3D('',#8336,#4818,#4819);
#4013=AXIS2_PLACEMENT_3D('',#8341,#4821,#4822);
#4014=AXIS2_PLACEMENT_3D('',#8345,#4824,#4825);
#4015=AXIS2_PLACEMENT_3D('',#8349,#4827,#4828);
#4016=AXIS2_PLACEMENT_3D('',#8352,#4830,#4831);
#4017=AXIS2_PLACEMENT_3D('',#8357,#4833,#4834);
#4018=AXIS2_PLACEMENT_3D('',#8361,#4836,#4837);
#4019=AXIS2_PLACEMENT_3D('',#8365,#4839,#4840);
#4020=AXIS2_PLACEMENT_3D('',#8368,#4842,#4843);
#4021=AXIS2_PLACEMENT_3D('',#8373,#4845,#4846);
#4022=AXIS2_PLACEMENT_3D('',#8377,#4848,#4849);
#4023=AXIS2_PLACEMENT_3D('',#8381,#4851,#4852);
#4024=AXIS2_PLACEMENT_3D('',#8384,#4854,#4855);
#4025=AXIS2_PLACEMENT_3D('',#8389,#4857,#4858);
#4026=AXIS2_PLACEMENT_3D('',#8393,#4860,#4861);
#4027=AXIS2_PLACEMENT_3D('',#8397,#4863,#4864);
#4028=AXIS2_PLACEMENT_3D('',#8400,#4866,#4867);
#4029=AXIS2_PLACEMENT_3D('',#8401,#4868,#4869);
#4030=AXIS2_PLACEMENT_3D('',#8423,#4880,#4881);
#4031=AXIS2_PLACEMENT_3D('',#8427,#4883,#4884);
#4032=AXIS2_PLACEMENT_3D('',#8431,#4886,#4887);
#4033=AXIS2_PLACEMENT_3D('',#8434,#4889,#4890);
#4034=AXIS2_PLACEMENT_3D('',#8439,#4892,#4893);
#4035=AXIS2_PLACEMENT_3D('',#8443,#4895,#4896);
#4036=AXIS2_PLACEMENT_3D('',#8447,#4898,#4899);
#4037=AXIS2_PLACEMENT_3D('',#8450,#4901,#4902);
#4038=AXIS2_PLACEMENT_3D('',#8455,#4904,#4905);
#4039=AXIS2_PLACEMENT_3D('',#8459,#4907,#4908);
#4040=AXIS2_PLACEMENT_3D('',#8463,#4910,#4911);
#4041=AXIS2_PLACEMENT_3D('',#8466,#4913,#4914);
#4042=AXIS2_PLACEMENT_3D('',#8471,#4916,#4917);
#4043=AXIS2_PLACEMENT_3D('',#8475,#4919,#4920);
#4044=AXIS2_PLACEMENT_3D('',#8479,#4922,#4923);
#4045=AXIS2_PLACEMENT_3D('',#8482,#4925,#4926);
#4046=AXIS2_PLACEMENT_3D('',#8487,#4928,#4929);
#4047=AXIS2_PLACEMENT_3D('',#8491,#4931,#4932);
#4048=AXIS2_PLACEMENT_3D('',#8495,#4934,#4935);
#4049=AXIS2_PLACEMENT_3D('',#8498,#4937,#4938);
#4050=AXIS2_PLACEMENT_3D('',#8499,#4939,#4940);
#4051=AXIS2_PLACEMENT_3D('',#8502,#4943,#4944);
#4052=AXIS2_PLACEMENT_3D('',#8505,#4947,#4948);
#4053=AXIS2_PLACEMENT_3D('',#8507,#4950,#4951);
#4054=AXIS2_PLACEMENT_3D('',#8509,#4953,#4954);
#4055=AXIS2_PLACEMENT_3D('',#8511,#4956,#4957);
#4056=AXIS2_PLACEMENT_3D('',#8513,#4959,#4960);
#4057=AXIS2_PLACEMENT_3D('',#8515,#4962,#4963);
#4058=AXIS2_PLACEMENT_3D('',#8517,#4965,#4966);
#4059=AXIS2_PLACEMENT_3D('',#8518,#4967,#4968);
#4060=AXIS2_PLACEMENT_3D('',#8521,#4971,#4972);
#4061=AXIS2_PLACEMENT_3D('',#8523,#4974,#4975);
#4062=AXIS2_PLACEMENT_3D('',#8525,#4977,#4978);
#4063=AXIS2_PLACEMENT_3D('',#8527,#4980,#4981);
#4064=AXIS2_PLACEMENT_3D('',#8529,#4983,#4984);
#4065=AXIS2_PLACEMENT_3D('',#8531,#4986,#4987);
#4066=AXIS2_PLACEMENT_3D('',#8533,#4989,#4990);
#4067=AXIS2_PLACEMENT_3D('',#8534,#4991,#4992);
#4068=AXIS2_PLACEMENT_3D('',#8537,#4995,#4996);
#4069=AXIS2_PLACEMENT_3D('',#8539,#4998,#4999);
#4070=AXIS2_PLACEMENT_3D('',#8541,#5001,#5002);
#4071=AXIS2_PLACEMENT_3D('',#8543,#5004,#5005);
#4072=AXIS2_PLACEMENT_3D('',#8545,#5007,#5008);
#4073=AXIS2_PLACEMENT_3D('',#8547,#5010,#5011);
#4074=AXIS2_PLACEMENT_3D('',#8549,#5013,#5014);
#4075=AXIS2_PLACEMENT_3D('',#8550,#5015,#5016);
#4076=AXIS2_PLACEMENT_3D('',#8553,#5019,#5020);
#4077=AXIS2_PLACEMENT_3D('',#8555,#5022,#5023);
#4078=AXIS2_PLACEMENT_3D('',#8557,#5025,#5026);
#4079=AXIS2_PLACEMENT_3D('',#8559,#5028,#5029);
#4080=AXIS2_PLACEMENT_3D('',#8561,#5031,#5032);
#4081=AXIS2_PLACEMENT_3D('',#8563,#5034,#5035);
#4082=AXIS2_PLACEMENT_3D('',#8565,#5037,#5038);
#4083=AXIS2_PLACEMENT_3D('',#8566,#5039,#5040);
#4084=AXIS2_PLACEMENT_3D('',#8569,#5043,#5044);
#4085=AXIS2_PLACEMENT_3D('',#8571,#5046,#5047);
#4086=AXIS2_PLACEMENT_3D('',#8573,#5049,#5050);
#4087=AXIS2_PLACEMENT_3D('',#8575,#5052,#5053);
#4088=AXIS2_PLACEMENT_3D('',#8577,#5055,#5056);
#4089=AXIS2_PLACEMENT_3D('',#8579,#5058,#5059);
#4090=AXIS2_PLACEMENT_3D('',#8581,#5061,#5062);
#4091=AXIS2_PLACEMENT_3D('',#8582,#5063,#5064);
#4092=AXIS2_PLACEMENT_3D('',#8584,#5066,#5067);
#4093=AXIS2_PLACEMENT_3D('',#8592,#5073,#5074);
#4094=AXIS2_PLACEMENT_3D('',#8594,#5076,#5077);
#4095=AXIS2_PLACEMENT_3D('',#8596,#5079,#5080);
#4096=AXIS2_PLACEMENT_3D('',#8597,#5081,#5082);
#4097=AXIS2_PLACEMENT_3D('',#8601,#5085,#5086);
#4098=AXIS2_PLACEMENT_3D('',#8605,#5089,#5090);
#4099=AXIS2_PLACEMENT_3D('',#8607,#5092,#5093);
#4100=AXIS2_PLACEMENT_3D('',#8609,#5095,#5096);
#4101=AXIS2_PLACEMENT_3D('',#8610,#5097,#5098);
#4102=DIRECTION('axis',(0.,0.,1.));
#4103=DIRECTION('refdir',(1.,0.,0.));
#4104=DIRECTION('center_axis',(0.,0.,-1.));
#4105=DIRECTION('ref_axis',(0.894532278680305,-0.44700335837555,0.));
#4106=DIRECTION('center_axis',(-0.721158501332084,-0.692770103249601,0.));
#4107=DIRECTION('ref_axis',(0.6927701032496,-0.721158501332084,0.));
#4108=DIRECTION('center_axis',(0.121054375311046,0.992645877550525,0.));
#4109=DIRECTION('ref_axis',(0.,0.,1.));
#4110=DIRECTION('center_axis',(0.,0.,-1.));
#4111=DIRECTION('ref_axis',(0.894532278680305,-0.44700335837555,0.));
#4112=DIRECTION('center_axis',(-0.992645877550526,0.12105437531104,0.));
#4113=DIRECTION('ref_axis',(-0.0855983696747513,-0.701906631332851,0.707106781186543));
#4114=DIRECTION('center_axis',(0.121054375311046,0.992645877550525,0.));
#4115=DIRECTION('ref_axis',(0.,0.,1.));
#4116=DIRECTION('center_axis',(0.,0.,-1.));
#4117=DIRECTION('ref_axis',(0.992645877550526,-0.121054375311037,0.));
#4118=DIRECTION('center_axis',(-0.992645877550526,0.12105437531104,0.));
#4119=DIRECTION('ref_axis',(-0.0855983696747513,-0.701906631332851,0.707106781186543));
#4120=DIRECTION('center_axis',(-0.692770103249596,0.721158501332089,0.));
#4121=DIRECTION('ref_axis',(0.509936066602246,0.489862437811099,0.707106781186546));
#4122=DIRECTION('center_axis',(0.,0.,-1.));
#4123=DIRECTION('ref_axis',(0.992645877550526,-0.121054375311037,0.));
#4124=DIRECTION('center_axis',(0.,0.,-1.));
#4125=DIRECTION('ref_axis',(0.357587882791013,-0.933879492269233,0.));
#4126=DIRECTION('center_axis',(-0.999423558506668,0.033949237132358,0.));
#4127=DIRECTION('ref_axis',(-0.033949237132358,-0.999423558506668,0.));
#4128=DIRECTION('center_axis',(0.721158501332084,0.692770103249601,0.));
#4129=DIRECTION('ref_axis',(0.,0.,1.));
#4130=DIRECTION('center_axis',(0.,0.,-1.));
#4131=DIRECTION('ref_axis',(0.357587882791013,-0.933879492269233,0.));
#4132=DIRECTION('center_axis',(-0.692770103249596,0.721158501332089,0.));
#4133=DIRECTION('ref_axis',(-0.50993606660226,-0.489862437811094,0.707106781186539));
#4134=DIRECTION('center_axis',(0.721158501332084,0.692770103249601,0.));
#4135=DIRECTION('ref_axis',(0.,0.,1.));
#4136=DIRECTION('center_axis',(0.,0.,-1.));
#4137=DIRECTION('ref_axis',(0.692770103249596,-0.721158501332089,0.));
#4138=DIRECTION('center_axis',(-0.692770103249596,0.721158501332089,0.));
#4139=DIRECTION('ref_axis',(-0.50993606660226,-0.489862437811094,0.707106781186539));
#4140=DIRECTION('center_axis',(0.0339492371323567,0.999423558506668,0.));
#4141=DIRECTION('ref_axis',(0.706699175497665,-0.024005735792401,0.707106781186538));
#4142=DIRECTION('center_axis',(0.,0.,-1.));
#4143=DIRECTION('ref_axis',(0.692770103249596,-0.721158501332089,0.));
#4144=DIRECTION('center_axis',(0.,0.,-1.));
#4145=DIRECTION('ref_axis',(0.999886016712092,-0.0150981317925622,0.));
#4146=DIRECTION('center_axis',(-0.121054375311037,-0.992645877550526,0.));
#4147=DIRECTION('ref_axis',(0.992645877550526,-0.121054375311037,0.));
#4148=DIRECTION('center_axis',(-0.0910284057459784,0.995848296352083,0.));
#4149=DIRECTION('ref_axis',(0.,0.,1.));
#4150=DIRECTION('center_axis',(0.,0.,-1.));
#4151=DIRECTION('ref_axis',(0.999886016712092,-0.0150981317925622,0.));
#4152=DIRECTION('center_axis',(-0.995848296352082,-0.0910284057459826,0.));
#4153=DIRECTION('ref_axis',(0.0643668029835697,-0.704171083383645,0.707106781186532));
#4154=DIRECTION('center_axis',(-0.0910284057459784,0.995848296352083,0.));
#4155=DIRECTION('ref_axis',(0.,0.,1.));
#4156=DIRECTION('center_axis',(0.,0.,-1.));
#4157=DIRECTION('ref_axis',(0.995848296352082,0.0910284057459872,0.));
#4158=DIRECTION('center_axis',(-0.995848296352082,-0.0910284057459826,0.));
#4159=DIRECTION('ref_axis',(0.0643668029835697,-0.704171083383645,0.707106781186532));
#4160=DIRECTION('center_axis',(-0.992645877550526,0.12105437531104,0.));
#4161=DIRECTION('ref_axis',(0.0855983696747514,0.701906631332842,0.707106781186551));
#4162=DIRECTION('center_axis',(0.,0.,-1.));
#4163=DIRECTION('ref_axis',(0.995848296352082,0.0910284057459872,0.));
#4164=DIRECTION('center_axis',(-0.995848296352082,-0.0910284057459826,0.));
#4165=DIRECTION('ref_axis',(-0.0643668029835872,0.704171083383628,0.707106781186547));
#4166=DIRECTION('center_axis',(0.,0.,-1.));
#4167=DIRECTION('ref_axis',(0.51370804070457,0.857965062759243,0.));
#4168=DIRECTION('center_axis',(0.0910284057459784,-0.995848296352083,0.));
#4169=DIRECTION('ref_axis',(0.995848296352083,0.0910284057459784,0.));
#4170=DIRECTION('center_axis',(-0.995848296352082,-0.0910284057459826,0.));
#4171=DIRECTION('ref_axis',(-0.0643668029835872,0.704171083383628,0.707106781186547));
#4172=DIRECTION('center_axis',(0.,0.,-1.));
#4173=DIRECTION('ref_axis',(0.846603828632169,0.532223597133153,0.));
#4174=DIRECTION('center_axis',(0.0910284057459784,-0.995848296352083,0.));
#4175=DIRECTION('ref_axis',(0.995848296352083,0.0910284057459784,0.));
#4176=DIRECTION('center_axis',(-0.857965062759244,0.513708040704568,0.));
#4177=DIRECTION('ref_axis',(0.,0.,1.));
#4178=DIRECTION('center_axis',(0.,0.,-1.));
#4179=DIRECTION('ref_axis',(0.846603828632169,0.532223597133153,0.));
#4180=DIRECTION('center_axis',(-0.513708040704573,-0.857965062759241,0.));
#4181=DIRECTION('ref_axis',(0.6066729138982,-0.363246439132259,0.707106781186549));
#4182=DIRECTION('center_axis',(-0.857965062759244,0.513708040704568,0.));
#4183=DIRECTION('ref_axis',(0.,0.,1.));
#4184=DIRECTION('center_axis',(0.,0.,-1.));
#4185=DIRECTION('ref_axis',(-0.0577175510424369,0.998332952627361,0.));
#4186=DIRECTION('center_axis',(0.857965062759239,-0.513708040704576,0.));
#4187=DIRECTION('ref_axis',(0.513708040704576,0.857965062759239,0.));
#4188=DIRECTION('center_axis',(-0.793047673483677,-0.609159574809529,0.));
#4189=DIRECTION('ref_axis',(0.,0.,1.));
#4190=DIRECTION('center_axis',(0.,0.,-1.));
#4191=DIRECTION('ref_axis',(-0.0577175510424369,0.998332952627361,0.));
#4192=DIRECTION('center_axis',(0.609159574809526,-0.79304767348368,0.));
#4193=DIRECTION('ref_axis',(0.560769387724523,0.430740866172535,0.707106781186546));
#4194=DIRECTION('center_axis',(-0.793047673483677,-0.609159574809529,0.));
#4195=DIRECTION('ref_axis',(0.,0.,1.));
#4196=DIRECTION('center_axis',(0.,0.,-1.));
#4197=DIRECTION('ref_axis',(-0.609159574809525,0.793047673483681,0.));
#4198=DIRECTION('center_axis',(0.609159574809526,-0.79304767348368,0.));
#4199=DIRECTION('ref_axis',(0.560769387724523,0.430740866172535,0.707106781186546));
#4200=DIRECTION('center_axis',(-0.513708040704573,-0.857965062759241,0.));
#4201=DIRECTION('ref_axis',(-0.606672913898204,0.363246439132258,0.707106781186546));
#4202=DIRECTION('center_axis',(0.,0.,-1.));
#4203=DIRECTION('ref_axis',(-0.609159574809525,0.793047673483681,0.));
#4204=DIRECTION('center_axis',(0.924166975550595,0.381988744993443,0.));
#4205=DIRECTION('ref_axis',(0.270106831921801,-0.653484735360486,0.70710678118655));
#4206=DIRECTION('center_axis',(0.,0.,-1.));
#4207=DIRECTION('ref_axis',(-0.0339492371323577,-0.999423558506668,0.));
#4208=DIRECTION('center_axis',(-0.381988744993446,0.924166975550594,0.));
#4209=DIRECTION('ref_axis',(-0.924166975550594,-0.381988744993446,0.));
#4210=DIRECTION('center_axis',(0.924166975550595,0.381988744993443,0.));
#4211=DIRECTION('ref_axis',(0.270106831921801,-0.653484735360486,0.70710678118655));
#4212=DIRECTION('center_axis',(0.,0.,-1.));
#4213=DIRECTION('ref_axis',(-0.56991499935167,-0.821703653097627,0.));
#4214=DIRECTION('center_axis',(-0.381988744993446,0.924166975550594,0.));
#4215=DIRECTION('ref_axis',(-0.924166975550594,-0.381988744993446,0.));
#4216=DIRECTION('center_axis',(0.999423558506668,-0.033949237132358,0.));
#4217=DIRECTION('ref_axis',(0.,0.,1.));
#4218=DIRECTION('center_axis',(0.,0.,-1.));
#4219=DIRECTION('ref_axis',(-0.56991499935167,-0.821703653097627,0.));
#4220=DIRECTION('center_axis',(0.0339492371323567,0.999423558506668,0.));
#4221=DIRECTION('ref_axis',(-0.706699175497655,0.0240057357923941,0.707106781186547));
#4222=DIRECTION('center_axis',(0.999423558506668,-0.033949237132358,0.));
#4223=DIRECTION('ref_axis',(0.,0.,1.));
#4224=DIRECTION('center_axis',(0.609159574809526,-0.79304767348368,0.));
#4225=DIRECTION('ref_axis',(-0.56076938772453,-0.430740866172527,0.707106781186545));
#4226=DIRECTION('center_axis',(0.,0.,1.));
#4227=DIRECTION('ref_axis',(0.211420655214834,-0.977395163968254,0.));
#4228=DIRECTION('center_axis',(0.793047673483677,0.609159574809529,0.));
#4229=DIRECTION('ref_axis',(-0.609159574809529,0.793047673483677,0.));
#4230=DIRECTION('center_axis',(0.609159574809526,-0.79304767348368,0.));
#4231=DIRECTION('ref_axis',(-0.56076938772453,-0.430740866172527,0.707106781186545));
#4232=DIRECTION('center_axis',(0.,0.,1.));
#4233=DIRECTION('ref_axis',(0.420516322856434,-0.907284972988809,0.));
#4234=DIRECTION('center_axis',(0.793047673483677,0.609159574809529,0.));
#4235=DIRECTION('ref_axis',(-0.609159574809529,0.793047673483677,0.));
#4236=DIRECTION('center_axis',(-0.977395163968256,-0.211420655214825,0.));
#4237=DIRECTION('ref_axis',(0.,0.,1.));
#4238=DIRECTION('center_axis',(0.,0.,1.));
#4239=DIRECTION('ref_axis',(0.420516322856434,-0.907284972988809,0.));
#4240=DIRECTION('center_axis',(0.211420655214832,-0.977395163968255,0.));
#4241=DIRECTION('ref_axis',(0.691122748340889,0.149496978985307,0.707106781186549));
#4242=DIRECTION('center_axis',(-0.977395163968256,-0.211420655214825,0.));
#4243=DIRECTION('ref_axis',(0.,0.,1.));
#4244=DIRECTION('center_axis',(0.,0.,-1.));
#4245=DIRECTION('ref_axis',(-0.989707272297485,-0.143106656593857,0.));
#4246=DIRECTION('center_axis',(0.104556482393594,0.994518950040409,0.));
#4247=DIRECTION('ref_axis',(-0.994518950040409,0.104556482393594,0.));
#4248=DIRECTION('center_axis',(0.381988744993446,-0.924166975550594,0.));
#4249=DIRECTION('ref_axis',(0.,0.,1.));
#4250=DIRECTION('center_axis',(0.,0.,-1.));
#4251=DIRECTION('ref_axis',(-0.989707272297485,-0.143106656593857,0.));
#4252=DIRECTION('center_axis',(0.924166975550595,0.381988744993443,0.));
#4253=DIRECTION('ref_axis',(-0.270106831921798,0.653484735360493,0.707106781186545));
#4254=DIRECTION('center_axis',(0.381988744993446,-0.924166975550594,0.));
#4255=DIRECTION('ref_axis',(0.,0.,1.));
#4256=DIRECTION('center_axis',(0.,0.,-1.));
#4257=DIRECTION('ref_axis',(-0.924166975550594,-0.381988744993446,0.));
#4258=DIRECTION('center_axis',(0.924166975550595,0.381988744993443,0.));
#4259=DIRECTION('ref_axis',(-0.270106831921798,0.653484735360493,0.707106781186545));
#4260=DIRECTION('center_axis',(0.99451895004041,-0.104556482393591,0.));
#4261=DIRECTION('ref_axis',(-0.0739325977175112,-0.7032310935921,0.707106781186548));
#4262=DIRECTION('center_axis',(0.,0.,-1.));
#4263=DIRECTION('ref_axis',(-0.924166975550594,-0.381988744993446,0.));
#4264=DIRECTION('center_axis',(0.,0.,-1.));
#4265=DIRECTION('ref_axis',(-0.327598760114526,0.944816941196243,0.));
#4266=DIRECTION('center_axis',(0.977395163968254,0.211420655214833,0.));
#4267=DIRECTION('ref_axis',(-0.211420655214833,0.977395163968254,0.));
#4268=DIRECTION('center_axis',(-0.898483418960165,-0.439007455350878,0.));
#4269=DIRECTION('ref_axis',(0.,0.,1.));
#4270=DIRECTION('center_axis',(0.,0.,-1.));
#4271=DIRECTION('ref_axis',(-0.327598760114526,0.944816941196243,0.));
#4272=DIRECTION('center_axis',(0.439007455350877,-0.898483418960165,0.));
#4273=DIRECTION('ref_axis',(0.63532371833041,0.310425148670066,0.707106781186541));
#4274=DIRECTION('center_axis',(-0.898483418960165,-0.439007455350878,0.));
#4275=DIRECTION('ref_axis',(0.,0.,1.));
#4276=DIRECTION('center_axis',(0.,0.,-1.));
#4277=DIRECTION('ref_axis',(-0.439007455350881,0.898483418960163,0.));
#4278=DIRECTION('center_axis',(0.439007455350877,-0.898483418960165,0.));
#4279=DIRECTION('ref_axis',(0.63532371833041,0.310425148670066,0.707106781186541));
#4280=DIRECTION('center_axis',(0.211420655214832,-0.977395163968255,0.));
#4281=DIRECTION('ref_axis',(-0.691122748340889,-0.149496978985305,0.70710678118655));
#4282=DIRECTION('center_axis',(0.,0.,-1.));
#4283=DIRECTION('ref_axis',(-0.439007455350881,0.898483418960163,0.));
#4284=DIRECTION('center_axis',(0.439007455350877,-0.898483418960165,0.));
#4285=DIRECTION('ref_axis',(-0.635323718330412,-0.310425148670053,0.707106781186544));
#4286=DIRECTION('center_axis',(0.,0.,-1.));
#4287=DIRECTION('ref_axis',(-0.994518950040409,0.104556482393594,0.));
#4288=DIRECTION('center_axis',(0.898483418960165,0.439007455350878,0.));
#4289=DIRECTION('ref_axis',(-0.439007455350878,0.898483418960165,0.));
#4290=DIRECTION('center_axis',(0.439007455350877,-0.898483418960165,0.));
#4291=DIRECTION('ref_axis',(-0.635323718330412,-0.310425148670053,0.707106781186544));
#4292=DIRECTION('center_axis',(0.,0.,-1.));
#4293=DIRECTION('ref_axis',(-0.819346986257966,0.573297929622975,0.));
#4294=DIRECTION('center_axis',(0.898483418960165,0.439007455350878,0.));
#4295=DIRECTION('ref_axis',(-0.439007455350878,0.898483418960165,0.));
#4296=DIRECTION('center_axis',(-0.104556482393594,-0.994518950040409,0.));
#4297=DIRECTION('ref_axis',(0.,0.,1.));
#4298=DIRECTION('center_axis',(0.,0.,-1.));
#4299=DIRECTION('ref_axis',(-0.819346986257966,0.573297929622975,0.));
#4300=DIRECTION('center_axis',(0.99451895004041,-0.104556482393591,0.));
#4301=DIRECTION('ref_axis',(0.0739325977175288,0.703231093592095,0.707106781186551));
#4302=DIRECTION('center_axis',(-0.104556482393594,-0.994518950040409,0.));
#4303=DIRECTION('ref_axis',(0.,0.,1.));
#4304=DIRECTION('center_axis',(0.,0.,1.));
#4305=DIRECTION('ref_axis',(-1.,3.48956160549639E-46,0.));
#4306=DIRECTION('center_axis',(0.,0.,1.));
#4307=DIRECTION('ref_axis',(-1.,3.48956160549639E-46,0.));
#4308=DIRECTION('',(0.,0.,1.));
#4309=DIRECTION('center_axis',(0.,0.,-1.));
#4310=DIRECTION('ref_axis',(-1.,3.48956160549639E-46,0.));
#4311=DIRECTION('center_axis',(0.,0.,1.));
#4312=DIRECTION('ref_axis',(1.,0.,0.));
#4313=DIRECTION('',(-0.609159574809525,0.793047673483681,0.));
#4314=DIRECTION('',(-0.79304767348368,-0.609159574809526,0.));
#4315=DIRECTION('',(0.609159574809525,-0.793047673483681,0.));
#4316=DIRECTION('center_axis',(0.,0.,1.));
#4317=DIRECTION('ref_axis',(-0.0577175510424272,0.998332952627361,0.));
#4318=DIRECTION('',(0.513708040704585,0.857965062759234,0.));
#4319=DIRECTION('',(-0.857965062759241,0.513708040704573,0.));
#4320=DIRECTION('',(-0.513708040704585,-0.857965062759234,0.));
#4321=DIRECTION('center_axis',(0.,0.,1.));
#4322=DIRECTION('ref_axis',(0.846603828632173,0.532223597133147,0.));
#4323=DIRECTION('',(0.995848296352082,0.0910284057459872,0.));
#4324=DIRECTION('',(-0.0910284057459826,0.995848296352082,0.));
#4325=DIRECTION('',(-0.995848296352082,-0.0910284057459872,0.));
#4326=DIRECTION('center_axis',(0.,0.,1.));
#4327=DIRECTION('ref_axis',(0.999886016712092,-0.0150981317925634,0.));
#4328=DIRECTION('',(0.992645877550525,-0.121054375311048,0.));
#4329=DIRECTION('',(0.12105437531104,0.992645877550526,0.));
#4330=DIRECTION('',(-0.992645877550525,0.121054375311048,0.));
#4331=DIRECTION('center_axis',(0.,0.,1.));
#4332=DIRECTION('ref_axis',(0.894532278680309,-0.447003358375543,0.));
#4333=DIRECTION('',(0.6927701032496,-0.721158501332084,0.));
#4334=DIRECTION('',(0.721158501332088,0.692770103249596,0.));
#4335=DIRECTION('',(-0.6927701032496,0.721158501332084,0.));
#4336=DIRECTION('center_axis',(0.,0.,1.));
#4337=DIRECTION('ref_axis',(0.357587882791005,-0.933879492269236,0.));
#4338=DIRECTION('',(-0.0339492371323403,-0.999423558506668,0.));
#4339=DIRECTION('',(0.999423558506668,-0.0339492371323567,0.));
#4340=DIRECTION('',(0.0339492371323403,0.999423558506668,0.));
#4341=DIRECTION('center_axis',(0.,0.,1.));
#4342=DIRECTION('ref_axis',(-0.569914999351661,-0.821703653097633,0.));
#4343=DIRECTION('',(-0.924166975550597,-0.381988744993438,0.));
#4344=DIRECTION('',(0.381988744993443,-0.924166975550595,0.));
#4345=DIRECTION('',(0.924166975550597,0.381988744993438,0.));
#4346=DIRECTION('center_axis',(0.,0.,1.));
#4347=DIRECTION('ref_axis',(-0.989707272297486,-0.143106656593852,0.));
#4348=DIRECTION('',(-0.994518950040409,0.104556482393594,0.));
#4349=DIRECTION('',(-0.104556482393591,-0.99451895004041,0.));
#4350=DIRECTION('',(0.994518950040409,-0.104556482393594,0.));
#4351=DIRECTION('center_axis',(0.,0.,1.));
#4352=DIRECTION('ref_axis',(-0.819346986257965,0.573297929622975,0.));
#4353=DIRECTION('',(-0.439007455350867,0.89848341896017,0.));
#4354=DIRECTION('',(-0.898483418960165,-0.439007455350877,0.));
#4355=DIRECTION('',(0.439007455350867,-0.89848341896017,0.));
#4356=DIRECTION('center_axis',(0.,0.,1.));
#4357=DIRECTION('ref_axis',(-0.327598760114531,0.944816941196241,0.));
#4358=DIRECTION('',(-0.211420655214827,0.977395163968256,0.));
#4359=DIRECTION('',(-0.977395163968255,-0.211420655214832,0.));
#4360=DIRECTION('',(0.211420655214827,-0.977395163968256,0.));
#4361=DIRECTION('center_axis',(0.,0.,-1.));
#4362=DIRECTION('ref_axis',(0.42051632285644,-0.907284972988806,0.));
#4363=DIRECTION('',(-0.721158501332088,-0.692770103249596,0.));
#4364=DIRECTION('',(-0.12105437531104,-0.992645877550526,0.));
#4365=DIRECTION('',(0.0910284057459824,-0.995848296352082,0.));
#4366=DIRECTION('',(0.857965062759241,-0.513708040704573,0.));
#4367=DIRECTION('',(0.79304767348368,0.609159574809526,0.));
#4368=DIRECTION('',(0.977395163968255,0.211420655214832,0.));
#4369=DIRECTION('',(0.898483418960165,0.439007455350877,0.));
#4370=DIRECTION('',(0.104556482393591,0.99451895004041,0.));
#4371=DIRECTION('',(-0.381988744993444,0.924166975550595,0.));
#4372=DIRECTION('',(-0.999423558506668,0.0339492371323569,0.));
#4373=DIRECTION('center_axis',(0.999423558506668,-0.0339492371323403,0.));
#4374=DIRECTION('ref_axis',(0.,0.,-1.));
#4375=DIRECTION('',(0.,0.,-1.));
#4376=DIRECTION('',(0.0339492371323403,0.999423558506668,0.));
#4377=DIRECTION('',(0.,0.,-1.));
#4378=DIRECTION('center_axis',(0.,0.,-1.));
#4379=DIRECTION('ref_axis',(0.357587882791005,-0.933879492269236,0.));
#4380=DIRECTION('',(0.,0.,1.));
#4381=DIRECTION('center_axis',(-0.721158501332084,-0.6927701032496,0.));
#4382=DIRECTION('ref_axis',(0.,0.,1.));
#4383=DIRECTION('',(0.,0.,1.));
#4384=DIRECTION('',(-0.6927701032496,0.721158501332084,0.));
#4385=DIRECTION('center_axis',(0.692770103249596,-0.721158501332089,0.));
#4386=DIRECTION('ref_axis',(-0.721158501332088,-0.692770103249596,0.));
#4387=DIRECTION('',(0.,0.,-1.));
#4388=DIRECTION('center_axis',(-0.692770103249596,0.721158501332089,0.));
#4389=DIRECTION('ref_axis',(0.509936066602246,0.489862437811099,0.707106781186546));
#4390=DIRECTION('',(0.721158501332088,0.692770103249596,0.));
#4391=DIRECTION('center_axis',(-0.692770103249596,0.721158501332089,0.));
#4392=DIRECTION('ref_axis',(-0.50993606660226,-0.489862437811094,0.707106781186539));
#4393=DIRECTION('center_axis',(0.721158501332084,0.6927701032496,0.));
#4394=DIRECTION('ref_axis',(0.,0.,-1.));
#4395=DIRECTION('',(0.,0.,-1.));
#4396=DIRECTION('',(-0.6927701032496,0.721158501332084,0.));
#4397=DIRECTION('center_axis',(0.,0.,-1.));
#4398=DIRECTION('ref_axis',(0.894532278680309,-0.447003358375543,0.));
#4399=DIRECTION('',(0.,0.,1.));
#4400=DIRECTION('center_axis',(-0.121054375311048,-0.992645877550525,0.));
#4401=DIRECTION('ref_axis',(0.,0.,1.));
#4402=DIRECTION('',(0.,0.,1.));
#4403=DIRECTION('',(-0.992645877550525,0.121054375311048,0.));
#4404=DIRECTION('center_axis',(0.992645877550526,-0.12105437531104,0.));
#4405=DIRECTION('ref_axis',(-0.12105437531104,-0.992645877550526,0.));
#4406=DIRECTION('',(0.,0.,-1.));
#4407=DIRECTION('center_axis',(-0.992645877550526,0.12105437531104,0.));
#4408=DIRECTION('ref_axis',(0.0855983696747514,0.701906631332842,0.707106781186551));
#4409=DIRECTION('',(0.12105437531104,0.992645877550526,0.));
#4410=DIRECTION('center_axis',(-0.992645877550526,0.12105437531104,0.));
#4411=DIRECTION('ref_axis',(-0.0855983696747513,-0.701906631332851,0.707106781186543));
#4412=DIRECTION('center_axis',(0.121054375311048,0.992645877550525,0.));
#4413=DIRECTION('ref_axis',(0.,0.,-1.));
#4414=DIRECTION('',(0.,0.,-1.));
#4415=DIRECTION('',(-0.992645877550525,0.121054375311048,0.));
#4416=DIRECTION('center_axis',(0.,0.,-1.));
#4417=DIRECTION('ref_axis',(0.999886016712092,-0.0150981317925634,0.));
#4418=DIRECTION('',(0.,0.,1.));
#4419=DIRECTION('center_axis',(0.0910284057459872,-0.995848296352082,0.));
#4420=DIRECTION('ref_axis',(0.,0.,1.));
#4421=DIRECTION('',(0.,0.,1.));
#4422=DIRECTION('',(-0.995848296352082,-0.0910284057459872,0.));
#4423=DIRECTION('center_axis',(0.995848296352082,0.0910284057459826,0.));
#4424=DIRECTION('ref_axis',(0.0910284057459826,-0.995848296352082,0.));
#4425=DIRECTION('',(0.,0.,-1.));
#4426=DIRECTION('center_axis',(-0.995848296352082,-0.0910284057459826,0.));
#4427=DIRECTION('ref_axis',(-0.0643668029835872,0.704171083383628,0.707106781186547));
#4428=DIRECTION('',(-0.0910284057459826,0.995848296352082,0.));
#4429=DIRECTION('center_axis',(-0.995848296352082,-0.0910284057459826,0.));
#4430=DIRECTION('ref_axis',(0.0643668029835697,-0.704171083383645,0.707106781186532));
#4431=DIRECTION('center_axis',(-0.0910284057459872,0.995848296352082,0.));
#4432=DIRECTION('ref_axis',(0.,0.,-1.));
#4433=DIRECTION('',(0.,0.,-1.));
#4434=DIRECTION('',(-0.995848296352082,-0.0910284057459872,0.));
#4435=DIRECTION('center_axis',(0.,0.,-1.));
#4436=DIRECTION('ref_axis',(0.846603828632173,0.532223597133147,0.));
#4437=DIRECTION('',(0.,0.,1.));
#4438=DIRECTION('center_axis',(0.,0.,-1.));
#4439=DIRECTION('ref_axis',(0.51370804070457,0.857965062759243,0.));
#4440=DIRECTION('center_axis',(0.857965062759234,-0.513708040704585,0.));
#4441=DIRECTION('ref_axis',(0.,0.,1.));
#4442=DIRECTION('',(0.,0.,1.));
#4443=DIRECTION('',(-0.513708040704585,-0.857965062759234,0.));
#4444=DIRECTION('center_axis',(0.513708040704573,0.857965062759241,0.));
#4445=DIRECTION('ref_axis',(0.857965062759241,-0.513708040704573,0.));
#4446=DIRECTION('',(0.,0.,-1.));
#4447=DIRECTION('center_axis',(-0.513708040704573,-0.857965062759241,0.));
#4448=DIRECTION('ref_axis',(-0.606672913898204,0.363246439132258,0.707106781186546));
#4449=DIRECTION('',(-0.857965062759241,0.513708040704573,0.));
#4450=DIRECTION('center_axis',(-0.513708040704573,-0.857965062759241,0.));
#4451=DIRECTION('ref_axis',(0.6066729138982,-0.363246439132259,0.707106781186549));
#4452=DIRECTION('center_axis',(-0.857965062759234,0.513708040704585,0.));
#4453=DIRECTION('ref_axis',(0.,0.,-1.));
#4454=DIRECTION('',(0.,0.,-1.));
#4455=DIRECTION('',(-0.513708040704585,-0.857965062759234,0.));
#4456=DIRECTION('center_axis',(0.,0.,-1.));
#4457=DIRECTION('ref_axis',(-0.0577175510424272,0.998332952627361,0.));
#4458=DIRECTION('',(0.,0.,1.));
#4459=DIRECTION('center_axis',(0.793047673483681,0.609159574809525,0.));
#4460=DIRECTION('ref_axis',(0.,0.,1.));
#4461=DIRECTION('',(0.,0.,1.));
#4462=DIRECTION('',(0.609159574809525,-0.793047673483681,0.));
#4463=DIRECTION('center_axis',(-0.609159574809526,0.79304767348368,0.));
#4464=DIRECTION('ref_axis',(0.79304767348368,0.609159574809526,0.));
#4465=DIRECTION('',(0.,0.,-1.));
#4466=DIRECTION('center_axis',(0.609159574809526,-0.79304767348368,0.));
#4467=DIRECTION('ref_axis',(-0.56076938772453,-0.430740866172527,0.707106781186545));
#4468=DIRECTION('',(-0.79304767348368,-0.609159574809526,0.));
#4469=DIRECTION('center_axis',(0.609159574809526,-0.79304767348368,0.));
#4470=DIRECTION('ref_axis',(0.560769387724523,0.430740866172535,0.707106781186546));
#4471=DIRECTION('center_axis',(0.211420655214832,-0.977395163968255,0.));
#4472=DIRECTION('ref_axis',(-0.977395163968255,-0.211420655214832,0.));
#4473=DIRECTION('',(0.,0.,-1.));
#4474=DIRECTION('',(-0.977395163968255,-0.211420655214832,0.));
#4475=DIRECTION('',(0.,0.,-1.));
#4476=DIRECTION('center_axis',(0.609159574809526,-0.79304767348368,0.));
#4477=DIRECTION('ref_axis',(-0.79304767348368,-0.609159574809526,0.));
#4478=DIRECTION('',(0.,0.,-1.));
#4479=DIRECTION('',(-0.79304767348368,-0.609159574809526,0.));
#4480=DIRECTION('center_axis',(-0.513708040704573,-0.857965062759241,0.));
#4481=DIRECTION('ref_axis',(-0.857965062759241,0.513708040704573,0.));
#4482=DIRECTION('',(0.,0.,-1.));
#4483=DIRECTION('',(-0.857965062759241,0.513708040704573,0.));
#4484=DIRECTION('center_axis',(-0.995848296352082,-0.0910284057459824,0.));
#4485=DIRECTION('ref_axis',(-0.0910284057459824,0.995848296352082,0.));
#4486=DIRECTION('',(0.,0.,-1.));
#4487=DIRECTION('',(-0.0910284057459824,0.995848296352082,0.));
#4488=DIRECTION('center_axis',(-0.992645877550526,0.12105437531104,0.));
#4489=DIRECTION('ref_axis',(0.12105437531104,0.992645877550526,0.));
#4490=DIRECTION('',(0.,0.,-1.));
#4491=DIRECTION('',(0.12105437531104,0.992645877550526,0.));
#4492=DIRECTION('center_axis',(0.977395163968256,0.211420655214827,0.));
#4493=DIRECTION('ref_axis',(0.,0.,1.));
#4494=DIRECTION('',(0.,0.,1.));
#4495=DIRECTION('',(0.211420655214827,-0.977395163968256,0.));
#4496=DIRECTION('',(0.,0.,1.));
#4497=DIRECTION('center_axis',(-0.977395163968256,-0.211420655214827,0.));
#4498=DIRECTION('ref_axis',(0.,0.,-1.));
#4499=DIRECTION('',(0.,0.,-1.));
#4500=DIRECTION('',(0.211420655214827,-0.977395163968256,0.));
#4501=DIRECTION('',(0.,0.,-1.));
#4502=DIRECTION('center_axis',(0.211420655214827,-0.977395163968256,0.));
#4503=DIRECTION('ref_axis',(-0.691122748340889,-0.149496978985307,0.70710678118655));
#4504=DIRECTION('center_axis',(0.211420655214832,-0.977395163968255,0.));
#4505=DIRECTION('ref_axis',(-0.691122748340889,-0.149496978985305,0.70710678118655));
#4506=DIRECTION('',(0.211420655214827,-0.977395163968256,0.));
#4507=DIRECTION('center_axis',(0.211420655214832,-0.977395163968255,0.));
#4508=DIRECTION('ref_axis',(-0.691122748340889,-0.149496978985305,0.70710678118655));
#4509=DIRECTION('center_axis',(0.,0.,1.));
#4510=DIRECTION('ref_axis',(-0.977395163968255,-0.211420655214832,0.));
#4511=DIRECTION('',(-0.977395163968255,-0.211420655214832,0.));
#4512=DIRECTION('',(0.211420655214827,-0.977395163968256,0.));
#4513=DIRECTION('',(-0.977395163968255,-0.211420655214832,0.));
#4514=DIRECTION('center_axis',(0.211420655214827,-0.977395163968256,0.));
#4515=DIRECTION('ref_axis',(0.69112274834089,0.149496978985307,0.707106781186549));
#4516=DIRECTION('center_axis',(0.211420655214832,-0.977395163968255,0.));
#4517=DIRECTION('ref_axis',(0.691122748340889,0.149496978985307,0.707106781186549));
#4518=DIRECTION('center_axis',(0.211420655214832,-0.977395163968255,0.));
#4519=DIRECTION('ref_axis',(0.691122748340889,0.149496978985307,0.707106781186549));
#4520=DIRECTION('center_axis',(-0.211420655214832,0.977395163968255,0.));
#4521=DIRECTION('ref_axis',(0.977395163968255,0.211420655214832,0.));
#4522=DIRECTION('center_axis',(-0.89848341896017,-0.439007455350867,0.));
#4523=DIRECTION('ref_axis',(0.,0.,-1.));
#4524=DIRECTION('',(0.,0.,-1.));
#4525=DIRECTION('',(0.439007455350867,-0.89848341896017,0.));
#4526=DIRECTION('',(0.,0.,-1.));
#4527=DIRECTION('center_axis',(0.439007455350867,-0.89848341896017,0.));
#4528=DIRECTION('ref_axis',(-0.635323718330413,-0.31042514867005,0.707106781186544));
#4529=DIRECTION('',(0.439007455350867,-0.89848341896017,0.));
#4530=DIRECTION('center_axis',(0.439007455350877,-0.898483418960165,0.));
#4531=DIRECTION('ref_axis',(-0.635323718330412,-0.310425148670053,0.707106781186544));
#4532=DIRECTION('center_axis',(0.,0.,1.));
#4533=DIRECTION('ref_axis',(-0.898483418960165,-0.439007455350877,0.));
#4534=DIRECTION('',(-0.898483418960165,-0.439007455350877,0.));
#4535=DIRECTION('',(0.439007455350867,-0.89848341896017,0.));
#4536=DIRECTION('',(-0.898483418960165,-0.439007455350877,0.));
#4537=DIRECTION('center_axis',(0.439007455350867,-0.89848341896017,0.));
#4538=DIRECTION('ref_axis',(0.635323718330416,0.310425148670052,0.70710678118654));
#4539=DIRECTION('',(0.439007455350867,-0.89848341896017,0.));
#4540=DIRECTION('center_axis',(0.439007455350877,-0.898483418960165,0.));
#4541=DIRECTION('ref_axis',(0.63532371833041,0.310425148670066,0.707106781186541));
#4542=DIRECTION('center_axis',(0.89848341896017,0.439007455350867,0.));
#4543=DIRECTION('ref_axis',(0.,0.,1.));
#4544=DIRECTION('',(0.,0.,1.));
#4545=DIRECTION('',(0.,0.,1.));
#4546=DIRECTION('center_axis',(-0.439007455350877,0.898483418960165,0.));
#4547=DIRECTION('ref_axis',(0.898483418960165,0.439007455350877,0.));
#4548=DIRECTION('center_axis',(-0.104556482393594,-0.994518950040409,0.));
#4549=DIRECTION('ref_axis',(0.,0.,-1.));
#4550=DIRECTION('',(0.,0.,-1.));
#4551=DIRECTION('',(0.994518950040409,-0.104556482393594,0.));
#4552=DIRECTION('',(0.,0.,-1.));
#4553=DIRECTION('center_axis',(0.994518950040409,-0.104556482393594,0.));
#4554=DIRECTION('ref_axis',(-0.0739325977175223,-0.703231093592098,0.707106781186548));
#4555=DIRECTION('center_axis',(0.99451895004041,-0.104556482393591,0.));
#4556=DIRECTION('ref_axis',(-0.0739325977175112,-0.7032310935921,0.707106781186548));
#4557=DIRECTION('',(0.994518950040409,-0.104556482393594,0.));
#4558=DIRECTION('center_axis',(0.99451895004041,-0.104556482393591,0.));
#4559=DIRECTION('ref_axis',(-0.0739325977175112,-0.7032310935921,0.707106781186548));
#4560=DIRECTION('center_axis',(0.,0.,1.));
#4561=DIRECTION('ref_axis',(-0.104556482393591,-0.99451895004041,0.));
#4562=DIRECTION('',(-0.104556482393591,-0.99451895004041,0.));
#4563=DIRECTION('',(0.994518950040409,-0.104556482393594,0.));
#4564=DIRECTION('',(-0.104556482393591,-0.99451895004041,0.));
#4565=DIRECTION('center_axis',(0.994518950040409,-0.104556482393594,0.));
#4566=DIRECTION('ref_axis',(0.0739325977175219,0.703231093592095,0.707106781186551));
#4567=DIRECTION('center_axis',(0.99451895004041,-0.104556482393591,0.));
#4568=DIRECTION('ref_axis',(0.0739325977175288,0.703231093592095,0.707106781186551));
#4569=DIRECTION('',(0.994518950040409,-0.104556482393594,0.));
#4570=DIRECTION('center_axis',(0.99451895004041,-0.104556482393591,0.));
#4571=DIRECTION('ref_axis',(0.0739325977175288,0.703231093592095,0.707106781186551));
#4572=DIRECTION('center_axis',(0.104556482393594,0.994518950040409,0.));
#4573=DIRECTION('ref_axis',(0.,0.,1.));
#4574=DIRECTION('',(0.,0.,1.));
#4575=DIRECTION('',(0.,0.,1.));
#4576=DIRECTION('center_axis',(-0.99451895004041,0.104556482393591,0.));
#4577=DIRECTION('ref_axis',(0.104556482393591,0.99451895004041,0.));
#4578=DIRECTION('center_axis',(0.381988744993438,-0.924166975550597,0.));
#4579=DIRECTION('ref_axis',(0.,0.,-1.));
#4580=DIRECTION('',(0.,0.,-1.));
#4581=DIRECTION('',(0.924166975550597,0.381988744993438,0.));
#4582=DIRECTION('',(0.,0.,-1.));
#4583=DIRECTION('center_axis',(0.924166975550597,0.381988744993438,0.));
#4584=DIRECTION('ref_axis',(0.270106831921798,-0.653484735360487,0.70710678118655));
#4585=DIRECTION('',(0.924166975550597,0.381988744993438,0.));
#4586=DIRECTION('center_axis',(0.924166975550595,0.381988744993443,0.));
#4587=DIRECTION('ref_axis',(0.270106831921801,-0.653484735360486,0.70710678118655));
#4588=DIRECTION('center_axis',(0.,0.,1.));
#4589=DIRECTION('ref_axis',(0.381988744993443,-0.924166975550595,0.));
#4590=DIRECTION('',(0.381988744993443,-0.924166975550595,0.));
#4591=DIRECTION('',(0.924166975550597,0.381988744993438,0.));
#4592=DIRECTION('',(0.381988744993443,-0.924166975550595,0.));
#4593=DIRECTION('center_axis',(0.924166975550597,0.381988744993438,0.));
#4594=DIRECTION('ref_axis',(-0.2701068319218,0.653484735360492,0.707106781186545));
#4595=DIRECTION('',(0.924166975550597,0.381988744993438,0.));
#4596=DIRECTION('center_axis',(0.924166975550595,0.381988744993443,0.));
#4597=DIRECTION('ref_axis',(-0.270106831921798,0.653484735360493,0.707106781186545));
#4598=DIRECTION('center_axis',(-0.381988744993438,0.924166975550597,0.));
#4599=DIRECTION('ref_axis',(0.,0.,1.));
#4600=DIRECTION('',(0.,0.,1.));
#4601=DIRECTION('',(0.,0.,1.));
#4602=DIRECTION('center_axis',(-0.924166975550595,-0.381988744993443,0.));
#4603=DIRECTION('ref_axis',(-0.381988744993443,0.924166975550595,0.));
#4604=DIRECTION('center_axis',(0.,0.,1.));
#4605=DIRECTION('ref_axis',(0.999423558506668,-0.0339492371323567,0.));
#4606=DIRECTION('',(0.999423558506668,-0.0339492371323567,0.));
#4607=DIRECTION('',(0.0339492371323403,0.999423558506668,0.));
#4608=DIRECTION('',(0.999423558506668,-0.0339492371323567,0.));
#4609=DIRECTION('',(0.0339492371323403,0.999423558506668,0.));
#4610=DIRECTION('center_axis',(-0.999423558506668,0.0339492371323403,0.));
#4611=DIRECTION('ref_axis',(0.,0.,1.));
#4612=DIRECTION('',(0.,0.,1.));
#4613=DIRECTION('',(0.0339492371323403,0.999423558506668,0.));
#4614=DIRECTION('',(0.,0.,1.));
#4615=DIRECTION('center_axis',(0.,0.,1.));
#4616=DIRECTION('ref_axis',(0.999423558506668,-0.0339492371323567,0.));
#4617=DIRECTION('',(0.999423558506668,-0.0339492371323567,0.));
#4618=DIRECTION('',(0.0339492371323403,0.999423558506668,0.));
#4619=DIRECTION('',(0.999423558506668,-0.0339492371323567,0.));
#4620=DIRECTION('center_axis',(0.999423558506668,-0.0339492371323403,0.));
#4621=DIRECTION('ref_axis',(0.,0.,-1.));
#4622=DIRECTION('',(0.,0.,-1.));
#4623=DIRECTION('',(0.0339492371323403,0.999423558506668,0.));
#4624=DIRECTION('',(0.,0.,-1.));
#4625=DIRECTION('center_axis',(0.,0.,1.));
#4626=DIRECTION('ref_axis',(0.999423558506668,-0.0339492371323567,0.));
#4627=DIRECTION('',(0.999423558506668,-0.0339492371323567,0.));
#4628=DIRECTION('',(0.0339492371323403,0.999423558506668,0.));
#4629=DIRECTION('',(0.999423558506668,-0.0339492371323567,0.));
#4630=DIRECTION('center_axis',(0.0339492371323403,0.999423558506668,0.));
#4631=DIRECTION('ref_axis',(-0.706699175497656,0.024005735792388,0.707106781186547));
#4632=DIRECTION('center_axis',(0.0339492371323567,0.999423558506668,0.));
#4633=DIRECTION('ref_axis',(-0.706699175497655,0.0240057357923941,0.707106781186547));
#4634=DIRECTION('',(0.0339492371323403,0.999423558506668,0.));
#4635=DIRECTION('center_axis',(0.0339492371323567,0.999423558506668,0.));
#4636=DIRECTION('ref_axis',(-0.706699175497655,0.0240057357923941,0.707106781186547));
#4637=DIRECTION('center_axis',(-0.999423558506668,0.0339492371323403,0.));
#4638=DIRECTION('ref_axis',(0.,0.,1.));
#4639=DIRECTION('',(0.,0.,1.));
#4640=DIRECTION('',(0.,0.,1.));
#4641=DIRECTION('center_axis',(0.0339492371323403,0.999423558506668,0.));
#4642=DIRECTION('ref_axis',(0.706699175497665,-0.0240057357923883,0.707106781186538));
#4643=DIRECTION('center_axis',(0.0339492371323567,0.999423558506668,0.));
#4644=DIRECTION('ref_axis',(0.706699175497665,-0.024005735792401,0.707106781186538));
#4645=DIRECTION('center_axis',(0.0339492371323567,0.999423558506668,0.));
#4646=DIRECTION('ref_axis',(0.706699175497665,-0.024005735792401,0.707106781186538));
#4647=DIRECTION('center_axis',(-0.0339492371323567,-0.999423558506668,0.));
#4648=DIRECTION('ref_axis',(-0.999423558506668,0.0339492371323567,0.));
#4649=DIRECTION('center_axis',(0.,0.,1.));
#4650=DIRECTION('ref_axis',(0.721158501332088,0.692770103249596,0.));
#4651=DIRECTION('',(0.721158501332088,0.692770103249596,0.));
#4652=DIRECTION('',(-0.6927701032496,0.721158501332084,0.));
#4653=DIRECTION('',(-0.6927701032496,0.721158501332084,0.));
#4654=DIRECTION('center_axis',(-0.6927701032496,0.721158501332084,0.));
#4655=DIRECTION('ref_axis',(-0.509936066602251,-0.489862437811103,0.707106781186539));
#4656=DIRECTION('center_axis',(-0.6927701032496,0.721158501332084,0.));
#4657=DIRECTION('ref_axis',(0.509936066602246,0.489862437811098,0.707106781186546));
#4658=DIRECTION('center_axis',(-0.692770103249596,0.721158501332089,0.));
#4659=DIRECTION('ref_axis',(0.509936066602246,0.489862437811099,0.707106781186546));
#4660=DIRECTION('center_axis',(-0.992645877550525,0.121054375311048,0.));
#4661=DIRECTION('ref_axis',(0.0855983696747432,0.701906631332843,0.707106781186552));
#4662=DIRECTION('center_axis',(-0.992645877550526,0.12105437531104,0.));
#4663=DIRECTION('ref_axis',(0.0855983696747514,0.701906631332842,0.707106781186551));
#4664=DIRECTION('',(-0.992645877550525,0.121054375311048,0.));
#4665=DIRECTION('center_axis',(0.,0.,1.));
#4666=DIRECTION('ref_axis',(0.12105437531104,0.992645877550526,0.));
#4667=DIRECTION('',(0.12105437531104,0.992645877550526,0.));
#4668=DIRECTION('',(-0.992645877550525,0.121054375311048,0.));
#4669=DIRECTION('center_axis',(-0.992645877550525,0.121054375311048,0.));
#4670=DIRECTION('ref_axis',(-0.0855983696747441,-0.701906631332852,0.707106781186543));
#4671=DIRECTION('center_axis',(-0.995848296352082,-0.0910284057459872,0.));
#4672=DIRECTION('ref_axis',(-0.0643668029835881,0.704171083383628,0.707106781186547));
#4673=DIRECTION('',(-0.995848296352082,-0.0910284057459872,0.));
#4674=DIRECTION('center_axis',(0.,0.,1.));
#4675=DIRECTION('ref_axis',(-0.0910284057459826,0.995848296352082,0.));
#4676=DIRECTION('',(-0.0910284057459826,0.995848296352082,0.));
#4677=DIRECTION('',(-0.995848296352082,-0.0910284057459872,0.));
#4678=DIRECTION('center_axis',(-0.995848296352082,-0.0910284057459872,0.));
#4679=DIRECTION('ref_axis',(0.0643668029835894,-0.704171083383643,0.707106781186532));
#4680=DIRECTION('center_axis',(-0.513708040704585,-0.857965062759234,0.));
#4681=DIRECTION('ref_axis',(-0.606672913898198,0.363246439132268,0.707106781186546));
#4682=DIRECTION('center_axis',(-0.513708040704573,-0.857965062759241,0.));
#4683=DIRECTION('ref_axis',(-0.606672913898204,0.363246439132258,0.707106781186546));
#4684=DIRECTION('',(-0.513708040704585,-0.857965062759234,0.));
#4685=DIRECTION('center_axis',(0.,0.,1.));
#4686=DIRECTION('ref_axis',(-0.857965062759241,0.513708040704573,0.));
#4687=DIRECTION('',(-0.857965062759241,0.513708040704573,0.));
#4688=DIRECTION('',(-0.513708040704585,-0.857965062759234,0.));
#4689=DIRECTION('center_axis',(-0.513708040704585,-0.857965062759234,0.));
#4690=DIRECTION('ref_axis',(0.606672913898195,-0.363246439132266,0.707106781186549));
#4691=DIRECTION('center_axis',(-0.513708040704573,-0.857965062759241,0.));
#4692=DIRECTION('ref_axis',(0.6066729138982,-0.363246439132259,0.707106781186549));
#4693=DIRECTION('center_axis',(-0.793047673483681,-0.609159574809525,0.));
#4694=DIRECTION('ref_axis',(0.,0.,-1.));
#4695=DIRECTION('',(0.,0.,-1.));
#4696=DIRECTION('',(0.609159574809525,-0.793047673483681,0.));
#4697=DIRECTION('center_axis',(0.609159574809525,-0.793047673483681,0.));
#4698=DIRECTION('ref_axis',(-0.560769387724527,-0.430740866172531,0.707106781186545));
#4699=DIRECTION('',(0.609159574809525,-0.793047673483681,0.));
#4700=DIRECTION('center_axis',(0.,0.,1.));
#4701=DIRECTION('ref_axis',(-0.79304767348368,-0.609159574809526,0.));
#4702=DIRECTION('',(-0.79304767348368,-0.609159574809526,0.));
#4703=DIRECTION('',(0.609159574809525,-0.793047673483681,0.));
#4704=DIRECTION('center_axis',(0.609159574809525,-0.793047673483681,0.));
#4705=DIRECTION('ref_axis',(0.560769387724527,0.43074086617253,0.707106781186546));
#4706=DIRECTION('center_axis',(0.,0.,-1.));
#4707=DIRECTION('ref_axis',(-0.994518950040409,0.104556482393594,0.));
#4708=DIRECTION('center_axis',(0.977395163968254,0.211420655214833,0.));
#4709=DIRECTION('ref_axis',(-0.211420655214833,0.977395163968254,0.));
#4710=DIRECTION('center_axis',(0.,0.,-1.));
#4711=DIRECTION('ref_axis',(-0.327598760114531,0.944816941196241,0.));
#4712=DIRECTION('center_axis',(0.898483418960165,0.439007455350877,0.));
#4713=DIRECTION('ref_axis',(-0.310425148670063,0.635323718330401,0.70710678118655));
#4714=DIRECTION('',(0.898483418960165,0.439007455350877,0.));
#4715=DIRECTION('center_axis',(0.,0.,-1.));
#4716=DIRECTION('ref_axis',(-0.819346986257965,0.573297929622975,0.));
#4717=DIRECTION('center_axis',(0.104556482393594,0.994518950040409,0.));
#4718=DIRECTION('ref_axis',(-0.994518950040409,0.104556482393594,0.));
#4719=DIRECTION('center_axis',(0.,0.,1.));
#4720=DIRECTION('ref_axis',(0.211420655214834,-0.977395163968254,0.));
#4721=DIRECTION('center_axis',(0.,0.,-1.));
#4722=DIRECTION('ref_axis',(0.42051632285644,-0.907284972988806,0.));
#4723=DIRECTION('center_axis',(0.977395163968255,0.211420655214832,0.));
#4724=DIRECTION('ref_axis',(-0.149496978985306,0.691122748340894,0.707106781186545));
#4725=DIRECTION('',(0.977395163968255,0.211420655214832,0.));
#4726=DIRECTION('center_axis',(0.,0.,1.));
#4727=DIRECTION('ref_axis',(0.682693439705248,-0.730704911290061,0.));
#4728=DIRECTION('center_axis',(-0.706699175497655,0.0240057357924003,0.707106781186547));
#4729=DIRECTION('ref_axis',(-0.706699175497655,0.0240057357924003,-0.707106781186548));
#4730=DIRECTION('',(0.,0.,1.));
#4731=DIRECTION('center_axis',(-0.706699175497594,0.02400573579226,0.707106781186613));
#4732=DIRECTION('ref_axis',(0.706699175497716,-0.0240057357925392,0.707106781186482));
#4733=DIRECTION('center_axis',(0.,0.,-1.));
#4734=DIRECTION('ref_axis',(-0.989707272297486,-0.143106656593852,0.));
#4735=DIRECTION('center_axis',(0.,0.,-1.));
#4736=DIRECTION('ref_axis',(-0.0339492371323577,-0.999423558506668,0.));
#4737=DIRECTION('center_axis',(0.857965062759239,-0.513708040704576,0.));
#4738=DIRECTION('ref_axis',(0.513708040704576,0.857965062759239,0.));
#4739=DIRECTION('center_axis',(0.79304767348368,0.609159574809526,0.));
#4740=DIRECTION('ref_axis',(-0.43074086617253,0.560769387724527,0.707106781186546));
#4741=DIRECTION('',(0.79304767348368,0.609159574809526,0.));
#4742=DIRECTION('center_axis',(0.,0.,-1.));
#4743=DIRECTION('ref_axis',(-0.569914999351661,-0.821703653097633,0.));
#4744=DIRECTION('center_axis',(0.857965062759241,-0.513708040704573,0.));
#4745=DIRECTION('ref_axis',(0.363246439132256,0.6066729138982,0.70710678118655));
#4746=DIRECTION('',(0.857965062759241,-0.513708040704573,0.));
#4747=DIRECTION('center_axis',(0.,0.,-1.));
#4748=DIRECTION('ref_axis',(-0.730704911290049,-0.682693439705261,0.));
#4749=DIRECTION('center_axis',(-0.706699175497656,0.0240057357924003,-0.707106781186547));
#4750=DIRECTION('ref_axis',(-0.706699175497654,0.0240057357924003,0.707106781186548));
#4751=DIRECTION('',(0.,0.,-1.));
#4752=DIRECTION('center_axis',(0.706699175497655,-0.0240057357924005,0.707106781186547));
#4753=DIRECTION('ref_axis',(-0.706699175497655,0.0240057357924005,0.707106781186548));
#4754=DIRECTION('center_axis',(-0.121054375311037,-0.992645877550526,0.));
#4755=DIRECTION('ref_axis',(0.992645877550526,-0.121054375311037,0.));
#4756=DIRECTION('center_axis',(0.0910284057459826,-0.995848296352082,0.));
#4757=DIRECTION('ref_axis',(0.70417108338363,0.0643668029835757,0.707106781186546));
#4758=DIRECTION('',(0.0910284057459826,-0.995848296352082,0.));
#4759=DIRECTION('center_axis',(-0.999423558506668,0.033949237132358,0.));
#4760=DIRECTION('ref_axis',(-0.033949237132358,-0.999423558506668,0.));
#4761=DIRECTION('center_axis',(-0.721158501332084,-0.692770103249601,0.));
#4762=DIRECTION('ref_axis',(0.6927701032496,-0.721158501332084,0.));
#4763=DIRECTION('center_axis',(-0.12105437531104,-0.992645877550526,0.));
#4764=DIRECTION('ref_axis',(0.701906631332844,-0.0855983696747432,0.707106781186551));
#4765=DIRECTION('',(-0.12105437531104,-0.992645877550526,0.));
#4766=DIRECTION('center_axis',(-0.721158501332089,-0.692770103249596,0.));
#4767=DIRECTION('ref_axis',(0.489862437811097,-0.509936066602244,0.707106781186548));
#4768=DIRECTION('',(-0.721158501332088,-0.692770103249596,0.));
#4769=DIRECTION('center_axis',(-0.999423558506668,0.0339492371323567,0.));
#4770=DIRECTION('ref_axis',(-0.0240057357924005,-0.706699175497654,0.707106781186548));
#4771=DIRECTION('',(-0.999423558506668,0.0339492371323567,0.));
#4772=DIRECTION('center_axis',(-0.999423558506668,0.0339492371323567,0.));
#4773=DIRECTION('ref_axis',(-0.0240057357924005,-0.706699175497655,0.707106781186548));
#4774=DIRECTION('',(-0.999423558506668,0.0339492371323567,0.));
#4775=DIRECTION('center_axis',(-0.999423558506668,0.0339492371323567,0.));
#4776=DIRECTION('ref_axis',(-0.0240057357924005,-0.706699175497654,0.707106781186548));
#4777=DIRECTION('',(-0.999423558506668,0.0339492371323567,0.));
#4778=DIRECTION('center_axis',(-0.381988744993443,0.924166975550595,0.));
#4779=DIRECTION('ref_axis',(-0.653484735360487,-0.270106831921798,0.70710678118655));
#4780=DIRECTION('',(-0.381988744993443,0.924166975550595,0.));
#4781=DIRECTION('center_axis',(0.104556482393591,0.99451895004041,0.));
#4782=DIRECTION('ref_axis',(-0.703231093592098,0.0739325977175223,0.707106781186548));
#4783=DIRECTION('',(0.104556482393591,0.99451895004041,0.));
#4784=DIRECTION('center_axis',(-0.999423558506668,0.0339492371323562,0.));
#4785=DIRECTION('ref_axis',(0.,0.,1.));
#4786=DIRECTION('',(0.0339492371323562,0.999423558506668,0.));
#4787=DIRECTION('',(0.,0.,-1.));
#4788=DIRECTION('',(0.0339492371323562,0.999423558506668,0.));
#4789=DIRECTION('',(0.,0.,-1.));
#4790=DIRECTION('',(0.0339492371323562,0.999423558506668,0.));
#4791=DIRECTION('center_axis',(0.,0.,-1.));
#4792=DIRECTION('ref_axis',(-0.999423558506668,0.0339492371323567,0.));
#4793=DIRECTION('',(0.0339492371323562,0.999423558506668,0.));
#4794=DIRECTION('',(0.999423558506668,-0.0339492371323569,0.));
#4795=DIRECTION('center_axis',(0.999423558506668,-0.0339492371323562,0.));
#4796=DIRECTION('ref_axis',(0.,0.,-1.));
#4797=DIRECTION('',(-0.0339492371323562,-0.999423558506668,0.));
#4798=DIRECTION('',(0.,0.,1.));
#4799=DIRECTION('',(-0.0339492371323562,-0.999423558506668,0.));
#4800=DIRECTION('',(0.,0.,1.));
#4801=DIRECTION('center_axis',(0.,0.,-1.));
#4802=DIRECTION('ref_axis',(-1.,0.,0.));
#4803=DIRECTION('',(-1.,0.,0.));
#4804=DIRECTION('',(0.,1.,0.));
#4805=DIRECTION('',(1.,0.,0.));
#4806=DIRECTION('',(0.,-1.,0.));
#4807=DIRECTION('',(-1.,0.,0.));
#4808=DIRECTION('',(-2.2065682614425E-14,-1.,0.));
#4809=DIRECTION('center_axis',(0.,0.,-1.));
#4810=DIRECTION('ref_axis',(-2.2065682614425E-14,-1.,0.));
#4811=DIRECTION('',(-1.,2.2065682614425E-14,0.));
#4812=DIRECTION('center_axis',(0.,0.,-1.));
#4813=DIRECTION('ref_axis',(-1.,2.2065682614425E-14,0.));
#4814=DIRECTION('',(2.2065682614425E-14,1.,0.));
#4815=DIRECTION('center_axis',(0.,0.,-1.));
#4816=DIRECTION('ref_axis',(2.2065682614425E-14,1.,0.));
#4817=DIRECTION('',(1.,-2.2065682614425E-14,0.));
#4818=DIRECTION('center_axis',(0.,0.,-1.));
#4819=DIRECTION('ref_axis',(1.,-2.2065682614425E-14,0.));
#4820=DIRECTION('',(-2.2065682614425E-14,-1.,0.));
#4821=DIRECTION('center_axis',(0.,0.,-1.));
#4822=DIRECTION('ref_axis',(-2.2065682614425E-14,-1.,0.));
#4823=DIRECTION('',(-1.,2.2065682614425E-14,0.));
#4824=DIRECTION('center_axis',(0.,0.,-1.));
#4825=DIRECTION('ref_axis',(-1.,2.2065682614425E-14,0.));
#4826=DIRECTION('',(2.2065682614425E-14,1.,0.));
#4827=DIRECTION('center_axis',(0.,0.,-1.));
#4828=DIRECTION('ref_axis',(2.2065682614425E-14,1.,0.));
#4829=DIRECTION('',(1.,-2.2065682614425E-14,0.));
#4830=DIRECTION('center_axis',(0.,0.,-1.));
#4831=DIRECTION('ref_axis',(1.,-2.2065682614425E-14,0.));
#4832=DIRECTION('',(-2.2065682614425E-14,-1.,0.));
#4833=DIRECTION('center_axis',(0.,0.,-1.));
#4834=DIRECTION('ref_axis',(-2.2065682614425E-14,-1.,0.));
#4835=DIRECTION('',(-1.,2.2065682614425E-14,0.));
#4836=DIRECTION('center_axis',(0.,0.,-1.));
#4837=DIRECTION('ref_axis',(-1.,2.2065682614425E-14,0.));
#4838=DIRECTION('',(2.2065682614425E-14,1.,0.));
#4839=DIRECTION('center_axis',(0.,0.,-1.));
#4840=DIRECTION('ref_axis',(2.2065682614425E-14,1.,0.));
#4841=DIRECTION('',(1.,-2.2065682614425E-14,0.));
#4842=DIRECTION('center_axis',(0.,0.,-1.));
#4843=DIRECTION('ref_axis',(1.,-2.2065682614425E-14,0.));
#4844=DIRECTION('',(-5.384581669432E-15,1.,0.));
#4845=DIRECTION('center_axis',(0.,0.,-1.));
#4846=DIRECTION('ref_axis',(-5.384581669432E-15,1.,0.));
#4847=DIRECTION('',(1.,5.384581669432E-15,0.));
#4848=DIRECTION('center_axis',(0.,0.,-1.));
#4849=DIRECTION('ref_axis',(1.,5.384581669432E-15,0.));
#4850=DIRECTION('',(5.21377812718198E-15,-1.,0.));
#4851=DIRECTION('center_axis',(0.,0.,-1.));
#4852=DIRECTION('ref_axis',(5.384581669432E-15,-1.,0.));
#4853=DIRECTION('',(-1.,-5.384581669432E-15,0.));
#4854=DIRECTION('center_axis',(0.,0.,-1.));
#4855=DIRECTION('ref_axis',(-1.,-5.384581669432E-15,0.));
#4856=DIRECTION('',(-5.384581669432E-15,1.,0.));
#4857=DIRECTION('center_axis',(0.,0.,-1.));
#4858=DIRECTION('ref_axis',(-5.384581669432E-15,1.,0.));
#4859=DIRECTION('',(1.,5.384581669432E-15,0.));
#4860=DIRECTION('center_axis',(0.,0.,-1.));
#4861=DIRECTION('ref_axis',(1.,5.384581669432E-15,0.));
#4862=DIRECTION('',(5.72618875393205E-15,-1.,0.));
#4863=DIRECTION('center_axis',(0.,0.,-1.));
#4864=DIRECTION('ref_axis',(5.384581669432E-15,-1.,0.));
#4865=DIRECTION('',(-1.,-5.384581669432E-15,0.));
#4866=DIRECTION('center_axis',(0.,0.,-1.));
#4867=DIRECTION('ref_axis',(-1.,-5.384581669432E-15,0.));
#4868=DIRECTION('center_axis',(0.,0.,-1.));
#4869=DIRECTION('ref_axis',(-1.,0.,0.));
#4870=DIRECTION('',(0.999423558506668,-0.0339492371323569,0.));
#4871=DIRECTION('',(0.,1.,0.));
#4872=DIRECTION('',(-1.,0.,0.));
#4873=DIRECTION('',(0.,-1.,0.));
#4874=DIRECTION('',(0.999423558506668,-0.0339492371323569,0.));
#4875=DIRECTION('',(0.381988744993444,-0.924166975550595,0.));
#4876=DIRECTION('',(-0.104556482393591,-0.99451895004041,0.));
#4877=DIRECTION('',(-0.898483418960165,-0.439007455350877,0.));
#4878=DIRECTION('',(0.721158501332088,0.692770103249596,0.));
#4879=DIRECTION('',(2.2065682614425E-14,1.,0.));
#4880=DIRECTION('center_axis',(0.,0.,1.));
#4881=DIRECTION('ref_axis',(1.,-2.2065682614425E-14,0.));
#4882=DIRECTION('',(-1.,2.2065682614425E-14,0.));
#4883=DIRECTION('center_axis',(0.,0.,1.));
#4884=DIRECTION('ref_axis',(2.2065682614425E-14,1.,0.));
#4885=DIRECTION('',(-2.2065682614425E-14,-1.,0.));
#4886=DIRECTION('center_axis',(0.,0.,1.));
#4887=DIRECTION('ref_axis',(-1.,2.2065682614425E-14,0.));
#4888=DIRECTION('',(1.,-2.2065682614425E-14,0.));
#4889=DIRECTION('center_axis',(0.,0.,1.));
#4890=DIRECTION('ref_axis',(-2.2065682614425E-14,-1.,0.));
#4891=DIRECTION('',(2.2065682614425E-14,1.,0.));
#4892=DIRECTION('center_axis',(0.,0.,1.));
#4893=DIRECTION('ref_axis',(1.,-2.2065682614425E-14,0.));
#4894=DIRECTION('',(-1.,2.2065682614425E-14,0.));
#4895=DIRECTION('center_axis',(0.,0.,1.));
#4896=DIRECTION('ref_axis',(2.2065682614425E-14,1.,0.));
#4897=DIRECTION('',(-2.2065682614425E-14,-1.,0.));
#4898=DIRECTION('center_axis',(0.,0.,1.));
#4899=DIRECTION('ref_axis',(-1.,2.2065682614425E-14,0.));
#4900=DIRECTION('',(1.,-2.2065682614425E-14,0.));
#4901=DIRECTION('center_axis',(0.,0.,1.));
#4902=DIRECTION('ref_axis',(-2.2065682614425E-14,-1.,0.));
#4903=DIRECTION('',(2.2065682614425E-14,1.,0.));
#4904=DIRECTION('center_axis',(0.,0.,1.));
#4905=DIRECTION('ref_axis',(1.,-2.2065682614425E-14,0.));
#4906=DIRECTION('',(-1.,2.2065682614425E-14,0.));
#4907=DIRECTION('center_axis',(0.,0.,1.));
#4908=DIRECTION('ref_axis',(2.2065682614425E-14,1.,0.));
#4909=DIRECTION('',(-2.2065682614425E-14,-1.,0.));
#4910=DIRECTION('center_axis',(0.,0.,1.));
#4911=DIRECTION('ref_axis',(-1.,2.2065682614425E-14,0.));
#4912=DIRECTION('',(1.,-2.2065682614425E-14,0.));
#4913=DIRECTION('center_axis',(0.,0.,1.));
#4914=DIRECTION('ref_axis',(-2.2065682614425E-14,-1.,0.));
#4915=DIRECTION('',(5.384581669432E-15,-1.,0.));
#4916=DIRECTION('center_axis',(0.,0.,1.));
#4917=DIRECTION('ref_axis',(-1.,-5.384581669432E-15,0.));
#4918=DIRECTION('',(1.,5.384581669432E-15,0.));
#4919=DIRECTION('center_axis',(0.,0.,1.));
#4920=DIRECTION('ref_axis',(5.384581669432E-15,-1.,0.));
#4921=DIRECTION('',(-5.21377812718198E-15,1.,0.));
#4922=DIRECTION('center_axis',(0.,0.,1.));
#4923=DIRECTION('ref_axis',(1.,5.384581669432E-15,0.));
#4924=DIRECTION('',(-1.,-5.384581669432E-15,0.));
#4925=DIRECTION('center_axis',(0.,0.,1.));
#4926=DIRECTION('ref_axis',(-5.384581669432E-15,1.,0.));
#4927=DIRECTION('',(5.384581669432E-15,-1.,0.));
#4928=DIRECTION('center_axis',(0.,0.,1.));
#4929=DIRECTION('ref_axis',(-1.,-5.384581669432E-15,0.));
#4930=DIRECTION('',(1.,5.384581669432E-15,0.));
#4931=DIRECTION('center_axis',(0.,0.,1.));
#4932=DIRECTION('ref_axis',(5.384581669432E-15,-1.,0.));
#4933=DIRECTION('',(-5.72618875393205E-15,1.,0.));
#4934=DIRECTION('center_axis',(0.,0.,1.));
#4935=DIRECTION('ref_axis',(1.,5.384581669432E-15,0.));
#4936=DIRECTION('',(-1.,-5.384581669432E-15,0.));
#4937=DIRECTION('center_axis',(0.,0.,1.));
#4938=DIRECTION('ref_axis',(-5.384581669432E-15,1.,0.));
#4939=DIRECTION('center_axis',(0.,1.,0.));
#4940=DIRECTION('ref_axis',(1.,0.,0.));
#4941=DIRECTION('',(0.,0.,-1.));
#4942=DIRECTION('',(0.,0.,-1.));
#4943=DIRECTION('center_axis',(1.,5.72618875393205E-15,0.));
#4944=DIRECTION('ref_axis',(-5.72618875393205E-15,1.,0.));
#4945=DIRECTION('',(0.,0.,1.));
#4946=DIRECTION('',(0.,0.,1.));
#4947=DIRECTION('center_axis',(0.,0.,1.));
#4948=DIRECTION('ref_axis',(5.384581669432E-15,-1.,0.));
#4949=DIRECTION('',(0.,0.,1.));
#4950=DIRECTION('center_axis',(5.384581669432E-15,-1.,0.));
#4951=DIRECTION('ref_axis',(1.,5.384581669432E-15,0.));
#4952=DIRECTION('',(0.,0.,1.));
#4953=DIRECTION('center_axis',(0.,0.,1.));
#4954=DIRECTION('ref_axis',(-1.,-5.384581669432E-15,0.));
#4955=DIRECTION('',(0.,0.,1.));
#4956=DIRECTION('center_axis',(-1.,-5.384581669432E-15,0.));
#4957=DIRECTION('ref_axis',(5.384581669432E-15,-1.,0.));
#4958=DIRECTION('',(0.,0.,1.));
#4959=DIRECTION('center_axis',(0.,0.,1.));
#4960=DIRECTION('ref_axis',(-5.384581669432E-15,1.,0.));
#4961=DIRECTION('',(0.,0.,1.));
#4962=DIRECTION('center_axis',(-5.384581669432E-15,1.,0.));
#4963=DIRECTION('ref_axis',(-1.,-5.384581669432E-15,0.));
#4964=DIRECTION('',(0.,0.,1.));
#4965=DIRECTION('center_axis',(0.,0.,1.));
#4966=DIRECTION('ref_axis',(1.,5.384581669432E-15,0.));
#4967=DIRECTION('center_axis',(1.,5.21377812718198E-15,0.));
#4968=DIRECTION('ref_axis',(-5.21377812718198E-15,1.,0.));
#4969=DIRECTION('',(0.,0.,1.));
#4970=DIRECTION('',(0.,0.,1.));
#4971=DIRECTION('center_axis',(0.,0.,1.));
#4972=DIRECTION('ref_axis',(5.384581669432E-15,-1.,0.));
#4973=DIRECTION('',(0.,0.,1.));
#4974=DIRECTION('center_axis',(5.384581669432E-15,-1.,0.));
#4975=DIRECTION('ref_axis',(1.,5.384581669432E-15,0.));
#4976=DIRECTION('',(0.,0.,1.));
#4977=DIRECTION('center_axis',(0.,0.,1.));
#4978=DIRECTION('ref_axis',(-1.,-5.384581669432E-15,0.));
#4979=DIRECTION('',(0.,0.,1.));
#4980=DIRECTION('center_axis',(-1.,-5.384581669432E-15,0.));
#4981=DIRECTION('ref_axis',(5.384581669432E-15,-1.,0.));
#4982=DIRECTION('',(0.,0.,1.));
#4983=DIRECTION('center_axis',(0.,0.,1.));
#4984=DIRECTION('ref_axis',(-5.384581669432E-15,1.,0.));
#4985=DIRECTION('',(0.,0.,1.));
#4986=DIRECTION('center_axis',(-5.384581669432E-15,1.,0.));
#4987=DIRECTION('ref_axis',(-1.,-5.384581669432E-15,0.));
#4988=DIRECTION('',(0.,0.,1.));
#4989=DIRECTION('center_axis',(0.,0.,1.));
#4990=DIRECTION('ref_axis',(1.,5.384581669432E-15,0.));
#4991=DIRECTION('center_axis',(-1.,2.2065682614425E-14,0.));
#4992=DIRECTION('ref_axis',(-2.2065682614425E-14,-1.,0.));
#4993=DIRECTION('',(0.,0.,1.));
#4994=DIRECTION('',(0.,0.,1.));
#4995=DIRECTION('center_axis',(0.,0.,1.));
#4996=DIRECTION('ref_axis',(2.2065682614425E-14,1.,0.));
#4997=DIRECTION('',(0.,0.,1.));
#4998=DIRECTION('center_axis',(2.2065682614425E-14,1.,0.));
#4999=DIRECTION('ref_axis',(-1.,2.2065682614425E-14,0.));
#5000=DIRECTION('',(0.,0.,1.));
#5001=DIRECTION('center_axis',(0.,0.,1.));
#5002=DIRECTION('ref_axis',(1.,-2.2065682614425E-14,0.));
#5003=DIRECTION('',(0.,0.,1.));
#5004=DIRECTION('center_axis',(1.,-2.2065682614425E-14,0.));
#5005=DIRECTION('ref_axis',(2.2065682614425E-14,1.,0.));
#5006=DIRECTION('',(0.,0.,1.));
#5007=DIRECTION('center_axis',(0.,0.,1.));
#5008=DIRECTION('ref_axis',(-2.2065682614425E-14,-1.,0.));
#5009=DIRECTION('',(0.,0.,1.));
#5010=DIRECTION('center_axis',(-2.2065682614425E-14,-1.,0.));
#5011=DIRECTION('ref_axis',(1.,-2.2065682614425E-14,0.));
#5012=DIRECTION('',(0.,0.,1.));
#5013=DIRECTION('center_axis',(0.,0.,1.));
#5014=DIRECTION('ref_axis',(-1.,2.2065682614425E-14,0.));
#5015=DIRECTION('center_axis',(-1.,2.2065682614425E-14,0.));
#5016=DIRECTION('ref_axis',(-2.2065682614425E-14,-1.,0.));
#5017=DIRECTION('',(0.,0.,1.));
#5018=DIRECTION('',(0.,0.,1.));
#5019=DIRECTION('center_axis',(0.,0.,1.));
#5020=DIRECTION('ref_axis',(2.2065682614425E-14,1.,0.));
#5021=DIRECTION('',(0.,0.,1.));
#5022=DIRECTION('center_axis',(2.2065682614425E-14,1.,0.));
#5023=DIRECTION('ref_axis',(-1.,2.2065682614425E-14,0.));
#5024=DIRECTION('',(0.,0.,1.));
#5025=DIRECTION('center_axis',(0.,0.,1.));
#5026=DIRECTION('ref_axis',(1.,-2.2065682614425E-14,0.));
#5027=DIRECTION('',(0.,0.,1.));
#5028=DIRECTION('center_axis',(1.,-2.2065682614425E-14,0.));
#5029=DIRECTION('ref_axis',(2.2065682614425E-14,1.,0.));
#5030=DIRECTION('',(0.,0.,1.));
#5031=DIRECTION('center_axis',(0.,0.,1.));
#5032=DIRECTION('ref_axis',(-2.2065682614425E-14,-1.,0.));
#5033=DIRECTION('',(0.,0.,1.));
#5034=DIRECTION('center_axis',(-2.2065682614425E-14,-1.,0.));
#5035=DIRECTION('ref_axis',(1.,-2.2065682614425E-14,0.));
#5036=DIRECTION('',(0.,0.,1.));
#5037=DIRECTION('center_axis',(0.,0.,1.));
#5038=DIRECTION('ref_axis',(-1.,2.2065682614425E-14,0.));
#5039=DIRECTION('center_axis',(-1.,2.2065682614425E-14,0.));
#5040=DIRECTION('ref_axis',(-2.2065682614425E-14,-1.,0.));
#5041=DIRECTION('',(0.,0.,1.));
#5042=DIRECTION('',(0.,0.,1.));
#5043=DIRECTION('center_axis',(0.,0.,1.));
#5044=DIRECTION('ref_axis',(2.2065682614425E-14,1.,0.));
#5045=DIRECTION('',(0.,0.,1.));
#5046=DIRECTION('center_axis',(2.2065682614425E-14,1.,0.));
#5047=DIRECTION('ref_axis',(-1.,2.2065682614425E-14,0.));
#5048=DIRECTION('',(0.,0.,1.));
#5049=DIRECTION('center_axis',(0.,0.,1.));
#5050=DIRECTION('ref_axis',(1.,-2.2065682614425E-14,0.));
#5051=DIRECTION('',(0.,0.,1.));
#5052=DIRECTION('center_axis',(1.,-2.2065682614425E-14,0.));
#5053=DIRECTION('ref_axis',(2.2065682614425E-14,1.,0.));
#5054=DIRECTION('',(0.,0.,1.));
#5055=DIRECTION('center_axis',(0.,0.,1.));
#5056=DIRECTION('ref_axis',(-2.2065682614425E-14,-1.,0.));
#5057=DIRECTION('',(0.,0.,1.));
#5058=DIRECTION('center_axis',(-2.2065682614425E-14,-1.,0.));
#5059=DIRECTION('ref_axis',(1.,-2.2065682614425E-14,0.));
#5060=DIRECTION('',(0.,0.,1.));
#5061=DIRECTION('center_axis',(0.,0.,1.));
#5062=DIRECTION('ref_axis',(-1.,2.2065682614425E-14,0.));
#5063=DIRECTION('center_axis',(-0.692770103249596,0.721158501332088,0.));
#5064=DIRECTION('ref_axis',(0.721158501332088,0.692770103249596,0.));
#5065=DIRECTION('',(0.,0.,1.));
#5066=DIRECTION('center_axis',(0.0339492371323569,0.999423558506668,0.));
#5067=DIRECTION('ref_axis',(0.999423558506668,-0.0339492371323569,0.));
#5068=DIRECTION('',(0.,0.,-1.));
#5069=DIRECTION('',(0.,0.,-1.));
#5070=DIRECTION('',(0.999423558506668,-0.0339492371323569,0.));
#5071=DIRECTION('',(0.999423558506668,-0.0339492371323569,0.));
#5072=DIRECTION('',(0.,0.,1.));
#5073=DIRECTION('center_axis',(0.924166975550595,0.381988744993444,0.));
#5074=DIRECTION('ref_axis',(0.381988744993444,-0.924166975550595,0.));
#5075=DIRECTION('',(0.,0.,-1.));
#5076=DIRECTION('center_axis',(0.99451895004041,-0.104556482393591,0.));
#5077=DIRECTION('ref_axis',(-0.104556482393591,-0.99451895004041,0.));
#5078=DIRECTION('',(0.,0.,-1.));
#5079=DIRECTION('center_axis',(0.439007455350877,-0.898483418960165,0.));
#5080=DIRECTION('ref_axis',(-0.898483418960165,-0.439007455350877,0.));
#5081=DIRECTION('center_axis',(0.,0.,-1.));
#5082=DIRECTION('ref_axis',(-1.,0.,0.));
#5083=DIRECTION('',(0.,1.,0.));
#5084=DIRECTION('',(-1.,0.,0.));
#5085=DIRECTION('center_axis',(0.,0.,-1.));
#5086=DIRECTION('ref_axis',(-1.,0.,0.));
#5087=DIRECTION('',(-1.,0.,0.));
#5088=DIRECTION('',(0.,-1.,0.));
#5089=DIRECTION('center_axis',(0.,-1.,0.));
#5090=DIRECTION('ref_axis',(-1.,0.,0.));
#5091=DIRECTION('',(0.,0.,-1.));
#5092=DIRECTION('center_axis',(0.,-1.,0.));
#5093=DIRECTION('ref_axis',(-1.,0.,0.));
#5094=DIRECTION('',(0.,0.,-1.));
#5095=DIRECTION('center_axis',(1.,0.,0.));
#5096=DIRECTION('ref_axis',(0.,-1.,0.));
#5097=DIRECTION('center_axis',(-1.,0.,0.));
#5098=DIRECTION('ref_axis',(0.,1.,0.));
#5099=CARTESIAN_POINT('',(0.,0.,0.));
#5100=CARTESIAN_POINT('Ctrl Pts',(167.722557175507,-132.610038807115,4.96876435511093));
#5101=CARTESIAN_POINT('Ctrl Pts',(167.617199782584,-132.703066435563,5.05749456653321));
#5102=CARTESIAN_POINT('Ctrl Pts',(167.3908680851,-132.892608512047,5.20388652715289));
#5103=CARTESIAN_POINT('Ctrl Pts',(166.852658355748,-133.3753283217,5.4060424410204));
#5104=CARTESIAN_POINT('Ctrl Pts',(166.380699245883,-133.853707177166,5.44821356237309));
#5105=CARTESIAN_POINT('Ctrl Pts',(166.138930180313,-134.08595900559,5.44821356237309));
#5106=CARTESIAN_POINT('Ctrl Pts',(167.628341589409,-132.56295869117,5.14622477795549));
#5107=CARTESIAN_POINT('Ctrl Pts',(167.520682421797,-132.657655139037,5.21760778336578));
#5108=CARTESIAN_POINT('Ctrl Pts',(167.290153396118,-132.850390569833,5.34022643431642));
#5109=CARTESIAN_POINT('Ctrl Pts',(166.742642364303,-133.332092369894,5.52624686047275));
#5110=CARTESIAN_POINT('Ctrl Pts',(166.289665672727,-133.77953239292,5.56477067649145));
#5111=CARTESIAN_POINT('Ctrl Pts',(166.053433056096,-133.996958372221,5.57162697732194));
#5112=CARTESIAN_POINT('Ctrl Pts',(167.410970348535,-132.454336926477,5.45283656287137));
#5113=CARTESIAN_POINT('Ctrl Pts',(167.2989145555,-132.553139429753,5.50099176759704));
#5114=CARTESIAN_POINT('Ctrl Pts',(167.055166424944,-132.753472138396,5.59373525012214));
#5115=CARTESIAN_POINT('Ctrl Pts',(166.482916190384,-133.231193679181,5.7502994475296));
#5116=CARTESIAN_POINT('Ctrl Pts',(166.082271782685,-133.608922307335,5.77372481859475));
#5117=CARTESIAN_POINT('Ctrl Pts',(165.859935802743,-133.795531970324,5.78594803667));
#5118=CARTESIAN_POINT('Ctrl Pts',(166.832543627739,-132.165293486757,5.89414070214377));
#5119=CARTESIAN_POINT('Ctrl Pts',(166.715312501589,-132.284343432649,5.91328067844711));
#5120=CARTESIAN_POINT('Ctrl Pts',(166.454142438227,-132.530224556312,5.9565361506003));
#5121=CARTESIAN_POINT('Ctrl Pts',(166.016747896788,-132.993608560836,5.98478692261184));
#5122=CARTESIAN_POINT('Ctrl Pts',(165.70716963601,-133.296781351138,5.98293432386134));
#5123=CARTESIAN_POINT('Ctrl Pts',(165.521927553895,-133.443672787841,5.98804625108538));
#5124=CARTESIAN_POINT('Ctrl Pts',(166.325608122361,-131.911974653234,6.034));
#5125=CARTESIAN_POINT('Ctrl Pts',(166.236255394647,-132.05857955502,6.034));
#5126=CARTESIAN_POINT('Ctrl Pts',(166.045263049315,-132.351732853148,6.034));
#5127=CARTESIAN_POINT('Ctrl Pts',(165.702167222382,-132.791422938788,6.034));
#5128=CARTESIAN_POINT('Ctrl Pts',(165.42799947098,-133.063336626069,6.034));
#5129=CARTESIAN_POINT('Ctrl Pts',(165.280116497301,-133.191952775155,6.034));
#5130=CARTESIAN_POINT('Ctrl Pts',(166.093809509651,-131.796143440859,6.034));
#5131=CARTESIAN_POINT('Ctrl Pts',(166.015112311507,-131.953630364978,6.034));
#5132=CARTESIAN_POINT('Ctrl Pts',(165.839742036293,-132.25962088952,6.034));
#5133=CARTESIAN_POINT('Ctrl Pts',(165.526174044657,-132.685698162875,6.034));
#5134=CARTESIAN_POINT('Ctrl Pts',(165.28616889995,-132.94412119794,6.034));
#5135=CARTESIAN_POINT('Ctrl Pts',(165.15920530469,-133.066086872385,6.034));
#5136=CARTESIAN_POINT('',(167.722557175507,-132.610038807115,4.96876435511093));
#5137=CARTESIAN_POINT('',(166.138930180313,-134.08595900559,5.4482135623731));
#5138=CARTESIAN_POINT('Ctrl Pts',(167.722557175507,-132.610038807115,4.96876435511093));
#5139=CARTESIAN_POINT('Ctrl Pts',(167.617199782584,-132.703066435563,5.05749456653321));
#5140=CARTESIAN_POINT('Ctrl Pts',(167.3908680851,-132.892608512047,5.20388652715289));
#5141=CARTESIAN_POINT('Ctrl Pts',(166.852658355748,-133.3753283217,5.4060424410204));
#5142=CARTESIAN_POINT('Ctrl Pts',(166.380699245883,-133.853707177166,5.44821356237309));
#5143=CARTESIAN_POINT('Ctrl Pts',(166.138930180313,-134.08595900559,5.44821356237309));
#5144=CARTESIAN_POINT('',(166.093809509651,-131.796143440859,6.034));
#5145=CARTESIAN_POINT('Ctrl Pts',(167.722557175507,-132.610038807115,4.96876435511093));
#5146=CARTESIAN_POINT('Ctrl Pts',(167.628341589409,-132.56295869117,5.14622477795549));
#5147=CARTESIAN_POINT('Ctrl Pts',(167.410970348535,-132.454336926477,5.45283656287137));
#5148=CARTESIAN_POINT('Ctrl Pts',(166.832543627739,-132.165293486757,5.89414070214377));
#5149=CARTESIAN_POINT('Ctrl Pts',(166.325608122361,-131.911974653234,6.034));
#5150=CARTESIAN_POINT('Ctrl Pts',(166.093809509651,-131.796143440859,6.034));
#5151=CARTESIAN_POINT('',(165.15920530469,-133.066086872385,6.034));
#5152=CARTESIAN_POINT('Origin',(161.95015063334,-129.725531258584,6.034));
#5153=CARTESIAN_POINT('Origin',(165.15920530469,-133.066086872385,4.034));
#5154=CARTESIAN_POINT('Ctrl Pts',(167.722557175507,-132.610038807115,4.96876435511093));
#5155=CARTESIAN_POINT('Ctrl Pts',(167.628341589409,-132.56295869117,5.14622477795549));
#5156=CARTESIAN_POINT('Ctrl Pts',(167.410970348535,-132.454336926477,5.45283656287137));
#5157=CARTESIAN_POINT('Ctrl Pts',(166.832543627739,-132.165293486757,5.89414070214377));
#5158=CARTESIAN_POINT('Ctrl Pts',(166.325608122361,-131.911974653234,6.034));
#5159=CARTESIAN_POINT('Ctrl Pts',(166.093809509651,-131.796143440859,6.034));
#5160=CARTESIAN_POINT('Ctrl Pts',(167.733698982333,-132.469931062722,5.05749456653321));
#5161=CARTESIAN_POINT('Ctrl Pts',(167.639436050669,-132.420008257316,5.21760778336578));
#5162=CARTESIAN_POINT('Ctrl Pts',(167.422708867299,-132.305405255623,5.50099176759704));
#5163=CARTESIAN_POINT('Ctrl Pts',(166.857367242323,-132.00006693104,5.91328067844711));
#5164=CARTESIAN_POINT('Ctrl Pts',(166.389205448662,-131.75249961674,6.034));
#5165=CARTESIAN_POINT('Ctrl Pts',(166.172506707794,-131.638656516741,6.034));
#5166=CARTESIAN_POINT('Ctrl Pts',(167.749395049037,-132.175133047916,5.20388652715289));
#5167=CARTESIAN_POINT('Ctrl Pts',(167.655165924775,-132.119936350892,5.34022643431642));
#5168=CARTESIAN_POINT('Ctrl Pts',(167.436577986981,-131.990200571614,5.59373525012214));
#5169=CARTESIAN_POINT('Ctrl Pts',(166.897202532996,-131.643583441117,5.9565361506003));
#5170=CARTESIAN_POINT('Ctrl Pts',(166.508978159098,-131.423757422896,6.034));
#5171=CARTESIAN_POINT('Ctrl Pts',(166.311924693432,-131.314700408881,6.034));
#5172=CARTESIAN_POINT('Ctrl Pts',(167.812306502956,-131.454903725848,5.4060424410204));
#5173=CARTESIAN_POINT('Ctrl Pts',(167.711678979513,-131.392879799594,5.52624686047275));
#5174=CARTESIAN_POINT('Ctrl Pts',(167.475055133798,-131.245749290026,5.75029944752961));
#5175=CARTESIAN_POINT('Ctrl Pts',(167.005177816884,-131.015586579183,5.98478692261183));
#5176=CARTESIAN_POINT('Ctrl Pts',(166.654619677319,-130.885398187775,6.034));
#5177=CARTESIAN_POINT('Ctrl Pts',(166.464407605971,-130.808127916901,6.034));
#5178=CARTESIAN_POINT('Ctrl Pts',(167.911521699865,-130.790262412473,5.44821356237309));
#5179=CARTESIAN_POINT('Ctrl Pts',(167.797548427654,-130.761993997572,5.56477067649145));
#5180=CARTESIAN_POINT('Ctrl Pts',(167.536594181046,-130.698567598436,5.77372481859475));
#5181=CARTESIAN_POINT('Ctrl Pts',(167.061767157212,-130.585993647576,5.98293432386134));
#5182=CARTESIAN_POINT('Ctrl Pts',(166.707470174309,-130.502890888228,6.034));
#5183=CARTESIAN_POINT('Ctrl Pts',(166.52697979636,-130.461040528008,6.034));
#5184=CARTESIAN_POINT('Ctrl Pts',(167.952105292998,-130.457476948786,5.44821356237309));
#5185=CARTESIAN_POINT('Ctrl Pts',(167.829599475414,-130.442537214935,5.57162697732194));
#5186=CARTESIAN_POINT('Ctrl Pts',(167.552344077185,-130.408725581004,5.78594803666999));
#5187=CARTESIAN_POINT('Ctrl Pts',(167.068023964028,-130.349662152571,5.98804625108538));
#5188=CARTESIAN_POINT('Ctrl Pts',(166.721541419028,-130.307408183668,6.034));
#5189=CARTESIAN_POINT('Ctrl Pts',(166.548292030332,-130.286280209437,6.034));
#5190=CARTESIAN_POINT('',(167.952105292998,-130.457476948786,5.44821356237309));
#5191=CARTESIAN_POINT('Ctrl Pts',(167.722557175507,-132.610038807115,4.96876435511093));
#5192=CARTESIAN_POINT('Ctrl Pts',(167.733698982333,-132.469931062722,5.05749456653321));
#5193=CARTESIAN_POINT('Ctrl Pts',(167.749395049037,-132.175133047916,5.20388652715289));
#5194=CARTESIAN_POINT('Ctrl Pts',(167.812306502956,-131.454903725848,5.4060424410204));
#5195=CARTESIAN_POINT('Ctrl Pts',(167.911521699865,-130.790262412473,5.44821356237309));
#5196=CARTESIAN_POINT('Ctrl Pts',(167.952105292998,-130.457476948786,5.44821356237309));
#5197=CARTESIAN_POINT('',(166.548292030332,-130.286280209437,6.034));
#5198=CARTESIAN_POINT('Origin',(166.548292030332,-130.286280209437,4.034));
#5199=CARTESIAN_POINT('Origin',(161.95015063334,-129.725531258584,6.034));
#5200=CARTESIAN_POINT('Ctrl Pts',(167.722557175507,-132.610038807115,4.96876435511093));
#5201=CARTESIAN_POINT('Ctrl Pts',(167.733698982333,-132.469931062722,5.05749456653321));
#5202=CARTESIAN_POINT('Ctrl Pts',(167.749395049037,-132.175133047916,5.20388652715289));
#5203=CARTESIAN_POINT('Ctrl Pts',(167.812306502956,-131.454903725848,5.4060424410204));
#5204=CARTESIAN_POINT('Ctrl Pts',(167.911521699865,-130.790262412473,5.44821356237309));
#5205=CARTESIAN_POINT('Ctrl Pts',(167.952105292998,-130.457476948786,5.44821356237309));
#5206=CARTESIAN_POINT('Ctrl Pts',(167.827914568431,-132.517011178667,4.88003414368865));
#5207=CARTESIAN_POINT('Ctrl Pts',(167.836445832452,-132.386389698254,4.96663724057961));
#5208=CARTESIAN_POINT('Ctrl Pts',(167.850657523856,-132.104831005501,5.11205032254933));
#5209=CARTESIAN_POINT('Ctrl Pts',(167.930127398054,-131.399275104242,5.30068655821194));
#5210=CARTESIAN_POINT('Ctrl Pts',(168.030004260202,-130.781554664742,5.33165644825474));
#5211=CARTESIAN_POINT('Ctrl Pts',(168.074611110581,-130.472416682638,5.32480014742425));
#5212=CARTESIAN_POINT('Ctrl Pts',(168.012949716554,-132.346916652656,4.68383213274431));
#5213=CARTESIAN_POINT('Ctrl Pts',(168.020736707842,-132.226510226973,4.7676139179179));
#5214=CARTESIAN_POINT('Ctrl Pts',(168.041283641712,-131.957043200409,4.90676711730683));
#5215=CARTESIAN_POINT('Ctrl Pts',(168.155836599194,-131.272369153835,5.05307127254635));
#5216=CARTESIAN_POINT('Ctrl Pts',(168.243005712007,-130.761060808687,5.06494324800459));
#5217=CARTESIAN_POINT('Ctrl Pts',(168.287356026615,-130.498361184593,5.04549067311925));
#5218=CARTESIAN_POINT('Ctrl Pts',(168.278177944022,-132.026898379728,4.16064266327169));
#5219=CARTESIAN_POINT('Ctrl Pts',(168.292117271596,-131.909507352508,4.24840759359053));
#5220=CARTESIAN_POINT('Ctrl Pts',(168.332414244485,-131.6345769634,4.39179121040817));
#5221=CARTESIAN_POINT('Ctrl Pts',(168.410698618078,-131.09454868718,4.55906637564971));
#5222=CARTESIAN_POINT('Ctrl Pts',(168.458672067283,-130.72082423556,4.57998059094814));
#5223=CARTESIAN_POINT('Ctrl Pts',(168.487967986015,-130.522826057691,4.55758242294624));
#5224=CARTESIAN_POINT('Ctrl Pts',(168.378709353469,-131.798359302162,3.73705712112981));
#5225=CARTESIAN_POINT('Ctrl Pts',(168.391620945352,-131.692484248721,3.84066020505784));
#5226=CARTESIAN_POINT('Ctrl Pts',(168.421103818492,-131.450724688975,4.02150203560129));
#5227=CARTESIAN_POINT('Ctrl Pts',(168.474962263527,-131.009085439687,4.19352818954363));
#5228=CARTESIAN_POINT('Ctrl Pts',(168.513932317251,-130.68953099915,4.21822919882162));
#5229=CARTESIAN_POINT('Ctrl Pts',(168.533583785433,-130.528388960059,4.20853292519943));
#5230=CARTESIAN_POINT('Ctrl Pts',(168.392403850586,-131.686064425804,3.55092251024964));
#5231=CARTESIAN_POINT('Ctrl Pts',(168.40472412409,-131.58503818307,3.65269721663671));
#5232=CARTESIAN_POINT('Ctrl Pts',(168.432607390404,-131.356395399295,3.82944026273714));
#5233=CARTESIAN_POINT('Ctrl Pts',(168.481314924262,-130.956993621665,3.99610355814958));
#5234=CARTESIAN_POINT('Ctrl Pts',(168.516160287551,-130.671261642689,4.034));
#5235=CARTESIAN_POINT('Ctrl Pts',(168.533583785433,-130.528388960059,4.034));
#5236=CARTESIAN_POINT('',(168.392403850586,-131.686064425804,3.55092251024964));
#5237=CARTESIAN_POINT('Ctrl Pts',(167.722557175507,-132.610038807115,4.96876435511093));
#5238=CARTESIAN_POINT('Ctrl Pts',(167.827914568431,-132.517011178667,4.88003414368865));
#5239=CARTESIAN_POINT('Ctrl Pts',(168.012949716554,-132.346916652656,4.68383213274431));
#5240=CARTESIAN_POINT('Ctrl Pts',(168.278177944022,-132.026898379728,4.16064266327169));
#5241=CARTESIAN_POINT('Ctrl Pts',(168.378709353469,-131.798359302162,3.73705712112981));
#5242=CARTESIAN_POINT('Ctrl Pts',(168.392403850586,-131.686064425804,3.55092251024964));
#5243=CARTESIAN_POINT('',(168.533583785433,-130.528388960059,4.034));
#5244=CARTESIAN_POINT('Origin',(168.533583785433,-130.528388960059,2.38467028281719));
#5245=CARTESIAN_POINT('Origin',(166.548292030332,-130.286280209437,4.034));
#5246=CARTESIAN_POINT('Ctrl Pts',(167.722557175507,-132.610038807115,4.96876435511093));
#5247=CARTESIAN_POINT('Ctrl Pts',(167.827914568431,-132.517011178667,4.88003414368865));
#5248=CARTESIAN_POINT('Ctrl Pts',(168.012949716554,-132.346916652656,4.68383213274431));
#5249=CARTESIAN_POINT('Ctrl Pts',(168.278177944022,-132.026898379728,4.16064266327169));
#5250=CARTESIAN_POINT('Ctrl Pts',(168.378709353469,-131.798359302162,3.73705712112981));
#5251=CARTESIAN_POINT('Ctrl Pts',(168.392403850586,-131.686064425804,3.55092251024964));
#5252=CARTESIAN_POINT('Ctrl Pts',(167.816772761606,-132.657118923061,4.79130393226638));
#5253=CARTESIAN_POINT('Ctrl Pts',(167.90504519621,-132.569163633477,4.70494433959262));
#5254=CARTESIAN_POINT('Ctrl Pts',(168.063311495576,-132.405565800305,4.51006770352803));
#5255=CARTESIAN_POINT('Ctrl Pts',(168.288456886526,-132.101781199765,3.99190585517071));
#5256=CARTESIAN_POINT('Ctrl Pts',(168.367319372377,-131.891757147118,3.61277241377065));
#5257=CARTESIAN_POINT('Ctrl Pts',(168.380083577082,-131.787090668538,3.44914780386257));
#5258=CARTESIAN_POINT('Ctrl Pts',(167.967383723496,-132.732380159997,4.41162101730118));
#5259=CARTESIAN_POINT('Ctrl Pts',(168.031090422531,-132.65463113314,4.32675253675379));
#5260=CARTESIAN_POINT('Ctrl Pts',(168.14833333661,-132.503960059565,4.1247602379292));
#5261=CARTESIAN_POINT('Ctrl Pts',(168.304423555168,-132.230339310904,3.61196330339245));
#5262=CARTESIAN_POINT('Ctrl Pts',(168.347528139617,-132.05404525575,3.3406569000897));
#5263=CARTESIAN_POINT('Ctrl Pts',(168.358688058046,-131.962533924635,3.2188110957316));
#5264=CARTESIAN_POINT('Ctrl Pts',(168.122151554919,-132.809718610563,3.43811507853918));
#5265=CARTESIAN_POINT('Ctrl Pts',(168.160296404935,-132.741332974972,3.36696941357882));
#5266=CARTESIAN_POINT('Ctrl Pts',(168.228608757338,-132.600137011313,3.19895454466067));
#5267=CARTESIAN_POINT('Ctrl Pts',(168.30059529062,-132.369973968537,2.96728943256583));
#5268=CARTESIAN_POINT('Ctrl Pts',(168.328283304973,-132.211852899832,2.87267310599212));
#5269=CARTESIAN_POINT('Ctrl Pts',(168.338512736932,-132.127971557765,2.8164503075971));
#5270=CARTESIAN_POINT('Ctrl Pts',(168.137698009097,-132.817487270671,2.71613716441712));
#5271=CARTESIAN_POINT('Ctrl Pts',(168.169788599225,-132.753268360066,2.69772233766157));
#5272=CARTESIAN_POINT('Ctrl Pts',(168.228337522638,-132.618848563095,2.65661071876627));
#5273=CARTESIAN_POINT('Ctrl Pts',(168.295559533989,-132.400548232426,2.58913461914395));
#5274=CARTESIAN_POINT('Ctrl Pts',(168.324212235927,-132.245235666008,2.54822751691415));
#5275=CARTESIAN_POINT('Ctrl Pts',(168.333925206838,-132.165589304542,2.52860145289633));
#5276=CARTESIAN_POINT('Ctrl Pts',(168.137698009097,-132.817487270671,2.38467028281719));
#5277=CARTESIAN_POINT('Ctrl Pts',(168.171676280998,-132.749490777089,2.38467028281719));
#5278=CARTESIAN_POINT('Ctrl Pts',(168.231871336674,-132.609619612977,2.38467028281719));
#5279=CARTESIAN_POINT('Ctrl Pts',(168.297707300147,-132.390902069331,2.38467028281719));
#5280=CARTESIAN_POINT('Ctrl Pts',(168.324723444922,-132.241043752247,2.38467028281719));
#5281=CARTESIAN_POINT('Ctrl Pts',(168.333925206838,-132.165589304542,2.38467028281719));
#5282=CARTESIAN_POINT('',(168.137698009097,-132.817487270671,2.38467028281719));
#5283=CARTESIAN_POINT('Ctrl Pts',(167.722557175507,-132.610038807115,4.96876435511093));
#5284=CARTESIAN_POINT('Ctrl Pts',(167.816772761606,-132.657118923061,4.79130393226638));
#5285=CARTESIAN_POINT('Ctrl Pts',(167.967383723496,-132.732380159997,4.41162101730118));
#5286=CARTESIAN_POINT('Ctrl Pts',(168.122151554919,-132.809718610563,3.43811507853918));
#5287=CARTESIAN_POINT('Ctrl Pts',(168.137698009097,-132.817487270671,2.71613716441712));
#5288=CARTESIAN_POINT('Ctrl Pts',(168.137698009097,-132.817487270671,2.38467028281719));
#5289=CARTESIAN_POINT('',(168.333925206838,-132.165589304542,2.38467028281719));
#5290=CARTESIAN_POINT('Origin',(166.348633451737,-131.92348055392,2.38467028281719));
#5291=CARTESIAN_POINT('Origin',(168.533583785433,-130.528388960059,2.38467028281719));
#5292=CARTESIAN_POINT('Ctrl Pts',(167.722557175507,-132.610038807115,4.96876435511093));
#5293=CARTESIAN_POINT('Ctrl Pts',(167.816772761606,-132.657118923061,4.79130393226638));
#5294=CARTESIAN_POINT('Ctrl Pts',(167.967383723496,-132.732380159997,4.41162101730118));
#5295=CARTESIAN_POINT('Ctrl Pts',(168.122151554919,-132.809718610563,3.43811507853918));
#5296=CARTESIAN_POINT('Ctrl Pts',(168.137698009097,-132.817487270671,2.71613716441712));
#5297=CARTESIAN_POINT('Ctrl Pts',(168.137698009097,-132.817487270671,2.38467028281719));
#5298=CARTESIAN_POINT('Ctrl Pts',(167.711415368682,-132.750146551509,4.88003414368865));
#5299=CARTESIAN_POINT('Ctrl Pts',(167.799429995935,-132.780518210561,4.70494433959262));
#5300=CARTESIAN_POINT('Ctrl Pts',(167.943454410528,-132.830006194743,4.3267525367538));
#5301=CARTESIAN_POINT('Ctrl Pts',(168.090363592684,-132.881280822623,3.36696941357882));
#5302=CARTESIAN_POINT('Ctrl Pts',(168.105607418969,-132.881706181276,2.69772233766157));
#5303=CARTESIAN_POINT('Ctrl Pts',(168.103719737197,-132.885483764253,2.38467028281719));
#5304=CARTESIAN_POINT('Ctrl Pts',(167.68647839861,-133.000243135539,4.68383213274431));
#5305=CARTESIAN_POINT('Ctrl Pts',(167.763617172981,-133.005306809573,4.51006770352803));
#5306=CARTESIAN_POINT('Ctrl Pts',(167.893349892398,-133.014226743479,4.12476023792919));
#5307=CARTESIAN_POINT('Ctrl Pts',(168.018459754569,-133.020682098474,3.19895454466067));
#5308=CARTESIAN_POINT('Ctrl Pts',(168.033260874017,-133.009231220715,2.65661071876627));
#5309=CARTESIAN_POINT('Ctrl Pts',(168.028001934847,-133.017598115045,2.38467028281719));
#5310=CARTESIAN_POINT('Ctrl Pts',(167.589790729488,-133.404482176569,4.16064266327169));
#5311=CARTESIAN_POINT('Ctrl Pts',(167.655847088825,-133.367744582924,3.99190585517071));
#5312=CARTESIAN_POINT('Ctrl Pts',(167.768243311633,-133.303330209174,3.61196330339245));
#5313=CARTESIAN_POINT('Ctrl Pts',(167.877613243846,-133.21643538108,2.96728943256583));
#5314=CARTESIAN_POINT('Ctrl Pts',(167.899040681503,-133.194052142426,2.58913461914395));
#5315=CARTESIAN_POINT('Ctrl Pts',(167.892615939787,-133.201561074161,2.38467028281719));
#5316=CARTESIAN_POINT('Ctrl Pts',(167.467380591191,-133.622088316884,3.73705712112981));
#5317=CARTESIAN_POINT('Ctrl Pts',(167.535234245168,-133.556905721401,3.61277241377065));
#5318=CARTESIAN_POINT('Ctrl Pts',(167.653136763932,-133.443644434254,3.3406569000897));
#5319=CARTESIAN_POINT('Ctrl Pts',(167.767784219464,-133.333510074804,2.87267310599212));
#5320=CARTESIAN_POINT('Ctrl Pts',(167.792036841845,-133.310212156691,2.54822751691414));
#5321=CARTESIAN_POINT('Ctrl Pts',(167.788991411128,-133.313137704054,2.38467028281719));
#5322=CARTESIAN_POINT('Ctrl Pts',(167.3857982197,-133.700459199036,3.55092251024965));
#5323=CARTESIAN_POINT('Ctrl Pts',(167.459193914432,-133.629952725184,3.44914780386257));
#5324=CARTESIAN_POINT('Ctrl Pts',(167.586653664678,-133.507510426889,3.2188110957316));
#5325=CARTESIAN_POINT('Ctrl Pts',(167.706844317025,-133.392051078518,2.8164503075971));
#5326=CARTESIAN_POINT('Ctrl Pts',(167.734173658236,-133.365797556584,2.52860145289632));
#5327=CARTESIAN_POINT('Ctrl Pts',(167.734173658236,-133.365797556584,2.38467028281719));
#5328=CARTESIAN_POINT('',(167.3857982197,-133.700459199036,3.55092251024965));
#5329=CARTESIAN_POINT('Ctrl Pts',(167.722557175665,-132.610038807194,4.96876435481436));
#5330=CARTESIAN_POINT('Ctrl Pts',(167.711415368829,-132.750146551559,4.88003414339605));
#5331=CARTESIAN_POINT('Ctrl Pts',(167.686478398739,-133.000243135547,4.68383213245391));
#5332=CARTESIAN_POINT('Ctrl Pts',(167.589790729598,-133.404482176508,4.1606426629897));
#5333=CARTESIAN_POINT('Ctrl Pts',(167.467380591305,-133.622088316775,3.73705712092211));
#5334=CARTESIAN_POINT('Ctrl Pts',(167.385798219823,-133.700459198918,3.55092251007956));
#5335=CARTESIAN_POINT('',(167.734173658236,-133.365797556584,2.38467028281719));
#5336=CARTESIAN_POINT('Origin',(166.54474551119,-134.50840387505,2.38467028281719));
#5337=CARTESIAN_POINT('Origin',(166.348633451737,-131.92348055392,2.38467028281719));
#5338=CARTESIAN_POINT('Ctrl Pts',(163.143483940802,-136.937893434377,4.96440316628574));
#5339=CARTESIAN_POINT('Ctrl Pts',(162.992248043474,-136.937790290507,5.05399048825711));
#5340=CARTESIAN_POINT('Ctrl Pts',(162.675753589478,-136.925454227718,5.20191048908339));
#5341=CARTESIAN_POINT('Ctrl Pts',(161.900044883112,-136.894100991155,5.40545409922904));
#5342=CARTESIAN_POINT('Ctrl Pts',(161.200444102925,-136.890360156072,5.44821356237309));
#5343=CARTESIAN_POINT('Ctrl Pts',(160.854743812481,-136.878617125765,5.44821356237309));
#5344=CARTESIAN_POINT('Ctrl Pts',(163.104738257932,-136.836704886365,5.14357781022848));
#5345=CARTESIAN_POINT('Ctrl Pts',(162.951249921777,-136.836166955366,5.21552061042296));
#5346=CARTESIAN_POINT('Ctrl Pts',(162.630162220519,-136.823332482798,5.33915853274399));
#5347=CARTESIAN_POINT('Ctrl Pts',(161.850909528142,-136.784695029896,5.52592340625712));
#5348=CARTESIAN_POINT('Ctrl Pts',(161.189510505803,-136.773364413472,5.56477067649145));
#5349=CARTESIAN_POINT('Ctrl Pts',(160.858933603771,-136.755274851429,5.57162697732194));
#5350=CARTESIAN_POINT('Ctrl Pts',(163.015663760564,-136.604077187329,5.45249964883096));
#5351=CARTESIAN_POINT('Ctrl Pts',(162.856977682604,-136.603461063825,5.50085467997271));
#5352=CARTESIAN_POINT('Ctrl Pts',(162.521963464907,-136.586898493429,5.59388641111529));
#5353=CARTESIAN_POINT('Ctrl Pts',(161.733971525007,-136.527383736103,5.75026501214152));
#5354=CARTESIAN_POINT('Ctrl Pts',(161.165606674088,-136.505685395077,5.77372481859474));
#5355=CARTESIAN_POINT('Ctrl Pts',(160.868415947347,-136.476126382695,5.78594803666999));
#5356=CARTESIAN_POINT('Ctrl Pts',(162.779318269407,-135.986835334615,5.89463672609117));
#5357=CARTESIAN_POINT('Ctrl Pts',(162.604900186152,-135.997176255617,5.91371242852419));
#5358=CARTESIAN_POINT('Ctrl Pts',(162.229865550282,-136.000345386737,5.95673196693938));
#5359=CARTESIAN_POINT('Ctrl Pts',(161.568154280133,-136.026349823812,5.98474120031418));
#5360=CARTESIAN_POINT('Ctrl Pts',(161.124732712424,-136.019054584012,5.98293432386134));
#5361=CARTESIAN_POINT('Ctrl Pts',(160.884980060231,-135.988499383082,5.98804625108538));
#5362=CARTESIAN_POINT('Ctrl Pts',(162.572885878886,-135.447714784606,6.034));
#5363=CARTESIAN_POINT('Ctrl Pts',(162.403463096327,-135.496898723098,6.034));
#5364=CARTESIAN_POINT('Ctrl Pts',(162.054517099072,-135.582522192723,6.034));
#5365=CARTESIAN_POINT('Ctrl Pts',(161.488891904123,-135.659374112538,6.034));
#5366=CARTESIAN_POINT('Ctrl Pts',(161.095600514249,-135.656104956757,6.034));
#5367=CARTESIAN_POINT('Ctrl Pts',(160.896830024401,-135.639651091949,6.034));
#5368=CARTESIAN_POINT('Ctrl Pts',(162.478579252699,-135.20142281438,6.034));
#5369=CARTESIAN_POINT('Ctrl Pts',(162.311681123788,-135.265329077503,6.034));
#5370=CARTESIAN_POINT('Ctrl Pts',(161.969360170173,-135.370875292057,6.034));
#5371=CARTESIAN_POINT('Ctrl Pts',(161.439399070332,-135.459591798523,6.034));
#5372=CARTESIAN_POINT('Ctrl Pts',(161.081367110629,-135.471286007429,6.034));
#5373=CARTESIAN_POINT('Ctrl Pts',(160.902755284066,-135.46521877477,6.034));
#5374=CARTESIAN_POINT('',(163.143483940802,-136.937893434377,4.96440316628574));
#5375=CARTESIAN_POINT('',(160.854743812481,-136.878617125765,5.4482135623731));
#5376=CARTESIAN_POINT('Ctrl Pts',(163.143483940802,-136.937893434377,4.96440316628574));
#5377=CARTESIAN_POINT('Ctrl Pts',(162.992248043474,-136.937790290507,5.05399048825711));
#5378=CARTESIAN_POINT('Ctrl Pts',(162.675753589478,-136.925454227718,5.20191048908339));
#5379=CARTESIAN_POINT('Ctrl Pts',(161.900044883112,-136.894100991155,5.40545409922904));
#5380=CARTESIAN_POINT('Ctrl Pts',(161.200444102925,-136.890360156072,5.44821356237309));
#5381=CARTESIAN_POINT('Ctrl Pts',(160.854743812481,-136.878617125765,5.44821356237309));
#5382=CARTESIAN_POINT('',(162.478579252699,-135.20142281438,6.034));
#5383=CARTESIAN_POINT('Ctrl Pts',(163.143483940802,-136.937893434377,4.96440316628574));
#5384=CARTESIAN_POINT('Ctrl Pts',(163.104738257932,-136.836704886365,5.14357781022848));
#5385=CARTESIAN_POINT('Ctrl Pts',(163.015663760564,-136.604077187329,5.45249964883096));
#5386=CARTESIAN_POINT('Ctrl Pts',(162.779318269407,-135.986835334615,5.89463672609117));
#5387=CARTESIAN_POINT('Ctrl Pts',(162.572885878886,-135.447714784606,6.034));
#5388=CARTESIAN_POINT('Ctrl Pts',(162.478579252699,-135.20142281438,6.034));
#5389=CARTESIAN_POINT('',(160.902755284066,-135.46521877477,6.034));
#5390=CARTESIAN_POINT('Origin',(161.039391170851,-131.442827235957,6.034));
#5391=CARTESIAN_POINT('Origin',(160.902755284066,-135.46521877477,4.034));
#5392=CARTESIAN_POINT('Ctrl Pts',(163.143483940802,-136.937893434377,4.96440316628574));
#5393=CARTESIAN_POINT('Ctrl Pts',(163.104738257932,-136.836704886365,5.14357781022848));
#5394=CARTESIAN_POINT('Ctrl Pts',(163.015663760564,-136.604077187329,5.45249964883096));
#5395=CARTESIAN_POINT('Ctrl Pts',(162.779318269407,-135.986835334615,5.89463672609117));
#5396=CARTESIAN_POINT('Ctrl Pts',(162.572885878886,-135.447714784606,6.034));
#5397=CARTESIAN_POINT('Ctrl Pts',(162.478579252699,-135.20142281438,6.034));
#5398=CARTESIAN_POINT('Ctrl Pts',(163.255974155261,-136.836808030235,5.05399048825711));
#5399=CARTESIAN_POINT('Ctrl Pts',(163.218614487496,-136.733791509947,5.21552061042296));
#5400=CARTESIAN_POINT('Ctrl Pts',(163.133356247027,-136.497634105936,5.50085467997271));
#5401=CARTESIAN_POINT('Ctrl Pts',(162.916037564971,-135.878039945771,5.91371242852419));
#5402=CARTESIAN_POINT('Ctrl Pts',(162.731830147425,-135.371165071644,6.034));
#5403=CARTESIAN_POINT('Ctrl Pts',(162.645477381609,-135.137516551256,6.034));
#5404=CARTESIAN_POINT('Ctrl Pts',(163.483289783063,-136.616243927961,5.20191048908339));
#5405=CARTESIAN_POINT('Ctrl Pts',(163.449015811929,-136.509788685668,5.33915853274399));
#5406=CARTESIAN_POINT('Ctrl Pts',(163.371632594092,-136.261555247868,5.59388641111529));
#5407=CARTESIAN_POINT('Ctrl Pts',(163.197278147273,-135.629917483344,5.95673196693938));
#5408=CARTESIAN_POINT('Ctrl Pts',(163.04872421393,-135.20183451278,6.034));
#5409=CARTESIAN_POINT('Ctrl Pts',(162.970746843012,-134.987438517655,6.034));
#5410=CARTESIAN_POINT('Ctrl Pts',(164.039679700712,-136.074822389681,5.40545409922904));
#5411=CARTESIAN_POINT('Ctrl Pts',(164.003178342486,-135.960578797674,5.52592340625712));
#5412=CARTESIAN_POINT('Ctrl Pts',(163.918355712149,-135.690970341068,5.75026501214153));
#5413=CARTESIAN_POINT('Ctrl Pts',(163.707132627292,-135.207322588683,5.98474120031417));
#5414=CARTESIAN_POINT('Ctrl Pts',(163.521025920076,-134.88125819252,6.034));
#5415=CARTESIAN_POINT('Ctrl Pts',(163.424429339926,-134.699512176627,6.034));
#5416=CARTESIAN_POINT('Ctrl Pts',(164.557867386374,-135.604783276507,5.4482135623731));
#5417=CARTESIAN_POINT('Ctrl Pts',(164.487864794889,-135.510405394998,5.56477067649145));
#5418=CARTESIAN_POINT('Ctrl Pts',(164.326875904889,-135.295217041791,5.77372481859475));
#5419=CARTESIAN_POINT('Ctrl Pts',(164.032281963848,-134.905737084769,5.98293432386134));
#5420=CARTESIAN_POINT('Ctrl Pts',(163.811554252757,-134.616150492448,6.034));
#5421=CARTESIAN_POINT('Ctrl Pts',(163.698709276641,-134.469090487095,6.034));
#5422=CARTESIAN_POINT('Ctrl Pts',(164.807315882204,-135.365154318528,5.4482135623731));
#5423=CARTESIAN_POINT('Ctrl Pts',(164.721818757988,-135.276153685159,5.57162697732195));
#5424=CARTESIAN_POINT('Ctrl Pts',(164.528321504635,-135.074727283262,5.78594803667));
#5425=CARTESIAN_POINT('Ctrl Pts',(164.190313255786,-134.722868100779,5.98804625108538));
#5426=CARTESIAN_POINT('Ctrl Pts',(163.948502199193,-134.471148088093,6.034));
#5427=CARTESIAN_POINT('Ctrl Pts',(163.827591006582,-134.345282185323,6.034));
#5428=CARTESIAN_POINT('',(164.807315882204,-135.365154318528,5.4482135623731));
#5429=CARTESIAN_POINT('Ctrl Pts',(163.143483940802,-136.937893434377,4.96440316628574));
#5430=CARTESIAN_POINT('Ctrl Pts',(163.255974155261,-136.836808030235,5.05399048825711));
#5431=CARTESIAN_POINT('Ctrl Pts',(163.483289783063,-136.616243927961,5.20191048908339));
#5432=CARTESIAN_POINT('Ctrl Pts',(164.039679700713,-136.074822389681,5.40545409922904));
#5433=CARTESIAN_POINT('Ctrl Pts',(164.557867386374,-135.604783276507,5.4482135623731));
#5434=CARTESIAN_POINT('Ctrl Pts',(164.807315882204,-135.365154318528,5.4482135623731));
#5435=CARTESIAN_POINT('',(163.827591006582,-134.345282185323,6.034));
#5436=CARTESIAN_POINT('Origin',(163.827591006582,-134.345282185323,4.034));
#5437=CARTESIAN_POINT('Origin',(161.039391170851,-131.442827235957,6.034));
#5438=CARTESIAN_POINT('Ctrl Pts',(163.143483940802,-136.937893434377,4.96440316628574));
#5439=CARTESIAN_POINT('Ctrl Pts',(163.255974155261,-136.836808030235,5.05399048825711));
#5440=CARTESIAN_POINT('Ctrl Pts',(163.483289783063,-136.616243927961,5.20191048908339));
#5441=CARTESIAN_POINT('Ctrl Pts',(164.039679700713,-136.074822389681,5.40545409922904));
#5442=CARTESIAN_POINT('Ctrl Pts',(164.557867386374,-135.604783276507,5.4482135623731));
#5443=CARTESIAN_POINT('Ctrl Pts',(164.807315882204,-135.365154318528,5.4482135623731));
#5444=CARTESIAN_POINT('Ctrl Pts',(163.294719838131,-136.937996578246,4.87481584431437));
#5445=CARTESIAN_POINT('Ctrl Pts',(163.397527770778,-136.840874163703,4.96240709419196));
#5446=CARTESIAN_POINT('Ctrl Pts',(163.612907592163,-136.626841110067,5.10955418183783));
#5447=CARTESIAN_POINT('Ctrl Pts',(164.16906294385,-136.104808590299,5.29992800934243));
#5448=CARTESIAN_POINT('Ctrl Pts',(164.655586477396,-135.67253571824,5.33165644825475));
#5449=CARTESIAN_POINT('Ctrl Pts',(164.892813006421,-135.454154951897,5.32480014742426));
#5450=CARTESIAN_POINT('Ctrl Pts',(163.565590790212,-136.928597100691,4.67674577100918));
#5451=CARTESIAN_POINT('Ctrl Pts',(163.659006632793,-136.836568051449,4.76178175971197));
#5452=CARTESIAN_POINT('Ctrl Pts',(163.868198203082,-136.631391516131,4.90313664589773));
#5453=CARTESIAN_POINT('Ctrl Pts',(164.430711850974,-136.144532025371,5.05202708366925));
#5454=CARTESIAN_POINT('Ctrl Pts',(164.834662981134,-135.790256432843,5.06494324800461));
#5455=CARTESIAN_POINT('Ctrl Pts',(165.041288228834,-135.60871440586,5.04549067311926));
#5456=CARTESIAN_POINT('Ctrl Pts',(164.012674788656,-136.83589931062,4.14964028901765));
#5457=CARTESIAN_POINT('Ctrl Pts',(164.105304651455,-136.748198486467,4.23944347573519));
#5458=CARTESIAN_POINT('Ctrl Pts',(164.326162454012,-136.548026605131,4.38648717420624));
#5459=CARTESIAN_POINT('Ctrl Pts',(164.748036900915,-136.16040629626,4.55782669526363));
#5460=CARTESIAN_POINT('Ctrl Pts',(165.028995176663,-135.893676097129,4.57998059094816));
#5461=CARTESIAN_POINT('Ctrl Pts',(165.181295829701,-135.75445925129,4.55758242294626));
#5462=CARTESIAN_POINT('Ctrl Pts',(164.257122047836,-136.705975060824,3.72346794938511));
#5463=CARTESIAN_POINT('Ctrl Pts',(164.337775995271,-136.628496055323,3.82981559302536));
#5464=CARTESIAN_POINT('Ctrl Pts',(164.520975357491,-136.452508334391,4.01546305366736));
#5465=CARTESIAN_POINT('Ctrl Pts',(164.853202820379,-136.133359002666,4.19228507560462));
#5466=CARTESIAN_POINT('Ctrl Pts',(165.092463027362,-135.903517271634,4.21822919882164));
#5467=CARTESIAN_POINT('Ctrl Pts',(165.213131213081,-135.787599187988,4.20853292519945));
#5468=CARTESIAN_POINT('Ctrl Pts',(164.346285476042,-136.620321550188,3.53610770572114));
#5469=CARTESIAN_POINT('Ctrl Pts',(164.421932037133,-136.547652815311,3.64100359331218));
#5470=CARTESIAN_POINT('Ctrl Pts',(164.593135477375,-136.383188796993,3.82316691614938));
#5471=CARTESIAN_POINT('Ctrl Pts',(164.892200058554,-136.09589689043,3.99494136700997));
#5472=CARTESIAN_POINT('Ctrl Pts',(165.106150820439,-135.890368298411,4.03400000000001));
#5473=CARTESIAN_POINT('Ctrl Pts',(165.213131213081,-135.787599187988,4.03400000000001));
#5474=CARTESIAN_POINT('',(164.346285476042,-136.620321550188,3.53610770572114));
#5475=CARTESIAN_POINT('Ctrl Pts',(163.143483940802,-136.937893434377,4.96440316628574));
#5476=CARTESIAN_POINT('Ctrl Pts',(163.294719838131,-136.937996578246,4.87481584431437));
#5477=CARTESIAN_POINT('Ctrl Pts',(163.565590790212,-136.928597100691,4.67674577100918));
#5478=CARTESIAN_POINT('Ctrl Pts',(164.012674788656,-136.83589931062,4.14964028901765));
#5479=CARTESIAN_POINT('Ctrl Pts',(164.257122047836,-136.705975060824,3.72346794938511));
#5480=CARTESIAN_POINT('Ctrl Pts',(164.346285476042,-136.620321550188,3.53610770572114));
#5481=CARTESIAN_POINT('',(165.213131213081,-135.787599187988,4.034));
#5482=CARTESIAN_POINT('Origin',(165.213131213081,-135.787599187988,2.33408937627202));
#5483=CARTESIAN_POINT('Origin',(163.827591006582,-134.345282185323,4.034));
#5484=CARTESIAN_POINT('Ctrl Pts',(163.143483940802,-136.937893434377,4.96440316628574));
#5485=CARTESIAN_POINT('Ctrl Pts',(163.294719838131,-136.937996578246,4.87481584431437));
#5486=CARTESIAN_POINT('Ctrl Pts',(163.565590790212,-136.928597100691,4.67674577100918));
#5487=CARTESIAN_POINT('Ctrl Pts',(164.012674788656,-136.83589931062,4.14964028901765));
#5488=CARTESIAN_POINT('Ctrl Pts',(164.257122047836,-136.705975060824,3.72346794938511));
#5489=CARTESIAN_POINT('Ctrl Pts',(164.346285476042,-136.620321550188,3.53610770572114));
#5490=CARTESIAN_POINT('Ctrl Pts',(163.182229623672,-137.039081982388,4.785228522343));
#5491=CARTESIAN_POINT('Ctrl Pts',(163.31714037253,-137.031247250842,4.69790497236616));
#5492=CARTESIAN_POINT('Ctrl Pts',(163.563764583619,-137.008734074787,4.50097387537352));
#5493=CARTESIAN_POINT('Ctrl Pts',(163.970486735666,-136.902733340856,3.97836614980001));
#5494=CARTESIAN_POINT('Ctrl Pts',(164.186375147979,-136.773937009588,3.59630250089332));
#5495=CARTESIAN_POINT('Ctrl Pts',(164.270638914951,-136.692990285065,3.43121181813009));
#5496=CARTESIAN_POINT('Ctrl Pts',(163.244417175056,-137.201491509406,4.40122309523353));
#5497=CARTESIAN_POINT('Ctrl Pts',(163.354015230471,-137.184306135159,4.31520216914852));
#5498=CARTESIAN_POINT('Ctrl Pts',(163.562184327249,-137.143400945583,4.11069157835762));
#5499=CARTESIAN_POINT('Ctrl Pts',(163.897757989884,-137.01610839002,3.59201095526028));
#5500=CARTESIAN_POINT('Ctrl Pts',(164.063326659104,-136.892141695778,3.317407527266));
#5501=CARTESIAN_POINT('Ctrl Pts',(164.139270286056,-136.819187589035,3.19381124679062));
#5502=CARTESIAN_POINT('Ctrl Pts',(163.309407148127,-137.371219864239,3.41276722331784));
#5503=CARTESIAN_POINT('Ctrl Pts',(163.394520669093,-137.342913487749,3.34016519004018));
#5504=CARTESIAN_POINT('Ctrl Pts',(163.561922419933,-137.274479268093,3.16890950321363));
#5505=CARTESIAN_POINT('Ctrl Pts',(163.800821369881,-137.127474357954,2.93311991408001));
#5506=CARTESIAN_POINT('Ctrl Pts',(163.943935876366,-137.0068326614,2.83655778805572));
#5507=CARTESIAN_POINT('Ctrl Pts',(164.015393680506,-136.938187793093,2.7791110378538));
#5508=CARTESIAN_POINT('Ctrl Pts',(163.316861774358,-137.390688428177,2.67389287915862));
#5509=CARTESIAN_POINT('Ctrl Pts',(163.395190871336,-137.360695761905,2.65501490677603));
#5510=CARTESIAN_POINT('Ctrl Pts',(163.551181867318,-137.289689117927,2.61302525330713));
#5511=CARTESIAN_POINT('Ctrl Pts',(163.777689825234,-137.148279325105,2.54429756409901));
#5512=CARTESIAN_POINT('Ctrl Pts',(163.919622947625,-137.030188511914,2.50251012244385));
#5513=CARTESIAN_POINT('Ctrl Pts',(163.987226215275,-136.965246446303,2.48243456314044));
#5514=CARTESIAN_POINT('Ctrl Pts',(163.316861774358,-137.390688428177,2.33408937627202));
#5515=CARTESIAN_POINT('Ctrl Pts',(163.399798465276,-137.358931487419,2.33408937627202));
#5516=CARTESIAN_POINT('Ctrl Pts',(163.561434625979,-137.284353206838,2.33408937627202));
#5517=CARTESIAN_POINT('Ctrl Pts',(163.78688307928,-137.141273963775,2.33408937627202));
#5518=CARTESIAN_POINT('Ctrl Pts',(163.923181014343,-137.026770508461,2.33408937627202));
#5519=CARTESIAN_POINT('Ctrl Pts',(163.987226215275,-136.965246446303,2.33408937627202));
#5520=CARTESIAN_POINT('',(163.316861774358,-137.390688428177,2.33408937627202));
#5521=CARTESIAN_POINT('Ctrl Pts',(163.143483940802,-136.937893434377,4.96440316628574));
#5522=CARTESIAN_POINT('Ctrl Pts',(163.182229623672,-137.039081982388,4.785228522343));
#5523=CARTESIAN_POINT('Ctrl Pts',(163.244417175056,-137.201491509406,4.40122309523353));
#5524=CARTESIAN_POINT('Ctrl Pts',(163.309407148127,-137.371219864239,3.41276722331784));
#5525=CARTESIAN_POINT('Ctrl Pts',(163.316861774358,-137.390688428177,2.67389287915862));
#5526=CARTESIAN_POINT('Ctrl Pts',(163.316861774358,-137.390688428177,2.33408937627202));
#5527=CARTESIAN_POINT('',(163.987226215275,-136.965246446303,2.33408937627202));
#5528=CARTESIAN_POINT('Origin',(162.601686008776,-135.522929443639,2.33408937627202));
#5529=CARTESIAN_POINT('Origin',(165.213131213081,-135.787599187988,2.33408937627202));
#5530=CARTESIAN_POINT('Ctrl Pts',(163.143483940802,-136.937893434377,4.96440316628574));
#5531=CARTESIAN_POINT('Ctrl Pts',(163.182229623672,-137.039081982388,4.785228522343));
#5532=CARTESIAN_POINT('Ctrl Pts',(163.244417175056,-137.201491509406,4.40122309523353));
#5533=CARTESIAN_POINT('Ctrl Pts',(163.309407148127,-137.371219864239,3.41276722331784));
#5534=CARTESIAN_POINT('Ctrl Pts',(163.316861774358,-137.390688428177,2.67389287915862));
#5535=CARTESIAN_POINT('Ctrl Pts',(163.316861774358,-137.390688428177,2.33408937627202));
#5536=CARTESIAN_POINT('Ctrl Pts',(163.030993726343,-137.038978838518,4.87481584431437));
#5537=CARTESIAN_POINT('Ctrl Pts',(163.076587982214,-137.123356158539,4.69790497236616));
#5538=CARTESIAN_POINT('Ctrl Pts',(163.151369622817,-137.261900315563,4.31520216914852));
#5539=CARTESIAN_POINT('Ctrl Pts',(163.227154916134,-137.406998806838,3.34016519004017));
#5540=CARTESIAN_POINT('Ctrl Pts',(163.238532677379,-137.420681094449,2.65501490677603));
#5541=CARTESIAN_POINT('Ctrl Pts',(163.233925083439,-137.422445368935,2.33408937627202));
#5542=CARTESIAN_POINT('Ctrl Pts',(162.8231170226,-137.212894619574,4.67674577100917));
#5543=CARTESIAN_POINT('Ctrl Pts',(162.877998720248,-137.271317807702,4.50097387537352));
#5544=CARTESIAN_POINT('Ctrl Pts',(162.96911722914,-137.370489782763,4.11069157835762));
#5545=CARTESIAN_POINT('Ctrl Pts',(163.056857792908,-137.467871447861,3.16890950321363));
#5546=CARTESIAN_POINT('Ctrl Pts',(163.075010051955,-137.472018072262,2.61302525330712));
#5547=CARTESIAN_POINT('Ctrl Pts',(163.063815524331,-137.474894451685,2.33408937627202));
#5548=CARTESIAN_POINT('Ctrl Pts',(162.42845773589,-137.442505223342,4.14964028901763));
#5549=CARTESIAN_POINT('Ctrl Pts',(162.504494338166,-137.464070346272,3.9783661498));
#5550=CARTESIAN_POINT('Ctrl Pts',(162.634345398962,-137.499876410647,3.59201095526027));
#5551=CARTESIAN_POINT('Ctrl Pts',(162.780871614889,-137.518019044351,2.93311991408));
#5552=CARTESIAN_POINT('Ctrl Pts',(162.811982927728,-137.518054106256,2.544297564099));
#5553=CARTESIAN_POINT('Ctrl Pts',(162.800461943178,-137.51898034722,2.33408937627202));
#5554=CARTESIAN_POINT('Ctrl Pts',(162.159750130936,-137.509070952102,3.7234679493851));
#5555=CARTESIAN_POINT('Ctrl Pts',(162.257795315563,-137.51240143115,3.59630250089331));
#5556=CARTESIAN_POINT('Ctrl Pts',(162.428323096062,-137.518194058319,3.31740752726599));
#5557=CARTESIAN_POINT('Ctrl Pts',(162.593781813828,-137.523814495417,2.83655778805571));
#5558=CARTESIAN_POINT('Ctrl Pts',(162.627476090073,-137.52495905016,2.50251012244385));
#5559=CARTESIAN_POINT('Ctrl Pts',(162.622545113465,-137.524791550712,2.33408937627202));
#5560=CARTESIAN_POINT('Ctrl Pts',(162.03618224601,-137.504873497087,3.53610770572113));
#5561=CARTESIAN_POINT('Ctrl Pts',(162.141017667259,-137.508434632449,3.43121181813008));
#5562=CARTESIAN_POINT('Ctrl Pts',(162.323075983598,-137.514618938293,3.19381124679061));
#5563=CARTESIAN_POINT('Ctrl Pts',(162.494751416538,-137.520450549858,2.77911103785379));
#5564=CARTESIAN_POINT('Ctrl Pts',(162.533787534511,-137.521776560652,2.48243456314043));
#5565=CARTESIAN_POINT('Ctrl Pts',(162.533787534511,-137.521776560652,2.33408937627202));
#5566=CARTESIAN_POINT('',(162.03618224601,-137.504873497087,3.53610770572113));
#5567=CARTESIAN_POINT('Ctrl Pts',(163.143483940802,-136.937893434377,4.96440316628574));
#5568=CARTESIAN_POINT('Ctrl Pts',(163.030993726343,-137.038978838518,4.87481584431437));
#5569=CARTESIAN_POINT('Ctrl Pts',(162.8231170226,-137.212894619574,4.67674577100917));
#5570=CARTESIAN_POINT('Ctrl Pts',(162.42845773589,-137.442505223342,4.14964028901763));
#5571=CARTESIAN_POINT('Ctrl Pts',(162.159750130936,-137.509070952102,3.7234679493851));
#5572=CARTESIAN_POINT('Ctrl Pts',(162.03618224601,-137.504873497087,3.53610770572113));
#5573=CARTESIAN_POINT('',(162.533787534511,-137.521776560652,2.33408937627202));
#5574=CARTESIAN_POINT('Origin',(160.834856809801,-137.464065891783,2.33408937627202));
#5575=CARTESIAN_POINT('Origin',(162.601686008776,-135.522929443639,2.33408937627202));
#5576=CARTESIAN_POINT('Ctrl Pts',(170.60356683549,-110.069514781666,4.987337358024));
#5577=CARTESIAN_POINT('Ctrl Pts',(170.555151383416,-110.155222643045,5.07240571478432));
#5578=CARTESIAN_POINT('Ctrl Pts',(170.459056568327,-110.340711198709,5.21227322555883));
#5579=CARTESIAN_POINT('Ctrl Pts',(170.328178219806,-110.842913990589,5.40854337219149));
#5580=CARTESIAN_POINT('Ctrl Pts',(170.279535838441,-111.372546476155,5.4482135623731));
#5581=CARTESIAN_POINT('Ctrl Pts',(170.247003030935,-111.639315497704,5.4482135623731));
#5582=CARTESIAN_POINT('Ctrl Pts',(170.509345766473,-110.068092057382,5.15747407154465));
#5583=CARTESIAN_POINT('Ctrl Pts',(170.459573068814,-110.158319244928,5.2264663150908));
#5584=CARTESIAN_POINT('Ctrl Pts',(170.360918073589,-110.351288763074,5.34473593640505));
#5585=CARTESIAN_POINT('Ctrl Pts',(170.220075995501,-110.863620728006,5.52761848877347));
#5586=CARTESIAN_POINT('Ctrl Pts',(170.162692513172,-111.367812496324,5.56477067649145));
#5587=CARTESIAN_POINT('Ctrl Pts',(170.124497213351,-111.624375763853,5.57162697732194));
#5588=CARTESIAN_POINT('Ctrl Pts',(170.290933001068,-110.064794056747,5.45421970889842));
#5589=CARTESIAN_POINT('Ctrl Pts',(170.238772640143,-110.163945908581,5.50152346714195));
#5590=CARTESIAN_POINT('Ctrl Pts',(170.132360446696,-110.375189953689,5.59304550349259));
#5591=CARTESIAN_POINT('Ctrl Pts',(169.96514097875,-110.911632475159,5.75044305741662));
#5592=CARTESIAN_POINT('Ctrl Pts',(169.89562795542,-111.354490648574,5.77372481859475));
#5593=CARTESIAN_POINT('Ctrl Pts',(169.847241815122,-111.590564129922,5.78594803667));
#5594=CARTESIAN_POINT('Ctrl Pts',(169.705699503715,-110.055957117011,5.89200227636271));
#5595=CARTESIAN_POINT('Ctrl Pts',(169.656441646865,-110.180300904256,5.91141986375882));
#5596=CARTESIAN_POINT('Ctrl Pts',(169.55560393125,-110.448213537678,5.95569360685569));
#5597=CARTESIAN_POINT('Ctrl Pts',(169.465689932503,-110.95709476952,5.98498536102179));
#5598=CARTESIAN_POINT('Ctrl Pts',(169.410059321905,-111.329997897094,5.98293432386134));
#5599=CARTESIAN_POINT('Ctrl Pts',(169.362921701964,-111.531500701488,5.98804625108538));
#5600=CARTESIAN_POINT('Ctrl Pts',(169.180873345317,-110.048032319209,6.034));
#5601=CARTESIAN_POINT('Ctrl Pts',(169.165314629968,-110.193740262273,6.034));
#5602=CARTESIAN_POINT('Ctrl Pts',(169.139564905432,-110.492658816912,6.034));
#5603=CARTESIAN_POINT('Ctrl Pts',(169.097755269253,-110.977248239773,6.034));
#5604=CARTESIAN_POINT('Ctrl Pts',(169.047193114101,-111.317162781937,6.034));
#5605=CARTESIAN_POINT('Ctrl Pts',(169.016439156965,-111.489246732586,6.034));
#5606=CARTESIAN_POINT('Ctrl Pts',(168.940474314525,-110.044402329201,6.034));
#5607=CARTESIAN_POINT('Ctrl Pts',(168.938079234362,-110.203018454438,6.034));
#5608=CARTESIAN_POINT('Ctrl Pts',(168.927670658195,-110.520165862666,6.034));
#5609=CARTESIAN_POINT('Ctrl Pts',(168.895222128949,-110.995035777439,6.034));
#5610=CARTESIAN_POINT('Ctrl Pts',(168.862393133086,-111.310651166852,6.034));
#5611=CARTESIAN_POINT('Ctrl Pts',(168.843189768269,-111.468118758355,6.034));
#5612=CARTESIAN_POINT('',(170.60356683549,-110.069514781666,4.987337358024));
#5613=CARTESIAN_POINT('',(170.247003030935,-111.639315497704,5.4482135623731));
#5614=CARTESIAN_POINT('Ctrl Pts',(170.60356683549,-110.069514781666,4.987337358024));
#5615=CARTESIAN_POINT('Ctrl Pts',(170.555151383416,-110.155222643045,5.07240571478432));
#5616=CARTESIAN_POINT('Ctrl Pts',(170.459056568327,-110.340711198709,5.21227322555883));
#5617=CARTESIAN_POINT('Ctrl Pts',(170.328178219806,-110.842913990589,5.40854337219149));
#5618=CARTESIAN_POINT('Ctrl Pts',(170.279535838441,-111.372546476155,5.4482135623731));
#5619=CARTESIAN_POINT('Ctrl Pts',(170.247003030935,-111.639315497704,5.4482135623731));
#5620=CARTESIAN_POINT('',(168.940474314525,-110.044402329201,6.034));
#5621=CARTESIAN_POINT('Ctrl Pts',(170.60356683549,-110.069514781666,4.987337358024));
#5622=CARTESIAN_POINT('Ctrl Pts',(170.509345766473,-110.068092057382,5.15747407154465));
#5623=CARTESIAN_POINT('Ctrl Pts',(170.290933001068,-110.064794056747,5.45421970889842));
#5624=CARTESIAN_POINT('Ctrl Pts',(169.705699503715,-110.055957117011,5.89200227636271));
#5625=CARTESIAN_POINT('Ctrl Pts',(169.180873345317,-110.048032319209,6.034));
#5626=CARTESIAN_POINT('Ctrl Pts',(168.940474314525,-110.044402329201,6.034));
#5627=CARTESIAN_POINT('',(168.843189768269,-111.468118758355,6.034));
#5628=CARTESIAN_POINT('Origin',(155.505172136929,-109.841531242338,6.034));
#5629=CARTESIAN_POINT('Origin',(168.843189768269,-111.468118758355,4.034));
#5630=CARTESIAN_POINT('Ctrl Pts',(170.60356683549,-110.069514781666,4.987337358024));
#5631=CARTESIAN_POINT('Ctrl Pts',(170.509345766473,-110.068092057382,5.15747407154465));
#5632=CARTESIAN_POINT('Ctrl Pts',(170.290933001068,-110.064794056747,5.45421970889842));
#5633=CARTESIAN_POINT('Ctrl Pts',(169.705699503715,-110.055957117011,5.89200227636271));
#5634=CARTESIAN_POINT('Ctrl Pts',(169.180873345317,-110.048032319209,6.034));
#5635=CARTESIAN_POINT('Ctrl Pts',(168.940474314525,-110.044402329201,6.034));
#5636=CARTESIAN_POINT('Ctrl Pts',(170.557761218546,-109.982384196003,5.07240571478433));
#5637=CARTESIAN_POINT('Ctrl Pts',(170.462319973931,-109.97640322687,5.22646631509081));
#5638=CARTESIAN_POINT('Ctrl Pts',(170.241790094611,-109.964112540476,5.50152346714196));
#5639=CARTESIAN_POINT('Ctrl Pts',(169.660218393675,-109.930182785301,5.91141986375882));
#5640=CARTESIAN_POINT('Ctrl Pts',(169.169721057245,-109.901921043922,6.034));
#5641=CARTESIAN_POINT('Ctrl Pts',(168.942869394687,-109.885786203965,6.034));
#5642=CARTESIAN_POINT('Ctrl Pts',(170.467310636663,-109.794078832281,5.21227322555884));
#5643=CARTESIAN_POINT('Ctrl Pts',(170.369536250484,-109.780543012228,5.34473593640506));
#5644=CARTESIAN_POINT('Ctrl Pts',(170.141804469038,-109.749751918657,5.5930455034926));
#5645=CARTESIAN_POINT('Ctrl Pts',(169.567515689074,-109.659347719999,5.9556936068557));
#5646=CARTESIAN_POINT('Ctrl Pts',(169.153008266821,-109.602361311553,6.034));
#5647=CARTESIAN_POINT('Ctrl Pts',(168.942041139018,-109.568469121229,6.034));
#5648=CARTESIAN_POINT('Ctrl Pts',(170.35165487588,-109.28815341161,5.40854337219152));
#5649=CARTESIAN_POINT('Ctrl Pts',(170.244227130985,-109.264192203357,5.5276184887735));
#5650=CARTESIAN_POINT('Ctrl Pts',(169.990857951057,-109.208505137594,5.75044305741665));
#5651=CARTESIAN_POINT('Ctrl Pts',(169.49300724307,-109.147983733424,5.98498536102179));
#5652=CARTESIAN_POINT('Ctrl Pts',(169.125848814004,-109.116730465591,6.034));
#5653=CARTESIAN_POINT('Ctrl Pts',(168.923945065964,-109.092835990395,6.034));
#5654=CARTESIAN_POINT('Ctrl Pts',(170.319025770136,-108.757293738542,5.44821356237314));
#5655=CARTESIAN_POINT('Ctrl Pts',(170.202092782368,-108.758497730429,5.56477067649148));
#5656=CARTESIAN_POINT('Ctrl Pts',(169.934747757088,-108.763750072074,5.77372481859477));
#5657=CARTESIAN_POINT('Ctrl Pts',(169.448660992514,-108.773570969951,5.98293432386134));
#5658=CARTESIAN_POINT('Ctrl Pts',(169.085572689671,-108.775444278768,6.034));
#5659=CARTESIAN_POINT('Ctrl Pts',(168.90066035626,-108.776373292281,6.034));
#5660=CARTESIAN_POINT('Ctrl Pts',(170.294562304077,-108.489664081644,5.44821356237314));
#5661=CARTESIAN_POINT('Ctrl Pts',(170.171661265053,-108.500898208055,5.57162697732197));
#5662=CARTESIAN_POINT('Ctrl Pts',(169.893511400912,-108.526323304211,5.78594803667002));
#5663=CARTESIAN_POINT('Ctrl Pts',(169.407628801201,-108.570736814374,5.98804625108538));
#5664=CARTESIAN_POINT('Ctrl Pts',(169.060028453527,-108.60251023368,6.034));
#5665=CARTESIAN_POINT('Ctrl Pts',(168.88622013731,-108.618397687611,6.034));
#5666=CARTESIAN_POINT('',(170.294562304077,-108.489664081644,5.44821356237314));
#5667=CARTESIAN_POINT('Ctrl Pts',(170.60356683549,-110.069514781666,4.987337358024));
#5668=CARTESIAN_POINT('Ctrl Pts',(170.557761218546,-109.982384196003,5.07240571478433));
#5669=CARTESIAN_POINT('Ctrl Pts',(170.467310636663,-109.794078832281,5.21227322555884));
#5670=CARTESIAN_POINT('Ctrl Pts',(170.35165487588,-109.28815341161,5.40854337219152));
#5671=CARTESIAN_POINT('Ctrl Pts',(170.319025770136,-108.757293738542,5.44821356237314));
#5672=CARTESIAN_POINT('Ctrl Pts',(170.294562304077,-108.489664081644,5.44821356237314));
#5673=CARTESIAN_POINT('',(168.88622013731,-108.618397687611,6.034));
#5674=CARTESIAN_POINT('Origin',(168.88622013731,-108.618397687611,4.034));
#5675=CARTESIAN_POINT('Origin',(155.505172136929,-109.841531242338,6.034));
#5676=CARTESIAN_POINT('Ctrl Pts',(170.60356683549,-110.069514781666,4.987337358024));
#5677=CARTESIAN_POINT('Ctrl Pts',(170.557761218546,-109.982384196003,5.07240571478433));
#5678=CARTESIAN_POINT('Ctrl Pts',(170.467310636663,-109.794078832281,5.21227322555884));
#5679=CARTESIAN_POINT('Ctrl Pts',(170.35165487588,-109.28815341161,5.40854337219152));
#5680=CARTESIAN_POINT('Ctrl Pts',(170.319025770136,-108.757293738542,5.44821356237314));
#5681=CARTESIAN_POINT('Ctrl Pts',(170.294562304077,-108.489664081644,5.44821356237314));
#5682=CARTESIAN_POINT('Ctrl Pts',(170.651982287563,-109.983806920287,4.90226900126368));
#5683=CARTESIAN_POINT('Ctrl Pts',(170.613222978222,-109.903185616357,4.98465152482089));
#5684=CARTESIAN_POINT('Ctrl Pts',(170.535905535636,-109.723542063869,5.12266217827734));
#5685=CARTESIAN_POINT('Ctrl Pts',(170.45300089459,-109.220866488952,5.30391774091052));
#5686=CARTESIAN_POINT('Ctrl Pts',(170.433240595009,-108.726353118111,5.33165644825479));
#5687=CARTESIAN_POINT('Ctrl Pts',(170.417463343101,-108.478429955234,5.3248001474243));
#5688=CARTESIAN_POINT('Ctrl Pts',(170.747574929192,-109.836809519051,4.71405268691025));
#5689=CARTESIAN_POINT('Ctrl Pts',(170.720256570571,-109.761375854702,4.79247894524037));
#5690=CARTESIAN_POINT('Ctrl Pts',(170.669529408625,-109.585660594546,4.92223585504562));
#5691=CARTESIAN_POINT('Ctrl Pts',(170.647594683907,-109.079613329365,5.05753075679691));
#5692=CARTESIAN_POINT('Ctrl Pts',(170.637897325041,-108.669809381876,5.06494324800466));
#5693=CARTESIAN_POINT('Ctrl Pts',(170.630894604925,-108.458920650884,5.04549067311931));
#5694=CARTESIAN_POINT('Ctrl Pts',(170.913907267474,-109.612014087967,4.20762775339045));
#5695=CARTESIAN_POINT('Ctrl Pts',(170.90363398359,-109.530087232529,4.28668727076286));
#5696=CARTESIAN_POINT('Ctrl Pts',(170.890859106134,-109.330120305144,4.41444231284627));
#5697=CARTESIAN_POINT('Ctrl Pts',(170.868594302847,-108.908723254114,4.56436588658313));
#5698=CARTESIAN_POINT('Ctrl Pts',(170.841984820513,-108.604232922039,4.57998059094822));
#5699=CARTESIAN_POINT('Ctrl Pts',(170.832153767447,-108.440523972621,4.55758242294633));
#5700=CARTESIAN_POINT('Ctrl Pts',(170.974966618727,-109.498064033231,3.79513285865892));
#5701=CARTESIAN_POINT('Ctrl Pts',(170.967155058934,-109.412605780423,3.88700597105035));
#5702=CARTESIAN_POINT('Ctrl Pts',(170.949045585274,-109.21448862848,4.04731068776594));
#5703=CARTESIAN_POINT('Ctrl Pts',(170.915336370871,-108.845710734811,4.19884227262218));
#5704=CARTESIAN_POINT('Ctrl Pts',(170.89049548039,-108.573952064954,4.2182291988217));
#5705=CARTESIAN_POINT('Ctrl Pts',(170.877916730014,-108.43634087612,4.20853292519951));
#5706=CARTESIAN_POINT('Ctrl Pts',(170.970161121336,-109.445492021777,3.61425324484997));
#5707=CARTESIAN_POINT('Ctrl Pts',(170.962111279611,-109.357426971067,3.7026854398264));
#5708=CARTESIAN_POINT('Ctrl Pts',(170.943892862581,-109.158117981613,3.85625773758413));
#5709=CARTESIAN_POINT('Ctrl Pts',(170.912068249414,-108.809957574488,4.00107172485592));
#5710=CARTESIAN_POINT('Ctrl Pts',(170.889300925357,-108.560883665205,4.03400000000008));
#5711=CARTESIAN_POINT('Ctrl Pts',(170.877916730014,-108.43634087612,4.03400000000008));
#5712=CARTESIAN_POINT('',(170.970161121336,-109.445492021777,3.61425324484997));
#5713=CARTESIAN_POINT('Ctrl Pts',(170.60356683549,-110.069514781666,4.987337358024));
#5714=CARTESIAN_POINT('Ctrl Pts',(170.651982287563,-109.983806920287,4.90226900126368));
#5715=CARTESIAN_POINT('Ctrl Pts',(170.747574929192,-109.836809519051,4.71405268691025));
#5716=CARTESIAN_POINT('Ctrl Pts',(170.913907267474,-109.612014087967,4.20762775339045));
#5717=CARTESIAN_POINT('Ctrl Pts',(170.974966618727,-109.498064033231,3.79513285865892));
#5718=CARTESIAN_POINT('Ctrl Pts',(170.970161121336,-109.445492021777,3.61425324484997));
#5719=CARTESIAN_POINT('',(170.877916730014,-108.43634087612,4.034));
#5720=CARTESIAN_POINT('Origin',(170.877916730014,-108.43634087612,2.60089493580446));
#5721=CARTESIAN_POINT('Origin',(168.88622013731,-108.618397687611,4.034));
#5722=CARTESIAN_POINT('Ctrl Pts',(170.60356683549,-110.069514781666,4.987337358024));
#5723=CARTESIAN_POINT('Ctrl Pts',(170.651982287563,-109.983806920287,4.90226900126368));
#5724=CARTESIAN_POINT('Ctrl Pts',(170.747574929192,-109.836809519051,4.71405268691025));
#5725=CARTESIAN_POINT('Ctrl Pts',(170.913907267474,-109.612014087967,4.20762775339045));
#5726=CARTESIAN_POINT('Ctrl Pts',(170.974966618727,-109.498064033231,3.79513285865892));
#5727=CARTESIAN_POINT('Ctrl Pts',(170.970161121336,-109.445492021777,3.61425324484997));
#5728=CARTESIAN_POINT('Ctrl Pts',(170.697787904507,-110.070937505951,4.81720064450336));
#5729=CARTESIAN_POINT('Ctrl Pts',(170.734280442765,-109.995992314227,4.73496025380895));
#5730=CARTESIAN_POINT('Ctrl Pts',(170.808938729131,-109.864631236822,4.54886647714774));
#5731=CARTESIAN_POINT('Ctrl Pts',(170.940901931653,-109.670814597335,4.04973566397787));
#5732=CARTESIAN_POINT('Ctrl Pts',(170.982244234364,-109.577680951433,3.68316201139982));
#5733=CARTESIAN_POINT('Ctrl Pts',(170.978210963061,-109.533557072487,3.52582104987353));
#5734=CARTESIAN_POINT('Ctrl Pts',(170.847300023396,-110.073195116956,4.45598944435271));
#5735=CARTESIAN_POINT('Ctrl Pts',(170.868321064376,-110.016310706855,4.37604613156302));
#5736=CARTESIAN_POINT('Ctrl Pts',(170.913559467906,-109.913589931231,4.1848192291078));
#5737=CARTESIAN_POINT('Ctrl Pts',(170.986878580191,-109.778575626846,3.69720566401252));
#5738=CARTESIAN_POINT('Ctrl Pts',(170.994996723154,-109.717192833811,3.4400279361097));
#5739=CARTESIAN_POINT('Ctrl Pts',(170.992190404493,-109.686491783576,3.32568113882138));
#5740=CARTESIAN_POINT('Ctrl Pts',(171.007090050943,-110.075607922871,3.54638671158486));
#5741=CARTESIAN_POINT('Ctrl Pts',(171.010645015504,-110.042563166735,3.48146977734582));
#5742=CARTESIAN_POINT('Ctrl Pts',(171.016501053552,-109.982184477798,3.32732106701858));
#5743=CARTESIAN_POINT('Ctrl Pts',(171.014060952693,-109.90534997711,3.11332763289788));
#5744=CARTESIAN_POINT('Ctrl Pts',(171.007627489007,-109.855373070555,3.02705087640076));
#5745=CARTESIAN_POINT('Ctrl Pts',(171.005372590884,-109.830704546088,2.97606924672849));
#5746=CARTESIAN_POINT('Ctrl Pts',(171.016445439994,-110.075749187869,2.89669294247123));
#5747=CARTESIAN_POINT('Ctrl Pts',(171.016782129455,-110.053451655423,2.88025971987863));
#5748=CARTESIAN_POINT('Ctrl Pts',(171.016725370271,-110.007970405106,2.84290808971499));
#5749=CARTESIAN_POINT('Ctrl Pts',(171.014171174387,-109.937169687035,2.78079629701935));
#5750=CARTESIAN_POINT('Ctrl Pts',(171.01063875598,-109.888316249772,2.74365888976355));
#5751=CARTESIAN_POINT('Ctrl Pts',(171.008369999274,-109.863496112792,2.72595694529055));
#5752=CARTESIAN_POINT('Ctrl Pts',(171.016445439994,-110.075749187869,2.60089493580446));
#5753=CARTESIAN_POINT('Ctrl Pts',(171.016801934717,-110.052140035868,2.60089493580446));
#5754=CARTESIAN_POINT('Ctrl Pts',(171.016678653342,-110.004909105041,2.60089493580446));
#5755=CARTESIAN_POINT('Ctrl Pts',(171.013985150782,-109.934113687072,2.60089493580446));
#5756=CARTESIAN_POINT('Ctrl Pts',(171.010519347732,-109.887009926773,2.60089493580446));
#5757=CARTESIAN_POINT('Ctrl Pts',(171.008369999274,-109.863496112792,2.60089493580446));
#5758=CARTESIAN_POINT('',(171.016445439994,-110.075749187869,2.60089493580446));
#5759=CARTESIAN_POINT('Ctrl Pts',(170.60356683549,-110.069514781666,4.987337358024));
#5760=CARTESIAN_POINT('Ctrl Pts',(170.697787904507,-110.070937505951,4.81720064450336));
#5761=CARTESIAN_POINT('Ctrl Pts',(170.847300023396,-110.073195116956,4.45598944435271));
#5762=CARTESIAN_POINT('Ctrl Pts',(171.007090050943,-110.075607922871,3.54638671158486));
#5763=CARTESIAN_POINT('Ctrl Pts',(171.016445439994,-110.075749187869,2.89669294247123));
#5764=CARTESIAN_POINT('Ctrl Pts',(171.016445439994,-110.075749187869,2.60089493580446));
#5765=CARTESIAN_POINT('',(171.008369999274,-109.863496112792,2.60089493580446));
#5766=CARTESIAN_POINT('Origin',(169.01667340657,-110.045552924284,2.60089493580446));
#5767=CARTESIAN_POINT('Origin',(170.877916730014,-108.43634087612,2.60089493580446));
#5768=CARTESIAN_POINT('Ctrl Pts',(170.60356683549,-110.069514781666,4.987337358024));
#5769=CARTESIAN_POINT('Ctrl Pts',(170.697787904507,-110.070937505951,4.81720064450336));
#5770=CARTESIAN_POINT('Ctrl Pts',(170.847300023396,-110.073195116956,4.45598944435271));
#5771=CARTESIAN_POINT('Ctrl Pts',(171.007090050943,-110.075607922871,3.54638671158486));
#5772=CARTESIAN_POINT('Ctrl Pts',(171.016445439994,-110.075749187869,2.89669294247123));
#5773=CARTESIAN_POINT('Ctrl Pts',(171.016445439994,-110.075749187869,2.60089493580446));
#5774=CARTESIAN_POINT('Ctrl Pts',(170.649372452433,-110.15664536733,4.90226900126368));
#5775=CARTESIAN_POINT('Ctrl Pts',(170.732000998743,-110.146950342326,4.73496025380894));
#5776=CARTESIAN_POINT('Ctrl Pts',(170.86659397988,-110.13068827759,4.37604613156302));
#5777=CARTESIAN_POINT('Ctrl Pts',(171.00964568034,-110.108744948076,3.48146977734581));
#5778=CARTESIAN_POINT('Ctrl Pts',(171.016108750534,-110.098046720315,2.88025971987863));
#5779=CARTESIAN_POINT('Ctrl Pts',(171.016088945272,-110.099358339871,2.60089493580446));
#5780=CARTESIAN_POINT('Ctrl Pts',(170.740483246364,-110.306461962983,4.71405268691024));
#5781=CARTESIAN_POINT('Ctrl Pts',(170.802659086271,-110.280505675603,4.54886647714773));
#5782=CARTESIAN_POINT('Ctrl Pts',(170.908710328833,-110.234728097128,4.18481922910779));
#5783=CARTESIAN_POINT('Ctrl Pts',(171.013676045588,-110.169272920249,3.32732106701856));
#5784=CARTESIAN_POINT('Ctrl Pts',(171.014678809944,-110.143505521685,2.84290808971498));
#5785=CARTESIAN_POINT('Ctrl Pts',(171.014539685028,-110.146564015565,2.60089493580445));
#5786=CARTESIAN_POINT('Ctrl Pts',(170.899952544167,-110.536176950854,4.20762775339041));
#5787=CARTESIAN_POINT('Ctrl Pts',(170.928710254582,-110.478218294142,4.04973566397782));
#5788=CARTESIAN_POINT('Ctrl Pts',(170.977919551588,-110.371894558409,3.69720566401247));
#5789=CARTESIAN_POINT('Ctrl Pts',(171.008917206807,-110.245998718007,3.11332763289786));
#5790=CARTESIAN_POINT('Ctrl Pts',(171.009988105079,-110.21419684282,2.78079629701934));
#5791=CARTESIAN_POINT('Ctrl Pts',(171.009709897022,-110.217245832954,2.60089493580445));
#5792=CARTESIAN_POINT('Ctrl Pts',(170.957543584337,-110.65191860905,3.79513285865886));
#5793=CARTESIAN_POINT('Ctrl Pts',(170.967221741474,-110.572557720523,3.68316201139977));
#5794=CARTESIAN_POINT('Ctrl Pts',(170.984180673705,-110.433494476233,3.44002793610965));
#5795=CARTESIAN_POINT('Ctrl Pts',(171.000977732354,-110.29575859531,3.02705087640073));
#5796=CARTESIAN_POINT('Ctrl Pts',(171.004982274005,-110.262921353771,2.74365888976354));
#5797=CARTESIAN_POINT('Ctrl Pts',(171.004823478619,-110.264223475936,2.60089493580445));
#5798=CARTESIAN_POINT('Ctrl Pts',(170.951152980438,-110.704321561021,3.61425324484991));
#5799=CARTESIAN_POINT('Ctrl Pts',(170.961858084558,-110.616539707235,3.52582104987348));
#5800=CARTESIAN_POINT('Ctrl Pts',(170.980448683128,-110.46409679896,3.32568113882133));
#5801=CARTESIAN_POINT('Ctrl Pts',(170.997979049894,-110.320347791483,2.97606924672847));
#5802=CARTESIAN_POINT('Ctrl Pts',(171.001965161671,-110.287661674906,2.72595694529054));
#5803=CARTESIAN_POINT('Ctrl Pts',(171.001965161671,-110.287661674906,2.60089493580445));
#5804=CARTESIAN_POINT('',(170.951152980438,-110.704321561021,3.61425324484991));
#5805=CARTESIAN_POINT('Ctrl Pts',(170.60356683549,-110.069514781666,4.987337358024));
#5806=CARTESIAN_POINT('Ctrl Pts',(170.649372452433,-110.15664536733,4.90226900126368));
#5807=CARTESIAN_POINT('Ctrl Pts',(170.740483246364,-110.306461962983,4.71405268691024));
#5808=CARTESIAN_POINT('Ctrl Pts',(170.899952544167,-110.536176950854,4.20762775339041));
#5809=CARTESIAN_POINT('Ctrl Pts',(170.957543584337,-110.65191860905,3.79513285865886));
#5810=CARTESIAN_POINT('Ctrl Pts',(170.951152980438,-110.704321561021,3.61425324484991));
#5811=CARTESIAN_POINT('',(171.001965161671,-110.287661674906,2.60089493580446));
#5812=CARTESIAN_POINT('Origin',(170.82848152337,-111.710227508977,2.60089493580446));
#5813=CARTESIAN_POINT('Origin',(169.01667340657,-110.045552924284,2.60089493580446));
#5814=CARTESIAN_POINT('Ctrl Pts',(167.607050081806,-80.0680690871125,4.95915130192252));
#5815=CARTESIAN_POINT('Ctrl Pts',(167.702064919367,-80.0083373248439,4.77793266402012));
#5816=CARTESIAN_POINT('Ctrl Pts',(167.855369403838,-79.9119613560348,4.38877713176438));
#5817=CARTESIAN_POINT('Ctrl Pts',(168.02018272816,-79.8083502721257,3.38252338433771));
#5818=CARTESIAN_POINT('Ctrl Pts',(168.042006536949,-79.7946305774779,2.62358665424573));
#5819=CARTESIAN_POINT('Ctrl Pts',(168.042006536949,-79.7946305774779,2.27388812356979));
#5820=CARTESIAN_POINT('Ctrl Pts',(167.736451452405,-80.1684712615945,4.86854198297132));
#5821=CARTESIAN_POINT('Ctrl Pts',(167.813302948325,-80.1052550212693,4.68946046680599));
#5822=CARTESIAN_POINT('Ctrl Pts',(167.940367213932,-80.0012966768617,4.30138340392988));
#5823=CARTESIAN_POINT('Ctrl Pts',(168.079174501876,-79.8933773430862,3.30819060215834));
#5824=CARTESIAN_POINT('Ctrl Pts',(168.094513976994,-79.8781537433305,2.60415895809707));
#5825=CARTESIAN_POINT('Ctrl Pts',(168.097602649938,-79.8830668707336,2.27388812356979));
#5826=CARTESIAN_POINT('Ctrl Pts',(167.959207582067,-80.3608841624467,4.66824859246301));
#5827=CARTESIAN_POINT('Ctrl Pts',(168.008932005512,-80.2934036852411,4.49008449832487));
#5828=CARTESIAN_POINT('Ctrl Pts',(168.094830043313,-80.1817693434754,4.0938756643941));
#5829=CARTESIAN_POINT('Ctrl Pts',(168.1851905845,-80.0747074181581,3.1330883360222));
#5830=CARTESIAN_POINT('Ctrl Pts',(168.189270795007,-80.0562738300025,2.56112996265104));
#5831=CARTESIAN_POINT('Ctrl Pts',(168.194908758056,-80.0686675794023,2.27388812356979));
#5832=CARTESIAN_POINT('Ctrl Pts',(168.266493134801,-80.7636357713058,4.1365033893373));
#5833=CARTESIAN_POINT('Ctrl Pts',(168.277718398697,-80.6811384358061,3.96220764279894));
#5834=CARTESIAN_POINT('Ctrl Pts',(168.296853881304,-80.5413782084075,3.56821979941832));
#5835=CARTESIAN_POINT('Ctrl Pts',(168.296155605326,-80.3841706109141,2.89242482617217));
#5836=CARTESIAN_POINT('Ctrl Pts',(168.292592002071,-80.3531647841057,2.49092479626277));
#5837=CARTESIAN_POINT('Ctrl Pts',(168.29563582706,-80.3664360606444,2.27388812356979));
#5838=CARTESIAN_POINT('Ctrl Pts',(168.375000850882,-81.0545088675337,3.70728055768762));
#5839=CARTESIAN_POINT('Ctrl Pts',(168.365632422592,-80.9520185154684,3.57668575316712));
#5840=CARTESIAN_POINT('Ctrl Pts',(168.349320706714,-80.7735687850305,3.28972224751518));
#5841=CARTESIAN_POINT('Ctrl Pts',(168.333532851335,-80.600850074277,2.79356561993279));
#5842=CARTESIAN_POINT('Ctrl Pts',(168.330458370438,-80.5672153364355,2.44809514184884));
#5843=CARTESIAN_POINT('Ctrl Pts',(168.330986638961,-80.5729945797943,2.27388812356979));
#5844=CARTESIAN_POINT('Ctrl Pts',(168.387422876055,-81.190405486882,3.51847516704057));
#5845=CARTESIAN_POINT('Ctrl Pts',(168.377536216397,-81.0822456976763,3.40986445835944));
#5846=CARTESIAN_POINT('Ctrl Pts',(168.360366937253,-80.8944142483073,3.16405649689758));
#5847=CARTESIAN_POINT('Ctrl Pts',(168.344176831305,-80.7172949272102,2.73466994402869));
#5848=CARTESIAN_POINT('Ctrl Pts',(168.340495472388,-80.6770209602522,2.42748686080561));
#5849=CARTESIAN_POINT('Ctrl Pts',(168.340495472388,-80.6770209602522,2.27388812356979));
#5850=CARTESIAN_POINT('',(167.607050081806,-80.0680690871125,4.95915130192252));
#5851=CARTESIAN_POINT('',(168.042006536949,-79.7946305774779,2.27388812356979));
#5852=CARTESIAN_POINT('Ctrl Pts',(167.607050081806,-80.0680690871125,4.95915130192252));
#5853=CARTESIAN_POINT('Ctrl Pts',(167.702064919367,-80.0083373248439,4.77793266402012));
#5854=CARTESIAN_POINT('Ctrl Pts',(167.855369403838,-79.9119613560348,4.38877713176438));
#5855=CARTESIAN_POINT('Ctrl Pts',(168.02018272816,-79.8083502721257,3.38252338433771));
#5856=CARTESIAN_POINT('Ctrl Pts',(168.042006536949,-79.7946305774779,2.62358665424573));
#5857=CARTESIAN_POINT('Ctrl Pts',(168.042006536949,-79.7946305774779,2.27388812356979));
#5858=CARTESIAN_POINT('',(168.387422876055,-81.190405486882,3.51847516704057));
#5859=CARTESIAN_POINT('Ctrl Pts',(167.607050081806,-80.0680690871125,4.95915130192252));
#5860=CARTESIAN_POINT('Ctrl Pts',(167.736451452405,-80.1684712615945,4.86854198297132));
#5861=CARTESIAN_POINT('Ctrl Pts',(167.959207582067,-80.3608841624467,4.66824859246301));
#5862=CARTESIAN_POINT('Ctrl Pts',(168.266493134801,-80.7636357713058,4.1365033893373));
#5863=CARTESIAN_POINT('Ctrl Pts',(168.375000850882,-81.0545088675337,3.70728055768762));
#5864=CARTESIAN_POINT('Ctrl Pts',(168.387422876055,-81.190405486882,3.51847516704057));
#5865=CARTESIAN_POINT('',(168.340495472388,-80.6770209602522,2.27388812356979));
#5866=CARTESIAN_POINT('Origin',(168.500715650434,-82.4298253737843,2.27388812356979));
#5867=CARTESIAN_POINT('Origin',(166.348798879684,-80.8590777717442,2.27388812356979));
#5868=CARTESIAN_POINT('Ctrl Pts',(167.607050081806,-80.0680690871125,4.95915130192252));
#5869=CARTESIAN_POINT('Ctrl Pts',(167.736451452405,-80.1684712615945,4.86854198297132));
#5870=CARTESIAN_POINT('Ctrl Pts',(167.959207582067,-80.3608841624467,4.66824859246301));
#5871=CARTESIAN_POINT('Ctrl Pts',(168.266493134801,-80.7636357713058,4.1365033893373));
#5872=CARTESIAN_POINT('Ctrl Pts',(168.375000850882,-81.0545088675337,3.70728055768762));
#5873=CARTESIAN_POINT('Ctrl Pts',(168.387422876055,-81.190405486882,3.51847516704057));
#5874=CARTESIAN_POINT('Ctrl Pts',(167.641436614845,-80.2282030238631,5.04976062087373));
#5875=CARTESIAN_POINT('Ctrl Pts',(167.763111397785,-80.3199995156833,4.95731247095454));
#5876=CARTESIAN_POINT('Ctrl Pts',(167.977857813099,-80.5032984255928,4.75478253105857));
#5877=CARTESIAN_POINT('Ctrl Pts',(168.282023631896,-80.9016620746702,4.22873927369079));
#5878=CARTESIAN_POINT('Ctrl Pts',(168.385749504192,-81.1720988439711,3.81689698546956));
#5879=CARTESIAN_POINT('Ctrl Pts',(168.397309535713,-81.2985652760877,3.62708587572171));
#5880=CARTESIAN_POINT('Ctrl Pts',(167.695797959438,-80.5658436515899,5.19950595432305));
#5881=CARTESIAN_POINT('Ctrl Pts',(167.808143847747,-80.6461883758411,5.10653219565314));
#5882=CARTESIAN_POINT('Ctrl Pts',(168.016949455363,-80.8211039480435,4.89877138114559));
#5883=CARTESIAN_POINT('Ctrl Pts',(168.323155573899,-81.2216156935489,4.38015454185725));
#5884=CARTESIAN_POINT('Ctrl Pts',(168.410020904179,-81.4376273032361,4.00826942370582));
#5885=CARTESIAN_POINT('Ctrl Pts',(168.419685042565,-81.5433527157393,3.81570039668551));
#5886=CARTESIAN_POINT('Ctrl Pts',(167.795258049047,-81.3999039781756,5.4047415636609));
#5887=CARTESIAN_POINT('Ctrl Pts',(167.914353933137,-81.4652441796235,5.29901519566561));
#5888=CARTESIAN_POINT('Ctrl Pts',(168.140674990032,-81.615462555785,5.05078060117832));
#5889=CARTESIAN_POINT('Ctrl Pts',(168.391987309835,-81.8235209860899,4.55635131038456));
#5890=CARTESIAN_POINT('Ctrl Pts',(168.45367441761,-81.9151955592511,4.19080551215268));
#5891=CARTESIAN_POINT('Ctrl Pts',(168.458771415921,-81.9709565828903,3.99355813038444));
#5892=CARTESIAN_POINT('Ctrl Pts',(167.884769608183,-82.1265971784983,5.4482135623731));
#5893=CARTESIAN_POINT('Ctrl Pts',(168.00302955257,-82.1399100561226,5.33165644825474));
#5894=CARTESIAN_POINT('Ctrl Pts',(168.215584050141,-82.1697676831201,5.0649432480046));
#5895=CARTESIAN_POINT('Ctrl Pts',(168.430412190525,-82.2216935880585,4.57998059094814));
#5896=CARTESIAN_POINT('Ctrl Pts',(168.484943232435,-82.2572755475458,4.21822919882162));
#5897=CARTESIAN_POINT('Ctrl Pts',(168.486733802259,-82.2768643329862,4.034));
#5898=CARTESIAN_POINT('Ctrl Pts',(167.917361224498,-82.4831485793091,5.4482135623731));
#5899=CARTESIAN_POINT('Ctrl Pts',(168.040262263521,-82.4719144528986,5.32480014742425));
#5900=CARTESIAN_POINT('Ctrl Pts',(168.253693525345,-82.4524051485484,5.04549067311926));
#5901=CARTESIAN_POINT('Ctrl Pts',(168.454952687867,-82.4340084702861,4.55758242294624));
#5902=CARTESIAN_POINT('Ctrl Pts',(168.500715650434,-82.4298253737843,4.20853292519943));
#5903=CARTESIAN_POINT('Ctrl Pts',(168.500715650434,-82.4298253737843,4.034));
#5904=CARTESIAN_POINT('',(167.917361224498,-82.4831485793091,5.4482135623731));
#5905=CARTESIAN_POINT('Ctrl Pts',(167.607050081806,-80.0680690871125,4.95915130192252));
#5906=CARTESIAN_POINT('Ctrl Pts',(167.641436614845,-80.2282030238631,5.04976062087373));
#5907=CARTESIAN_POINT('Ctrl Pts',(167.695797959438,-80.5658436515898,5.19950595432305));
#5908=CARTESIAN_POINT('Ctrl Pts',(167.795258049047,-81.3999039781756,5.4047415636609));
#5909=CARTESIAN_POINT('Ctrl Pts',(167.884769608183,-82.1265971784983,5.4482135623731));
#5910=CARTESIAN_POINT('Ctrl Pts',(167.917361224498,-82.4831485793091,5.4482135623731));
#5911=CARTESIAN_POINT('',(168.500715650434,-82.4298253737843,4.034));
#5912=CARTESIAN_POINT('Origin',(166.50901905773,-82.6118821852763,4.034));
#5913=CARTESIAN_POINT('Origin',(168.500715650434,-82.4298253737843,2.27388812356979));
#5914=CARTESIAN_POINT('Ctrl Pts',(167.607050081806,-80.0680690871125,4.95915130192252));
#5915=CARTESIAN_POINT('Ctrl Pts',(167.641436614845,-80.2282030238631,5.04976062087373));
#5916=CARTESIAN_POINT('Ctrl Pts',(167.695797959438,-80.5658436515898,5.19950595432305));
#5917=CARTESIAN_POINT('Ctrl Pts',(167.795258049047,-81.3999039781756,5.4047415636609));
#5918=CARTESIAN_POINT('Ctrl Pts',(167.884769608183,-82.1265971784983,5.4482135623731));
#5919=CARTESIAN_POINT('Ctrl Pts',(167.917361224498,-82.4831485793091,5.4482135623731));
#5920=CARTESIAN_POINT('Ctrl Pts',(167.512035244246,-80.1278008493812,5.14036993982493));
#5921=CARTESIAN_POINT('Ctrl Pts',(167.546179478485,-80.2895270450056,5.21298097630184));
#5922=CARTESIAN_POINT('Ctrl Pts',(167.600805145238,-80.6309296196329,5.33783914946231));
#5923=CARTESIAN_POINT('Ctrl Pts',(167.693039627126,-81.4667005500162,5.52552878923079));
#5924=CARTESIAN_POINT('Ctrl Pts',(167.770130954498,-82.1529011231863,5.56477067649145));
#5925=CARTESIAN_POINT('Ctrl Pts',(167.794460185474,-82.4943827057196,5.57162697732194));
#5926=CARTESIAN_POINT('Ctrl Pts',(167.29471160573,-80.2644229206746,5.45204897068282));
#5927=CARTESIAN_POINT('Ctrl Pts',(167.329428108131,-80.4302679846222,5.50064425083881));
#5928=CARTESIAN_POINT('Ctrl Pts',(167.382371669445,-80.7849605895155,5.59402842269216));
#5929=CARTESIAN_POINT('Ctrl Pts',(167.452987461857,-81.6252684966427,5.75022089893529));
#5930=CARTESIAN_POINT('Ctrl Pts',(167.507719777711,-82.2121296338862,5.77372481859475));
#5931=CARTESIAN_POINT('Ctrl Pts',(167.516310321332,-82.5198078018753,5.78594803666999));
#5932=CARTESIAN_POINT('Ctrl Pts',(166.719780670194,-80.6258573960045,5.89521142334003));
#5933=CARTESIAN_POINT('Ctrl Pts',(166.767249396216,-80.8029497517905,5.91421310809702));
#5934=CARTESIAN_POINT('Ctrl Pts',(166.843847246369,-81.1890597653374,5.95696027409123));
#5935=CARTESIAN_POINT('Ctrl Pts',(166.976956254782,-81.8665539346431,5.98468937759648));
#5936=CARTESIAN_POINT('Ctrl Pts',(167.030346948424,-82.3172807480599,5.98293432386134));
#5937=CARTESIAN_POINT('Ctrl Pts',(167.030427721621,-82.5642213120388,5.98804625108538));
#5938=CARTESIAN_POINT('Ctrl Pts',(166.219912118291,-80.9401033629967,6.034));
#5939=CARTESIAN_POINT('Ctrl Pts',(166.303398560807,-81.101008700991,6.034));
#5940=CARTESIAN_POINT('Ctrl Pts',(166.454682172452,-81.4375665497573,6.034));
#5941=CARTESIAN_POINT('Ctrl Pts',(166.622864095483,-81.9968703429729,6.034));
#5942=CARTESIAN_POINT('Ctrl Pts',(166.674062585851,-82.3935889793731,6.034));
#5943=CARTESIAN_POINT('Ctrl Pts',(166.682827373948,-82.5959947313452,6.034));
#5944=CARTESIAN_POINT('Ctrl Pts',(165.991974055782,-81.0833982684165,6.034));
#5945=CARTESIAN_POINT('Ctrl Pts',(166.088278102384,-81.2365883468069,6.034));
#5946=CARTESIAN_POINT('Ctrl Pts',(166.256832547418,-81.5580874289545,6.034));
#5947=CARTESIAN_POINT('Ctrl Pts',(166.431312809181,-82.0738844541843,6.034));
#5948=CARTESIAN_POINT('Ctrl Pts',(166.492547777847,-82.4316868289316,6.034));
#5949=CARTESIAN_POINT('Ctrl Pts',(166.50901905773,-82.6118821852763,6.034));
#5950=CARTESIAN_POINT('',(165.991974055782,-81.0833982684165,6.034));
#5951=CARTESIAN_POINT('Ctrl Pts',(167.607050081806,-80.0680690871125,4.95915130192252));
#5952=CARTESIAN_POINT('Ctrl Pts',(167.512035244246,-80.1278008493812,5.14036993982493));
#5953=CARTESIAN_POINT('Ctrl Pts',(167.29471160573,-80.2644229206746,5.45204897068282));
#5954=CARTESIAN_POINT('Ctrl Pts',(166.719780670194,-80.6258573960045,5.89521142334003));
#5955=CARTESIAN_POINT('Ctrl Pts',(166.219912118291,-80.9401033629967,6.034));
#5956=CARTESIAN_POINT('Ctrl Pts',(165.991974055782,-81.0833982684165,6.034));
#5957=CARTESIAN_POINT('',(166.50901905773,-82.6118821852763,6.034));
#5958=CARTESIAN_POINT('Origin',(163.058985752017,-82.9272424994326,6.034));
#5959=CARTESIAN_POINT('Origin',(166.50901905773,-82.6118821852763,4.034));
#5960=CARTESIAN_POINT('Ctrl Pts',(167.607050081806,-80.0680690871125,4.95915130192252));
#5961=CARTESIAN_POINT('Ctrl Pts',(167.512035244246,-80.1278008493812,5.14036993982493));
#5962=CARTESIAN_POINT('Ctrl Pts',(167.29471160573,-80.2644229206746,5.45204897068282));
#5963=CARTESIAN_POINT('Ctrl Pts',(166.719780670194,-80.6258573960045,5.89521142334003));
#5964=CARTESIAN_POINT('Ctrl Pts',(166.219912118291,-80.9401033629967,6.034));
#5965=CARTESIAN_POINT('Ctrl Pts',(165.991974055782,-81.0833982684165,6.034));
#5966=CARTESIAN_POINT('Ctrl Pts',(167.477648711207,-79.9676669126305,5.04976062087373));
#5967=CARTESIAN_POINT('Ctrl Pts',(167.381093954832,-80.0269268199696,5.21298097630184));
#5968=CARTESIAN_POINT('Ctrl Pts',(167.160306600618,-80.1612477522694,5.50064425083881));
#5969=CARTESIAN_POINT('Ctrl Pts',(166.580767782519,-80.5063149370699,5.91421310809702));
#5970=CARTESIAN_POINT('Ctrl Pts',(166.111099224385,-80.7951196811601,6.034));
#5971=CARTESIAN_POINT('Ctrl Pts',(165.89567000918,-80.9302081900261,6.034));
#5972=CARTESIAN_POINT('Ctrl Pts',(167.196943114119,-79.7723192301746,5.19950595432305));
#5973=CARTESIAN_POINT('Ctrl Pts',(167.097112799937,-79.8297102256007,5.33783914946231));
#5974=CARTESIAN_POINT('Ctrl Pts',(166.863619782186,-79.9597861022724,5.59402842269215));
#5975=CARTESIAN_POINT('Ctrl Pts',(166.266022261344,-80.2699181729005,5.95696027409124));
#5976=CARTESIAN_POINT('Ctrl Pts',(165.873382874776,-80.5128983959123,6.034));
#5977=CARTESIAN_POINT('Ctrl Pts',(165.679010587293,-80.6389506482017,6.034));
#5978=CARTESIAN_POINT('Ctrl Pts',(166.48843065178,-79.3211440662751,5.4047415636609));
#5979=CARTESIAN_POINT('Ctrl Pts',(166.383926673057,-79.3843050211515,5.52552878923078));
#5980=CARTESIAN_POINT('Ctrl Pts',(166.136973905459,-79.5318962347207,5.7502208989353));
#5981=CARTESIAN_POINT('Ctrl Pts',(165.713187752695,-79.8562874636804,5.98468937759648));
#5982=CARTESIAN_POINT('Ctrl Pts',(165.442260674403,-80.1188939026821,6.034));
#5983=CARTESIAN_POINT('Ctrl Pts',(165.289825345757,-80.2581294555778,6.034));
#5984=CARTESIAN_POINT('Ctrl Pts',(165.872361243256,-78.92547525212,5.44821356237309));
#5985=CARTESIAN_POINT('Ctrl Pts',(165.798963932274,-79.0173814715263,5.56477067649145));
#5986=CARTESIAN_POINT('Ctrl Pts',(165.631840297626,-79.2281831150781,5.77372481859474));
#5987=CARTESIAN_POINT('Ctrl Pts',(165.330152081184,-79.6127943408815,5.98293432386134));
#5988=CARTESIAN_POINT('Ctrl Pts',(165.106945017823,-79.9007875700478,6.034));
#5989=CARTESIAN_POINT('Ctrl Pts',(164.993930238157,-80.0478478680316,6.034));
#5990=CARTESIAN_POINT('Ctrl Pts',(165.565177261424,-78.741548320486,5.44821356237309));
#5991=CARTESIAN_POINT('Ctrl Pts',(165.501778797834,-78.8474327187879,5.57162697732194));
#5992=CARTESIAN_POINT('Ctrl Pts',(165.358295275039,-79.0870704894392,5.78594803666999));
#5993=CARTESIAN_POINT('Ctrl Pts',(165.107652883799,-79.5056787219197,5.98804625108538));
#5994=CARTESIAN_POINT('Ctrl Pts',(164.928343350202,-79.8051509961601,6.034));
#5995=CARTESIAN_POINT('Ctrl Pts',(164.83868438316,-79.9548941482824,6.034));
#5996=CARTESIAN_POINT('',(165.565177261424,-78.741548320486,5.44821356237309));
#5997=CARTESIAN_POINT('Ctrl Pts',(167.607050081806,-80.0680690871125,4.95915130192252));
#5998=CARTESIAN_POINT('Ctrl Pts',(167.477648711207,-79.9676669126305,5.04976062087373));
#5999=CARTESIAN_POINT('Ctrl Pts',(167.196943114119,-79.7723192301746,5.19950595432305));
#6000=CARTESIAN_POINT('Ctrl Pts',(166.48843065178,-79.3211440662751,5.4047415636609));
#6001=CARTESIAN_POINT('Ctrl Pts',(165.872361243256,-78.92547525212,5.44821356237309));
#6002=CARTESIAN_POINT('Ctrl Pts',(165.565177261424,-78.741548320486,5.44821356237309));
#6003=CARTESIAN_POINT('',(164.83868438316,-79.9548941482824,6.034));
#6004=CARTESIAN_POINT('Origin',(164.83868438316,-79.9548941482824,4.034));
#6005=CARTESIAN_POINT('Origin',(163.058985752017,-82.9272424994326,6.034));
#6006=CARTESIAN_POINT('Ctrl Pts',(167.607050081806,-80.0680690871125,4.95915130192252));
#6007=CARTESIAN_POINT('Ctrl Pts',(167.477648711207,-79.9676669126305,5.04976062087373));
#6008=CARTESIAN_POINT('Ctrl Pts',(167.196943114119,-79.7723192301746,5.19950595432305));
#6009=CARTESIAN_POINT('Ctrl Pts',(166.48843065178,-79.3211440662751,5.4047415636609));
#6010=CARTESIAN_POINT('Ctrl Pts',(165.872361243256,-78.92547525212,5.44821356237309));
#6011=CARTESIAN_POINT('Ctrl Pts',(165.565177261424,-78.741548320486,5.44821356237309));
#6012=CARTESIAN_POINT('Ctrl Pts',(167.572663548768,-79.9079351503619,4.86854198297132));
#6013=CARTESIAN_POINT('Ctrl Pts',(167.447668027816,-79.8182262644206,4.95731247095454));
#6014=CARTESIAN_POINT('Ctrl Pts',(167.173238510926,-79.6362495233237,5.10653219565313));
#6015=CARTESIAN_POINT('Ctrl Pts',(166.481173562177,-79.1854956008105,5.29901519566561));
#6016=CARTESIAN_POINT('Ctrl Pts',(165.911627000701,-78.8131327069765,5.33165644825474));
#6017=CARTESIAN_POINT('Ctrl Pts',(165.628575725014,-78.6356639221841,5.32480014742425));
#6018=CARTESIAN_POINT('Ctrl Pts',(167.495827218559,-79.6237887161484,4.66824859246301));
#6019=CARTESIAN_POINT('Ctrl Pts',(167.375572888273,-79.5452486021134,4.75478253105857));
#6020=CARTESIAN_POINT('Ctrl Pts',(167.106122944431,-79.3722594858129,4.89877138114558));
#6021=CARTESIAN_POINT('Ctrl Pts',(166.443906774467,-78.916426896082,5.05078060117831));
#6022=CARTESIAN_POINT('Ctrl Pts',(165.976857641698,-78.6086434510174,5.06494324800459));
#6023=CARTESIAN_POINT('Ctrl Pts',(165.738674176494,-78.4517839410499,5.04549067311925));
#6024=CARTESIAN_POINT('Ctrl Pts',(167.266082475223,-79.1722905187355,4.13650338933729));
#6025=CARTESIAN_POINT('Ctrl Pts',(167.148430090967,-79.0984638755806,4.22873927369079));
#6026=CARTESIAN_POINT('Ctrl Pts',(166.8779287788,-78.9227049639934,4.38015454185725));
#6027=CARTESIAN_POINT('Ctrl Pts',(166.365349665127,-78.5997646579195,4.55635131038456));
#6028=CARTESIAN_POINT('Ctrl Pts',(166.023186691245,-78.3925391968421,4.57998059094813));
#6029=CARTESIAN_POINT('Ctrl Pts',(165.842493654251,-78.2783907338354,4.55758242294624));
#6030=CARTESIAN_POINT('Ctrl Pts',(167.05099330108,-78.9484206240983,3.70728055768762));
#6031=CARTESIAN_POINT('Ctrl Pts',(166.949684605886,-78.8877618705277,3.81689698546956));
#6032=CARTESIAN_POINT('Ctrl Pts',(166.720920704746,-78.7507890955981,4.00826942370582));
#6033=CARTESIAN_POINT('Ctrl Pts',(166.309475627976,-78.5044356560241,4.19080551215268));
#6034=CARTESIAN_POINT('Ctrl Pts',(166.014759374806,-78.3279737981339,4.21822919882162));
#6035=CARTESIAN_POINT('Ctrl Pts',(165.866100464569,-78.2389640227639,4.20853292519943));
#6036=CARTESIAN_POINT('Ctrl Pts',(166.933912665429,-78.8783183943516,3.51847516704057));
#6037=CARTESIAN_POINT('Ctrl Pts',(166.84072847194,-78.8225241999954,3.6270858757217));
#6038=CARTESIAN_POINT('Ctrl Pts',(166.629833828857,-78.6962506737233,3.81570039668551));
#6039=CARTESIAN_POINT('Ctrl Pts',(166.261435168077,-78.4756713489441,3.99355813038444));
#6040=CARTESIAN_POINT('Ctrl Pts',(165.997882814801,-78.317868929124,4.034));
#6041=CARTESIAN_POINT('Ctrl Pts',(165.866100464569,-78.2389640227639,4.034));
#6042=CARTESIAN_POINT('',(166.933912665429,-78.8783183943516,3.51847516704057));
#6043=CARTESIAN_POINT('Ctrl Pts',(167.607050081806,-80.0680690871125,4.95915130192252));
#6044=CARTESIAN_POINT('Ctrl Pts',(167.572663548768,-79.9079351503619,4.86854198297132));
#6045=CARTESIAN_POINT('Ctrl Pts',(167.495827218559,-79.6237887161484,4.66824859246301));
#6046=CARTESIAN_POINT('Ctrl Pts',(167.266082475223,-79.1722905187355,4.13650338933729));
#6047=CARTESIAN_POINT('Ctrl Pts',(167.05099330108,-78.9484206240983,3.70728055768762));
#6048=CARTESIAN_POINT('Ctrl Pts',(166.933912665429,-78.8783183943516,3.51847516704057));
#6049=CARTESIAN_POINT('',(165.866100464569,-78.2389640227639,4.034));
#6050=CARTESIAN_POINT('Origin',(165.866100464569,-78.2389640227639,2.27388812356979));
#6051=CARTESIAN_POINT('Origin',(164.83868438316,-79.9548941482824,4.034));
#6052=CARTESIAN_POINT('Ctrl Pts',(151.114507888058,-70.3646946986256,4.94985242843789));
#6053=CARTESIAN_POINT('Ctrl Pts',(151.29237092744,-70.4143592280582,5.04222199722529));
#6054=CARTESIAN_POINT('Ctrl Pts',(151.653570708611,-70.5447538483668,5.19512756031351));
#6055=CARTESIAN_POINT('Ctrl Pts',(152.507774648688,-70.9582132936608,5.40346036983399));
#6056=CARTESIAN_POINT('Ctrl Pts',(153.198053006521,-71.3367116366884,5.44821356237309));
#6057=CARTESIAN_POINT('Ctrl Pts',(153.521827705686,-71.5305722885464,5.44821356237309));
#6058=CARTESIAN_POINT('Ctrl Pts',(151.12141639672,-70.4841902719327,5.13459156601269));
#6059=CARTESIAN_POINT('Ctrl Pts',(151.299129702175,-70.5345415383416,5.20835722786751));
#6060=CARTESIAN_POINT('Ctrl Pts',(151.662191377484,-70.6658599855727,5.3353411095123));
#6061=CARTESIAN_POINT('Ctrl Pts',(152.508732999252,-71.0844442781237,5.52480532408413));
#6062=CARTESIAN_POINT('Ctrl Pts',(153.153247429719,-71.4457372055688,5.56477067649145));
#6063=CARTESIAN_POINT('Ctrl Pts',(153.458429242096,-71.6364566868483,5.57162697732194));
#6064=CARTESIAN_POINT('Ctrl Pts',(151.137046057593,-70.7545344775605,5.45103291941438));
#6065=CARTESIAN_POINT('Ctrl Pts',(151.316610578657,-70.8060538112247,5.50005170120325));
#6066=CARTESIAN_POINT('Ctrl Pts',(151.687915649929,-70.9455174484638,5.59408572498401));
#6067=CARTESIAN_POINT('Ctrl Pts',(152.512655366941,-71.3817805886338,5.75012996101493));
#6068=CARTESIAN_POINT('Ctrl Pts',(153.050047439453,-71.694813239927,5.77372481859475));
#6069=CARTESIAN_POINT('Ctrl Pts',(153.314945719301,-71.8760944574997,5.78594803667));
#6070=CARTESIAN_POINT('Ctrl Pts',(151.178267747592,-71.4675406731793,5.89611920225712));
#6071=CARTESIAN_POINT('Ctrl Pts',(151.369387942933,-71.5132717328312,5.91500624196587));
#6072=CARTESIAN_POINT('Ctrl Pts',(151.769515749262,-71.6491145509979,5.95732812718723));
#6073=CARTESIAN_POINT('Ctrl Pts',(152.449915827802,-71.923727823549,5.9846133254723));
#6074=CARTESIAN_POINT('Ctrl Pts',(152.859813174981,-72.1461577090527,5.98293432386134));
#6075=CARTESIAN_POINT('Ctrl Pts',(153.064303328061,-72.2947026899801,5.98804625108538));
#6076=CARTESIAN_POINT('Ctrl Pts',(151.213743116397,-72.0811535005539,6.034));
#6077=CARTESIAN_POINT('Ctrl Pts',(151.400802122042,-72.0858463987904,6.034));
#6078=CARTESIAN_POINT('Ctrl Pts',(151.779384580577,-72.1263242343493,6.034));
#6079=CARTESIAN_POINT('Ctrl Pts',(152.354922313529,-72.2924938175236,6.034));
#6080=CARTESIAN_POINT('Ctrl Pts',(152.714360584946,-72.4807065613813,6.034));
#6081=CARTESIAN_POINT('Ctrl Pts',(152.884993794464,-72.5941749642205,6.034));
#6082=CARTESIAN_POINT('Ctrl Pts',(151.229827262182,-72.3593588724464,6.034));
#6083=CARTESIAN_POINT('Ctrl Pts',(151.411330802823,-72.3488654395254,6.034));
#6084=CARTESIAN_POINT('Ctrl Pts',(151.776428163866,-72.3641326637982,6.034));
#6085=CARTESIAN_POINT('Ctrl Pts',(152.30873358573,-72.494890876086,6.034));
#6086=CARTESIAN_POINT('Ctrl Pts',(152.639351098519,-72.6505225933381,6.034));
#6087=CARTESIAN_POINT('Ctrl Pts',(152.795334827422,-72.7439181163428,6.034));
#6088=CARTESIAN_POINT('',(151.114507888058,-70.3646946986256,4.94985242843789));
#6089=CARTESIAN_POINT('',(153.521827705686,-71.5305722885464,5.4482135623731));
#6090=CARTESIAN_POINT('Ctrl Pts',(151.114507888058,-70.3646946986256,4.94985242843789));
#6091=CARTESIAN_POINT('Ctrl Pts',(151.29237092744,-70.4143592280582,5.04222199722529));
#6092=CARTESIAN_POINT('Ctrl Pts',(151.653570708611,-70.5447538483668,5.19512756031351));
#6093=CARTESIAN_POINT('Ctrl Pts',(152.507774648688,-70.9582132936608,5.40346036983399));
#6094=CARTESIAN_POINT('Ctrl Pts',(153.198053006521,-71.3367116366884,5.44821356237309));
#6095=CARTESIAN_POINT('Ctrl Pts',(153.521827705686,-71.5305722885464,5.44821356237309));
#6096=CARTESIAN_POINT('',(151.229827262182,-72.3593588724464,6.034));
#6097=CARTESIAN_POINT('Ctrl Pts',(151.114507888058,-70.3646946986256,4.94985242843789));
#6098=CARTESIAN_POINT('Ctrl Pts',(151.12141639672,-70.4841902719327,5.13459156601269));
#6099=CARTESIAN_POINT('Ctrl Pts',(151.137046057593,-70.7545344775605,5.45103291941438));
#6100=CARTESIAN_POINT('Ctrl Pts',(151.178267747592,-71.4675406731793,5.89611920225712));
#6101=CARTESIAN_POINT('Ctrl Pts',(151.213743116397,-72.0811535005539,6.034));
#6102=CARTESIAN_POINT('Ctrl Pts',(151.229827262182,-72.3593588724464,6.034));
#6103=CARTESIAN_POINT('',(152.795334827422,-72.7439181163428,6.034));
#6104=CARTESIAN_POINT('Origin',(151.387953296628,-75.094444266833,6.034));
#6105=CARTESIAN_POINT('Origin',(152.795334827422,-72.7439181163428,4.034));
#6106=CARTESIAN_POINT('Ctrl Pts',(151.114507888058,-70.3646946986256,4.94985242843789));
#6107=CARTESIAN_POINT('Ctrl Pts',(151.12141639672,-70.4841902719327,5.13459156601269));
#6108=CARTESIAN_POINT('Ctrl Pts',(151.137046057593,-70.7545344775605,5.45103291941438));
#6109=CARTESIAN_POINT('Ctrl Pts',(151.178267747592,-71.4675406731793,5.89611920225712));
#6110=CARTESIAN_POINT('Ctrl Pts',(151.213743116397,-72.0811535005539,6.034));
#6111=CARTESIAN_POINT('Ctrl Pts',(151.229827262182,-72.3593588724464,6.034));
#6112=CARTESIAN_POINT('Ctrl Pts',(150.943553357338,-70.4345257425001,5.04222199722529));
#6113=CARTESIAN_POINT('Ctrl Pts',(150.950689743707,-70.5546862215709,5.20835722786751));
#6114=CARTESIAN_POINT('Ctrl Pts',(150.964615134122,-70.8264040510752,5.50005170120325));
#6115=CARTESIAN_POINT('Ctrl Pts',(150.993691084912,-71.5349922445325,5.91500624196587));
#6116=CARTESIAN_POINT('Ctrl Pts',(151.028471238061,-72.1073723103055,6.034));
#6117=CARTESIAN_POINT('Ctrl Pts',(151.048323721542,-72.3698523053675,6.034));
#6118=CARTESIAN_POINT('Ctrl Pts',(150.599787140885,-70.6056772173668,5.19512756031351));
#6119=CARTESIAN_POINT('Ctrl Pts',(150.605180502509,-70.7269699378869,5.3353411095123));
#6120=CARTESIAN_POINT('Ctrl Pts',(150.611856093083,-71.0077286799308,5.59408572498401));
#6121=CARTESIAN_POINT('Ctrl Pts',(150.611884071232,-71.7160417873364,5.95732812718723));
#6122=CARTESIAN_POINT('Ctrl Pts',(150.657075908596,-72.1912093089029,6.034));
#6123=CARTESIAN_POINT('Ctrl Pts',(150.687418305271,-72.4270926030988,6.034));
#6124=CARTESIAN_POINT('Ctrl Pts',(149.798922615682,-71.1148226743989,5.40346036983398));
#6125=CARTESIAN_POINT('Ctrl Pts',(149.812517845473,-71.2403230712158,5.52480532408413));
#6126=CARTESIAN_POINT('Ctrl Pts',(149.842887440286,-71.5361303635988,5.75012996101494));
#6127=CARTESIAN_POINT('Ctrl Pts',(149.967664413348,-72.0672365320783,5.98461332547229));
#6128=CARTESIAN_POINT('Ctrl Pts',(150.104522597237,-72.4225982682973,6.034));
#6129=CARTESIAN_POINT('Ctrl Pts',(150.173728363249,-72.6183239177181,6.034));
#6130=CARTESIAN_POINT('Ctrl Pts',(149.156862486349,-71.5703487409294,5.4482135623731));
#6131=CARTESIAN_POINT('Ctrl Pts',(149.213933937361,-71.6734843984957,5.56477067649145));
#6132=CARTESIAN_POINT('Ctrl Pts',(149.345150530443,-71.9090078890068,5.77372481859475));
#6133=CARTESIAN_POINT('Ctrl Pts',(149.586131474174,-72.3354221124421,5.98293432386134));
#6134=CARTESIAN_POINT('Ctrl Pts',(149.769169268967,-72.6509796447874,6.034));
#6135=CARTESIAN_POINT('Ctrl Pts',(149.863249047137,-72.8110199619043,6.034));
#6136=CARTESIAN_POINT('Ctrl Pts',(148.857585997071,-71.8002304303344,5.4482135623731));
#6137=CARTESIAN_POINT('Ctrl Pts',(148.932764460447,-71.8981031519362,5.57162697732194));
#6138=CARTESIAN_POINT('Ctrl Pts',(149.102908501055,-72.1196088807158,5.78594803666999));
#6139=CARTESIAN_POINT('Ctrl Pts',(149.400122483276,-72.506543383389,5.98804625108538));
#6140=CARTESIAN_POINT('Ctrl Pts',(149.612749326911,-72.7833562755077,6.034));
#6141=CARTESIAN_POINT('Ctrl Pts',(149.719067729416,-72.9217692057834,6.034));
#6142=CARTESIAN_POINT('',(148.857585997071,-71.8002304303344,5.4482135623731));
#6143=CARTESIAN_POINT('Ctrl Pts',(151.114507888058,-70.3646946986256,4.94985242843789));
#6144=CARTESIAN_POINT('Ctrl Pts',(150.943553357338,-70.4345257425001,5.04222199722529));
#6145=CARTESIAN_POINT('Ctrl Pts',(150.599787140885,-70.6056772173668,5.19512756031351));
#6146=CARTESIAN_POINT('Ctrl Pts',(149.798922615682,-71.1148226743989,5.40346036983399));
#6147=CARTESIAN_POINT('Ctrl Pts',(149.156862486349,-71.5703487409294,5.4482135623731));
#6148=CARTESIAN_POINT('Ctrl Pts',(148.857585997071,-71.8002304303344,5.4482135623731));
#6149=CARTESIAN_POINT('',(149.719067729416,-72.9217692057834,6.034));
#6150=CARTESIAN_POINT('Origin',(149.719067729416,-72.9217692057834,4.034));
#6151=CARTESIAN_POINT('Origin',(151.387953296628,-75.094444266833,6.034));
#6152=CARTESIAN_POINT('Ctrl Pts',(151.114507888058,-70.3646946986256,4.94985242843789));
#6153=CARTESIAN_POINT('Ctrl Pts',(150.943553357338,-70.4345257425001,5.04222199722529));
#6154=CARTESIAN_POINT('Ctrl Pts',(150.599787140885,-70.6056772173668,5.19512756031351));
#6155=CARTESIAN_POINT('Ctrl Pts',(149.798922615682,-71.1148226743989,5.40346036983399));
#6156=CARTESIAN_POINT('Ctrl Pts',(149.156862486349,-71.5703487409294,5.4482135623731));
#6157=CARTESIAN_POINT('Ctrl Pts',(148.857585997071,-71.8002304303344,5.4482135623731));
#6158=CARTESIAN_POINT('Ctrl Pts',(150.936644848675,-70.315030169193,4.85748285965049));
#6159=CARTESIAN_POINT('Ctrl Pts',(150.778973611424,-70.3904125140393,4.94828927124513));
#6160=CARTESIAN_POINT('Ctrl Pts',(150.452429511007,-70.5695398111961,5.10110358268071));
#6161=CARTESIAN_POINT('Ctrl Pts',(149.664422913763,-71.0724989323872,5.29740214353229));
#6162=CARTESIAN_POINT('Ctrl Pts',(149.066538092084,-71.492755493297,5.33165644825474));
#6163=CARTESIAN_POINT('Ctrl Pts',(148.782407533695,-71.7023577087325,5.32480014742425));
#6164=CARTESIAN_POINT('Ctrl Pts',(150.609116722784,-70.251448792758,4.65338026129657));
#6165=CARTESIAN_POINT('Ctrl Pts',(150.466433375915,-70.3345546542928,4.74250631099693));
#6166=CARTESIAN_POINT('Ctrl Pts',(150.153699656975,-70.5265766721983,4.89107456454593));
#6167=CARTESIAN_POINT('Ctrl Pts',(149.38662103913,-71.0138009630241,5.04862675848448));
#6168=CARTESIAN_POINT('Ctrl Pts',(148.898865122869,-71.3580668093238,5.0649432480046));
#6169=CARTESIAN_POINT('Ctrl Pts',(148.65185180831,-71.532390891238,5.04549067311925));
#6170=CARTESIAN_POINT('Ctrl Pts',(150.015816709018,-70.2941076745353,4.11378895492558));
#6171=CARTESIAN_POINT('Ctrl Pts',(149.88526477092,-70.384844939369,4.21022625365243));
#6172=CARTESIAN_POINT('Ctrl Pts',(149.583317147982,-70.5916200436818,4.36920711198485));
#6173=CARTESIAN_POINT('Ctrl Pts',(149.046595844837,-70.9822037515696,4.55382377559946));
#6174=CARTESIAN_POINT('Ctrl Pts',(148.711434749768,-71.2382322747061,4.57998059094814));
#6175=CARTESIAN_POINT('Ctrl Pts',(148.528741745947,-71.3721173724807,4.55758242294625));
#6176=CARTESIAN_POINT('Ctrl Pts',(149.672156629135,-70.4358863011164,3.6794783490075));
#6177=CARTESIAN_POINT('Ctrl Pts',(149.569830982057,-70.5144851669229,3.79470639075803));
#6178=CARTESIAN_POINT('Ctrl Pts',(149.340920778506,-70.6903167681327,3.99591416412228));
#6179=CARTESIAN_POINT('Ctrl Pts',(148.934670211082,-71.0023678984654,4.18827036640557));
#6180=CARTESIAN_POINT('Ctrl Pts',(148.646258532488,-71.2239040574841,4.21822919882163));
#6181=CARTESIAN_POINT('Ctrl Pts',(148.500748579797,-71.3356738588161,4.20853292519944));
#6182=CARTESIAN_POINT('Ctrl Pts',(149.545608125188,-70.5330913436816,3.48826358471642));
#6183=CARTESIAN_POINT('Ctrl Pts',(149.454426928748,-70.6031298807217,3.60323926586216));
#6184=CARTESIAN_POINT('Ctrl Pts',(149.248065472381,-70.7616412303177,3.80290726623823));
#6185=CARTESIAN_POINT('Ctrl Pts',(148.887585551928,-71.0385347922219,3.99118809349171));
#6186=CARTESIAN_POINT('Ctrl Pts',(148.629698264436,-71.2366244098451,4.034));
#6187=CARTESIAN_POINT('Ctrl Pts',(148.500748579797,-71.3356738588161,4.034));
#6188=CARTESIAN_POINT('',(149.545608125188,-70.5330913436816,3.48826358471642));
#6189=CARTESIAN_POINT('Ctrl Pts',(151.114507888058,-70.3646946986256,4.94985242843789));
#6190=CARTESIAN_POINT('Ctrl Pts',(150.936644848675,-70.315030169193,4.85748285965049));
#6191=CARTESIAN_POINT('Ctrl Pts',(150.609116722784,-70.251448792758,4.65338026129657));
#6192=CARTESIAN_POINT('Ctrl Pts',(150.015816709018,-70.2941076745353,4.11378895492558));
#6193=CARTESIAN_POINT('Ctrl Pts',(149.672156629135,-70.4358863011164,3.6794783490075));
#6194=CARTESIAN_POINT('Ctrl Pts',(149.545608125188,-70.5330913436816,3.48826358471642));
#6195=CARTESIAN_POINT('',(148.500748579797,-71.3356738588161,4.034));
#6196=CARTESIAN_POINT('Origin',(148.500748579797,-71.3356738588161,2.17073932945792));
#6197=CARTESIAN_POINT('Origin',(149.719067729416,-72.9217692057834,4.034));
#6198=CARTESIAN_POINT('Ctrl Pts',(151.114507888058,-70.3646946986256,4.94985242843789));
#6199=CARTESIAN_POINT('Ctrl Pts',(150.936644848675,-70.315030169193,4.85748285965049));
#6200=CARTESIAN_POINT('Ctrl Pts',(150.609116722784,-70.251448792758,4.65338026129657));
#6201=CARTESIAN_POINT('Ctrl Pts',(150.015816709018,-70.2941076745353,4.11378895492558));
#6202=CARTESIAN_POINT('Ctrl Pts',(149.672156629135,-70.4358863011164,3.6794783490075));
#6203=CARTESIAN_POINT('Ctrl Pts',(149.545608125188,-70.5330913436816,3.48826358471642));
#6204=CARTESIAN_POINT('Ctrl Pts',(151.107599379395,-70.2451991253186,4.76511329086309));
#6205=CARTESIAN_POINT('Ctrl Pts',(150.94327338742,-70.208751710843,4.67466638598475));
#6206=CARTESIAN_POINT('Ctrl Pts',(150.634697563312,-70.1642441188096,4.47110305524966));
#6207=CARTESIAN_POINT('Ctrl Pts',(150.075173491338,-70.2253086507756,3.93430772768938));
#6208=CARTESIAN_POINT('Ctrl Pts',(149.76042133133,-70.3680879955949,3.54300422233573));
#6209=CARTESIAN_POINT('Ctrl Pts',(149.636789321628,-70.4630528066414,3.37328790357068));
#6210=CARTESIAN_POINT('Ctrl Pts',(151.096341018822,-70.0504647308512,4.36710675593656));
#6211=CARTESIAN_POINT('Ctrl Pts',(150.953173846028,-70.0315530508428,4.27735515563125));
#6212=CARTESIAN_POINT('Ctrl Pts',(150.672265391396,-70.0155113287723,4.06471266881325));
#6213=CARTESIAN_POINT('Ctrl Pts',(150.172838906125,-70.1077423276646,3.52724044172035));
#6214=CARTESIAN_POINT('Ctrl Pts',(149.914353670751,-70.2498487502555,3.24221787567304));
#6215=CARTESIAN_POINT('Ctrl Pts',(149.795135564795,-70.3414231324292,3.11307472437954));
#6216=CARTESIAN_POINT('Ctrl Pts',(151.083398376227,-69.8265975299214,3.33033601624999));
#6217=CARTESIAN_POINT('Ctrl Pts',(150.955462324325,-69.8276581951849,3.25305061252326));
#6218=CARTESIAN_POINT('Ctrl Pts',(150.694590663084,-69.8549317319376,3.07140980870908));
#6219=CARTESIAN_POINT('Ctrl Pts',(150.300797735184,-69.9897551452733,2.82256721250765));
#6220=CARTESIAN_POINT('Ctrl Pts',(150.062741370966,-70.1358684797218,2.71986448827081));
#6221=CARTESIAN_POINT('Ctrl Pts',(149.94445123681,-70.2267300637547,2.65852459768935));
#6222=CARTESIAN_POINT('Ctrl Pts',(151.081287167198,-69.790080222702,2.5372585146));
#6223=CARTESIAN_POINT('Ctrl Pts',(150.956147202152,-69.7973150558316,2.51689633764766));
#6224=CARTESIAN_POINT('Ctrl Pts',(150.702225461326,-69.835597220294,2.47211447323718));
#6225=CARTESIAN_POINT('Ctrl Pts',(150.325675762554,-69.9710469774262,2.39943748809439));
#6226=CARTESIAN_POINT('Ctrl Pts',(150.089505815749,-70.1153100462893,2.35484941986029));
#6227=CARTESIAN_POINT('Ctrl Pts',(149.978403119664,-70.2006507809893,2.3333394970773));
#6228=CARTESIAN_POINT('Ctrl Pts',(151.081287167198,-69.790080222702,2.17073932945791));
#6229=CARTESIAN_POINT('Ctrl Pts',(150.948786027737,-69.797740634251,2.17073932945792));
#6230=CARTESIAN_POINT('Ctrl Pts',(150.685318005434,-69.8395271726608,2.17073932945792));
#6231=CARTESIAN_POINT('Ctrl Pts',(150.310314287007,-69.9791297776475,2.17073932945792));
#6232=CARTESIAN_POINT('Ctrl Pts',(150.083658305429,-70.1198016639051,2.17073932945792));
#6233=CARTESIAN_POINT('Ctrl Pts',(149.978403119664,-70.2006507809893,2.17073932945792));
#6234=CARTESIAN_POINT('',(151.081287167198,-69.790080222702,2.17073932945791));
#6235=CARTESIAN_POINT('Ctrl Pts',(151.114507888058,-70.3646946986256,4.94985242843789));
#6236=CARTESIAN_POINT('Ctrl Pts',(151.107599379395,-70.2451991253186,4.76511329086309));
#6237=CARTESIAN_POINT('Ctrl Pts',(151.096341018822,-70.0504647308512,4.36710675593656));
#6238=CARTESIAN_POINT('Ctrl Pts',(151.083398376227,-69.8265975299214,3.33033601624999));
#6239=CARTESIAN_POINT('Ctrl Pts',(151.081287167198,-69.790080222702,2.5372585146));
#6240=CARTESIAN_POINT('Ctrl Pts',(151.081287167198,-69.790080222702,2.17073932945791));
#6241=CARTESIAN_POINT('',(149.978403119664,-70.2006507809893,2.17073932945792));
#6242=CARTESIAN_POINT('Origin',(151.196722269283,-71.7867461279567,2.17073932945792));
#6243=CARTESIAN_POINT('Origin',(148.500748579797,-71.3356738588161,2.17073932945792));
#6244=CARTESIAN_POINT('Ctrl Pts',(151.114507888058,-70.3646946986256,4.94985242843789));
#6245=CARTESIAN_POINT('Ctrl Pts',(151.107599379395,-70.2451991253186,4.76511329086309));
#6246=CARTESIAN_POINT('Ctrl Pts',(151.096341018822,-70.0504647308512,4.36710675593656));
#6247=CARTESIAN_POINT('Ctrl Pts',(151.083398376227,-69.8265975299214,3.33033601624999));
#6248=CARTESIAN_POINT('Ctrl Pts',(151.081287167198,-69.790080222702,2.5372585146));
#6249=CARTESIAN_POINT('Ctrl Pts',(151.081287167198,-69.790080222702,2.17073932945791));
#6250=CARTESIAN_POINT('Ctrl Pts',(151.285462418778,-70.2948636547512,4.85748285965049));
#6251=CARTESIAN_POINT('Ctrl Pts',(151.266630230632,-70.1900571810733,4.67466638598475));
#6252=CARTESIAN_POINT('Ctrl Pts',(151.236374889087,-70.0151800856762,4.27735515563125));
#6253=CARTESIAN_POINT('Ctrl Pts',(151.210604271266,-69.8129074366259,3.25305061252326));
#6254=CARTESIAN_POINT('Ctrl Pts',(151.206427132245,-69.7828453895724,2.51689633764766));
#6255=CARTESIAN_POINT('Ctrl Pts',(151.21378830666,-69.782419811153,2.17073932945791));
#6256=CARTESIAN_POINT('Ctrl Pts',(151.603481058146,-70.1939606830747,4.65338026129657));
#6257=CARTESIAN_POINT('Ctrl Pts',(151.56802095419,-70.1102850259936,4.47110305524966));
#6258=CARTESIAN_POINT('Ctrl Pts',(151.513563063406,-69.9668726043884,4.06471266881325));
#6259=CARTESIAN_POINT('Ctrl Pts',(151.472880915881,-69.8099357140526,3.07140980870908));
#6260=CARTESIAN_POINT('Ctrl Pts',(151.463068824812,-69.7916098756395,2.47211447323717));
#6261=CARTESIAN_POINT('Ctrl Pts',(151.480316530747,-69.7935651838847,2.17073932945791));
#6262=CARTESIAN_POINT('Ctrl Pts',(152.197744255889,-70.167961868944,4.11378895492558));
#6263=CARTESIAN_POINT('Ctrl Pts',(152.130854362995,-70.1064616615777,3.93430772768938));
#6264=CARTESIAN_POINT('Ctrl Pts',(152.020291000324,-70.0009338623477,3.52724044172035));
#6265=CARTESIAN_POINT('Ctrl Pts',(151.879587556288,-69.8984791016998,2.82256721250765));
#6266=CARTESIAN_POINT('Ctrl Pts',(151.852719302901,-69.8827625896856,2.39943748809439));
#6267=CARTESIAN_POINT('Ctrl Pts',(151.868909914046,-69.8890212397881,2.17073932945791));
#6268=CARTESIAN_POINT('Ctrl Pts',(152.555453602286,-70.2691915728893,3.67947834900749));
#6269=CARTESIAN_POINT('Ctrl Pts',(152.459963717768,-70.2120168421081,3.54300422233572));
#6270=CARTESIAN_POINT('Ctrl Pts',(152.293430766891,-70.1123049545019,3.24221787567303));
#6271=CARTESIAN_POINT('Ctrl Pts',(152.132896328944,-70.0161846867163,2.71986448827081));
#6272=CARTESIAN_POINT('Ctrl Pts',(152.103940997108,-69.9988476325267,2.35484941986028));
#6273=CARTESIAN_POINT('Ctrl Pts',(152.110267173612,-70.0026354414694,2.17073932945791));
#6274=CARTESIAN_POINT('Ctrl Pts',(152.692361128481,-70.3511651870747,3.48826358471642));
#6275=CARTESIAN_POINT('Ctrl Pts',(152.593716010991,-70.2921012551847,3.37328790357068));
#6276=CARTESIAN_POINT('Ctrl Pts',(152.422407842517,-70.1895301979201,3.11307472437953));
#6277=CARTESIAN_POINT('Ctrl Pts',(152.260869470747,-70.0928088230494,2.65852459768935));
#6278=CARTESIAN_POINT('Ctrl Pts',(152.224138350692,-70.0708160024382,2.3333394970773));
#6279=CARTESIAN_POINT('Ctrl Pts',(152.224138350692,-70.0708160024382,2.17073932945791));
#6280=CARTESIAN_POINT('',(152.692361128481,-70.3511651870747,3.48826358471642));
#6281=CARTESIAN_POINT('Ctrl Pts',(151.114507888058,-70.3646946986256,4.94985242843789));
#6282=CARTESIAN_POINT('Ctrl Pts',(151.285462418778,-70.2948636547512,4.85748285965049));
#6283=CARTESIAN_POINT('Ctrl Pts',(151.603481058146,-70.1939606830747,4.65338026129657));
#6284=CARTESIAN_POINT('Ctrl Pts',(152.197744255889,-70.167961868944,4.11378895492558));
#6285=CARTESIAN_POINT('Ctrl Pts',(152.555453602286,-70.2691915728893,3.67947834900749));
#6286=CARTESIAN_POINT('Ctrl Pts',(152.692361128481,-70.3511651870747,3.48826358471642));
#6287=CARTESIAN_POINT('',(152.224138350692,-70.0708160024382,2.17073932945792));
#6288=CARTESIAN_POINT('Origin',(153.822750908831,-71.0279879908243,2.17073932945792));
#6289=CARTESIAN_POINT('Origin',(151.196722269283,-71.7867461279567,2.17073932945792));
#6290=CARTESIAN_POINT('Ctrl Pts',(100.24678455867,-134.613760498046,4.95165111874201));
#6291=CARTESIAN_POINT('Ctrl Pts',(100.179423546292,-134.710881630163,4.76757987512051));
#6292=CARTESIAN_POINT('Ctrl Pts',(100.069863885403,-134.868844789032,4.37124987469222));
#6293=CARTESIAN_POINT('Ctrl Pts',(99.9456978104672,-135.047867480981,3.340249941546));
#6294=CARTESIAN_POINT('Ctrl Pts',(99.9261567623813,-135.07604177121,2.55359301098613));
#6295=CARTESIAN_POINT('Ctrl Pts',(99.9261567623813,-135.07604177121,2.19023465917567));
#6296=CARTESIAN_POINT('Ctrl Pts',(100.072705818797,-134.564944036562,4.85961549693126));
#6297=CARTESIAN_POINT('Ctrl Pts',(100.023740237756,-134.657918692237,4.67750710123158));
#6298=CARTESIAN_POINT('Ctrl Pts',(99.9414110764685,-134.812086927492,4.28194470068512));
#6299=CARTESIAN_POINT('Ctrl Pts',(99.8411657662618,-134.982628808348,3.26352082811728));
#6300=CARTESIAN_POINT('Ctrl Pts',(99.8274347192617,-135.007570403304,2.53340643588554));
#6301=CARTESIAN_POINT('Ctrl Pts',(99.8216275402546,-135.00354267578,2.19023465917567));
#6302=CARTESIAN_POINT('Ctrl Pts',(99.7660441553381,-134.453440572125,4.65623281599466));
#6303=CARTESIAN_POINT('Ctrl Pts',(99.7433397027651,-134.539974429234,4.47473496011669));
#6304=CARTESIAN_POINT('Ctrl Pts',(99.7000291706732,-134.684445406639,4.0702726138552));
#6305=CARTESIAN_POINT('Ctrl Pts',(99.6404732598784,-134.829970470213,3.08310866437683));
#6306=CARTESIAN_POINT('Ctrl Pts',(99.6383838646633,-134.850112932942,2.4889520359611));
#6307=CARTESIAN_POINT('Ctrl Pts',(99.6264478050153,-134.838540066142,2.19023465917567));
#6308=CARTESIAN_POINT('Ctrl Pts',(99.2896758173684,-134.126218604982,4.11811023330216));
#6309=CARTESIAN_POINT('Ctrl Pts',(99.3060471784474,-134.214092297827,3.93961020509501));
#6310=CARTESIAN_POINT('Ctrl Pts',(99.3314043993944,-134.362452377864,3.53501518858293));
#6311=CARTESIAN_POINT('Ctrl Pts',(99.3824333426812,-134.525461595221,2.83578836113299));
#6312=CARTESIAN_POINT('Ctrl Pts',(99.3946989475312,-134.554124785764,2.41673404427197));
#6313=CARTESIAN_POINT('Ctrl Pts',(99.3859313596506,-134.539999270954,2.19023465917567));
#6314=CARTESIAN_POINT('Ctrl Pts',(99.0706016205677,-133.840842695423,3.68474217452233));
#6315=CARTESIAN_POINT('Ctrl Pts',(99.1125057985772,-133.942223843328,3.54937972677776));
#6316=CARTESIAN_POINT('Ctrl Pts',(99.1855649827832,-134.11898005981,3.25120568115079));
#6317=CARTESIAN_POINT('Ctrl Pts',(99.2560458756947,-134.289498470338,2.73379941271288));
#6318=CARTESIAN_POINT('Ctrl Pts',(99.2689453449956,-134.320706885995,2.37247457436437));
#6319=CARTESIAN_POINT('Ctrl Pts',(99.2662457378897,-134.314175573838,2.19023465917567));
#6320=CARTESIAN_POINT('Ctrl Pts',(99.0113688163968,-133.697537422162,3.49397363458928));
#6321=CARTESIAN_POINT('Ctrl Pts',(99.0548287029059,-133.802682383628,3.38020094605156));
#6322=CARTESIAN_POINT('Ctrl Pts',(99.130301607692,-133.985278250827,3.12271038200785));
#6323=CARTESIAN_POINT('Ctrl Pts',(99.2014702522499,-134.157460577812,2.67291622142222));
#6324=CARTESIAN_POINT('Ctrl Pts',(99.2176528099834,-134.196611955001,2.35113353833337));
#6325=CARTESIAN_POINT('Ctrl Pts',(99.2176528099834,-134.196611955001,2.19023465917567));
#6326=CARTESIAN_POINT('',(100.24678455867,-134.613760498046,4.95165111874201));
#6327=CARTESIAN_POINT('',(99.9261567623813,-135.07604177121,2.19023465917567));
#6328=CARTESIAN_POINT('Ctrl Pts',(100.24678455867,-134.613760498046,4.95165111874201));
#6329=CARTESIAN_POINT('Ctrl Pts',(100.179423546292,-134.710881630163,4.76757987512051));
#6330=CARTESIAN_POINT('Ctrl Pts',(100.069863885403,-134.868844789032,4.37124987469222));
#6331=CARTESIAN_POINT('Ctrl Pts',(99.9456978104672,-135.047867480981,3.340249941546));
#6332=CARTESIAN_POINT('Ctrl Pts',(99.9261567623813,-135.07604177121,2.55359301098613));
#6333=CARTESIAN_POINT('Ctrl Pts',(99.9261567623813,-135.07604177121,2.19023465917567));
#6334=CARTESIAN_POINT('',(99.0113688163968,-133.697537422162,3.49397363458928));
#6335=CARTESIAN_POINT('Ctrl Pts',(100.24678455867,-134.613760498046,4.95165111874201));
#6336=CARTESIAN_POINT('Ctrl Pts',(100.072705818797,-134.564944036562,4.85961549693126));
#6337=CARTESIAN_POINT('Ctrl Pts',(99.7660441553381,-134.453440572125,4.65623281599466));
#6338=CARTESIAN_POINT('Ctrl Pts',(99.2896758173684,-134.126218604982,4.11811023330216));
#6339=CARTESIAN_POINT('Ctrl Pts',(99.0706016205677,-133.840842695423,3.68474217452233));
#6340=CARTESIAN_POINT('Ctrl Pts',(99.0113688163968,-133.697537422162,3.49397363458928));
#6341=CARTESIAN_POINT('',(99.2176528099834,-134.196611955001,2.19023465917567));
#6342=CARTESIAN_POINT('Origin',(98.5133552013795,-132.492664916347,2.19023465917567));
#6343=CARTESIAN_POINT('Origin',(101.065986761085,-133.432634465014,2.19023465917567));
#6344=CARTESIAN_POINT('Ctrl Pts',(100.24678455867,-134.613760498046,4.95165111874201));
#6345=CARTESIAN_POINT('Ctrl Pts',(100.072705818797,-134.564944036562,4.85961549693126));
#6346=CARTESIAN_POINT('Ctrl Pts',(99.7660441553381,-134.453440572125,4.65623281599466));
#6347=CARTESIAN_POINT('Ctrl Pts',(99.2896758173684,-134.126218604982,4.11811023330216));
#6348=CARTESIAN_POINT('Ctrl Pts',(99.0706016205677,-133.840842695423,3.68474217452233));
#6349=CARTESIAN_POINT('Ctrl Pts',(99.0113688163968,-133.697537422162,3.49397363458928));
#6350=CARTESIAN_POINT('Ctrl Pts',(100.140066831175,-134.467822904445,5.04368674055275));
#6351=CARTESIAN_POINT('Ctrl Pts',(99.9794815800918,-134.421759174208,4.95003500064046));
#6352=CARTESIAN_POINT('Ctrl Pts',(99.6884561397678,-134.312309966683,4.74486545129672));
#6353=CARTESIAN_POINT('Ctrl Pts',(99.2244251283878,-133.985493988875,4.21374889921491));
#6354=CARTESIAN_POINT('Ctrl Pts',(99.0221160198726,-133.723538739379,3.79890811782989));
#6355=CARTESIAN_POINT('Ctrl Pts',(98.9679089298877,-133.592392460696,3.607746323127));
#6356=CARTESIAN_POINT('Ctrl Pts',(99.9397758966195,-134.149350760013,5.19599052894687));
#6357=CARTESIAN_POINT('Ctrl Pts',(99.7968940148189,-134.106424968321,5.10216398589782));
#6358=CARTESIAN_POINT('Ctrl Pts',(99.522382823136,-133.99502293521,4.89255908690448));
#6359=CARTESIAN_POINT('Ctrl Pts',(99.0712391048384,-133.662348380912,4.37128951372209));
#6360=CARTESIAN_POINT('Ctrl Pts',(98.9134645356186,-133.460672058336,3.99825340552018));
#6361=CARTESIAN_POINT('Ctrl Pts',(98.8695504324811,-133.354428184891,3.80532519364435));
#6362=CARTESIAN_POINT('Ctrl Pts',(99.5203309544798,-133.32108421811,5.40371079188668));
#6363=CARTESIAN_POINT('Ctrl Pts',(99.3835590034873,-133.29101312674,5.29771373816537));
#6364=CARTESIAN_POINT('Ctrl Pts',(99.1154435825786,-133.204938633451,5.04903632391971));
#6365=CARTESIAN_POINT('Ctrl Pts',(98.8068839058617,-133.065623070641,4.55430143143504));
#6366=CARTESIAN_POINT('Ctrl Pts',(98.7201639951763,-132.993009128016,4.18874952262842));
#6367=CARTESIAN_POINT('Ctrl Pts',(98.6977341255735,-132.938743275882,3.99163603523514));
#6368=CARTESIAN_POINT('Ctrl Pts',(99.1975321891235,-132.614415466559,5.44821356237309));
#6369=CARTESIAN_POINT('Ctrl Pts',(99.0805107724913,-132.636431260335,5.33165644825474));
#6370=CARTESIAN_POINT('Ctrl Pts',(98.8680533529521,-132.669437497874,5.0649432480046));
#6371=CARTESIAN_POINT('Ctrl Pts',(98.6461177860515,-132.680181227083,4.57998059094814));
#6372=CARTESIAN_POINT('Ctrl Pts',(98.5827042132787,-132.660444903124,4.21822919882162));
#6373=CARTESIAN_POINT('Ctrl Pts',(98.5748167622998,-132.641362346867,4.034));
#6374=CARTESIAN_POINT('Ctrl Pts',(99.0547196817597,-132.268901090203,5.44821356237309));
#6375=CARTESIAN_POINT('Ctrl Pts',(98.9406650793241,-132.316043625695,5.32480014742425));
#6376=CARTESIAN_POINT('Ctrl Pts',(98.7425966341096,-132.397911858181,5.04549067311925));
#6377=CARTESIAN_POINT('Ctrl Pts',(98.5558241385292,-132.475111101471,4.55758242294624));
#6378=CARTESIAN_POINT('Ctrl Pts',(98.5133552013795,-132.492664916347,4.20853292519943));
#6379=CARTESIAN_POINT('Ctrl Pts',(98.5133552013795,-132.492664916347,4.034));
#6380=CARTESIAN_POINT('',(99.0547196817597,-132.268901090203,5.44821356237309));
#6381=CARTESIAN_POINT('Ctrl Pts',(100.24678455867,-134.613760498046,4.95165111874201));
#6382=CARTESIAN_POINT('Ctrl Pts',(100.140066831175,-134.467822904445,5.04368674055275));
#6383=CARTESIAN_POINT('Ctrl Pts',(99.9397758966195,-134.149350760013,5.19599052894687));
#6384=CARTESIAN_POINT('Ctrl Pts',(99.5203309544798,-133.32108421811,5.40371079188669));
#6385=CARTESIAN_POINT('Ctrl Pts',(99.1975321891235,-132.614415466559,5.44821356237309));
#6386=CARTESIAN_POINT('Ctrl Pts',(99.0547196817597,-132.268901090203,5.44821356237309));
#6387=CARTESIAN_POINT('',(98.5133552013795,-132.492664916347,4.034));
#6388=CARTESIAN_POINT('Origin',(100.361689152481,-131.72868742636,4.034));
#6389=CARTESIAN_POINT('Origin',(98.5133552013795,-132.492664916347,2.19023465917567));
#6390=CARTESIAN_POINT('Ctrl Pts',(100.24678455867,-134.613760498046,4.95165111874201));
#6391=CARTESIAN_POINT('Ctrl Pts',(100.140066831175,-134.467822904445,5.04368674055275));
#6392=CARTESIAN_POINT('Ctrl Pts',(99.9397758966195,-134.149350760013,5.19599052894687));
#6393=CARTESIAN_POINT('Ctrl Pts',(99.5203309544798,-133.32108421811,5.40371079188669));
#6394=CARTESIAN_POINT('Ctrl Pts',(99.1975321891235,-132.614415466559,5.44821356237309));
#6395=CARTESIAN_POINT('Ctrl Pts',(99.0547196817597,-132.268901090203,5.44821356237309));
#6396=CARTESIAN_POINT('Ctrl Pts',(100.314145571049,-134.516639365928,5.1357223623635));
#6397=CARTESIAN_POINT('Ctrl Pts',(100.207781111028,-134.370024016299,5.20926847169367));
#6398=CARTESIAN_POINT('Ctrl Pts',(100.006430651454,-134.049369212787,5.33584580002184));
#6399=CARTESIAN_POINT('Ctrl Pts',(99.5955828251904,-133.220763952685,5.52494855061405));
#6400=CARTESIAN_POINT('Ctrl Pts',(99.298685549382,-132.55400918652,5.56477067649145));
#6401=CARTESIAN_POINT('Ctrl Pts',(99.1687742841954,-132.221758554712,5.57162697732194));
#6402=CARTESIAN_POINT('Ctrl Pts',(100.466889724596,-134.296412789856,5.45125839559948));
#6403=CARTESIAN_POINT('Ctrl Pts',(100.359500236763,-134.147433424158,5.50019550848941));
#6404=CARTESIAN_POINT('Ctrl Pts',(100.156222695884,-133.815004416915,5.59410040368504));
#6405=CARTESIAN_POINT('Ctrl Pts',(99.7715496802922,-132.983475127076,5.75014925400977));
#6406=CARTESIAN_POINT('Ctrl Pts',(99.5304612047959,-132.416534471707,5.77372481859474));
#6407=CARTESIAN_POINT('Ctrl Pts',(99.4269028763065,-132.115065479157,5.78594803666999));
#6408=CARTESIAN_POINT('Ctrl Pts',(100.869863450917,-133.715405124859,5.89595817647299));
#6409=CARTESIAN_POINT('Ctrl Pts',(100.749097469494,-133.563305952568,5.91486521452294));
#6410=CARTESIAN_POINT('Ctrl Pts',(100.519048929768,-133.214982322582,5.95726180121409));
#6411=CARTESIAN_POINT('Ctrl Pts',(100.147240912227,-132.591258539091,5.98462595231893));
#6412=CARTESIAN_POINT('Ctrl Pts',(99.9529940514245,-132.169218928107,5.98293432386134));
#6413=CARTESIAN_POINT('Ctrl Pts',(99.8778115682151,-131.928690019002,5.98804625108538));
#6414=CARTESIAN_POINT('Ctrl Pts',(101.21743564817,-133.214275404598,6.034));
#6415=CARTESIAN_POINT('Ctrl Pts',(101.073643933905,-133.095824224126,6.034));
#6416=CARTESIAN_POINT('Ctrl Pts',(100.800343846542,-132.83312865941,6.034));
#6417=CARTESIAN_POINT('Ctrl Pts',(100.444154062172,-132.353922125163,6.034));
#6418=CARTESIAN_POINT('Ctrl Pts',(100.269583355935,-131.988140262855,6.034));
#6419=CARTESIAN_POINT('Ctrl Pts',(100.200391586865,-131.795357039417,6.034));
#6420=CARTESIAN_POINT('Ctrl Pts',(101.375238747464,-132.986754838711,6.034));
#6421=CARTESIAN_POINT('Ctrl Pts',(101.225704577059,-132.883041332865,6.034));
#6422=CARTESIAN_POINT('Ctrl Pts',(100.946490409049,-132.646997020615,6.034));
#6423=CARTESIAN_POINT('Ctrl Pts',(100.602419857345,-132.219919795394,6.034));
#6424=CARTESIAN_POINT('Ctrl Pts',(100.431203715147,-131.896867939472,6.034));
#6425=CARTESIAN_POINT('Ctrl Pts',(100.361689152481,-131.72868742636,6.034));
#6426=CARTESIAN_POINT('',(101.375238747464,-132.986754838711,6.034));
#6427=CARTESIAN_POINT('Ctrl Pts',(100.24678455867,-134.613760498046,4.95165111874201));
#6428=CARTESIAN_POINT('Ctrl Pts',(100.314145571049,-134.516639365928,5.1357223623635));
#6429=CARTESIAN_POINT('Ctrl Pts',(100.466889724596,-134.296412789856,5.45125839559948));
#6430=CARTESIAN_POINT('Ctrl Pts',(100.869863450917,-133.715405124859,5.89595817647299));
#6431=CARTESIAN_POINT('Ctrl Pts',(101.21743564817,-133.214275404598,6.034));
#6432=CARTESIAN_POINT('Ctrl Pts',(101.375238747464,-132.986754838711,6.034));
#6433=CARTESIAN_POINT('',(100.361689152481,-131.72868742636,6.034));
#6434=CARTESIAN_POINT('Origin',(103.005821371069,-130.635780219658,6.034));
#6435=CARTESIAN_POINT('Origin',(100.361689152481,-131.72868742636,4.034));
#6436=CARTESIAN_POINT('Ctrl Pts',(100.24678455867,-134.613760498046,4.95165111874201));
#6437=CARTESIAN_POINT('Ctrl Pts',(100.314145571049,-134.516639365928,5.1357223623635));
#6438=CARTESIAN_POINT('Ctrl Pts',(100.466889724596,-134.296412789856,5.45125839559948));
#6439=CARTESIAN_POINT('Ctrl Pts',(100.869863450917,-133.715405124859,5.89595817647299));
#6440=CARTESIAN_POINT('Ctrl Pts',(101.21743564817,-133.214275404598,6.034));
#6441=CARTESIAN_POINT('Ctrl Pts',(101.375238747464,-132.986754838711,6.034));
#6442=CARTESIAN_POINT('Ctrl Pts',(100.420863298544,-134.662576959529,5.04368674055275));
#6443=CARTESIAN_POINT('Ctrl Pts',(100.488735316167,-134.56488747472,5.20926847169367));
#6444=CARTESIAN_POINT('Ctrl Pts',(100.64405277639,-134.34479260569,5.50019550848941));
#6445=CARTESIAN_POINT('Ctrl Pts',(101.05463556153,-133.775220236834,5.91486521452294));
#6446=CARTESIAN_POINT('Ctrl Pts',(101.378761040134,-133.307446522194,6.034));
#6447=CARTESIAN_POINT('Ctrl Pts',(101.524772917869,-133.090468344557,6.034));
#6448=CARTESIAN_POINT('Ctrl Pts',(100.789325795936,-134.738579283572,5.19599052894687));
#6449=CARTESIAN_POINT('Ctrl Pts',(100.859613348437,-134.641117362335,5.33584580002184));
#6450=CARTESIAN_POINT('Ctrl Pts',(101.026633794318,-134.418701794588,5.59410040368505));
#6451=CARTESIAN_POINT('Ctrl Pts',(101.461483914108,-133.868633832423,5.95726180121409));
#6452=CARTESIAN_POINT('Ctrl Pts',(101.720565008522,-133.471373166363,6.034));
#6453=CARTESIAN_POINT('Ctrl Pts',(101.84368751438,-133.269272564572,6.034));
#6454=CARTESIAN_POINT('Ctrl Pts',(101.712053189811,-134.841213003736,5.40371079188668));
#6455=CARTESIAN_POINT('Ctrl Pts',(101.779645610626,-134.735580317749,5.52494855061405));
#6456=CARTESIAN_POINT('Ctrl Pts',(101.940233218956,-134.487624795722,5.75014925400977));
#6457=CARTESIAN_POINT('Ctrl Pts',(102.175944372036,-133.998321202891,5.98462595231893));
#6458=CARTESIAN_POINT('Ctrl Pts',(102.294197721426,-133.637070407259,6.034));
#6459=CARTESIAN_POINT('Ctrl Pts',(102.364249283661,-133.441884688177,6.034));
#6460=CARTESIAN_POINT('Ctrl Pts',(102.487027572544,-134.895934785893,5.4482135623731));
#6461=CARTESIAN_POINT('Ctrl Pts',(102.508160734892,-134.780028313214,5.56477067649145));
#6462=CARTESIAN_POINT('Ctrl Pts',(102.555707143236,-134.514776375032,5.77372481859475));
#6463=CARTESIAN_POINT('Ctrl Pts',(102.639290608918,-134.032373235686,5.98293432386134));
#6464=CARTESIAN_POINT('Ctrl Pts',(102.697958409414,-133.672406070621,6.034));
#6465=CARTESIAN_POINT('Ctrl Pts',(102.726813523562,-133.489050787318,6.034));
#6466=CARTESIAN_POINT('Ctrl Pts',(102.860677807478,-134.908627242782,5.4482135623731));
#6467=CARTESIAN_POINT('Ctrl Pts',(102.864867598767,-134.785284968446,5.57162697732194));
#6468=CARTESIAN_POINT('Ctrl Pts',(102.874349942344,-134.506136499712,5.78594803667));
#6469=CARTESIAN_POINT('Ctrl Pts',(102.890914055228,-134.018509500099,5.98804625108538));
#6470=CARTESIAN_POINT('Ctrl Pts',(102.902764019398,-133.669661208966,6.034));
#6471=CARTESIAN_POINT('Ctrl Pts',(102.908689279063,-133.495228891786,6.034));
#6472=CARTESIAN_POINT('',(102.860677807478,-134.908627242782,5.4482135623731));
#6473=CARTESIAN_POINT('Ctrl Pts',(100.24678455867,-134.613760498046,4.95165111874201));
#6474=CARTESIAN_POINT('Ctrl Pts',(100.420863298544,-134.662576959529,5.04368674055275));
#6475=CARTESIAN_POINT('Ctrl Pts',(100.789325795936,-134.738579283572,5.19599052894687));
#6476=CARTESIAN_POINT('Ctrl Pts',(101.712053189811,-134.841213003736,5.40371079188668));
#6477=CARTESIAN_POINT('Ctrl Pts',(102.487027572544,-134.895934785893,5.4482135623731));
#6478=CARTESIAN_POINT('Ctrl Pts',(102.860677807478,-134.908627242782,5.4482135623731));
#6479=CARTESIAN_POINT('',(102.908689279063,-133.495228891786,6.034));
#6480=CARTESIAN_POINT('Origin',(102.908689279063,-133.495228891786,4.034));
#6481=CARTESIAN_POINT('Origin',(103.005821371069,-130.635780219658,6.034));
#6482=CARTESIAN_POINT('Ctrl Pts',(100.24678455867,-134.613760498046,4.95165111874201));
#6483=CARTESIAN_POINT('Ctrl Pts',(100.420863298544,-134.662576959529,5.04368674055275));
#6484=CARTESIAN_POINT('Ctrl Pts',(100.789325795936,-134.738579283572,5.19599052894687));
#6485=CARTESIAN_POINT('Ctrl Pts',(101.712053189811,-134.841213003736,5.40371079188668));
#6486=CARTESIAN_POINT('Ctrl Pts',(102.487027572544,-134.895934785893,5.4482135623731));
#6487=CARTESIAN_POINT('Ctrl Pts',(102.860677807478,-134.908627242782,5.4482135623731));
#6488=CARTESIAN_POINT('Ctrl Pts',(100.353502286166,-134.759698091647,4.85961549693126));
#6489=CARTESIAN_POINT('Ctrl Pts',(100.520274776507,-134.796841058075,4.95003500064046));
#6490=CARTESIAN_POINT('Ctrl Pts',(100.879595122289,-134.857361876822,5.10216398589782));
#6491=CARTESIAN_POINT('Ctrl Pts',(101.788141890247,-134.958777227803,5.29771373816537));
#6492=CARTESIAN_POINT('Ctrl Pts',(102.507411102967,-135.013251531559,5.33165644825474));
#6493=CARTESIAN_POINT('Ctrl Pts',(102.856488016188,-135.031969517117,5.32480014742425));
#6494=CARTESIAN_POINT('Ctrl Pts',(100.565389048396,-135.007848043105,4.65623281599466));
#6495=CARTESIAN_POINT('Ctrl Pts',(100.724758681192,-135.031065883122,4.74486545129672));
#6496=CARTESIAN_POINT('Ctrl Pts',(101.080121558127,-135.075435157787,4.89255908690448));
#6497=CARTESIAN_POINT('Ctrl Pts',(101.96270545129,-135.179734826632,5.04903632391971));
#6498=CARTESIAN_POINT('Ctrl Pts',(102.55094113905,-135.223804856853,5.0649432480046));
#6499=CARTESIAN_POINT('Ctrl Pts',(102.849211979722,-135.246167032914,5.04549067311925));
#6500=CARTESIAN_POINT('Ctrl Pts',(101.038782458279,-135.339359262642,4.11811023330216));
#6501=CARTESIAN_POINT('Ctrl Pts',(101.193448917874,-135.351164188196,4.21374889921491));
#6502=CARTESIAN_POINT('Ctrl Pts',(101.549783324615,-135.381410383475,4.37128951372209));
#6503=CARTESIAN_POINT('Ctrl Pts',(102.201306145711,-135.419917275529,4.55430143143505));
#6504=CARTESIAN_POINT('Ctrl Pts',(102.618643379457,-135.43543479381,4.57998059094814));
#6505=CARTESIAN_POINT('Ctrl Pts',(102.842350899517,-135.448148749533,4.55758242294624));
#6506=CARTESIAN_POINT('Ctrl Pts',(101.382828478605,-135.444550751645,3.68474217452233));
#6507=CARTESIAN_POINT('Ctrl Pts',(101.509684707272,-135.44885990781,3.7989081178299));
#6508=CARTESIAN_POINT('Ctrl Pts',(101.793957096062,-135.458516304895,3.99825340552018));
#6509=CARTESIAN_POINT('Ctrl Pts',(102.299702661925,-135.475695884061,4.18874952262842));
#6510=CARTESIAN_POINT('Ctrl Pts',(102.659348191214,-135.487912617651,4.21822919882163));
#6511=CARTESIAN_POINT('Ctrl Pts',(102.840790804798,-135.4940760088,4.20853292519944));
#6512=CARTESIAN_POINT('Ctrl Pts',(101.537803358626,-135.449815065165,3.49397363458928));
#6513=CARTESIAN_POINT('Ctrl Pts',(101.651510463865,-135.453677561147,3.60774632312701));
#6514=CARTESIAN_POINT('Ctrl Pts',(101.908852599664,-135.462419169365,3.80532519364436));
#6515=CARTESIAN_POINT('Ctrl Pts',(102.358387480232,-135.477689337984,3.99163603523514));
#6516=CARTESIAN_POINT('Ctrl Pts',(102.67998467443,-135.488613614597,4.034));
#6517=CARTESIAN_POINT('Ctrl Pts',(102.840790804798,-135.4940760088,4.034));
#6518=CARTESIAN_POINT('',(101.537803358626,-135.449815065165,3.49397363458928));
#6519=CARTESIAN_POINT('Ctrl Pts',(100.24678455867,-134.613760498046,4.95165111874201));
#6520=CARTESIAN_POINT('Ctrl Pts',(100.353502286166,-134.759698091647,4.85961549693126));
#6521=CARTESIAN_POINT('Ctrl Pts',(100.565389048396,-135.007848043105,4.65623281599466));
#6522=CARTESIAN_POINT('Ctrl Pts',(101.038782458279,-135.339359262642,4.11811023330216));
#6523=CARTESIAN_POINT('Ctrl Pts',(101.382828478605,-135.444550751645,3.68474217452233));
#6524=CARTESIAN_POINT('Ctrl Pts',(101.537803358626,-135.449815065165,3.49397363458928));
#6525=CARTESIAN_POINT('',(102.840790804798,-135.4940760088,4.034));
#6526=CARTESIAN_POINT('Origin',(102.840790804798,-135.4940760088,2.19023465917567));
#6527=CARTESIAN_POINT('Origin',(102.908689279063,-133.495228891786,4.034));
#6528=CARTESIAN_POINT('Ctrl Pts',(139.937504249392,-78.2454150149144,4.95487122132336));
#6529=CARTESIAN_POINT('Ctrl Pts',(139.904849356352,-78.1749604519406,4.77970041442063));
#6530=CARTESIAN_POINT('Ctrl Pts',(139.854487627033,-78.0663025051713,4.4072973246264));
#6531=CARTESIAN_POINT('Ctrl Pts',(139.800393798746,-77.9495923684462,3.46445803558804));
#6532=CARTESIAN_POINT('Ctrl Pts',(139.803029475212,-77.9552789720821,2.79727686353602));
#6533=CARTESIAN_POINT('Ctrl Pts',(139.803029475212,-77.9552789720821,2.49424317697666));
#6534=CARTESIAN_POINT('Ctrl Pts',(140.02676242603,-78.1612499913519,4.86728581787199));
#6535=CARTESIAN_POINT('Ctrl Pts',(139.983125473657,-78.1072021509391,4.69491485232848));
#6536=CARTESIAN_POINT('Ctrl Pts',(139.91451575502,-78.0205658944377,4.32448124951297));
#6537=CARTESIAN_POINT('Ctrl Pts',(139.845723240562,-77.9268348153817,3.39746537487957));
#6538=CARTESIAN_POINT('Ctrl Pts',(139.845109167257,-77.9357755107742,2.78044165872717));
#6539=CARTESIAN_POINT('Ctrl Pts',(139.84758444326,-77.9346282483444,2.49424317697666));
#6540=CARTESIAN_POINT('Ctrl Pts',(140.164213623712,-77.9966776347931,4.67514787531133));
#6541=CARTESIAN_POINT('Ctrl Pts',(140.108533511844,-77.9704817785105,4.50461927859472));
#6542=CARTESIAN_POINT('Ctrl Pts',(140.015154555651,-77.9249570368568,4.12798827020238));
#6543=CARTESIAN_POINT('Ctrl Pts',(139.935284411323,-77.8783765658624,3.24052701992816));
#6544=CARTESIAN_POINT('Ctrl Pts',(139.929570442893,-77.8930830522883,2.74340343891919));
#6545=CARTESIAN_POINT('Ctrl Pts',(139.935172491052,-77.8900433195773,2.49424317697666));
#6546=CARTESIAN_POINT('Ctrl Pts',(140.337335068334,-77.6907066729865,4.16849246238793));
#6547=CARTESIAN_POINT('Ctrl Pts',(140.273866499286,-77.7110539022207,4.00461028449101));
#6548=CARTESIAN_POINT('Ctrl Pts',(140.169855973342,-77.7439051071725,3.63842988662453));
#6549=CARTESIAN_POINT('Ctrl Pts',(140.081333972788,-77.7947262688703,3.03115515265749));
#6550=CARTESIAN_POINT('Ctrl Pts',(140.055986952259,-77.8172340361414,2.68327752899431));
#6551=CARTESIAN_POINT('Ctrl Pts',(140.061276432398,-77.8136781511062,2.49424317697666));
#6552=CARTESIAN_POINT('Ctrl Pts',(140.462476318005,-77.5100700230303,3.76130837385467));
#6553=CARTESIAN_POINT('Ctrl Pts',(140.395236392052,-77.5617186767911,3.64299486991036));
#6554=CARTESIAN_POINT('Ctrl Pts',(140.279042724022,-77.6509699132295,3.3857037661112));
#6555=CARTESIAN_POINT('Ctrl Pts',(140.165672389391,-77.7380524773034,2.94792706600558));
#6556=CARTESIAN_POINT('Ctrl Pts',(140.139207367449,-77.75838091663,2.64640016366513));
#6557=CARTESIAN_POINT('Ctrl Pts',(140.141370978589,-77.7567189932848,2.49424317697666));
#6558=CARTESIAN_POINT('Ctrl Pts',(140.537968054456,-77.452082949093,3.58301566791472));
#6559=CARTESIAN_POINT('Ctrl Pts',(140.462617959018,-77.5099612250568,3.48800234405467));
#6560=CARTESIAN_POINT('Ctrl Pts',(140.331764175556,-77.6104732595302,3.27296800965658));
#6561=CARTESIAN_POINT('Ctrl Pts',(140.208373053528,-77.7052530387833,2.89733798104995));
#6562=CARTESIAN_POINT('Ctrl Pts',(140.180315979118,-77.7268043730719,2.62861230818569));
#6563=CARTESIAN_POINT('Ctrl Pts',(140.180315979118,-77.7268043730719,2.49424317697666));
#6564=CARTESIAN_POINT('',(139.937504249392,-78.2454150149144,4.95487122132336));
#6565=CARTESIAN_POINT('',(139.803029475212,-77.9552789720821,2.49424317697666));
#6566=CARTESIAN_POINT('Ctrl Pts',(139.937504249392,-78.2454150149144,4.95487122132336));
#6567=CARTESIAN_POINT('Ctrl Pts',(139.904849356352,-78.1749604519406,4.77970041442063));
#6568=CARTESIAN_POINT('Ctrl Pts',(139.854487627033,-78.0663025051713,4.4072973246264));
#6569=CARTESIAN_POINT('Ctrl Pts',(139.800393798746,-77.9495923684462,3.46445803558804));
#6570=CARTESIAN_POINT('Ctrl Pts',(139.803029475212,-77.9552789720821,2.79727686353602));
#6571=CARTESIAN_POINT('Ctrl Pts',(139.803029475212,-77.9552789720821,2.49424317697666));
#6572=CARTESIAN_POINT('',(140.537968054456,-77.452082949093,3.58301566791472));
#6573=CARTESIAN_POINT('Ctrl Pts',(139.937504249392,-78.2454150149144,4.95487122132336));
#6574=CARTESIAN_POINT('Ctrl Pts',(140.02676242603,-78.1612499913519,4.86728581787199));
#6575=CARTESIAN_POINT('Ctrl Pts',(140.164213623712,-77.9966776347931,4.67514787531133));
#6576=CARTESIAN_POINT('Ctrl Pts',(140.337335068334,-77.6907066729865,4.16849246238793));
#6577=CARTESIAN_POINT('Ctrl Pts',(140.462476318005,-77.5100700230303,3.76130837385467));
#6578=CARTESIAN_POINT('Ctrl Pts',(140.537968054456,-77.452082949093,3.58301566791472));
#6579=CARTESIAN_POINT('',(140.180315979118,-77.7268043730719,2.49424317697666));
#6580=CARTESIAN_POINT('Origin',(141.401416545347,-76.7888467614489,2.49424317697666));
#6581=CARTESIAN_POINT('Origin',(138.961996829499,-76.1407090261045,2.49424317697666));
#6582=CARTESIAN_POINT('Ctrl Pts',(139.937504249392,-78.2454150149144,4.95487122132336));
#6583=CARTESIAN_POINT('Ctrl Pts',(140.02676242603,-78.1612499913519,4.86728581787199));
#6584=CARTESIAN_POINT('Ctrl Pts',(140.164213623712,-77.9966776347931,4.67514787531133));
#6585=CARTESIAN_POINT('Ctrl Pts',(140.337335068334,-77.6907066729865,4.16849246238793));
#6586=CARTESIAN_POINT('Ctrl Pts',(140.462476318005,-77.5100700230303,3.76130837385467));
#6587=CARTESIAN_POINT('Ctrl Pts',(140.537968054456,-77.452082949093,3.58301566791472));
#6588=CARTESIAN_POINT('Ctrl Pts',(140.059417319071,-78.2317045543257,5.04245662477472));
#6589=CARTESIAN_POINT('Ctrl Pts',(140.135803762412,-78.1402676786226,4.95294649616604));
#6590=CARTESIAN_POINT('Ctrl Pts',(140.25795798096,-77.9627603513466,4.75819637091478));
#6591=CARTESIAN_POINT('Ctrl Pts',(140.421279217831,-77.6327579283158,4.25442457722358));
#6592=CARTESIAN_POINT('Ctrl Pts',(140.538104214674,-77.4519783610542,3.85981157713899));
#6593=CARTESIAN_POINT('Ctrl Pts',(140.613318149893,-77.3942046731292,3.67802899177477));
#6594=CARTESIAN_POINT('Ctrl Pts',(140.31855279102,-78.1818811023192,5.18808017900855));
#6595=CARTESIAN_POINT('Ctrl Pts',(140.374426800767,-78.0762214155483,5.09797079205924));
#6596=CARTESIAN_POINT('Ctrl Pts',(140.471305994715,-77.866518576598,4.8977382078826));
#6597=CARTESIAN_POINT('Ctrl Pts',(140.617808522096,-77.4795437853173,4.39573494316473));
#6598=CARTESIAN_POINT('Ctrl Pts',(140.713516411396,-77.3172399049131,4.03227620684516));
#6599=CARTESIAN_POINT('Ctrl Pts',(140.783850628506,-77.2632144494178,3.84303014849914));
#6600=CARTESIAN_POINT('Ctrl Pts',(140.964140114595,-77.8589661133748,5.40262787759399));
#6601=CARTESIAN_POINT('Ctrl Pts',(140.975848700697,-77.7256044654757,5.29851876076718));
#6602=CARTESIAN_POINT('Ctrl Pts',(140.996138985573,-77.463507330246,5.05392504548672));
#6603=CARTESIAN_POINT('Ctrl Pts',(141.005216960342,-77.1595014318827,4.56178210449001));
#6604=CARTESIAN_POINT('Ctrl Pts',(141.040915456305,-77.065756583471,4.19621627543832));
#6605=CARTESIAN_POINT('Ctrl Pts',(141.081743148783,-77.0343958209061,3.9986212007826));
#6606=CARTESIAN_POINT('Ctrl Pts',(141.496783465044,-77.4542453030717,5.44821356237309));
#6607=CARTESIAN_POINT('Ctrl Pts',(141.450255286214,-77.3430110968126,5.33165644825474));
#6608=CARTESIAN_POINT('Ctrl Pts',(141.363274155943,-77.1463410112857,5.0649432480046));
#6609=CARTESIAN_POINT('Ctrl Pts',(141.282919485357,-76.9442589755434,4.57998059094814));
#6610=CARTESIAN_POINT('Ctrl Pts',(141.280680622054,-76.8815870167404,4.21822919882162));
#6611=CARTESIAN_POINT('Ctrl Pts',(141.294855418454,-76.8706990042837,4.034));
#6612=CARTESIAN_POINT('Ctrl Pts',(141.758253962621,-77.2534033329672,5.44821356237309));
#6613=CARTESIAN_POINT('Ctrl Pts',(141.683075499245,-77.1555306113653,5.32480014742425));
#6614=CARTESIAN_POINT('Ctrl Pts',(141.55251977386,-76.9855637938708,5.04549067311925));
#6615=CARTESIAN_POINT('Ctrl Pts',(141.429409711497,-76.8252902751135,4.55758242294624));
#6616=CARTESIAN_POINT('Ctrl Pts',(141.401416545347,-76.7888467614489,4.20853292519943));
#6617=CARTESIAN_POINT('Ctrl Pts',(141.401416545347,-76.7888467614489,4.034));
#6618=CARTESIAN_POINT('',(141.758253962621,-77.2534033329672,5.44821356237309));
#6619=CARTESIAN_POINT('Ctrl Pts',(139.937504249392,-78.2454150149144,4.95487122132336));
#6620=CARTESIAN_POINT('Ctrl Pts',(140.059417319071,-78.2317045543257,5.04245662477472));
#6621=CARTESIAN_POINT('Ctrl Pts',(140.31855279102,-78.1818811023192,5.18808017900855));
#6622=CARTESIAN_POINT('Ctrl Pts',(140.964140114595,-77.8589661133748,5.40262787759399));
#6623=CARTESIAN_POINT('Ctrl Pts',(141.496783465044,-77.4542453030717,5.44821356237309));
#6624=CARTESIAN_POINT('Ctrl Pts',(141.758253962621,-77.2534033329672,5.44821356237309));
#6625=CARTESIAN_POINT('',(141.401416545347,-76.7888467614489,4.034));
#6626=CARTESIAN_POINT('Origin',(142.619735694966,-78.3749421084162,4.034));
#6627=CARTESIAN_POINT('Origin',(141.401416545347,-76.7888467614489,2.49424317697666));
#6628=CARTESIAN_POINT('Ctrl Pts',(139.937504249392,-78.2454150149144,4.95487122132336));
#6629=CARTESIAN_POINT('Ctrl Pts',(140.059417319071,-78.2317045543257,5.04245662477472));
#6630=CARTESIAN_POINT('Ctrl Pts',(140.31855279102,-78.1818811023192,5.18808017900855));
#6631=CARTESIAN_POINT('Ctrl Pts',(140.964140114595,-77.8589661133748,5.40262787759399));
#6632=CARTESIAN_POINT('Ctrl Pts',(141.496783465044,-77.4542453030717,5.44821356237309));
#6633=CARTESIAN_POINT('Ctrl Pts',(141.758253962621,-77.2534033329672,5.44821356237309));
#6634=CARTESIAN_POINT('Ctrl Pts',(139.970159142432,-78.3158695778882,5.13004202822608));
#6635=CARTESIAN_POINT('Ctrl Pts',(140.100240042957,-78.3001801116365,5.20096385004746));
#6636=CARTESIAN_POINT('Ctrl Pts',(140.376078610113,-78.2458744182249,5.32408920484383));
#6637=CARTESIAN_POINT('Ctrl Pts',(141.051092046586,-77.9209789256442,5.52326934901068));
#6638=CARTESIAN_POINT('Ctrl Pts',(141.572363921383,-77.5431637348748,5.56477067649145));
#6639=CARTESIAN_POINT('Ctrl Pts',(141.833432425997,-77.3512760545691,5.57162697732194));
#6640=CARTESIAN_POINT('Ctrl Pts',(140.04669061424,-78.4809900513566,5.43461451374537));
#6641=CARTESIAN_POINT('Ctrl Pts',(140.195283001648,-78.4603518146731,5.48325848389169));
#6642=CARTESIAN_POINT('Ctrl Pts',(140.515422201801,-78.3946370434113,5.57895095497625));
#6643=CARTESIAN_POINT('Ctrl Pts',(141.257969520495,-78.0701360373588,5.7491807567748));
#6644=CARTESIAN_POINT('Ctrl Pts',(141.741548756081,-77.7495228779036,5.77372481859475));
#6645=CARTESIAN_POINT('Ctrl Pts',(142.003576466605,-77.5727817833486,5.78594803667));
#6646=CARTESIAN_POINT('Ctrl Pts',(140.266683345607,-78.9556353587736,5.88708922764315));
#6647=CARTESIAN_POINT('Ctrl Pts',(140.466582065089,-78.9123485426753,5.90731477741204));
#6648=CARTESIAN_POINT('Ctrl Pts',(140.892822021395,-78.7932446503305,5.95429896625419));
#6649=CARTESIAN_POINT('Ctrl Pts',(141.588770197151,-78.432265759307,5.98587614741378));
#6650=CARTESIAN_POINT('Ctrl Pts',(142.045372196081,-78.1276662223151,5.98293432386134));
#6651=CARTESIAN_POINT('Ctrl Pts',(142.300790448826,-77.9597162860218,5.98804625108538));
#6652=CARTESIAN_POINT('Ctrl Pts',(140.476747236837,-79.4088586976117,6.034));
#6653=CARTESIAN_POINT('Ctrl Pts',(140.700008885658,-79.3192824343776,6.034));
#6654=CARTESIAN_POINT('Ctrl Pts',(141.147305408683,-79.1082422580922,6.034));
#6655=CARTESIAN_POINT('Ctrl Pts',(141.827361488487,-78.7060039205127,6.034));
#6656=CARTESIAN_POINT('Ctrl Pts',(142.284416920591,-78.4002034437336,6.034));
#6657=CARTESIAN_POINT('Ctrl Pts',(142.513417292461,-78.2365291781406,6.034));
#6658=CARTESIAN_POINT('Ctrl Pts',(140.572226082108,-79.6148590758243,6.034));
#6659=CARTESIAN_POINT('Ctrl Pts',(140.814023030673,-79.5027889250827,6.034));
#6660=CARTESIAN_POINT('Ctrl Pts',(141.289357737771,-79.2608293816216,6.034));
#6661=CARTESIAN_POINT('Ctrl Pts',(141.973715724214,-78.8464005194356,6.034));
#6662=CARTESIAN_POINT('Ctrl Pts',(142.408383679642,-78.5372868300452,6.034));
#6663=CARTESIAN_POINT('Ctrl Pts',(142.619735694966,-78.3749421084163,6.034));
#6664=CARTESIAN_POINT('',(140.572226082108,-79.6148590758243,6.034));
#6665=CARTESIAN_POINT('Ctrl Pts',(139.937504249392,-78.2454150149144,4.95487122132336));
#6666=CARTESIAN_POINT('Ctrl Pts',(139.970159142432,-78.3158695778882,5.13004202822608));
#6667=CARTESIAN_POINT('Ctrl Pts',(140.04669061424,-78.4809900513566,5.43461451374537));
#6668=CARTESIAN_POINT('Ctrl Pts',(140.266683345607,-78.9556353587736,5.88708922764315));
#6669=CARTESIAN_POINT('Ctrl Pts',(140.476747236837,-79.4088586976117,6.034));
#6670=CARTESIAN_POINT('Ctrl Pts',(140.572226082108,-79.6148590758243,6.034));
#6671=CARTESIAN_POINT('',(142.619735694966,-78.3749421084162,6.034));
#6672=CARTESIAN_POINT('Origin',(136.007995957268,-69.7673045804323,6.034));
#6673=CARTESIAN_POINT('Origin',(142.619735694966,-78.3749421084162,4.034));
#6674=CARTESIAN_POINT('Ctrl Pts',(139.937504249392,-78.2454150149144,4.95487122132336));
#6675=CARTESIAN_POINT('Ctrl Pts',(139.970159142432,-78.3158695778882,5.13004202822608));
#6676=CARTESIAN_POINT('Ctrl Pts',(140.04669061424,-78.4809900513566,5.43461451374537));
#6677=CARTESIAN_POINT('Ctrl Pts',(140.266683345607,-78.9556353587736,5.88708922764315));
#6678=CARTESIAN_POINT('Ctrl Pts',(140.476747236837,-79.4088586976117,6.034));
#6679=CARTESIAN_POINT('Ctrl Pts',(140.572226082108,-79.6148590758243,6.034));
#6680=CARTESIAN_POINT('Ctrl Pts',(139.848246072754,-78.3295800384769,5.04245662477472));
#6681=CARTESIAN_POINT('Ctrl Pts',(139.874111742284,-78.4049880213053,5.20096385004746));
#6682=CARTESIAN_POINT('Ctrl Pts',(139.934902456565,-78.5810352522052,5.48325848389169));
#6683=CARTESIAN_POINT('Ctrl Pts',(140.104452120647,-79.0801916759425,5.90731477741204));
#6684=CARTESIAN_POINT('Ctrl Pts',(140.264094348602,-79.5213238917583,6.034));
#6685=CARTESIAN_POINT('Ctrl Pts',(140.330429133543,-79.7269292265659,6.034));
#6686=CARTESIAN_POINT('Ctrl Pts',(139.642740415379,-78.4951124944462,5.18808017900855));
#6687=CARTESIAN_POINT('Ctrl Pts',(139.654390136778,-78.5803688627378,5.32408920484383));
#6688=CARTESIAN_POINT('Ctrl Pts',(139.677842163848,-78.7828459172975,5.57895095497625));
#6689=CARTESIAN_POINT('Ctrl Pts',(139.738076605098,-79.328456089683,5.95429896625419));
#6690=CARTESIAN_POINT('Ctrl Pts',(139.813956740302,-79.7262342846395,6.034));
#6691=CARTESIAN_POINT('Ctrl Pts',(139.838576331074,-79.9332501541197,6.034));
#6692=CARTESIAN_POINT('Ctrl Pts',(138.979074330057,-78.7790216518154,5.40262787759399));
#6693=CARTESIAN_POINT('Ctrl Pts',(138.970193776006,-78.8854517374226,5.52326934901067));
#6694=CARTESIAN_POINT('Ctrl Pts',(138.950297506336,-79.139715914292,5.7491807567748));
#6695=CARTESIAN_POINT('Ctrl Pts',(139.012815787656,-79.6261914919882,5.98587614741377));
#6696=CARTESIAN_POINT('Ctrl Pts',(139.067484213871,-79.9851758208622,6.034));
#6697=CARTESIAN_POINT('Ctrl Pts',(139.080021288158,-80.1875951605329,6.034));
#6698=CARTESIAN_POINT('Ctrl Pts',(138.325985107959,-78.9238744772971,5.44821356237309));
#6699=CARTESIAN_POINT('Ctrl Pts',(138.344984805001,-79.03901745106,5.56477067649145));
#6700=CARTESIAN_POINT('Ctrl Pts',(138.393098865187,-79.3014915286676,5.77372481859474));
#6701=CARTESIAN_POINT('Ctrl Pts',(138.485272694233,-79.7777320738284,5.98293432386134));
#6702=CARTESIAN_POINT('Ctrl Pts',(138.53873166741,-80.1362861918656,6.034));
#6703=CARTESIAN_POINT('Ctrl Pts',(138.563210317572,-80.3194811913565,6.034));
#6704=CARTESIAN_POINT('Ctrl Pts',(138.003734619877,-78.9935805816908,5.44821356237309));
#6705=CARTESIAN_POINT('Ctrl Pts',(138.029826764928,-79.1142042566307,5.57162697732194));
#6706=CARTESIAN_POINT('Ctrl Pts',(138.088878556993,-79.3871999860669,5.78594803666999));
#6707=CARTESIAN_POINT('Ctrl Pts',(138.19203243893,-79.8640791502462,5.98804625108538));
#6708=CARTESIAN_POINT('Ctrl Pts',(138.265828712446,-80.2052384413295,6.034));
#6709=CARTESIAN_POINT('Ctrl Pts',(138.302728577848,-80.3758260783726,6.034));
#6710=CARTESIAN_POINT('',(138.003734619877,-78.9935805816908,5.44821356237309));
#6711=CARTESIAN_POINT('Ctrl Pts',(139.937504249392,-78.2454150149144,4.95487122132336));
#6712=CARTESIAN_POINT('Ctrl Pts',(139.848246072754,-78.3295800384769,5.04245662477472));
#6713=CARTESIAN_POINT('Ctrl Pts',(139.642740415379,-78.4951124944462,5.18808017900855));
#6714=CARTESIAN_POINT('Ctrl Pts',(138.979074330057,-78.7790216518154,5.40262787759399));
#6715=CARTESIAN_POINT('Ctrl Pts',(138.325985107959,-78.9238744772971,5.44821356237309));
#6716=CARTESIAN_POINT('Ctrl Pts',(138.003734619877,-78.9935805816908,5.44821356237309));
#6717=CARTESIAN_POINT('',(138.302728577848,-80.3758260783726,6.034));
#6718=CARTESIAN_POINT('Origin',(138.302728577848,-80.3758260783726,4.034));
#6719=CARTESIAN_POINT('Origin',(136.007995957268,-69.7673045804323,6.034));
#6720=CARTESIAN_POINT('Ctrl Pts',(139.937504249392,-78.2454150149144,4.95487122132336));
#6721=CARTESIAN_POINT('Ctrl Pts',(139.848246072754,-78.3295800384769,5.04245662477472));
#6722=CARTESIAN_POINT('Ctrl Pts',(139.642740415379,-78.4951124944462,5.18808017900855));
#6723=CARTESIAN_POINT('Ctrl Pts',(138.979074330057,-78.7790216518154,5.40262787759399));
#6724=CARTESIAN_POINT('Ctrl Pts',(138.325985107959,-78.9238744772971,5.44821356237309));
#6725=CARTESIAN_POINT('Ctrl Pts',(138.003734619877,-78.9935805816908,5.44821356237309));
#6726=CARTESIAN_POINT('Ctrl Pts',(139.815591179713,-78.2591254755031,4.86728581787199));
#6727=CARTESIAN_POINT('Ctrl Pts',(139.72910358432,-78.3287686110621,4.95294649616604));
#6728=CARTESIAN_POINT('Ctrl Pts',(139.526002964764,-78.4694562671786,5.09797079205924));
#6729=CARTESIAN_POINT('Ctrl Pts',(138.869744252557,-78.7017600554506,5.29851876076718));
#6730=CARTESIAN_POINT('Ctrl Pts',(138.27117980113,-78.8164766262446,5.33165644825474));
#6731=CARTESIAN_POINT('Ctrl Pts',(137.977642474827,-78.872956906751,5.32480014742425));
#6732=CARTESIAN_POINT('Ctrl Pts',(139.601174095715,-78.2576400875893,4.67514787531133));
#6733=CARTESIAN_POINT('Ctrl Pts',(139.514703317465,-78.3072504810677,4.75819637091478));
#6734=CARTESIAN_POINT('Ctrl Pts',(139.303371768821,-78.4078428800231,4.8977382078826));
#6735=CARTESIAN_POINT('Ctrl Pts',(138.656635125917,-78.5478409075232,5.05392504548671));
#6736=CARTESIAN_POINT('Ctrl Pts',(138.177328148789,-78.6229909499858,5.0649432480046));
#6737=CARTESIAN_POINT('Ctrl Pts',(137.932330576033,-78.6634805398077,5.04549067311925));
#6738=CARTESIAN_POINT('Ctrl Pts',(139.255807094193,-78.1919826560486,4.16849246238793));
#6739=CARTESIAN_POINT('Ctrl Pts',(139.15733314682,-78.2185826359815,4.25442457722358));
#6740=CARTESIAN_POINT('Ctrl Pts',(138.913398945614,-78.2695183457715,4.39573494316472));
#6741=CARTESIAN_POINT('Ctrl Pts',(138.418794129643,-78.3582791593863,4.56178210449001));
#6742=CARTESIAN_POINT('Ctrl Pts',(138.075063980608,-78.4310637185649,4.57998059094813));
#6743=CARTESIAN_POINT('Ctrl Pts',(137.889602839123,-78.4659507223914,4.55758242294623));
#6744=CARTESIAN_POINT('Ctrl Pts',(139.037088364079,-78.1707212173889,3.76130837385467));
#6745=CARTESIAN_POINT('Ctrl Pts',(138.94388042345,-78.1908830563312,3.85981157713898));
#6746=CARTESIAN_POINT('Ctrl Pts',(138.727692874442,-78.2376466530273,4.03227620684515));
#6747=CARTESIAN_POINT('Ctrl Pts',(138.324188452349,-78.3249288214337,4.19621627543832));
#6748=CARTESIAN_POINT('Ctrl Pts',(138.02868879788,-78.3888484445981,4.21822919882162));
#6749=CARTESIAN_POINT('Ctrl Pts',(137.879887267418,-78.4210357504361,4.20853292519943));
#6750=CARTESIAN_POINT('Ctrl Pts',(138.944048234723,-78.1908467570221,3.58301566791472));
#6751=CARTESIAN_POINT('Ctrl Pts',(138.851182671469,-78.2109345362068,3.67802899177476));
#6752=CARTESIAN_POINT('Ctrl Pts',(138.641009152942,-78.2563972360789,3.84303014849914));
#6753=CARTESIAN_POINT('Ctrl Pts',(138.27387017954,-78.3358131828452,3.9986212007826));
#6754=CARTESIAN_POINT('Ctrl Pts',(138.011219006449,-78.3926273406752,4.03399999999999));
#6755=CARTESIAN_POINT('Ctrl Pts',(137.879887267418,-78.4210357504361,4.03399999999999));
#6756=CARTESIAN_POINT('',(138.944048234723,-78.1908467570221,3.58301566791472));
#6757=CARTESIAN_POINT('Ctrl Pts',(139.937504249392,-78.2454150149144,4.95487122132336));
#6758=CARTESIAN_POINT('Ctrl Pts',(139.815591179713,-78.2591254755031,4.86728581787199));
#6759=CARTESIAN_POINT('Ctrl Pts',(139.601174095715,-78.2576400875893,4.67514787531133));
#6760=CARTESIAN_POINT('Ctrl Pts',(139.255807094193,-78.1919826560486,4.16849246238793));
#6761=CARTESIAN_POINT('Ctrl Pts',(139.037088364079,-78.1707212173889,3.76130837385467));
#6762=CARTESIAN_POINT('Ctrl Pts',(138.944048234723,-78.1908467570221,3.58301566791472));
#6763=CARTESIAN_POINT('',(137.879887267418,-78.4210357504361,4.034));
#6764=CARTESIAN_POINT('Origin',(137.879887267418,-78.4210357504361,2.49424317697666));
#6765=CARTESIAN_POINT('Origin',(138.302728577848,-80.3758260783726,4.034));
#6766=CARTESIAN_POINT('Ctrl Pts',(95.3887033699374,-123.666772196497,4.97600655652573));
#6767=CARTESIAN_POINT('Ctrl Pts',(95.4225332715149,-123.549018564298,5.06330638993644));
#6768=CARTESIAN_POINT('Ctrl Pts',(95.4949427189332,-123.300521366772,5.20715061782121));
#6769=CARTESIAN_POINT('Ctrl Pts',(95.6111167460271,-122.677169067492,5.40701663750922));
#6770=CARTESIAN_POINT('Ctrl Pts',(95.6609500595324,-122.053675608035,5.44821356237309));
#6771=CARTESIAN_POINT('Ctrl Pts',(95.6940558745721,-121.738780159567,5.44821356237309));
#6772=CARTESIAN_POINT('Ctrl Pts',(95.4883332980659,-123.652366213728,5.15060622334715));
#6773=CARTESIAN_POINT('Ctrl Pts',(95.5230819355147,-123.531024946744,5.22105554419596));
#6774=CARTESIAN_POINT('Ctrl Pts',(95.5972295544478,-123.276502009441,5.34197659951149));
#6775=CARTESIAN_POINT('Ctrl Pts',(95.7218829505282,-122.644465972402,5.52678044309409));
#6776=CARTESIAN_POINT('Ctrl Pts',(95.7782641383166,-122.052585667589,5.56477067649145));
#6777=CARTESIAN_POINT('Ctrl Pts',(95.8167928544279,-121.751683832114,5.57162697732194));
#6778=CARTESIAN_POINT('Ctrl Pts',(95.7192405801542,-123.618978190776,5.45336480997796));
#6779=CARTESIAN_POINT('Ctrl Pts',(95.7553009702134,-123.490468473044,5.5011879132381));
#6780=CARTESIAN_POINT('Ctrl Pts',(95.8356605014344,-123.220572198131,5.59345642796352));
#6781=CARTESIAN_POINT('Ctrl Pts',(95.9828914307712,-122.566608575587,5.75035479333606));
#6782=CARTESIAN_POINT('Ctrl Pts',(96.0465445647236,-122.051660160778,5.77372481859475));
#6783=CARTESIAN_POINT('Ctrl Pts',(96.0945714195501,-121.780887448247,5.78594803667));
#6784=CARTESIAN_POINT('Ctrl Pts',(96.336960600494,-123.529659005906,5.8933012826354));
#6785=CARTESIAN_POINT('Ctrl Pts',(96.3656577687796,-123.378694359521,5.91255034237768));
#6786=CARTESIAN_POINT('Ctrl Pts',(96.4324457210328,-123.055287045732,5.95620576674599));
#6787=CARTESIAN_POINT('Ctrl Pts',(96.4891433204843,-122.46469491041,5.98486509827496));
#6788=CARTESIAN_POINT('Ctrl Pts',(96.5340062683823,-122.053312428958,5.98293432386134));
#6789=CARTESIAN_POINT('Ctrl Pts',(96.5798054202282,-121.831901418616,5.98804625108538));
#6790=CARTESIAN_POINT('Ctrl Pts',(96.8812226158208,-123.450961476339,6.034));
#6791=CARTESIAN_POINT('Ctrl Pts',(96.8718578803762,-123.288531083632,6.034));
#6792=CARTESIAN_POINT('Ctrl Pts',(96.8562021553706,-122.956869262561,6.034));
#6793=CARTESIAN_POINT('Ctrl Pts',(96.8586095154407,-122.424430345161,6.034));
#6794=CARTESIAN_POINT('Ctrl Pts',(96.8975835774236,-122.0549083939,6.034));
#6795=CARTESIAN_POINT('Ctrl Pts',(96.9269417602395,-121.868396806282,6.034));
#6796=CARTESIAN_POINT('Ctrl Pts',(97.130210623704,-123.414959072055,6.034));
#6797=CARTESIAN_POINT('Ctrl Pts',(97.1058421440721,-123.246429794099,6.034));
#6798=CARTESIAN_POINT('Ctrl Pts',(97.0710644560069,-122.907352959855,6.034));
#6799=CARTESIAN_POINT('Ctrl Pts',(97.0611329495962,-122.39616576405,6.034));
#6800=CARTESIAN_POINT('Ctrl Pts',(97.0827139807147,-122.055993974797,6.034));
#6801=CARTESIAN_POINT('Ctrl Pts',(97.1005180617563,-121.886645355002,6.034));
#6802=CARTESIAN_POINT('',(95.3887033699374,-123.666772196497,4.97600655652573));
#6803=CARTESIAN_POINT('',(95.6940558745721,-121.738780159567,5.44821356237309));
#6804=CARTESIAN_POINT('Ctrl Pts',(95.3887033699374,-123.666772196497,4.97600655652573));
#6805=CARTESIAN_POINT('Ctrl Pts',(95.4225332715149,-123.549018564298,5.06330638993644));
#6806=CARTESIAN_POINT('Ctrl Pts',(95.4949427189332,-123.300521366772,5.20715061782121));
#6807=CARTESIAN_POINT('Ctrl Pts',(95.6111167460271,-122.677169067492,5.40701663750922));
#6808=CARTESIAN_POINT('Ctrl Pts',(95.6609500595324,-122.053675608035,5.44821356237309));
#6809=CARTESIAN_POINT('Ctrl Pts',(95.6940558745721,-121.738780159567,5.44821356237309));
#6810=CARTESIAN_POINT('',(97.130210623704,-123.414959072055,6.034));
#6811=CARTESIAN_POINT('Ctrl Pts',(95.3887033699374,-123.666772196497,4.97600655652573));
#6812=CARTESIAN_POINT('Ctrl Pts',(95.4883332980659,-123.652366213728,5.15060622334715));
#6813=CARTESIAN_POINT('Ctrl Pts',(95.7192405801542,-123.618978190776,5.45336480997796));
#6814=CARTESIAN_POINT('Ctrl Pts',(96.336960600494,-123.529659005906,5.8933012826354));
#6815=CARTESIAN_POINT('Ctrl Pts',(96.8812226158208,-123.450961476339,6.034));
#6816=CARTESIAN_POINT('Ctrl Pts',(97.130210623704,-123.414959072055,6.034));
#6817=CARTESIAN_POINT('',(97.1005180617563,-121.886645355002,6.034));
#6818=CARTESIAN_POINT('Origin',(103.237632205708,-122.531856858427,6.034));
#6819=CARTESIAN_POINT('Origin',(97.1005180617563,-121.886645355002,4.034));
#6820=CARTESIAN_POINT('Ctrl Pts',(95.3887033699374,-123.666772196497,4.97600655652573));
#6821=CARTESIAN_POINT('Ctrl Pts',(95.4883332980659,-123.652366213728,5.15060622334715));
#6822=CARTESIAN_POINT('Ctrl Pts',(95.7192405801542,-123.618978190776,5.45336480997796));
#6823=CARTESIAN_POINT('Ctrl Pts',(96.336960600494,-123.529659005906,5.8933012826354));
#6824=CARTESIAN_POINT('Ctrl Pts',(96.8812226158208,-123.450961476339,6.034));
#6825=CARTESIAN_POINT('Ctrl Pts',(97.130210623704,-123.414959072055,6.034));
#6826=CARTESIAN_POINT('Ctrl Pts',(95.4545033964884,-123.770119845927,5.06330638993644));
#6827=CARTESIAN_POINT('Ctrl Pts',(95.5560306899266,-123.758894303982,5.22105554419596));
#6828=CARTESIAN_POINT('Ctrl Pts',(95.7902265848978,-123.732009542239,5.5011879132381));
#6829=CARTESIAN_POINT('Ctrl Pts',(96.4072457230882,-123.666311314586,5.91255034237768));
#6830=CARTESIAN_POINT('Ctrl Pts',(96.9182526854746,-123.609391601902,6.034));
#6831=CARTESIAN_POINT('Ctrl Pts',(97.1545791033358,-123.583488350011,6.034));
#6832=CARTESIAN_POINT('Ctrl Pts',(95.594338177581,-123.98792760348,5.20715061782121));
#6833=CARTESIAN_POINT('Ctrl Pts',(95.6992393443386,-123.981988625532,5.3419765995115));
#6834=CARTESIAN_POINT('Ctrl Pts',(95.9437474830297,-123.968087892171,5.59345642796352));
#6835=CARTESIAN_POINT('Ctrl Pts',(96.5629088536863,-123.957553328985,5.956205766746));
#6836=CARTESIAN_POINT('Ctrl Pts',(96.9971871846859,-123.931903632866,6.034));
#6837=CARTESIAN_POINT('Ctrl Pts',(97.217275288036,-123.918528311108,6.034));
#6838=CARTESIAN_POINT('Ctrl Pts',(95.8823292127129,-124.552839682721,5.40701663750923));
#6839=CARTESIAN_POINT('Ctrl Pts',(95.9978222615213,-124.552826836269,5.5267804430941));
#6840=CARTESIAN_POINT('Ctrl Pts',(96.2701945496788,-124.553560076686,5.75035479333608));
#6841=CARTESIAN_POINT('Ctrl Pts',(96.784579671593,-124.507894801687,5.98486509827495));
#6842=CARTESIAN_POINT('Ctrl Pts',(97.1503185280764,-124.441852441881,6.034));
#6843=CARTESIAN_POINT('Ctrl Pts',(97.3525532330836,-124.411591047033,6.034));
#6844=CARTESIAN_POINT('Ctrl Pts',(96.106736771632,-125.136679301642,5.44821356237311));
#6845=CARTESIAN_POINT('Ctrl Pts',(96.2195545240996,-125.104493345398,5.56477067649146));
#6846=CARTESIAN_POINT('Ctrl Pts',(96.4771086102919,-125.029385846161,5.77372481859475));
#6847=CARTESIAN_POINT('Ctrl Pts',(96.944136321542,-124.889719245112,5.98293432386134));
#6848=CARTESIAN_POINT('Ctrl Pts',(97.2923697717219,-124.785199051228,6.034));
#6849=CARTESIAN_POINT('Ctrl Pts',(97.4696099035355,-124.731716527135,6.034));
#6850=CARTESIAN_POINT('Ctrl Pts',(96.2276862187585,-125.429299139819,5.44821356237311));
#6851=CARTESIAN_POINT('Ctrl Pts',(96.3417408211942,-125.382156604327,5.57162697732195));
#6852=CARTESIAN_POINT('Ctrl Pts',(96.5998694133053,-125.275463528772,5.78594803667));
#6853=CARTESIAN_POINT('Ctrl Pts',(97.0507781052138,-125.089088068617,5.98804625108538));
#6854=CARTESIAN_POINT('Ctrl Pts',(97.373358123864,-124.955755089032,6.034));
#6855=CARTESIAN_POINT('Ctrl Pts',(97.5346556894795,-124.889085475975,6.034));
#6856=CARTESIAN_POINT('',(96.2276862187585,-125.429299139819,5.44821356237311));
#6857=CARTESIAN_POINT('Ctrl Pts',(95.3887033699374,-123.666772196497,4.97600655652573));
#6858=CARTESIAN_POINT('Ctrl Pts',(95.4545033964884,-123.770119845927,5.06330638993644));
#6859=CARTESIAN_POINT('Ctrl Pts',(95.594338177581,-123.98792760348,5.20715061782122));
#6860=CARTESIAN_POINT('Ctrl Pts',(95.8823292127129,-124.552839682721,5.40701663750922));
#6861=CARTESIAN_POINT('Ctrl Pts',(96.106736771632,-125.136679301642,5.44821356237311));
#6862=CARTESIAN_POINT('Ctrl Pts',(96.2276862187585,-125.429299139819,5.44821356237311));
#6863=CARTESIAN_POINT('',(97.5346556894795,-124.889085475975,6.034));
#6864=CARTESIAN_POINT('Origin',(97.5346556894795,-124.889085475975,4.034));
#6865=CARTESIAN_POINT('Origin',(103.237632205708,-122.531856858427,6.034));
#6866=CARTESIAN_POINT('Ctrl Pts',(95.3887033699374,-123.666772196497,4.97600655652573));
#6867=CARTESIAN_POINT('Ctrl Pts',(95.4545033964884,-123.770119845927,5.06330638993644));
#6868=CARTESIAN_POINT('Ctrl Pts',(95.594338177581,-123.98792760348,5.20715061782122));
#6869=CARTESIAN_POINT('Ctrl Pts',(95.8823292127129,-124.552839682721,5.40701663750922));
#6870=CARTESIAN_POINT('Ctrl Pts',(96.106736771632,-125.136679301642,5.44821356237311));
#6871=CARTESIAN_POINT('Ctrl Pts',(96.2276862187585,-125.429299139819,5.44821356237311));
#6872=CARTESIAN_POINT('Ctrl Pts',(95.3548734683599,-123.784525828696,4.88870672311502));
#6873=CARTESIAN_POINT('Ctrl Pts',(95.4152044843006,-123.880304121211,4.97366144088753));
#6874=CARTESIAN_POINT('Ctrl Pts',(95.5449538368009,-124.088557053573,5.11618425972281));
#6875=CARTESIAN_POINT('Ctrl Pts',(95.8063004819117,-124.653551185886,5.30194665930602));
#6876=CARTESIAN_POINT('Ctrl Pts',(96.0073578466231,-125.201378573239,5.33165644825476));
#6877=CARTESIAN_POINT('Ctrl Pts',(96.1136316163229,-125.47644167531,5.32480014742427));
#6878=CARTESIAN_POINT('Ctrl Pts',(95.2928020849077,-123.993972173795,4.69562506180948));
#6879=CARTESIAN_POINT('Ctrl Pts',(95.3446116478635,-124.083236188215,4.77731550090556));
#6880=CARTESIAN_POINT('Ctrl Pts',(95.4552529315545,-124.287568469432,4.91280050711883));
#6881=CARTESIAN_POINT('Ctrl Pts',(95.6681995713135,-124.86174227175,5.05481286867926));
#6882=CARTESIAN_POINT('Ctrl Pts',(95.8307949573405,-125.321226477976,5.06494324800463));
#6883=CARTESIAN_POINT('Ctrl Pts',(95.9155631711084,-125.558309907796,5.04549067311928));
#6884=CARTESIAN_POINT('Ctrl Pts',(95.2162217610707,-124.335545548195,4.17899136725281));
#6885=CARTESIAN_POINT('Ctrl Pts',(95.2572783104459,-124.429910670871,4.26335639960854));
#6886=CARTESIAN_POINT('Ctrl Pts',(95.346322443169,-124.657970207796,4.40063706349145));
#6887=CARTESIAN_POINT('Ctrl Pts',(95.5260331693514,-125.12552851551,4.56113713093124));
#6888=CARTESIAN_POINT('Ctrl Pts',(95.6610238955174,-125.458174744675,4.57998059094818));
#6889=CARTESIAN_POINT('Ctrl Pts',(95.728790675528,-125.635509151086,4.55758242294628));
#6890=CARTESIAN_POINT('Ctrl Pts',(95.2269908556751,-124.541777782279,3.75974634847885));
#6891=CARTESIAN_POINT('Ctrl Pts',(95.2644660936595,-124.632443745086,3.85876659701501));
#6892=CARTESIAN_POINT('Ctrl Pts',(95.3508707705398,-124.841487466798,4.03158504597867));
#6893=CARTESIAN_POINT('Ctrl Pts',(95.5108038101659,-125.228422515171,4.19560461616718));
#6894=CARTESIAN_POINT('Ctrl Pts',(95.6274930238919,-125.510735329729,4.21822919882166));
#6895=CARTESIAN_POINT('Ctrl Pts',(95.6863217383783,-125.653062965962,4.20853292519947));
#6896=CARTESIAN_POINT('Ctrl Pts',(95.2636472514838,-124.630462673897,3.57566842024683));
#6897=CARTESIAN_POINT('Ctrl Pts',(95.3005325587863,-124.719701384039,3.67222966134587));
#6898=CARTESIAN_POINT('Ctrl Pts',(95.3840114560884,-124.92166660174,3.83991894774062));
#6899=CARTESIAN_POINT('Ctrl Pts',(95.5298355202753,-125.274467007848,3.99804482421798));
#6900=CARTESIAN_POINT('Ctrl Pts',(95.6341580365389,-125.526860371791,4.03400000000004));
#6901=CARTESIAN_POINT('Ctrl Pts',(95.6863217383783,-125.653062965962,4.03400000000004));
#6902=CARTESIAN_POINT('',(95.2636472514838,-124.630462673897,3.57566842024683));
#6903=CARTESIAN_POINT('Ctrl Pts',(95.3887033699374,-123.666772196497,4.97600655652573));
#6904=CARTESIAN_POINT('Ctrl Pts',(95.3548734683599,-123.784525828696,4.88870672311502));
#6905=CARTESIAN_POINT('Ctrl Pts',(95.2928020849077,-123.993972173795,4.69562506180948));
#6906=CARTESIAN_POINT('Ctrl Pts',(95.2162217610707,-124.335545548195,4.17899136725281));
#6907=CARTESIAN_POINT('Ctrl Pts',(95.2269908556751,-124.541777782279,3.75974634847885));
#6908=CARTESIAN_POINT('Ctrl Pts',(95.2636472514838,-124.630462673897,3.57566842024683));
#6909=CARTESIAN_POINT('',(95.6863217383783,-125.653062965962,4.034));
#6910=CARTESIAN_POINT('Origin',(95.6863217383783,-125.653062965962,2.46915810434275));
#6911=CARTESIAN_POINT('Origin',(97.5346556894795,-124.889085475975,4.034));
#6912=CARTESIAN_POINT('Ctrl Pts',(95.3887033699374,-123.666772196497,4.97600655652573));
#6913=CARTESIAN_POINT('Ctrl Pts',(95.3548734683599,-123.784525828696,4.88870672311502));
#6914=CARTESIAN_POINT('Ctrl Pts',(95.2928020849077,-123.993972173795,4.69562506180948));
#6915=CARTESIAN_POINT('Ctrl Pts',(95.2162217610707,-124.335545548195,4.17899136725281));
#6916=CARTESIAN_POINT('Ctrl Pts',(95.2269908556751,-124.541777782279,3.75974634847885));
#6917=CARTESIAN_POINT('Ctrl Pts',(95.2636472514838,-124.630462673897,3.57566842024683));
#6918=CARTESIAN_POINT('Ctrl Pts',(95.2890734418089,-123.681178179266,4.80140688970431));
#6919=CARTESIAN_POINT('Ctrl Pts',(95.2660481894143,-123.785554575571,4.71665650671186));
#6920=CARTESIAN_POINT('Ctrl Pts',(95.2224089556246,-123.974833938779,4.52521177732205));
#6921=CARTESIAN_POINT('Ctrl Pts',(95.1722323385102,-124.281126768016,4.01449162118183));
#6922=CARTESIAN_POINT('Ctrl Pts',(95.1935885505584,-124.460965696319,3.64027299680579));
#6923=CARTESIAN_POINT('Ctrl Pts',(95.2267619441814,-124.541223963755,3.47910717914778));
#6924=CARTESIAN_POINT('Ctrl Pts',(95.1307303530971,-123.704073787548,4.42894028767647));
#6925=CARTESIAN_POINT('Ctrl Pts',(95.1214460985586,-123.786636130243,4.3459959857403));
#6926=CARTESIAN_POINT('Ctrl Pts',(95.1037651426695,-123.941348083211,4.14821019619704));
#6927=CARTESIAN_POINT('Ctrl Pts',(95.0978956067928,-124.185385769528,3.64526019194528));
#6928=CARTESIAN_POINT('Ctrl Pts',(95.135651477788,-124.32079525932,3.37948180620808));
#6929=CARTESIAN_POINT('Ctrl Pts',(95.1627065241227,-124.386251063116,3.26056959552455));
#6930=CARTESIAN_POINT('Ctrl Pts',(94.9701485229619,-123.727293106496,3.480402839761));
#6931=CARTESIAN_POINT('Ctrl Pts',(94.9756539217311,-123.786598973841,3.41169163757143));
#6932=CARTESIAN_POINT('Ctrl Pts',(94.9915502525329,-123.9031040617,3.24909745628782));
#6933=CARTESIAN_POINT('Ctrl Pts',(95.037348789889,-124.07438597012,3.02434599461079));
#6934=CARTESIAN_POINT('Ctrl Pts',(95.079091235778,-124.183955866851,2.93299289870653));
#6935=CARTESIAN_POINT('Ctrl Pts',(95.1023042190161,-124.240116350095,2.87881995997076));
#6936=CARTESIAN_POINT('Ctrl Pts',(94.9574891530493,-123.729123587238,2.78668101622333));
#6937=CARTESIAN_POINT('Ctrl Pts',(94.9649482063067,-123.780709442355,2.76904085445219));
#6938=CARTESIAN_POINT('Ctrl Pts',(94.9841812669336,-123.885329542176,2.7293998153314));
#6939=CARTESIAN_POINT('Ctrl Pts',(95.0272897327068,-124.045332794652,2.66402275732556));
#6940=CARTESIAN_POINT('Ctrl Pts',(95.0663172306888,-124.153050993858,2.62458999616343));
#6941=CARTESIAN_POINT('Ctrl Pts',(95.0885697465431,-124.206887764037,2.60571632110459));
#6942=CARTESIAN_POINT('Ctrl Pts',(94.9574891530493,-123.729123587238,2.46915810434275));
#6943=CARTESIAN_POINT('Ctrl Pts',(94.9653869741454,-123.783743904421,2.46915810434275));
#6944=CARTESIAN_POINT('Ctrl Pts',(94.9857067994955,-123.892330312467,2.46915810434275));
#6945=CARTESIAN_POINT('Ctrl Pts',(95.0295503639842,-124.052131881392,2.46915810434275));
#6946=CARTESIAN_POINT('Ctrl Pts',(95.0674884157337,-124.155884508078,2.46915810434275));
#6947=CARTESIAN_POINT('Ctrl Pts',(95.0885697465431,-124.206887764037,2.46915810434275));
#6948=CARTESIAN_POINT('',(94.9574891530493,-123.729123587238,2.46915810434275));
#6949=CARTESIAN_POINT('Ctrl Pts',(95.3887033699374,-123.666772196497,4.97600655652573));
#6950=CARTESIAN_POINT('Ctrl Pts',(95.2890734418089,-123.681178179266,4.80140688970431));
#6951=CARTESIAN_POINT('Ctrl Pts',(95.1307303530971,-123.704073787548,4.42894028767647));
#6952=CARTESIAN_POINT('Ctrl Pts',(94.9701485229619,-123.727293106496,3.480402839761));
#6953=CARTESIAN_POINT('Ctrl Pts',(94.9574891530493,-123.729123587238,2.78668101622333));
#6954=CARTESIAN_POINT('Ctrl Pts',(94.9574891530493,-123.729123587238,2.46915810434275));
#6955=CARTESIAN_POINT('',(95.0885697465431,-124.206887764037,2.46915810434275));
#6956=CARTESIAN_POINT('Origin',(96.9369036976442,-123.442910274051,2.46915810434275));
#6957=CARTESIAN_POINT('Origin',(95.6863217383783,-125.653062965962,2.46915810434275));
#6958=CARTESIAN_POINT('Ctrl Pts',(95.3887033699374,-123.666772196497,4.97600655652573));
#6959=CARTESIAN_POINT('Ctrl Pts',(95.2890734418089,-123.681178179266,4.80140688970431));
#6960=CARTESIAN_POINT('Ctrl Pts',(95.1307303530971,-123.704073787548,4.42894028767647));
#6961=CARTESIAN_POINT('Ctrl Pts',(94.9701485229619,-123.727293106496,3.480402839761));
#6962=CARTESIAN_POINT('Ctrl Pts',(94.9574891530493,-123.729123587238,2.78668101622333));
#6963=CARTESIAN_POINT('Ctrl Pts',(94.9574891530493,-123.729123587238,2.46915810434275));
#6964=CARTESIAN_POINT('Ctrl Pts',(95.3229033433864,-123.563424547067,4.88870672311502));
#6965=CARTESIAN_POINT('Ctrl Pts',(95.2374248512844,-123.587599242264,4.71665650671185));
#6966=CARTESIAN_POINT('Ctrl Pts',(95.0984391526759,-123.627523044972,4.3459959857403));
#6967=CARTESIAN_POINT('Ctrl Pts',(94.9586290072372,-123.668856849988,3.41169163757143));
#6968=CARTESIAN_POINT('Ctrl Pts',(94.9500300997919,-123.677537732121,2.76904085445219));
#6969=CARTESIAN_POINT('Ctrl Pts',(94.9495913319532,-123.674503270056,2.46915810434275));
#6970=CARTESIAN_POINT('Ctrl Pts',(95.2040450225211,-123.380139720417,4.69562506180947));
#6971=CARTESIAN_POINT('Ctrl Pts',(95.1419563655806,-123.418434150418,4.52521177732204));
#6972=CARTESIAN_POINT('Ctrl Pts',(95.0376575393174,-123.484156381937,4.14821019619703));
#6973=CARTESIAN_POINT('Ctrl Pts',(94.9408721467114,-123.552620785299,3.24909745628781));
#6974=CARTESIAN_POINT('Ctrl Pts',(94.9388399295041,-123.571754671112,2.7293998153314));
#6975=CARTESIAN_POINT('Ctrl Pts',(94.9383198877505,-123.564608511945,2.46915810434275));
#6976=CARTESIAN_POINT('Ctrl Pts',(95.033844753672,-123.074249569248,4.17899136725279));
#6977=CARTESIAN_POINT('Ctrl Pts',(95.0070721614399,-123.138900178206,4.01449162118181));
#6978=CARTESIAN_POINT('Ctrl Pts',(94.9629004936458,-123.251776890765,3.64526019194525));
#6979=CARTESIAN_POINT('Ctrl Pts',(94.9362762399518,-123.375381185274,3.02434599461078));
#6980=CARTESIAN_POINT('Ctrl Pts',(94.9348590094016,-123.406093773797,2.66402275732555));
#6981=CARTESIAN_POINT('Ctrl Pts',(94.9351010878077,-123.398932807918,2.46915810434275));
#6982=CARTESIAN_POINT('Ctrl Pts',(94.9857538883765,-122.873413874092,3.75974634847882));
#6983=CARTESIAN_POINT('Ctrl Pts',(94.9766111385635,-122.960377759414,3.64027299680577));
#6984=CARTESIAN_POINT('Ctrl Pts',(94.9607528270073,-123.111218635055,3.37948180620806));
#6985=CARTESIAN_POINT('Ctrl Pts',(94.9452713762437,-123.258474891254,2.93299289870652));
#6986=CARTESIAN_POINT('Ctrl Pts',(94.9417749249588,-123.291732389794,2.62458999616342));
#6987=CARTESIAN_POINT('Ctrl Pts',(94.9420954972012,-123.28868317503,2.46915810434275));
#6988=CARTESIAN_POINT('Ctrl Pts',(94.9957873353123,-122.777977867797,3.5756684202468));
#6989=CARTESIAN_POINT('Ctrl Pts',(94.9856912316075,-122.874009851909,3.47910717914776));
#6990=CARTESIAN_POINT('Ctrl Pts',(94.9681582296869,-123.040780024948,3.26056959552453));
#6991=CARTESIAN_POINT('Ctrl Pts',(94.9516251442671,-123.198039205596,2.87881995997075));
#6992=CARTESIAN_POINT('Ctrl Pts',(94.9478657975634,-123.233797309263,2.60571632110459));
#6993=CARTESIAN_POINT('Ctrl Pts',(94.9478657975634,-123.233797309263,2.46915810434275));
#6994=CARTESIAN_POINT('',(94.9957873353123,-122.777977867797,3.5756684202468));
#6995=CARTESIAN_POINT('Ctrl Pts',(95.3887033699374,-123.666772196497,4.97600655652573));
#6996=CARTESIAN_POINT('Ctrl Pts',(95.3229033433864,-123.563424547067,4.88870672311502));
#6997=CARTESIAN_POINT('Ctrl Pts',(95.2040450225211,-123.380139720417,4.69562506180947));
#6998=CARTESIAN_POINT('Ctrl Pts',(95.033844753672,-123.074249569248,4.17899136725279));
#6999=CARTESIAN_POINT('Ctrl Pts',(94.9857538883765,-122.873413874092,3.75974634847882));
#7000=CARTESIAN_POINT('Ctrl Pts',(94.9957873353123,-122.777977867797,3.5756684202468));
#7001=CARTESIAN_POINT('',(94.9478657975634,-123.233797309263,2.46915810434275));
#7002=CARTESIAN_POINT('Origin',(95.1114801616755,-121.677532390215,2.46915810434275));
#7003=CARTESIAN_POINT('Origin',(96.9369036976442,-123.442910274051,2.46915810434275));
#7004=CARTESIAN_POINT('Ctrl Pts',(106.491295396621,-85.6487903373103,4.98616429009697));
#7005=CARTESIAN_POINT('Ctrl Pts',(106.591490433048,-85.6642463957219,5.07146256372504));
#7006=CARTESIAN_POINT('Ctrl Pts',(106.804778060499,-85.6903540930301,5.21174017202968));
#7007=CARTESIAN_POINT('Ctrl Pts',(107.33599931,-85.6439415208012,5.40838487110017));
#7008=CARTESIAN_POINT('Ctrl Pts',(107.859303229101,-85.5141320133566,5.4482135623731));
#7009=CARTESIAN_POINT('Ctrl Pts',(108.124969696071,-85.4566656163598,5.4482135623731));
#7010=CARTESIAN_POINT('Ctrl Pts',(106.522369394071,-85.7384098438414,5.15676083735311));
#7011=CARTESIAN_POINT('Ctrl Pts',(106.627145264756,-85.753618646858,5.22590329028336));
#7012=CARTESIAN_POINT('Ctrl Pts',(106.848191341782,-85.7795832312491,5.34444663017615));
#7013=CARTESIAN_POINT('Ctrl Pts',(107.391683311429,-85.7392047718529,5.52753117095892));
#7014=CARTESIAN_POINT('Ctrl Pts',(107.893244723132,-85.6260429223153,5.56477067649145));
#7015=CARTESIAN_POINT('Ctrl Pts',(108.151061841122,-85.5772892912996,5.57162697732194));
#7016=CARTESIAN_POINT('Ctrl Pts',(106.5943549789,-85.9460211304158,5.45412630790553));
#7017=CARTESIAN_POINT('Ctrl Pts',(106.708146223406,-85.9604274737861,5.50148379129992));
#7018=CARTESIAN_POINT('Ctrl Pts',(106.948789407373,-85.9874514549978,5.59308368944927));
#7019=CARTESIAN_POINT('Ctrl Pts',(107.522257978285,-85.9640501942565,5.75043363155919));
#7020=CARTESIAN_POINT('Ctrl Pts',(107.9685247906,-85.8826407123465,5.77372481859475));
#7021=CARTESIAN_POINT('Ctrl Pts',(108.210113633187,-85.8502850207359,5.78594803667));
#7022=CARTESIAN_POINT('Ctrl Pts',(106.786864627943,-86.5012319550727,5.89213429797617));
#7023=CARTESIAN_POINT('Ctrl Pts',(106.922908356216,-86.5043881754276,5.91153480609642));
#7024=CARTESIAN_POINT('Ctrl Pts',(107.214037084501,-86.5072656172367,5.95574581382805));
#7025=CARTESIAN_POINT('Ctrl Pts',(107.731222737704,-86.4206463942738,5.9849732627454));
#7026=CARTESIAN_POINT('Ctrl Pts',(108.105373463227,-86.3492176280464,5.98293432386134));
#7027=CARTESIAN_POINT('Ctrl Pts',(108.313267515123,-86.3271641849151,5.98804625108538));
#7028=CARTESIAN_POINT('Ctrl Pts',(106.959518614829,-86.9991777095641,6.034));
#7029=CARTESIAN_POINT('Ctrl Pts',(107.10345789201,-86.9634712115835,6.034));
#7030=CARTESIAN_POINT('Ctrl Pts',(107.396743637606,-86.8853276340142,6.034));
#7031=CARTESIAN_POINT('Ctrl Pts',(107.872303867711,-86.7613822167811,6.034));
#7032=CARTESIAN_POINT('Ctrl Pts',(108.212876396258,-86.6960814801357,6.034));
#7033=CARTESIAN_POINT('Ctrl Pts',(108.387063788639,-86.6683234759984,6.034));
#7034=CARTESIAN_POINT('Ctrl Pts',(107.038642901789,-87.2273774950379,6.034));
#7035=CARTESIAN_POINT('Ctrl Pts',(107.189774823304,-87.174975142854,6.034));
#7036=CARTESIAN_POINT('Ctrl Pts',(107.494147835898,-87.0762534515211,6.034));
#7037=CARTESIAN_POINT('Ctrl Pts',(107.956295551795,-86.9466597449011,6.034));
#7038=CARTESIAN_POINT('Ctrl Pts',(108.267620554369,-86.8727297380866,6.034));
#7039=CARTESIAN_POINT('Ctrl Pts',(108.423963654042,-86.8389111130416,6.034));
#7040=CARTESIAN_POINT('',(106.491295396621,-85.6487903373103,4.98616429009697));
#7041=CARTESIAN_POINT('',(108.124969696071,-85.4566656163598,5.4482135623731));
#7042=CARTESIAN_POINT('Ctrl Pts',(106.491295396621,-85.6487903373103,4.98616429009697));
#7043=CARTESIAN_POINT('Ctrl Pts',(106.591490433048,-85.6642463957219,5.07146256372504));
#7044=CARTESIAN_POINT('Ctrl Pts',(106.804778060499,-85.6903540930301,5.21174017202968));
#7045=CARTESIAN_POINT('Ctrl Pts',(107.33599931,-85.6439415208012,5.40838487110017));
#7046=CARTESIAN_POINT('Ctrl Pts',(107.859303229101,-85.5141320133566,5.4482135623731));
#7047=CARTESIAN_POINT('Ctrl Pts',(108.124969696071,-85.4566656163598,5.4482135623731));
#7048=CARTESIAN_POINT('',(107.038642901789,-87.2273774950379,6.034));
#7049=CARTESIAN_POINT('Ctrl Pts',(106.491295396621,-85.6487903373103,4.98616429009697));
#7050=CARTESIAN_POINT('Ctrl Pts',(106.522369394071,-85.7384098438414,5.15676083735311));
#7051=CARTESIAN_POINT('Ctrl Pts',(106.5943549789,-85.9460211304158,5.45412630790553));
#7052=CARTESIAN_POINT('Ctrl Pts',(106.786864627943,-86.5012319550727,5.89213429797617));
#7053=CARTESIAN_POINT('Ctrl Pts',(106.959518614829,-86.9991777095641,6.034));
#7054=CARTESIAN_POINT('Ctrl Pts',(107.038642901789,-87.2273774950379,6.034));
#7055=CARTESIAN_POINT('',(108.423963654042,-86.8389111130416,6.034));
#7056=CARTESIAN_POINT('Origin',(110.944967257748,-98.4934806635218,6.034));
#7057=CARTESIAN_POINT('Origin',(108.423963654042,-86.8389111130416,4.034));
#7058=CARTESIAN_POINT('Ctrl Pts',(106.491295396621,-85.6487903373103,4.98616429009697));
#7059=CARTESIAN_POINT('Ctrl Pts',(106.522369394071,-85.7384098438414,5.15676083735311));
#7060=CARTESIAN_POINT('Ctrl Pts',(106.5943549789,-85.9460211304158,5.45412630790553));
#7061=CARTESIAN_POINT('Ctrl Pts',(106.786864627943,-86.5012319550727,5.89213429797617));
#7062=CARTESIAN_POINT('Ctrl Pts',(106.959518614829,-86.9991777095641,6.034));
#7063=CARTESIAN_POINT('Ctrl Pts',(107.038642901789,-87.2273774950379,6.034));
#7064=CARTESIAN_POINT('Ctrl Pts',(106.422174357645,-85.7229537854298,5.07146256372504));
#7065=CARTESIAN_POINT('Ctrl Pts',(106.44949769838,-85.8152148354365,5.22590329028336));
#7066=CARTESIAN_POINT('Ctrl Pts',(106.513906230313,-86.0277767963136,5.50148379129992));
#7067=CARTESIAN_POINT('Ctrl Pts',(106.681975415411,-86.5879274614382,5.91153480609642));
#7068=CARTESIAN_POINT('Ctrl Pts',(106.824370925089,-87.060239739264,6.034));
#7069=CARTESIAN_POINT('Ctrl Pts',(106.887510980274,-87.2797798472219,6.034));
#7070=CARTESIAN_POINT('Ctrl Pts',(106.270828944552,-85.8754916162066,5.21174017202968));
#7071=CARTESIAN_POINT('Ctrl Pts',(106.291970531167,-85.9724430752698,5.34444663017615));
#7072=CARTESIAN_POINT('Ctrl Pts',(106.34164412716,-86.1979684687542,5.59308368944927));
#7073=CARTESIAN_POINT('Ctrl Pts',(106.455116365647,-86.7704081114927,5.95574581382806));
#7074=CARTESIAN_POINT('Ctrl Pts',(106.545662453353,-87.1804251587953,6.034));
#7075=CARTESIAN_POINT('Ctrl Pts',(106.587356322666,-87.3906675591272,6.034));
#7076=CARTESIAN_POINT('Ctrl Pts',(105.824898712444,-86.1678892408123,5.40838487110017));
#7077=CARTESIAN_POINT('Ctrl Pts',(105.84013875711,-86.2771757269608,5.52753117095892));
#7078=CARTESIAN_POINT('Ctrl Pts',(105.876779580551,-86.5345910677198,5.7504336315592));
#7079=CARTESIAN_POINT('Ctrl Pts',(105.995319508745,-87.0225404974487,5.98497326274539));
#7080=CARTESIAN_POINT('Ctrl Pts',(106.095449988456,-87.3774752421788,6.034));
#7081=CARTESIAN_POINT('Ctrl Pts',(106.144180957748,-87.5749788068388,6.034));
#7082=CARTESIAN_POINT('Ctrl Pts',(105.33356023797,-86.389889248631,5.44821356237311));
#7083=CARTESIAN_POINT('Ctrl Pts',(105.376181531773,-86.498790588731,5.56477067649146));
#7084=CARTESIAN_POINT('Ctrl Pts',(105.475904457166,-86.746913245008,5.77372481859475));
#7085=CARTESIAN_POINT('Ctrl Pts',(105.657259817975,-87.1980582445034,5.98293432386134));
#7086=CARTESIAN_POINT('Ctrl Pts',(105.787554712778,-87.537019382224,6.034));
#7087=CARTESIAN_POINT('Ctrl Pts',(105.853913585415,-87.7096404409241,6.034));
#7088=CARTESIAN_POINT('Ctrl Pts',(105.089342827914,-86.5092161738462,5.44821356237311));
#7089=CARTESIAN_POINT('Ctrl Pts',(105.143522237167,-86.620101080855,5.57162697732195));
#7090=CARTESIAN_POINT('Ctrl Pts',(105.266141178737,-86.8710560122765,5.78594803667));
#7091=CARTESIAN_POINT('Ctrl Pts',(105.48033653809,-87.3094334850308,5.98804625108538));
#7092=CARTESIAN_POINT('Ctrl Pts',(105.633571869887,-87.6230486711527,6.034));
#7093=CARTESIAN_POINT('Ctrl Pts',(105.710193125254,-87.779863610507,6.034));
#7094=CARTESIAN_POINT('',(105.089342827914,-86.5092161738462,5.44821356237311));
#7095=CARTESIAN_POINT('Ctrl Pts',(106.491295396621,-85.6487903373103,4.98616429009697));
#7096=CARTESIAN_POINT('Ctrl Pts',(106.422174357645,-85.7229537854298,5.07146256372504));
#7097=CARTESIAN_POINT('Ctrl Pts',(106.270828944552,-85.8754916162066,5.21174017202968));
#7098=CARTESIAN_POINT('Ctrl Pts',(105.824898712444,-86.1678892408123,5.40838487110017));
#7099=CARTESIAN_POINT('Ctrl Pts',(105.33356023797,-86.389889248631,5.44821356237311));
#7100=CARTESIAN_POINT('Ctrl Pts',(105.089342827914,-86.5092161738462,5.44821356237311));
#7101=CARTESIAN_POINT('',(105.710193125254,-87.779863610507,6.034));
#7102=CARTESIAN_POINT('Origin',(105.710193125254,-87.779863610507,4.034));
#7103=CARTESIAN_POINT('Origin',(110.944967257748,-98.4934806635218,6.034));
#7104=CARTESIAN_POINT('Ctrl Pts',(106.491295396621,-85.6487903373103,4.98616429009697));
#7105=CARTESIAN_POINT('Ctrl Pts',(106.422174357645,-85.7229537854298,5.07146256372504));
#7106=CARTESIAN_POINT('Ctrl Pts',(106.270828944552,-85.8754916162066,5.21174017202968));
#7107=CARTESIAN_POINT('Ctrl Pts',(105.824898712444,-86.1678892408123,5.40838487110017));
#7108=CARTESIAN_POINT('Ctrl Pts',(105.33356023797,-86.389889248631,5.44821356237311));
#7109=CARTESIAN_POINT('Ctrl Pts',(105.089342827914,-86.5092161738462,5.44821356237311));
#7110=CARTESIAN_POINT('Ctrl Pts',(106.391100360195,-85.6333342788987,4.9008660164689));
#7111=CARTESIAN_POINT('Ctrl Pts',(106.32599594436,-85.6988217029576,4.98351366970751));
#7112=CARTESIAN_POINT('Ctrl Pts',(106.178686902158,-85.8363944472963,5.12198977627044));
#7113=CARTESIAN_POINT('Ctrl Pts',(105.724997222717,-86.0973601050821,5.30371374752749));
#7114=CARTESIAN_POINT('Ctrl Pts',(105.263803676384,-86.2942464557771,5.33165644825475));
#7115=CARTESIAN_POINT('Ctrl Pts',(105.035163418661,-86.3983312668374,5.32480014742426));
#7116=CARTESIAN_POINT('Ctrl Pts',(106.21449966959,-85.5958482375285,4.71214885519031));
#7117=CARTESIAN_POINT('Ctrl Pts',(106.15074146487,-85.6490828955992,4.79091170176696));
#7118=CARTESIAN_POINT('Ctrl Pts',(105.998427432472,-85.7610263814831,4.9212597456294));
#7119=CARTESIAN_POINT('Ctrl Pts',(105.521577413543,-85.96652632603,5.05725056919985));
#7120=CARTESIAN_POINT('Ctrl Pts',(105.13770681571,-86.1232954099039,5.06494324800461));
#7121=CARTESIAN_POINT('Ctrl Pts',(104.941074875768,-86.2057673486792,5.04549067311927));
#7122=CARTESIAN_POINT('Ctrl Pts',(105.93490142162,-85.5233229364255,4.20467529644521));
#7123=CARTESIAN_POINT('Ctrl Pts',(105.859789209084,-85.5630553658079,4.28428171299558));
#7124=CARTESIAN_POINT('Ctrl Pts',(105.672814116844,-85.6483094248006,4.41301901512243));
#7125=CARTESIAN_POINT('Ctrl Pts',(105.280762572669,-85.8219095808631,4.56403351842903));
#7126=CARTESIAN_POINT('Ctrl Pts',(105.003258798495,-85.9561406019433,4.57998059094816));
#7127=CARTESIAN_POINT('Ctrl Pts',(104.852352252927,-86.0241854540255,4.55758242294626));
#7128=CARTESIAN_POINT('Ctrl Pts',(105.80092650551,-85.5095572394197,3.79148859985036));
#7129=CARTESIAN_POINT('Ctrl Pts',(105.722600846025,-85.5478278938732,3.88409769832876));
#7130=CARTESIAN_POINT('Ctrl Pts',(105.541388345816,-85.636370027112,4.04569119099797));
#7131=CARTESIAN_POINT('Ctrl Pts',(105.204990114385,-85.8007373692896,4.19850897820836));
#7132=CARTESIAN_POINT('Ctrl Pts',(104.957505343244,-85.9216607578841,4.21822919882164));
#7133=CARTESIAN_POINT('Ctrl Pts',(104.832178214552,-85.9828967725867,4.20853292519945));
#7134=CARTESIAN_POINT('Ctrl Pts',(105.751279695179,-85.5338151382411,3.6102812196209));
#7135=CARTESIAN_POINT('Ctrl Pts',(105.671072960194,-85.5730049038889,3.69955024038619));
#7136=CARTESIAN_POINT('Ctrl Pts',(105.489548925765,-85.6616992556802,3.85457577877935));
#7137=CARTESIAN_POINT('Ctrl Pts',(105.172455944142,-85.8166338710934,4.0007601275939));
#7138=CARTESIAN_POINT('Ctrl Pts',(104.945607666961,-85.9274740745013,4.03400000000002));
#7139=CARTESIAN_POINT('Ctrl Pts',(104.832178214552,-85.9828967725867,4.03400000000002));
#7140=CARTESIAN_POINT('',(105.751279695179,-85.5338151382411,3.6102812196209));
#7141=CARTESIAN_POINT('Ctrl Pts',(106.491295396621,-85.6487903373103,4.98616429009697));
#7142=CARTESIAN_POINT('Ctrl Pts',(106.391100360195,-85.6333342788987,4.9008660164689));
#7143=CARTESIAN_POINT('Ctrl Pts',(106.21449966959,-85.5958482375285,4.71214885519031));
#7144=CARTESIAN_POINT('Ctrl Pts',(105.93490142162,-85.5233229364255,4.20467529644521));
#7145=CARTESIAN_POINT('Ctrl Pts',(105.80092650551,-85.5095572394197,3.79148859985036));
#7146=CARTESIAN_POINT('Ctrl Pts',(105.751279695179,-85.5338151382411,3.6102812196209));
#7147=CARTESIAN_POINT('',(104.832178214552,-85.9828967725867,4.034));
#7148=CARTESIAN_POINT('Origin',(104.832178214552,-85.9828967725867,2.58733359339743));
#7149=CARTESIAN_POINT('Origin',(105.710193125254,-87.779863610507,4.034));
#7150=CARTESIAN_POINT('Ctrl Pts',(106.491295396621,-85.6487903373103,4.98616429009697));
#7151=CARTESIAN_POINT('Ctrl Pts',(106.391100360195,-85.6333342788987,4.9008660164689));
#7152=CARTESIAN_POINT('Ctrl Pts',(106.21449966959,-85.5958482375285,4.71214885519031));
#7153=CARTESIAN_POINT('Ctrl Pts',(105.93490142162,-85.5233229364255,4.20467529644521));
#7154=CARTESIAN_POINT('Ctrl Pts',(105.80092650551,-85.5095572394197,3.79148859985036));
#7155=CARTESIAN_POINT('Ctrl Pts',(105.751279695179,-85.5338151382411,3.6102812196209));
#7156=CARTESIAN_POINT('Ctrl Pts',(106.460221399171,-85.5591708307792,4.81556774284083));
#7157=CARTESIAN_POINT('Ctrl Pts',(106.374330829141,-85.5512508921536,4.73306882043229));
#7158=CARTESIAN_POINT('Ctrl Pts',(106.219685609483,-85.5280486176801,4.54642423951319));
#7159=CARTESIAN_POINT('Ctrl Pts',(105.981198443963,-85.4767881775238,4.04610281439125));
#7160=CARTESIAN_POINT('Ctrl Pts',(105.873735852736,-85.4739819070575,3.67874534801314));
#7161=CARTESIAN_POINT('Ctrl Pts',(105.831486430163,-85.4946253725932,3.5210121988556));
#7162=CARTESIAN_POINT('Ctrl Pts',(106.410852748229,-85.4167883084582,4.45319728817364));
#7163=CARTESIAN_POINT('Ctrl Pts',(106.347373672282,-85.4172800473459,4.37294491908252));
#7164=CARTESIAN_POINT('Ctrl Pts',(106.229698810441,-85.4119824423074,4.18104283973425));
#7165=CARTESIAN_POINT('Ctrl Pts',(106.06707360975,-85.3949103622126,3.69185348768303));
#7166=CARTESIAN_POINT('Ctrl Pts',(106.001361706728,-85.4116227135368,3.43379364128855));
#7167=CARTESIAN_POINT('Ctrl Pts',(105.970774305925,-85.4265680054689,3.31897838209416));
#7168=CARTESIAN_POINT('Ctrl Pts',(106.358038875279,-85.2644695332741,3.5395860220583));
#7169=CARTESIAN_POINT('Ctrl Pts',(106.322933985183,-85.2733477446037,3.47427877985539));
#7170=CARTESIAN_POINT('Ctrl Pts',(106.258423514657,-85.2906920042897,3.31926182480927));
#7171=CARTESIAN_POINT('Ctrl Pts',(106.178233934768,-85.3235027321736,3.1041647335122));
#7172=CARTESIAN_POINT('Ctrl Pts',(106.127669116355,-85.3499077243426,3.01736744713389));
#7173=CARTESIAN_POINT('Ctrl Pts',(106.102118519446,-85.3623919864837,2.96605814457939));
#7174=CARTESIAN_POINT('Ctrl Pts',(106.354801384124,-85.2551323902103,2.88536506674518));
#7175=CARTESIAN_POINT('Ctrl Pts',(106.330860699593,-85.2634334041175,2.86880776267031));
#7176=CARTESIAN_POINT('Ctrl Pts',(106.282354179132,-85.2812681441881,2.83122107276687));
#7177=CARTESIAN_POINT('Ctrl Pts',(106.207952418568,-85.3120159842711,2.76877446555277));
#7178=CARTESIAN_POINT('Ctrl Pts',(106.157429062979,-85.3353667343109,2.73140137271657));
#7179=CARTESIAN_POINT('Ctrl Pts',(106.131983993651,-85.3477994346825,2.71357905326348));
#7180=CARTESIAN_POINT('Ctrl Pts',(106.354801384124,-85.2551323902103,2.58733359339742));
#7181=CARTESIAN_POINT('Ctrl Pts',(106.329452424032,-85.2639216990532,2.58733359339742));
#7182=CARTESIAN_POINT('Ctrl Pts',(106.279108271978,-85.28252060361,2.58733359339742));
#7183=CARTESIAN_POINT('Ctrl Pts',(106.204775632478,-85.3134346449048,2.58733359339743));
#7184=CARTESIAN_POINT('Ctrl Pts',(106.156089848804,-85.336021086962,2.58733359339743));
#7185=CARTESIAN_POINT('Ctrl Pts',(106.131983993651,-85.3477994346825,2.58733359339743));
#7186=CARTESIAN_POINT('',(106.354801384124,-85.2551323902103,2.58733359339742));
#7187=CARTESIAN_POINT('Ctrl Pts',(106.491295396621,-85.6487903373103,4.98616429009697));
#7188=CARTESIAN_POINT('Ctrl Pts',(106.460221399171,-85.5591708307792,4.81556774284083));
#7189=CARTESIAN_POINT('Ctrl Pts',(106.410852748229,-85.4167883084582,4.45319728817364));
#7190=CARTESIAN_POINT('Ctrl Pts',(106.358038875279,-85.2644695332741,3.5395860220583));
#7191=CARTESIAN_POINT('Ctrl Pts',(106.354801384124,-85.2551323902103,2.88536506674518));
#7192=CARTESIAN_POINT('Ctrl Pts',(106.354801384124,-85.2551323902103,2.58733359339742));
#7193=CARTESIAN_POINT('',(106.131983993651,-85.3477994346825,2.58733359339743));
#7194=CARTESIAN_POINT('Origin',(107.009998904353,-87.1447662726028,2.58733359339743));
#7195=CARTESIAN_POINT('Origin',(104.832178214552,-85.9828967725867,2.58733359339743));
#7196=CARTESIAN_POINT('Ctrl Pts',(106.491295396621,-85.6487903373103,4.98616429009697));
#7197=CARTESIAN_POINT('Ctrl Pts',(106.460221399171,-85.5591708307792,4.81556774284083));
#7198=CARTESIAN_POINT('Ctrl Pts',(106.410852748229,-85.4167883084582,4.45319728817364));
#7199=CARTESIAN_POINT('Ctrl Pts',(106.358038875279,-85.2644695332741,3.5395860220583));
#7200=CARTESIAN_POINT('Ctrl Pts',(106.354801384124,-85.2551323902103,2.88536506674518));
#7201=CARTESIAN_POINT('Ctrl Pts',(106.354801384124,-85.2551323902103,2.58733359339742));
#7202=CARTESIAN_POINT('Ctrl Pts',(106.560416435597,-85.5746268891908,4.9008660164689));
#7203=CARTESIAN_POINT('Ctrl Pts',(106.52277348206,-85.4997809968502,4.73306882043228));
#7204=CARTESIAN_POINT('Ctrl Pts',(106.46101096189,-85.3778783034153,4.37294491908252));
#7205=CARTESIAN_POINT('Ctrl Pts',(106.391104768417,-85.2497107170593,3.47427877985539));
#7206=CARTESIAN_POINT('Ctrl Pts',(106.378742068655,-85.2468313763031,2.86880776267031));
#7207=CARTESIAN_POINT('Ctrl Pts',(106.380150344216,-85.2463430813674,2.58733359339742));
#7208=CARTESIAN_POINT('Ctrl Pts',(106.675905795856,-85.4358637280612,4.71214885519031));
#7209=CARTESIAN_POINT('Ctrl Pts',(106.629862182851,-85.3858270602496,4.54642423951319));
#7210=CARTESIAN_POINT('Ctrl Pts',(106.550148429843,-85.3008721378474,4.18104283973424));
#7211=CARTESIAN_POINT('Ctrl Pts',(106.452505409581,-85.2233974995388,3.31926182480926));
#7212=CARTESIAN_POINT('Ctrl Pts',(106.427877505747,-85.2308104742543,2.83122107276687));
#7213=CARTESIAN_POINT('Ctrl Pts',(106.431202029868,-85.2297847514746,2.58733359339742));
#7214=CARTESIAN_POINT('Ctrl Pts',(106.850594359054,-85.2058224155636,4.2046752964452));
#7215=CARTESIAN_POINT('Ctrl Pts',(106.785427660284,-85.1979357537081,4.04610281439123));
#7216=CARTESIAN_POINT('Ctrl Pts',(106.667299119467,-85.1867926579267,3.69185348768302));
#7217=CARTESIAN_POINT('Ctrl Pts',(106.535794155387,-85.1995249753896,3.1041647335122));
#7218=CARTESIAN_POINT('Ctrl Pts',(106.50534372713,-85.2089007460637,2.76877446555276));
#7219=CARTESIAN_POINT('Ctrl Pts',(106.508716851947,-85.208048339575,2.58733359339742));
#7220=CARTESIAN_POINT('Ctrl Pts',(106.947291104544,-85.1120753517565,3.79148859985035));
#7221=CARTESIAN_POINT('Ctrl Pts',(106.868087078773,-85.1292079994731,3.67874534801313));
#7222=CARTESIAN_POINT('Ctrl Pts',(106.729252137741,-85.1592394292179,3.43379364128854));
#7223=CARTESIAN_POINT('Ctrl Pts',(106.59185143703,-85.1889606179881,3.01736744713389));
#7224=CARTESIAN_POINT('Ctrl Pts',(106.559477742317,-85.1959633820699,2.73140137271656));
#7225=CARTESIAN_POINT('Ctrl Pts',(106.560934576612,-85.1956482537855,2.58733359339742));
#7226=CARTESIAN_POINT('Ctrl Pts',(107.001298280748,-85.1003930424917,3.61028121962088));
#7227=CARTESIAN_POINT('Ctrl Pts',(106.91404717156,-85.1192663573523,3.52101219885558));
#7228=CARTESIAN_POINT('Ctrl Pts',(106.762525960043,-85.1520419582544,3.31897838209415));
#7229=CARTESIAN_POINT('Ctrl Pts',(106.619646084464,-85.1829483490629,2.96605814457938));
#7230=CARTESIAN_POINT('Ctrl Pts',(106.587157593923,-85.1899759446663,2.71357905326347));
#7231=CARTESIAN_POINT('Ctrl Pts',(106.587157593923,-85.1899759446663,2.58733359339742));
#7232=CARTESIAN_POINT('',(107.001298280748,-85.1003930424917,3.61028121962088));
#7233=CARTESIAN_POINT('Ctrl Pts',(106.491295396621,-85.6487903373103,4.98616429009697));
#7234=CARTESIAN_POINT('Ctrl Pts',(106.560416435597,-85.5746268891908,4.9008660164689));
#7235=CARTESIAN_POINT('Ctrl Pts',(106.675905795856,-85.4358637280612,4.71214885519031));
#7236=CARTESIAN_POINT('Ctrl Pts',(106.850594359054,-85.2058224155636,4.2046752964452));
#7237=CARTESIAN_POINT('Ctrl Pts',(106.947291104544,-85.1120753517565,3.79148859985035));
#7238=CARTESIAN_POINT('Ctrl Pts',(107.001298280748,-85.1003930424917,3.61028121962088));
#7239=CARTESIAN_POINT('',(106.587157593923,-85.1899759446663,2.58733359339743));
#7240=CARTESIAN_POINT('Origin',(108.001122343612,-84.8841207851051,2.58733359339743));
#7241=CARTESIAN_POINT('Origin',(107.009998904353,-87.1447662726028,2.58733359339743));
#7242=CARTESIAN_POINT('Ctrl Pts',(99.2096826451581,-89.5247239024581,4.95651942300284));
#7243=CARTESIAN_POINT('Ctrl Pts',(99.1160577101327,-89.4592144390545,4.7742890242164));
#7244=CARTESIAN_POINT('Ctrl Pts',(98.9645776624515,-89.3532236937764,4.38258669417134));
#7245=CARTESIAN_POINT('Ctrl Pts',(98.7989215330155,-89.2373139295033,3.36754063550947));
#7246=CARTESIAN_POINT('Ctrl Pts',(98.7755142440724,-89.2209358253371,2.59872589032187));
#7247=CARTESIAN_POINT('Ctrl Pts',(98.7755142440724,-89.2209358253371,2.24415768891731));
#7248=CARTESIAN_POINT('Ctrl Pts',(99.2545976503784,-89.3608739330842,4.86540422360962));
#7249=CARTESIAN_POINT('Ctrl Pts',(99.1648862068767,-89.3135887019594,4.68524872424843));
#7250=CARTESIAN_POINT('Ctrl Pts',(99.0167684772802,-89.2348091058746,4.29451427948423));
#7251=CARTESIAN_POINT('Ctrl Pts',(98.8579766951683,-89.1440208698073,3.29235475694085));
#7252=CARTESIAN_POINT('Ctrl Pts',(98.8363702797348,-89.1339614847034,2.5790276569105));
#7253=CARTESIAN_POINT('Ctrl Pts',(98.8399500465385,-89.1288453470191,2.24415768891731));
#7254=CARTESIAN_POINT('Ctrl Pts',(99.3531978022655,-89.0714255704112,4.66401287455292));
#7255=CARTESIAN_POINT('Ctrl Pts',(99.2699893424262,-89.050705987959,4.4846655679349));
#7256=CARTESIAN_POINT('Ctrl Pts',(99.1310001392908,-89.0122789100405,4.0855264677908));
#7257=CARTESIAN_POINT('Ctrl Pts',(98.9934820795201,-88.9646760879708,3.1153595000049));
#7258=CARTESIAN_POINT('Ctrl Pts',(98.9743345912271,-88.9662332616799,2.53548893915046));
#7259=CARTESIAN_POINT('Ctrl Pts',(98.9843831537355,-88.9555550032027,2.24415768891731));
#7260=CARTESIAN_POINT('Ctrl Pts',(99.6319996638413,-88.6186692184912,4.12998953217548));
#7261=CARTESIAN_POINT('Ctrl Pts',(99.5489531793113,-88.6385679720377,3.95420051075253));
#7262=CARTESIAN_POINT('Ctrl Pts',(99.4084144163338,-88.6714311858934,3.55644306575502));
#7263=CARTESIAN_POINT('Ctrl Pts',(99.2572579593461,-88.7296815539191,2.87231088727554));
#7264=CARTESIAN_POINT('Ctrl Pts',(99.2294682502549,-88.7439234803035,2.4645617199222));
#7265=CARTESIAN_POINT('Ctrl Pts',(99.2415783256053,-88.7356563836187,2.24415768891731));
#7266=CARTESIAN_POINT('Ctrl Pts',(99.8787663561991,-88.4031804298601,3.69927790377406));
#7267=CARTESIAN_POINT('Ctrl Pts',(99.7841425537001,-88.4494145103942,3.56698906790758));
#7268=CARTESIAN_POINT('Ctrl Pts',(99.61930762021,-88.5299544103827,3.27604113787276));
#7269=CARTESIAN_POINT('Ctrl Pts',(99.4599546951724,-88.6078157494427,2.77232901865442));
#7270=CARTESIAN_POINT('Ctrl Pts',(99.4295980121268,-88.6226483105068,2.42122084573943));
#7271=CARTESIAN_POINT('Ctrl Pts',(99.4352082907457,-88.6199070755676,2.24415768891731));
#7272=CARTESIAN_POINT('Ctrl Pts',(100.007207672646,-88.3404227937088,3.50976732433848));
#7273=CARTESIAN_POINT('Ctrl Pts',(99.9079744235331,-88.3889090932439,3.39932204842316));
#7274=CARTESIAN_POINT('Ctrl Pts',(99.7356448993794,-88.4731109207725,3.14936209092448));
#7275=CARTESIAN_POINT('Ctrl Pts',(99.5731434203906,-88.5525106729284,2.7127226758815));
#7276=CARTESIAN_POINT('Ctrl Pts',(99.5361933058865,-88.5705648466627,2.4003508960168));
#7277=CARTESIAN_POINT('Ctrl Pts',(99.5361933058865,-88.5705648466627,2.24415768891731));
#7278=CARTESIAN_POINT('',(99.2096826451581,-89.5247239024581,4.95651942300284));
#7279=CARTESIAN_POINT('',(98.7755142440724,-89.2209358253371,2.24415768891731));
#7280=CARTESIAN_POINT('Ctrl Pts',(99.2096826451581,-89.5247239024581,4.95651942300284));
#7281=CARTESIAN_POINT('Ctrl Pts',(99.1160577101327,-89.4592144390545,4.7742890242164));
#7282=CARTESIAN_POINT('Ctrl Pts',(98.9645776624515,-89.3532236937764,4.38258669417134));
#7283=CARTESIAN_POINT('Ctrl Pts',(98.7989215330155,-89.2373139295033,3.36754063550947));
#7284=CARTESIAN_POINT('Ctrl Pts',(98.7755142440724,-89.2209358253371,2.59872589032187));
#7285=CARTESIAN_POINT('Ctrl Pts',(98.7755142440724,-89.2209358253371,2.24415768891731));
#7286=CARTESIAN_POINT('',(100.007207672646,-88.3404227937088,3.50976732433848));
#7287=CARTESIAN_POINT('Ctrl Pts',(99.2096826451581,-89.5247239024581,4.95651942300284));
#7288=CARTESIAN_POINT('Ctrl Pts',(99.2545976503784,-89.3608739330842,4.86540422360962));
#7289=CARTESIAN_POINT('Ctrl Pts',(99.3531978022655,-89.0714255704112,4.66401287455292));
#7290=CARTESIAN_POINT('Ctrl Pts',(99.6319996638413,-88.6186692184912,4.12998953217548));
#7291=CARTESIAN_POINT('Ctrl Pts',(99.8787663561991,-88.4031804298601,3.69927790377406));
#7292=CARTESIAN_POINT('Ctrl Pts',(100.007207672646,-88.3404227937088,3.50976732433848));
#7293=CARTESIAN_POINT('',(99.5361933058865,-88.5705648466627,2.24415768891731));
#7294=CARTESIAN_POINT('Origin',(101.144336944948,-87.784810728195,2.24415768891731));
#7295=CARTESIAN_POINT('Origin',(100.414208216588,-90.3675316845831,2.24415768891731));
#7296=CARTESIAN_POINT('Ctrl Pts',(99.2096826451581,-89.5247239024581,4.95651942300284));
#7297=CARTESIAN_POINT('Ctrl Pts',(99.2545976503784,-89.3608739330842,4.86540422360962));
#7298=CARTESIAN_POINT('Ctrl Pts',(99.3531978022655,-89.0714255704112,4.66401287455292));
#7299=CARTESIAN_POINT('Ctrl Pts',(99.6319996638413,-88.6186692184912,4.12998953217548));
#7300=CARTESIAN_POINT('Ctrl Pts',(99.8787663561991,-88.4031804298601,3.69927790377406));
#7301=CARTESIAN_POINT('Ctrl Pts',(100.007207672646,-88.3404227937088,3.50976732433848));
#7302=CARTESIAN_POINT('Ctrl Pts',(99.3482225854038,-89.4263833964878,5.04763462239606));
#7303=CARTESIAN_POINT('Ctrl Pts',(99.3889134369776,-89.274042748738,4.95475904238687));
#7304=CARTESIAN_POINT('Ctrl Pts',(99.4832876938946,-88.9971222733065,4.75128982692668));
#7305=CARTESIAN_POINT('Ctrl Pts',(99.7600771000022,-88.5515605132035,4.22343103753607));
#7306=CARTESIAN_POINT('Ctrl Pts',(99.9876614160811,-88.3499732786426,3.81051000859213));
#7307=CARTESIAN_POINT('Ctrl Pts',(100.106440921758,-88.2919364941737,3.6202126002538));
#7308=CARTESIAN_POINT('Ctrl Pts',(99.6485984036382,-89.2385228798253,5.19828556221987));
#7309=CARTESIAN_POINT('Ctrl Pts',(99.6836123528089,-89.1008224643872,5.10500785794252));
#7310=CARTESIAN_POINT('Ctrl Pts',(99.7750571575003,-88.8352602320747,4.89658791322954));
#7311=CARTESIAN_POINT('Ctrl Pts',(100.054660613483,-88.3922562219282,4.3770148025231));
#7312=CARTESIAN_POINT('Ctrl Pts',(100.232873712155,-88.2301602427552,4.00471306258057));
#7313=CARTESIAN_POINT('Ctrl Pts',(100.331025798974,-88.1822022092926,3.81201305034241));
#7314=CARTESIAN_POINT('Ctrl Pts',(100.413651780659,-88.8213280340689,5.4043819947866));
#7315=CARTESIAN_POINT('Ctrl Pts',(100.433459466159,-88.6854231964529,5.29855815789723));
#7316=CARTESIAN_POINT('Ctrl Pts',(100.49684047369,-88.4176716627288,5.05016271756874));
#7317=CARTESIAN_POINT('Ctrl Pts',(100.607272900623,-88.106089454168,4.55562273995067));
#7318=CARTESIAN_POINT('Ctrl Pts',(100.672169419817,-88.0155162251834,4.19007482065031));
#7319=CARTESIAN_POINT('Ctrl Pts',(100.723339073455,-87.9905142507886,3.99287501791987));
#7320=CARTESIAN_POINT('Ctrl Pts',(101.074628849754,-88.4708432114975,5.44821356237309));
#7321=CARTESIAN_POINT('Ctrl Pts',(101.045194181622,-88.3554987619776,5.33165644825474));
#7322=CARTESIAN_POINT('Ctrl Pts',(100.998126718777,-88.1459332084722,5.0649432480046));
#7323=CARTESIAN_POINT('Ctrl Pts',(100.971487677667,-87.9261019200498,4.57998059094814));
#7324=CARTESIAN_POINT('Ctrl Pts',(100.986017109004,-87.8621672902,4.21822919882162));
#7325=CARTESIAN_POINT('Ctrl Pts',(101.003999938215,-87.8533807105869,4.034));
#7326=CARTESIAN_POINT('Ctrl Pts',(101.401501558309,-88.3111301294545,5.44821356237309));
#7327=CARTESIAN_POINT('Ctrl Pts',(101.347322149056,-88.2002452224457,5.32480014742425));
#7328=CARTESIAN_POINT('Ctrl Pts',(101.253233606164,-88.0076813042875,5.04549067311925));
#7329=CARTESIAN_POINT('Ctrl Pts',(101.164510983323,-87.8260994096339,4.55758242294624));
#7330=CARTESIAN_POINT('Ctrl Pts',(101.144336944948,-87.784810728195,4.20853292519943));
#7331=CARTESIAN_POINT('Ctrl Pts',(101.144336944948,-87.784810728195,4.034));
#7332=CARTESIAN_POINT('',(101.401501558309,-88.3111301294545,5.44821356237309));
#7333=CARTESIAN_POINT('Ctrl Pts',(99.2096826451581,-89.5247239024581,4.95651942300284));
#7334=CARTESIAN_POINT('Ctrl Pts',(99.3482225854038,-89.4263833964878,5.04763462239606));
#7335=CARTESIAN_POINT('Ctrl Pts',(99.6485984036381,-89.2385228798253,5.19828556221987));
#7336=CARTESIAN_POINT('Ctrl Pts',(100.413651780659,-88.821328034069,5.4043819947866));
#7337=CARTESIAN_POINT('Ctrl Pts',(101.074628849754,-88.4708432114975,5.44821356237309));
#7338=CARTESIAN_POINT('Ctrl Pts',(101.401501558309,-88.3111301294545,5.44821356237309));
#7339=CARTESIAN_POINT('',(101.144336944948,-87.784810728195,4.034));
#7340=CARTESIAN_POINT('Origin',(102.022351855649,-89.5817775661153,4.034));
#7341=CARTESIAN_POINT('Origin',(101.144336944948,-87.784810728195,2.24415768891731));
#7342=CARTESIAN_POINT('Ctrl Pts',(99.2096826451581,-89.5247239024581,4.95651942300284));
#7343=CARTESIAN_POINT('Ctrl Pts',(99.3482225854038,-89.4263833964878,5.04763462239606));
#7344=CARTESIAN_POINT('Ctrl Pts',(99.6485984036381,-89.2385228798253,5.19828556221987));
#7345=CARTESIAN_POINT('Ctrl Pts',(100.413651780659,-88.821328034069,5.4043819947866));
#7346=CARTESIAN_POINT('Ctrl Pts',(101.074628849754,-88.4708432114975,5.44821356237309));
#7347=CARTESIAN_POINT('Ctrl Pts',(101.401501558309,-88.3111301294545,5.44821356237309));
#7348=CARTESIAN_POINT('Ctrl Pts',(99.3033075801835,-89.5902333658617,5.13874982178927));
#7349=CARTESIAN_POINT('Ctrl Pts',(99.4431120499635,-89.491756660555,5.21169209852035));
#7350=CARTESIAN_POINT('Ctrl Pts',(99.7464586322904,-89.3024186165198,5.33715734134917));
#7351=CARTESIAN_POINT('Ctrl Pts',(100.51450472752,-88.8921557819364,5.52532788089939));
#7352=CARTESIAN_POINT('Ctrl Pts',(101.140382707725,-88.5684417630126,5.56477067649145));
#7353=CARTESIAN_POINT('Ctrl Pts',(101.455680967562,-88.4220150364633,5.57162697732194));
#7354=CARTESIAN_POINT('Ctrl Pts',(99.5168392965141,-89.7396417275623,5.4517953519469));
#7355=CARTESIAN_POINT('Ctrl Pts',(99.6598063507692,-89.6394145978176,5.50051078929843));
#7356=CARTESIAN_POINT('Ctrl Pts',(99.9756708211307,-89.4470455612945,5.59407486899108));
#7357=CARTESIAN_POINT('Ctrl Pts',(100.752958892782,-89.05778848571,5.75019715849997));
#7358=CARTESIAN_POINT('Ctrl Pts',(101.290032270968,-88.792169794109,5.77372481859474));
#7359=CARTESIAN_POINT('Ctrl Pts',(101.578299909132,-88.6729699678848,5.78594803666999));
#7360=CARTESIAN_POINT('Ctrl Pts',(100.081061808778,-90.1344288001369,5.89548544533199));
#7361=CARTESIAN_POINT('Ctrl Pts',(100.228670024017,-90.019015706898,5.91445212689225));
#7362=CARTESIAN_POINT('Ctrl Pts',(100.563037340971,-89.7951372764788,5.95707005333249));
#7363=CARTESIAN_POINT('Ctrl Pts',(101.154569977453,-89.4140611283828,5.98466540722382));
#7364=CARTESIAN_POINT('Ctrl Pts',(101.559789716612,-89.2001207028818,5.98293432386134));
#7365=CARTESIAN_POINT('Ctrl Pts',(101.792495268485,-89.1113474406391,5.98804625108538));
#7366=CARTESIAN_POINT('Ctrl Pts',(100.570354004972,-90.4767870534331,6.034));
#7367=CARTESIAN_POINT('Ctrl Pts',(100.68746949392,-90.3357620429492,6.034));
#7368=CARTESIAN_POINT('Ctrl Pts',(100.943508272632,-90.0644075354043,6.034));
#7369=CARTESIAN_POINT('Ctrl Pts',(101.404951906023,-89.6976166747849,6.034));
#7370=CARTESIAN_POINT('Ctrl Pts',(101.758659985254,-89.5055752674887,6.034));
#7371=CARTESIAN_POINT('Ctrl Pts',(101.945730600283,-89.424962626761,6.034));
#7372=CARTESIAN_POINT('Ctrl Pts',(100.793183426849,-90.6327010292746,6.034));
#7373=CARTESIAN_POINT('Ctrl Pts',(100.897304150097,-90.4838935831071,6.034));
#7374=CARTESIAN_POINT('Ctrl Pts',(101.130691164874,-90.2038766478084,6.034));
#7375=CARTESIAN_POINT('Ctrl Pts',(101.546288492541,-89.8485461880943,6.034));
#7376=CARTESIAN_POINT('Ctrl Pts',(101.859171877885,-89.6615088391595,6.034));
#7377=CARTESIAN_POINT('Ctrl Pts',(102.022351855649,-89.5817775661153,6.034));
#7378=CARTESIAN_POINT('',(100.793183426849,-90.6327010292746,6.034));
#7379=CARTESIAN_POINT('Ctrl Pts',(99.2096826451581,-89.5247239024581,4.95651942300284));
#7380=CARTESIAN_POINT('Ctrl Pts',(99.3033075801835,-89.5902333658617,5.13874982178927));
#7381=CARTESIAN_POINT('Ctrl Pts',(99.5168392965141,-89.7396417275623,5.4517953519469));
#7382=CARTESIAN_POINT('Ctrl Pts',(100.081061808778,-90.1344288001369,5.89548544533199));
#7383=CARTESIAN_POINT('Ctrl Pts',(100.570354004972,-90.4767870534331,6.034));
#7384=CARTESIAN_POINT('Ctrl Pts',(100.793183426849,-90.6327010292746,6.034));
#7385=CARTESIAN_POINT('',(102.022351855649,-89.5817775661153,6.034));
#7386=CARTESIAN_POINT('Origin',(103.441121297885,-92.4854658831106,6.034));
#7387=CARTESIAN_POINT('Origin',(102.022351855649,-89.5817775661153,4.034));
#7388=CARTESIAN_POINT('Ctrl Pts',(99.2096826451581,-89.5247239024581,4.95651942300284));
#7389=CARTESIAN_POINT('Ctrl Pts',(99.3033075801835,-89.5902333658617,5.13874982178927));
#7390=CARTESIAN_POINT('Ctrl Pts',(99.5168392965141,-89.7396417275623,5.4517953519469));
#7391=CARTESIAN_POINT('Ctrl Pts',(100.081061808778,-90.1344288001369,5.89548544533199));
#7392=CARTESIAN_POINT('Ctrl Pts',(100.570354004972,-90.4767870534331,6.034));
#7393=CARTESIAN_POINT('Ctrl Pts',(100.793183426849,-90.6327010292746,6.034));
#7394=CARTESIAN_POINT('Ctrl Pts',(99.1647676399378,-89.6885738718319,5.04763462239606));
#7395=CARTESIAN_POINT('Ctrl Pts',(99.2586979235383,-89.7553179799012,5.21169209852035));
#7396=CARTESIAN_POINT('Ctrl Pts',(99.4716688743002,-89.9082972614066,5.50051078929843));
#7397=CARTESIAN_POINT('Ctrl Pts',(100.023215118832,-90.3126481250129,5.91445212689225));
#7398=CARTESIAN_POINT('Ctrl Pts',(100.477997340677,-90.6351358390104,6.034));
#7399=CARTESIAN_POINT('Ctrl Pts',(100.689062703601,-90.781508475442,6.034));
#7400=CARTESIAN_POINT('Ctrl Pts',(99.0912066927519,-90.0351369872234,5.19828556221987));
#7401=CARTESIAN_POINT('Ctrl Pts',(99.1847668576488,-90.1051782969206,5.33715734134917));
#7402=CARTESIAN_POINT('Ctrl Pts',(99.3991796792196,-90.2709562285453,5.59407486899108));
#7403=CARTESIAN_POINT('Ctrl Pts',(99.9274642792328,-90.7034867502406,5.95707005333249));
#7404=CARTESIAN_POINT('Ctrl Pts',(100.310804656164,-90.9686560501139,6.034));
#7405=CARTESIAN_POINT('Ctrl Pts',(100.50597018586,-91.096716522084,6.034));
#7406=CARTESIAN_POINT('Ctrl Pts',(98.9614212811101,-90.8968294822246,5.4043819947866));
#7407=CARTESIAN_POINT('Ctrl Pts',(99.0625192739972,-90.967307014763,5.52532788089939));
#7408=CARTESIAN_POINT('Ctrl Pts',(99.2998330091139,-91.1345696005833,5.75019715849997));
#7409=CARTESIAN_POINT('Ctrl Pts',(99.7721524964592,-91.3897870786709,5.98466540722382));
#7410=CARTESIAN_POINT('Ctrl Pts',(100.124337164069,-91.5278479998263,6.034));
#7411=CARTESIAN_POINT('Ctrl Pts',(100.31455963262,-91.6089106986156,6.034));
#7412=CARTESIAN_POINT('Ctrl Pts',(98.8586445783814,-91.6378876756874,5.4482135623731));
#7413=CARTESIAN_POINT('Ctrl Pts',(98.9728656491928,-91.6662177670863,5.56477067649145));
#7414=CARTESIAN_POINT('Ctrl Pts',(99.2343279192208,-91.730145108879,5.77372481859475));
#7415=CARTESIAN_POINT('Ctrl Pts',(99.7100162314443,-91.8437833641595,5.98293432386134));
#7416=CARTESIAN_POINT('Ctrl Pts',(100.065123215449,-91.9259472534283,6.034));
#7417=CARTESIAN_POINT('Ctrl Pts',(100.246057848509,-91.9669421054699,6.034));
#7418=CARTESIAN_POINT('Ctrl Pts',(98.8206064133181,-91.9996985851039,5.4482135623731));
#7419=CARTESIAN_POINT('Ctrl Pts',(98.9433433931739,-92.0126022576511,5.57162697732194));
#7420=CARTESIAN_POINT('Ctrl Pts',(99.221121958296,-92.0418058737837,5.78594803666999));
#7421=CARTESIAN_POINT('Ctrl Pts',(99.7063559589742,-92.0928198441525,5.98804625108538));
#7422=CARTESIAN_POINT('Ctrl Pts',(100.053492298985,-92.1293152318182,6.034));
#7423=CARTESIAN_POINT('Ctrl Pts',(100.227068600502,-92.1475637805389,6.034));
#7424=CARTESIAN_POINT('',(98.8206064133181,-91.9996985851039,5.4482135623731));
#7425=CARTESIAN_POINT('Ctrl Pts',(99.2096826451581,-89.5247239024581,4.95651942300284));
#7426=CARTESIAN_POINT('Ctrl Pts',(99.1647676399378,-89.6885738718319,5.04763462239606));
#7427=CARTESIAN_POINT('Ctrl Pts',(99.0912066927519,-90.0351369872234,5.19828556221987));
#7428=CARTESIAN_POINT('Ctrl Pts',(98.9614212811101,-90.8968294822246,5.4043819947866));
#7429=CARTESIAN_POINT('Ctrl Pts',(98.8586445783814,-91.6378876756874,5.4482135623731));
#7430=CARTESIAN_POINT('Ctrl Pts',(98.8206064133181,-91.9996985851039,5.4482135623731));
#7431=CARTESIAN_POINT('',(100.227068600502,-92.1475637805389,6.034));
#7432=CARTESIAN_POINT('Origin',(100.227068600502,-92.1475637805389,4.034));
#7433=CARTESIAN_POINT('Origin',(103.441121297885,-92.4854658831106,6.034));
#7434=CARTESIAN_POINT('Ctrl Pts',(99.2096826451581,-89.5247239024581,4.95651942300284));
#7435=CARTESIAN_POINT('Ctrl Pts',(99.1647676399378,-89.6885738718319,5.04763462239606));
#7436=CARTESIAN_POINT('Ctrl Pts',(99.0912066927519,-90.0351369872234,5.19828556221987));
#7437=CARTESIAN_POINT('Ctrl Pts',(98.9614212811101,-90.8968294822246,5.4043819947866));
#7438=CARTESIAN_POINT('Ctrl Pts',(98.8586445783814,-91.6378876756874,5.4482135623731));
#7439=CARTESIAN_POINT('Ctrl Pts',(98.8206064133181,-91.9996985851039,5.4482135623731));
#7440=CARTESIAN_POINT('Ctrl Pts',(99.0711427049125,-89.6230644084283,4.86540422360962));
#7441=CARTESIAN_POINT('Ctrl Pts',(99.0355928012654,-89.7790021827341,4.95475904238688));
#7442=CARTESIAN_POINT('Ctrl Pts',(98.9738405231852,-90.1152154692868,5.10500785794252));
#7443=CARTESIAN_POINT('Ctrl Pts',(98.8405314222227,-90.9620070190795,5.29855815789723));
#7444=CARTESIAN_POINT('Ctrl Pts',(98.7401970447853,-91.6497587964459,5.33165644825474));
#7445=CARTESIAN_POINT('Ctrl Pts',(98.6978694334623,-91.9867949125567,5.32480014742425));
#7446=CARTESIAN_POINT('Ctrl Pts',(98.8330038124065,-89.8148773706659,4.66401287455293));
#7447=CARTESIAN_POINT('Ctrl Pts',(98.8077753151667,-89.9625522933567,4.75128982692668));
#7448=CARTESIAN_POINT('Ctrl Pts',(98.7556898475209,-90.2921214732636,4.89658791322955));
#7449=CARTESIAN_POINT('Ctrl Pts',(98.6107076739898,-91.1132983958184,5.05016271756873));
#7450=CARTESIAN_POINT('Ctrl Pts',(98.5271905306313,-91.6773503205559,5.0649432480046));
#7451=CARTESIAN_POINT('Ctrl Pts',(98.4847230785478,-91.9643862564884,5.04549067311925));
#7452=CARTESIAN_POINT('Ctrl Pts',(98.5031913507376,-90.2319415531964,4.12998953217548));
#7453=CARTESIAN_POINT('Ctrl Pts',(98.4840322978179,-90.3752605633456,4.22343103753607));
#7454=CARTESIAN_POINT('Ctrl Pts',(98.4353139930178,-90.7065969941988,4.3770148025231));
#7455=CARTESIAN_POINT('Ctrl Pts',(98.3558293568407,-91.3238116663196,4.55562273995068));
#7456=CARTESIAN_POINT('Ctrl Pts',(98.3115397524771,-91.7276511730552,4.57998059094814));
#7457=CARTESIAN_POINT('Ctrl Pts',(98.2837325745425,-91.9432555780911,4.55758242294624));
#7458=CARTESIAN_POINT('Ctrl Pts',(98.3853051032519,-90.5376081217587,3.69927790377406));
#7459=CARTESIAN_POINT('Ctrl Pts',(98.3726329891415,-90.6581425671731,3.81051000859213));
#7460=CARTESIAN_POINT('Ctrl Pts',(98.344097643273,-90.9295646881405,4.00471306258057));
#7461=CARTESIAN_POINT('Ctrl Pts',(98.2929768179417,-91.4158150704201,4.19007482065031));
#7462=CARTESIAN_POINT('Ctrl Pts',(98.2564543739029,-91.7632087648795,4.21822919882162));
#7463=CARTESIAN_POINT('Ctrl Pts',(98.2380307004215,-91.9384508157518,4.20853292519943));
#7464=CARTESIAN_POINT('Ctrl Pts',(98.3703583919846,-90.6797780499717,3.50976732433848));
#7465=CARTESIAN_POINT('Ctrl Pts',(98.3588106224379,-90.7896179698119,3.62021260025381));
#7466=CARTESIAN_POINT('Ctrl Pts',(98.3326756885425,-91.0382078842956,3.81201305034241));
#7467=CARTESIAN_POINT('Ctrl Pts',(98.2870222072312,-91.4724540568904,3.99287501791987));
#7468=CARTESIAN_POINT('Ctrl Pts',(98.2543617127296,-91.7831137114237,4.034));
#7469=CARTESIAN_POINT('Ctrl Pts',(98.2380307004215,-91.9384508157518,4.034));
#7470=CARTESIAN_POINT('',(98.3703583919846,-90.6797780499717,3.50976732433848));
#7471=CARTESIAN_POINT('Ctrl Pts',(99.2096826451581,-89.5247239024581,4.95651942300284));
#7472=CARTESIAN_POINT('Ctrl Pts',(99.0711427049125,-89.6230644084283,4.86540422360962));
#7473=CARTESIAN_POINT('Ctrl Pts',(98.8330038124065,-89.8148773706659,4.66401287455293));
#7474=CARTESIAN_POINT('Ctrl Pts',(98.5031913507376,-90.2319415531964,4.12998953217548));
#7475=CARTESIAN_POINT('Ctrl Pts',(98.3853051032519,-90.5376081217587,3.69927790377406));
#7476=CARTESIAN_POINT('Ctrl Pts',(98.3703583919846,-90.6797780499717,3.50976732433848));
#7477=CARTESIAN_POINT('',(98.2380307004215,-91.9384508157518,4.034));
#7478=CARTESIAN_POINT('Origin',(98.2380307004215,-91.9384508157518,2.24415768891731));
#7479=CARTESIAN_POINT('Origin',(100.227068600502,-92.1475637805389,4.034));
#7480=CARTESIAN_POINT('Origin',(146.2,-87.8,1.50999999999999));
#7481=CARTESIAN_POINT('',(147.8,-87.8,4.144));
#7482=CARTESIAN_POINT('Origin',(146.2,-87.8,4.144));
#7483=CARTESIAN_POINT('',(147.8,-87.8,6.034));
#7484=CARTESIAN_POINT('',(147.8,-87.8,1.50999999999999));
#7485=CARTESIAN_POINT('Origin',(146.2,-87.8,6.034));
#7486=CARTESIAN_POINT('Origin',(132.98373077282,-103.621268473281,-1.966));
#7487=CARTESIAN_POINT('',(140.789475553927,-78.5198520465555,-1.966));
#7488=CARTESIAN_POINT('',(140.180315979118,-77.7268043730719,-1.966));
#7489=CARTESIAN_POINT('',(145.099789938104,-84.1313288019254,-1.966));
#7490=CARTESIAN_POINT('',(150.587562694474,-70.993698454473,-1.966));
#7491=CARTESIAN_POINT('',(132.093546829103,-85.1994104409692,-1.966));
#7492=CARTESIAN_POINT('',(149.978403119664,-70.2006507809893,-1.966));
#7493=CARTESIAN_POINT('',(154.89787707865,-76.6051752098429,-1.966));
#7494=CARTESIAN_POINT('',(152.224138350692,-70.0708160024382,-1.966));
#7495=CARTESIAN_POINT('Origin',(151.196722269283,-71.7867461279567,-1.966));
#7496=CARTESIAN_POINT('',(151.710430309988,-70.9287810651975,-1.966));
#7497=CARTESIAN_POINT('',(142.29183273593,-86.659170738769,-1.966));
#7498=CARTESIAN_POINT('',(166.862506920389,-80.0011127089849,-1.966));
#7499=CARTESIAN_POINT('',(151.439022897473,-70.766275415297,-1.966));
#7500=CARTESIAN_POINT('',(167.376214961093,-79.1431476462257,-1.966));
#7501=CARTESIAN_POINT('',(157.443909346331,-95.7315023825565,-1.966));
#7502=CARTESIAN_POINT('',(168.340495472388,-80.6770209602522,-1.966));
#7503=CARTESIAN_POINT('Origin',(166.348798879684,-80.8590777717442,-1.966));
#7504=CARTESIAN_POINT('',(167.344647176036,-80.7680493659982,-1.966));
#7505=CARTESIAN_POINT('',(149.768645658557,-82.3746348302561,-1.966));
#7506=CARTESIAN_POINT('',(170.012521702922,-109.954524518538,-1.966));
#7507=CARTESIAN_POINT('',(168.191867262969,-90.03661419796,-1.966));
#7508=CARTESIAN_POINT('',(171.008369999274,-109.863496112792,-1.966));
#7509=CARTESIAN_POINT('',(152.436520185443,-111.561109982796,-1.966));
#7510=CARTESIAN_POINT('',(171.001965161671,-110.287661674906,-1.966));
#7511=CARTESIAN_POINT('Origin',(169.01667340657,-110.045552924284,-1.966));
#7512=CARTESIAN_POINT('',(170.009319284121,-110.166607299595,-1.966));
#7513=CARTESIAN_POINT('',(151.870879987582,-107.954602507334,-1.966));
#7514=CARTESIAN_POINT('',(167.341279329287,-132.044534929231,-1.966));
#7515=CARTESIAN_POINT('',(170.144198314222,-109.060599252762,-1.966));
#7516=CARTESIAN_POINT('',(168.333925206838,-132.165589304542,-1.966));
#7517=CARTESIAN_POINT('',(149.202840032748,-129.83253013697,-1.966));
#7518=CARTESIAN_POINT('',(167.734173658236,-133.365797556584,-1.966));
#7519=CARTESIAN_POINT('Origin',(166.348633451737,-131.92348055392,-1.966));
#7520=CARTESIAN_POINT('',(167.041403554986,-132.644639055252,-1.966));
#7521=CARTESIAN_POINT('',(151.965136920592,-116.950575756702,-1.966));
#7522=CARTESIAN_POINT('',(163.294456112025,-136.244087944971,-1.966));
#7523=CARTESIAN_POINT('',(165.691992368801,-133.940930681924,-1.966));
#7524=CARTESIAN_POINT('',(163.987226215275,-136.965246446303,-1.966));
#7525=CARTESIAN_POINT('',(148.218189477631,-120.55002464642,-1.966));
#7526=CARTESIAN_POINT('',(162.533787534511,-137.521776560652,-1.966));
#7527=CARTESIAN_POINT('Origin',(162.601686008776,-135.522929443639,-1.966));
#7528=CARTESIAN_POINT('',(162.567736771643,-136.522353002145,-1.966));
#7529=CARTESIAN_POINT('',(163.091875046947,-121.092370342704,-1.966));
#7530=CARTESIAN_POINT('',(101.032037523952,-134.432058023521,-1.966));
#7531=CARTESIAN_POINT('',(147.656745719805,-136.015844258391,-1.966));
#7532=CARTESIAN_POINT('',(100.99808828682,-135.431481582028,-1.966));
#7533=CARTESIAN_POINT('',(101.556175799256,-119.00207536408,-1.966));
#7534=CARTESIAN_POINT('',(99.2176528099834,-134.196611955001,-1.966));
#7535=CARTESIAN_POINT('Origin',(101.065986761085,-133.432634465014,-1.966));
#7536=CARTESIAN_POINT('',(100.141819785534,-133.814623210008,-1.966));
#7537=CARTESIAN_POINT('',(119.034071406414,-126.005831424886,-1.966));
#7538=CARTESIAN_POINT('',(96.0127367220936,-123.824899019044,-1.966));
#7539=CARTESIAN_POINT('',(97.4546035757614,-127.313289048241,-1.966));
#7540=CARTESIAN_POINT('',(95.0885697465431,-124.206887764037,-1.966));
#7541=CARTESIAN_POINT('',(114.904988342973,-116.016107233922,-1.966));
#7542=CARTESIAN_POINT('',(94.9478657975634,-123.233797309263,-1.966));
#7543=CARTESIAN_POINT('Origin',(96.9369036976442,-123.442910274051,-1.966));
#7544=CARTESIAN_POINT('',(95.9423847476038,-123.338353791657,-1.966));
#7545=CARTESIAN_POINT('',(112.738204398214,-125.104143997579,-1.966));
#7546=CARTESIAN_POINT('',(99.4196892665479,-90.2629752021895,-1.966));
#7547=CARTESIAN_POINT('',(97.143464937461,-111.913935314813,-1.966));
#7548=CARTESIAN_POINT('',(98.4251703165075,-90.1584187197959,-1.966));
#7549=CARTESIAN_POINT('',(116.215508917158,-92.0287654081113,-1.966));
#7550=CARTESIAN_POINT('',(99.5361933058865,-88.5705648466627,-1.966));
#7551=CARTESIAN_POINT('Origin',(100.414208216588,-90.3675316845831,-1.966));
#7552=CARTESIAN_POINT('',(99.9752007612374,-89.4690482656229,-1.966));
#7553=CARTESIAN_POINT('',(105.727630899607,-101.242112788915,-1.966));
#7554=CARTESIAN_POINT('',(106.570991449002,-86.2462828536426,-1.966));
#7555=CARTESIAN_POINT('',(110.009926704673,-84.5659867192347,-1.966));
#7556=CARTESIAN_POINT('',(106.131983993651,-85.3477994346825,-1.966));
#7557=CARTESIAN_POINT('',(112.323421587372,-98.0193473769349,-1.966));
#7558=CARTESIAN_POINT('',(106.587157593923,-85.1899759446663,-1.966));
#7559=CARTESIAN_POINT('Origin',(107.009998904353,-87.1447662726028,-1.966));
#7560=CARTESIAN_POINT('',(106.798578249138,-86.1673711086345,-1.966));
#7561=CARTESIAN_POINT('',(109.081438967126,-96.7210089426808,-1.966));
#7562=CARTESIAN_POINT('',(139.596258795143,-79.0728945180093,-1.966));
#7563=CARTESIAN_POINT('',(117.384003169271,-83.8776345160617,-1.966));
#7564=CARTESIAN_POINT('',(139.384838139928,-78.095499354041,-1.966));
#7565=CARTESIAN_POINT('',(141.879119513131,-89.6265323520556,-1.966));
#7566=CARTESIAN_POINT('Origin',(138.961996829499,-76.1407090261045,-1.966));
#7567=CARTESIAN_POINT('',(163.500002585351,-130.500001944602,-1.966));
#7568=CARTESIAN_POINT('',(161.437159195842,-132.481641522168,-1.966));
#7569=CARTESIAN_POINT('',(161.24755646385,-132.663780544277,-1.966));
#7570=CARTESIAN_POINT('',(166.000002622604,-110.000001639128,-1.966));
#7571=CARTESIAN_POINT('',(164.891337159299,-119.091058438236,-1.966));
#7572=CARTESIAN_POINT('',(163.499996121973,-82.6499981526285,-1.966));
#7573=CARTESIAN_POINT('',(165.574095770663,-105.340592200566,-1.966));
#7574=CARTESIAN_POINT('',(151.40612586219,-75.4087727632074,-1.966));
#7575=CARTESIAN_POINT('',(156.889898960397,-78.692191233522,-1.966));
#7576=CARTESIAN_POINT('',(141.978978714339,-82.6499981526285,-1.966));
#7577=CARTESIAN_POINT('',(138.798353295542,-85.0931153730999,-1.966));
#7578=CARTESIAN_POINT('',(108.000001758337,-90.0000013411045,-1.966));
#7579=CARTESIAN_POINT('',(135.515625008414,-84.0480882248608,-1.966));
#7580=CARTESIAN_POINT('',(103.224046171572,-92.3335781937981,-1.966));
#7581=CARTESIAN_POINT('',(115.397947310235,-86.3852955123407,-1.966));
#7582=CARTESIAN_POINT('',(100.000001639128,-123.000001832843,-1.966));
#7583=CARTESIAN_POINT('',(102.799847246647,-96.3684678512082,-1.966));
#7584=CARTESIAN_POINT('',(103.099997472018,-130.499997083098,-1.966));
#7585=CARTESIAN_POINT('',(98.98586504842,-120.546443820693,-1.966));
#7586=CARTESIAN_POINT('',(117.568649702814,-130.991480099871,-1.966));
#7587=CARTESIAN_POINT('Origin',(162.533787534511,-137.521776560652,2.33408937627202));
#7588=CARTESIAN_POINT('',(162.533787534511,-137.521776560652,0.));
#7589=CARTESIAN_POINT('',(162.567736771643,-136.522353002145,2.33408937627202));
#7590=CARTESIAN_POINT('',(162.533787534511,-137.521776560652,2.33408937627202));
#7591=CARTESIAN_POINT('',(162.567736771643,-136.522353002145,0.));
#7592=CARTESIAN_POINT('Origin',(162.601686008776,-135.522929443639,0.));
#7593=CARTESIAN_POINT('',(163.987226215275,-136.965246446303,0.));
#7594=CARTESIAN_POINT('Origin',(163.987226215275,-136.965246446303,-3.30008937627202));
#7595=CARTESIAN_POINT('',(163.294456112025,-136.244087944971,2.33408937627202));
#7596=CARTESIAN_POINT('',(163.294456112025,-136.244087944971,0.));
#7597=CARTESIAN_POINT('',(163.987226215275,-136.965246446303,2.33408937627202));
#7598=CARTESIAN_POINT('Origin',(167.554950592744,-132.151307792134,0.));
#7599=CARTESIAN_POINT('',(167.041403554986,-132.644639055252,2.38467028281719));
#7600=CARTESIAN_POINT('',(167.041403554986,-132.644639055252,0.));
#7601=CARTESIAN_POINT('',(165.85197540794,-133.787245373717,4.034));
#7602=CARTESIAN_POINT('Origin',(165.85197540794,-133.787245373718,2.38467028281719));
#7603=CARTESIAN_POINT('',(164.520361109831,-135.066440686655,4.034));
#7604=CARTESIAN_POINT('',(165.726133251038,-133.908133755216,4.034));
#7605=CARTESIAN_POINT('Origin',(164.520361109831,-135.066440686656,2.33408937627202));
#7606=CARTESIAN_POINT('Origin',(167.734173658236,-133.365797556584,2.38467028281719));
#7607=CARTESIAN_POINT('',(167.734173658236,-133.365797556584,0.));
#7608=CARTESIAN_POINT('',(167.734173658236,-133.365797556584,2.38467028281719));
#7609=CARTESIAN_POINT('Origin',(166.348633451737,-131.92348055392,0.));
#7610=CARTESIAN_POINT('',(168.333925206838,-132.165589304542,0.));
#7611=CARTESIAN_POINT('Origin',(168.333925206838,-132.165589304542,-3.35067028281719));
#7612=CARTESIAN_POINT('',(167.341279329287,-132.044534929231,2.38467028281719));
#7613=CARTESIAN_POINT('',(167.341279329287,-132.044534929231,0.));
#7614=CARTESIAN_POINT('',(168.333925206838,-132.165589304542,2.38467028281719));
#7615=CARTESIAN_POINT('Origin',(170.035141384997,-109.954866072411,0.));
#7616=CARTESIAN_POINT('',(170.009319284121,-110.166607299595,2.60089493580446));
#7617=CARTESIAN_POINT('',(170.009319284121,-110.166607299595,0.));
#7618=CARTESIAN_POINT('',(169.835835645819,-111.589173133666,4.034));
#7619=CARTESIAN_POINT('Origin',(169.835835645819,-111.589173133666,2.60089493580446));
#7620=CARTESIAN_POINT('',(167.540937907883,-130.407334584748,4.034));
#7621=CARTESIAN_POINT('',(170.153647802659,-108.983113447583,4.034));
#7622=CARTESIAN_POINT('Origin',(167.540937907883,-130.407334584748,2.38467028281719));
#7623=CARTESIAN_POINT('Origin',(171.001965161671,-110.287661674906,2.60089493580446));
#7624=CARTESIAN_POINT('',(171.001965161671,-110.287661674906,0.));
#7625=CARTESIAN_POINT('',(171.001965161671,-110.287661674906,2.60089493580446));
#7626=CARTESIAN_POINT('Origin',(169.01667340657,-110.045552924284,0.));
#7627=CARTESIAN_POINT('',(171.008369999274,-109.863496112792,0.));
#7628=CARTESIAN_POINT('Origin',(171.008369999274,-109.863496112792,-3.56689493580445));
#7629=CARTESIAN_POINT('',(170.012521702922,-109.954524518538,2.60089493580446));
#7630=CARTESIAN_POINT('',(170.012521702922,-109.954524518538,0.));
#7631=CARTESIAN_POINT('',(171.008369999274,-109.863496112792,2.60089493580446));
#7632=CARTESIAN_POINT('Origin',(167.252152421806,-79.7561592569006,0.));
#7633=CARTESIAN_POINT('',(167.344647176036,-80.7680493659982,2.27388812356979));
#7634=CARTESIAN_POINT('',(167.344647176036,-80.7680493659982,0.));
#7635=CARTESIAN_POINT('',(167.504867354082,-82.5208537795303,4.034));
#7636=CARTESIAN_POINT('Origin',(167.504867354082,-82.5208537795303,2.27388812356979));
#7637=CARTESIAN_POINT('',(169.882068433662,-108.527369281866,4.034));
#7638=CARTESIAN_POINT('',(168.184521879928,-89.9562559062066,4.034));
#7639=CARTESIAN_POINT('Origin',(169.882068433662,-108.527369281866,2.60089493580446));
#7640=CARTESIAN_POINT('Origin',(168.340495472388,-80.6770209602522,2.27388812356979));
#7641=CARTESIAN_POINT('',(168.340495472388,-80.6770209602522,0.));
#7642=CARTESIAN_POINT('',(168.340495472388,-80.6770209602522,2.27388812356979));
#7643=CARTESIAN_POINT('Origin',(166.348798879684,-80.8590777717442,0.));
#7644=CARTESIAN_POINT('',(167.376214961093,-79.1431476462257,2.27388812356979));
#7645=CARTESIAN_POINT('',(167.376214961093,-79.1431476462257,0.));
#7646=CARTESIAN_POINT('Origin',(166.348798879684,-80.8590777717442,2.27388812356979));
#7647=CARTESIAN_POINT('Origin',(167.376214961093,-79.1431476462257,-3.23988812356979));
#7648=CARTESIAN_POINT('',(166.862506920389,-80.0011127089849,2.27388812356979));
#7649=CARTESIAN_POINT('',(166.862506920389,-80.0011127089849,0.));
#7650=CARTESIAN_POINT('',(167.376214961093,-79.1431476462257,2.27388812356979));
#7651=CARTESIAN_POINT('Origin',(150.543411833308,-70.2300267672155,0.));
#7652=CARTESIAN_POINT('',(151.710430309988,-70.9287810651975,2.17073932945792));
#7653=CARTESIAN_POINT('',(151.710430309988,-70.9287810651975,0.));
#7654=CARTESIAN_POINT('',(153.309042868126,-71.8859530535835,4.034));
#7655=CARTESIAN_POINT('Origin',(153.309042868126,-71.8859530535835,2.17073932945792));
#7656=CARTESIAN_POINT('',(165.352392423864,-79.0969290855231,4.034));
#7657=CARTESIAN_POINT('',(151.395510184466,-70.74022210437,4.034));
#7658=CARTESIAN_POINT('Origin',(165.352392423864,-79.0969290855231,2.27388812356979));
#7659=CARTESIAN_POINT('Origin',(152.224138350692,-70.0708160024382,2.17073932945792));
#7660=CARTESIAN_POINT('',(152.224138350692,-70.0708160024382,0.));
#7661=CARTESIAN_POINT('',(152.224138350692,-70.0708160024382,2.17073932945792));
#7662=CARTESIAN_POINT('Origin',(151.196722269283,-71.7867461279567,0.));
#7663=CARTESIAN_POINT('',(149.978403119664,-70.2006507809893,0.));
#7664=CARTESIAN_POINT('Origin',(149.978403119664,-70.2006507809893,-3.13673932945791));
#7665=CARTESIAN_POINT('',(150.587562694474,-70.993698454473,2.17073932945792));
#7666=CARTESIAN_POINT('',(150.587562694474,-70.993698454473,0.));
#7667=CARTESIAN_POINT('',(149.978403119664,-70.2006507809893,2.17073932945792));
#7668=CARTESIAN_POINT('Origin',(140.433151228548,-78.7935535928808,0.));
#7669=CARTESIAN_POINT('',(140.789475553927,-78.5198520465555,2.49424317697666));
#7670=CARTESIAN_POINT('',(140.789475553927,-78.5198520465555,0.));
#7671=CARTESIAN_POINT('',(142.010576120157,-77.5818944349326,4.034));
#7672=CARTESIAN_POINT('Origin',(142.010576120157,-77.5818944349326,2.49424317697666));
#7673=CARTESIAN_POINT('',(149.109908154607,-72.1287215322998,4.034));
#7674=CARTESIAN_POINT('',(132.125147116674,-85.1751374768279,4.034));
#7675=CARTESIAN_POINT('Origin',(149.109908154607,-72.1287215322998,2.17073932945792));
#7676=CARTESIAN_POINT('Origin',(141.978978714339,-82.6499981526285,0.));
#7677=CARTESIAN_POINT('',(141.978978714339,-82.6499981526285,4.144));
#7678=CARTESIAN_POINT('',(141.978978714339,-82.6499981526285,0.));
#7679=CARTESIAN_POINT('',(108.000001758337,-90.0000013411045,4.144));
#7680=CARTESIAN_POINT('',(135.521449446802,-84.046828338762,4.144));
#7681=CARTESIAN_POINT('',(108.000001758337,-90.0000013411045,0.));
#7682=CARTESIAN_POINT('Origin',(151.40612586219,-75.4087727632074,0.));
#7683=CARTESIAN_POINT('',(151.40612586219,-75.4087727632074,4.144));
#7684=CARTESIAN_POINT('',(151.40612586219,-75.4087727632074,0.));
#7685=CARTESIAN_POINT('',(138.829953583114,-85.0688424089586,4.144));
#7686=CARTESIAN_POINT('Origin',(163.499996121973,-82.6499981526285,0.));
#7687=CARTESIAN_POINT('',(163.499996121973,-82.6499981526285,4.144));
#7688=CARTESIAN_POINT('',(163.499996121973,-82.6499981526285,0.));
#7689=CARTESIAN_POINT('',(156.846386247389,-78.666137922595,4.144));
#7690=CARTESIAN_POINT('Origin',(166.000002622604,-110.000001639128,0.));
#7691=CARTESIAN_POINT('',(166.000002622604,-110.000001639128,4.144));
#7692=CARTESIAN_POINT('',(166.000002622604,-110.000001639128,0.));
#7693=CARTESIAN_POINT('',(165.566750387623,-105.260233908812,4.144));
#7694=CARTESIAN_POINT('Origin',(163.500002585351,-130.500001944602,0.));
#7695=CARTESIAN_POINT('',(163.500002585351,-130.500001944602,4.144));
#7696=CARTESIAN_POINT('',(163.500002585351,-130.500001944602,0.));
#7697=CARTESIAN_POINT('',(164.900786647735,-119.013572633056,4.144));
#7698=CARTESIAN_POINT('Origin',(139.384838139928,-78.095499354041,-3.46024317697666));
#7699=CARTESIAN_POINT('',(139.596258795143,-79.0728945180093,2.49424317697666));
#7700=CARTESIAN_POINT('',(139.596258795143,-79.0728945180093,0.));
#7701=CARTESIAN_POINT('',(139.384838139928,-78.095499354041,2.49424317697666));
#7702=CARTESIAN_POINT('',(139.384838139928,-78.095499354041,2.49424317697666));
#7703=CARTESIAN_POINT('',(139.384838139928,-78.095499354041,0.));
#7704=CARTESIAN_POINT('Origin',(106.587157593923,-85.1899759446663,2.58733359339743));
#7705=CARTESIAN_POINT('',(106.587157593923,-85.1899759446663,0.));
#7706=CARTESIAN_POINT('',(106.798578249138,-86.1673711086345,2.58733359339743));
#7707=CARTESIAN_POINT('',(106.587157593923,-85.1899759446663,2.58733359339743));
#7708=CARTESIAN_POINT('',(106.798578249138,-86.1673711086345,0.));
#7709=CARTESIAN_POINT('Origin',(108.001122343612,-84.8841207851051,2.58733359339743));
#7710=CARTESIAN_POINT('',(108.001122343612,-84.8841207851051,4.034));
#7711=CARTESIAN_POINT('Origin',(108.001122343612,-84.8841207851051,2.58733359339743));
#7712=CARTESIAN_POINT('',(108.212542998827,-85.8615159490733,4.034));
#7713=CARTESIAN_POINT('',(108.001122343612,-84.8841207851051,4.034));
#7714=CARTESIAN_POINT('Origin',(108.212542998827,-85.8615159490733,2.58733359339743));
#7715=CARTESIAN_POINT('Origin',(137.879887267418,-78.4210357504361,4.034));
#7716=CARTESIAN_POINT('',(117.178406952444,-82.8989794659946,4.034));
#7717=CARTESIAN_POINT('',(138.091307922633,-79.3984309144044,4.034));
#7718=CARTESIAN_POINT('',(137.879887267418,-78.4210357504361,4.034));
#7719=CARTESIAN_POINT('',(117.389827607658,-83.8763746299628,4.034));
#7720=CARTESIAN_POINT('Origin',(137.879887267418,-78.4210357504361,2.49424317697666));
#7721=CARTESIAN_POINT('Origin',(137.879887267418,-78.4210357504361,2.49424317697666));
#7722=CARTESIAN_POINT('Origin',(138.091307922633,-79.3984309144044,2.49424317697666));
#7723=CARTESIAN_POINT('Origin',(106.561417656912,-86.2186713909032,0.));
#7724=CARTESIAN_POINT('Origin',(99.5361933058865,-88.5705648466627,2.24415768891731));
#7725=CARTESIAN_POINT('',(99.5361933058865,-88.5705648466627,0.));
#7726=CARTESIAN_POINT('',(99.9752007612374,-89.4690482656229,2.24415768891731));
#7727=CARTESIAN_POINT('',(99.5361933058865,-88.5705648466627,2.24415768891731));
#7728=CARTESIAN_POINT('',(99.9752007612374,-89.4690482656229,0.));
#7729=CARTESIAN_POINT('Origin',(101.144336944948,-87.784810728195,2.24415768891731));
#7730=CARTESIAN_POINT('',(101.583344400299,-88.6832941471552,4.034));
#7731=CARTESIAN_POINT('',(101.144336944948,-87.784810728195,4.034));
#7732=CARTESIAN_POINT('Origin',(101.583344400299,-88.6832941471552,2.24415768891731));
#7733=CARTESIAN_POINT('Origin',(104.832178214552,-85.9828967725867,4.034));
#7734=CARTESIAN_POINT('',(109.593427853437,-83.6565053844451,4.034));
#7735=CARTESIAN_POINT('',(105.271185669903,-86.8813801915469,4.034));
#7736=CARTESIAN_POINT('',(104.832178214552,-85.9828967725867,4.034));
#7737=CARTESIAN_POINT('',(110.032435308787,-84.5549888034053,4.034));
#7738=CARTESIAN_POINT('Origin',(104.832178214552,-85.9828967725867,2.58733359339743));
#7739=CARTESIAN_POINT('',(106.570991449002,-86.2462828536427,2.58733359339742));
#7740=CARTESIAN_POINT('',(106.131983993651,-85.3477994346825,2.58733359339743));
#7741=CARTESIAN_POINT('Origin',(105.271185669903,-86.8813801915468,2.58733359339743));
#7742=CARTESIAN_POINT('Origin',(106.131983993651,-85.3477994346825,-3.55333359339743));
#7743=CARTESIAN_POINT('',(106.570991449002,-86.2462828536426,0.));
#7744=CARTESIAN_POINT('',(106.131983993651,-85.3477994346825,0.));
#7745=CARTESIAN_POINT('Origin',(98.9799903686166,-89.9553174307332,0.));
#7746=CARTESIAN_POINT('Origin',(94.9478657975634,-123.233797309263,2.46915810434275));
#7747=CARTESIAN_POINT('',(94.9478657975634,-123.233797309263,0.));
#7748=CARTESIAN_POINT('',(95.9423847476038,-123.338353791657,2.46915810434275));
#7749=CARTESIAN_POINT('',(94.9478657975634,-123.233797309263,2.46915810434275));
#7750=CARTESIAN_POINT('',(95.9423847476038,-123.338353791657,0.));
#7751=CARTESIAN_POINT('Origin',(95.1114801616755,-121.677532390215,2.46915810434275));
#7752=CARTESIAN_POINT('',(95.1114801616755,-121.677532390215,4.034));
#7753=CARTESIAN_POINT('Origin',(95.1114801616755,-121.677532390215,2.46915810434275));
#7754=CARTESIAN_POINT('',(96.1059991117159,-121.782088872609,4.034));
#7755=CARTESIAN_POINT('',(95.1114801616755,-121.677532390215,4.034));
#7756=CARTESIAN_POINT('Origin',(96.1059991117159,-121.782088872609,2.46915810434275));
#7757=CARTESIAN_POINT('Origin',(98.2380307004215,-91.9384508157518,4.034));
#7758=CARTESIAN_POINT('',(96.1571426559277,-111.731413870603,4.034));
#7759=CARTESIAN_POINT('',(99.2325496504619,-92.0430072981453,4.034));
#7760=CARTESIAN_POINT('',(98.2380307004215,-91.9384508157518,4.034));
#7761=CARTESIAN_POINT('',(97.1516616059681,-111.835970352997,4.034));
#7762=CARTESIAN_POINT('Origin',(98.2380307004215,-91.9384508157518,2.24415768891731));
#7763=CARTESIAN_POINT('',(98.4251703165075,-90.1584187197959,2.24415768891731));
#7764=CARTESIAN_POINT('Origin',(98.2380307004215,-91.9384508157518,2.24415768891731));
#7765=CARTESIAN_POINT('',(99.4196892665479,-90.2629752021895,2.24415768891731));
#7766=CARTESIAN_POINT('',(98.4251703165075,-90.1584187197959,2.24415768891731));
#7767=CARTESIAN_POINT('Origin',(99.2325496504619,-92.0430072981453,2.24415768891731));
#7768=CARTESIAN_POINT('Origin',(98.4251703165075,-90.1584187197959,-3.21015768891731));
#7769=CARTESIAN_POINT('',(99.4196892665479,-90.2629752021895,0.));
#7770=CARTESIAN_POINT('',(98.4251703165075,-90.1584187197959,0.));
#7771=CARTESIAN_POINT('Origin',(95.8893573533623,-123.842739050583,0.));
#7772=CARTESIAN_POINT('Origin',(99.2176528099834,-134.196611955001,2.19023465917567));
#7773=CARTESIAN_POINT('',(99.2176528099834,-134.196611955001,0.));
#7774=CARTESIAN_POINT('',(100.141819785534,-133.814623210008,2.19023465917567));
#7775=CARTESIAN_POINT('',(99.2176528099834,-134.196611955001,2.19023465917567));
#7776=CARTESIAN_POINT('',(100.141819785534,-133.814623210008,0.));
#7777=CARTESIAN_POINT('Origin',(98.5133552013795,-132.492664916347,2.19023465917567));
#7778=CARTESIAN_POINT('',(99.4375221769301,-132.110676171353,4.034));
#7779=CARTESIAN_POINT('',(98.5133552013795,-132.492664916347,4.034));
#7780=CARTESIAN_POINT('Origin',(99.4375221769301,-132.110676171353,2.19023465917567));
#7781=CARTESIAN_POINT('Origin',(95.6863217383783,-125.653062965962,4.034));
#7782=CARTESIAN_POINT('',(96.5005575174332,-127.622989638349,4.034));
#7783=CARTESIAN_POINT('',(96.6104887139289,-125.271074220968,4.034));
#7784=CARTESIAN_POINT('',(95.6863217383783,-125.653062965962,4.034));
#7785=CARTESIAN_POINT('',(97.4247244929838,-127.241000893355,4.034));
#7786=CARTESIAN_POINT('Origin',(95.6863217383783,-125.653062965962,2.46915810434275));
#7787=CARTESIAN_POINT('',(96.0127367220936,-123.824899019044,2.46915810434275));
#7788=CARTESIAN_POINT('',(95.0885697465431,-124.206887764037,2.46915810434275));
#7789=CARTESIAN_POINT('Origin',(96.6104887139289,-125.271074220968,2.46915810434275));
#7790=CARTESIAN_POINT('Origin',(95.0885697465431,-124.206887764037,-3.43515810434275));
#7791=CARTESIAN_POINT('',(96.0127367220936,-123.824899019044,0.));
#7792=CARTESIAN_POINT('',(95.0885697465431,-124.206887764037,0.));
#7793=CARTESIAN_POINT('Origin',(100.634146596013,-135.005737307965,0.));
#7794=CARTESIAN_POINT('Origin',(120.948918726042,-136.109187713531,4.034));
#7795=CARTESIAN_POINT('',(120.948918726042,-136.109187713531,4.034));
#7796=CARTESIAN_POINT('',(160.834856809801,-137.464065891783,4.034));
#7797=CARTESIAN_POINT('',(147.608885884208,-137.014795290308,4.034));
#7798=CARTESIAN_POINT('',(120.982867963174,-135.109764155024,4.034));
#7799=CARTESIAN_POINT('',(120.948918726042,-136.109187713531,4.034));
#7800=CARTESIAN_POINT('',(160.868806046934,-136.464642333276,4.034));
#7801=CARTESIAN_POINT('',(147.64283512134,-136.015371731801,4.034));
#7802=CARTESIAN_POINT('',(160.834856809801,-137.464065891783,4.034));
#7803=CARTESIAN_POINT('Origin',(120.948918726042,-136.109187713531,2.9802322276673E-8));
#7804=CARTESIAN_POINT('',(120.948918726042,-136.109187713531,2.9802322276673E-8));
#7805=CARTESIAN_POINT('',(120.948918726042,-136.109187713531,3.00000004470348));
#7806=CARTESIAN_POINT('',(120.982867963174,-135.109764155024,2.9802322276673E-8));
#7807=CARTESIAN_POINT('',(120.948918726042,-136.109187713531,2.9802322276673E-8));
#7808=CARTESIAN_POINT('',(120.982867963174,-135.109764155024,3.00000004470348));
#7809=CARTESIAN_POINT('Origin',(106.956988758023,-135.633898388619,2.9802322276673E-8));
#7810=CARTESIAN_POINT('',(106.956988758023,-135.633898388619,2.9802322276673E-8));
#7811=CARTESIAN_POINT('',(141.164054413213,-136.795871981942,2.9802322276673E-8));
#7812=CARTESIAN_POINT('',(106.990937995155,-134.634474830112,2.9802322276673E-8));
#7813=CARTESIAN_POINT('',(106.956988758023,-135.633898388619,2.9802322276673E-8));
#7814=CARTESIAN_POINT('',(141.198003650346,-135.796448423436,2.9802322276673E-8));
#7815=CARTESIAN_POINT('Origin',(106.956988758023,-135.633898388619,4.034));
#7816=CARTESIAN_POINT('',(106.956988758023,-135.633898388619,4.034));
#7817=CARTESIAN_POINT('',(106.956988758023,-135.633898388619,1.00000001490116));
#7818=CARTESIAN_POINT('',(106.990937995155,-134.634474830112,4.034));
#7819=CARTESIAN_POINT('',(106.956988758023,-135.633898388619,4.034));
#7820=CARTESIAN_POINT('',(106.990937995155,-134.634474830112,1.00000001490116));
#7821=CARTESIAN_POINT('Origin',(102.840790804798,-135.4940760088,4.034));
#7822=CARTESIAN_POINT('',(147.608885884208,-137.014795290308,4.034));
#7823=CARTESIAN_POINT('',(102.87474004193,-134.494652450293,4.034));
#7824=CARTESIAN_POINT('',(102.840790804798,-135.4940760088,4.034));
#7825=CARTESIAN_POINT('',(147.64283512134,-136.015371731801,4.034));
#7826=CARTESIAN_POINT('Origin',(102.840790804798,-135.4940760088,2.19023465917567));
#7827=CARTESIAN_POINT('',(100.99808828682,-135.431481582028,2.19023465917567));
#7828=CARTESIAN_POINT('Origin',(102.840790804798,-135.4940760088,2.19023465917567));
#7829=CARTESIAN_POINT('',(101.032037523952,-134.432058023521,2.19023465917567));
#7830=CARTESIAN_POINT('',(100.99808828682,-135.431481582028,2.19023465917567));
#7831=CARTESIAN_POINT('Origin',(102.87474004193,-134.494652450293,2.19023465917567));
#7832=CARTESIAN_POINT('Origin',(100.99808828682,-135.431481582028,-3.15623465917567));
#7833=CARTESIAN_POINT('',(101.032037523952,-134.432058023521,0.));
#7834=CARTESIAN_POINT('',(100.99808828682,-135.431481582028,0.));
#7835=CARTESIAN_POINT('Origin',(160.834856809801,-137.464065891783,2.33408937627202));
#7836=CARTESIAN_POINT('Origin',(160.834856809801,-137.464065891783,2.33408937627202));
#7837=CARTESIAN_POINT('Origin',(160.868806046934,-136.464642333276,2.33408937627202));
#7838=CARTESIAN_POINT('Origin',(163.41198645453,-136.551031166112,0.));
#7839=CARTESIAN_POINT('Origin',(165.213131213081,-135.787599187988,4.034));
#7840=CARTESIAN_POINT('',(166.54474551119,-134.50840387505,4.034));
#7841=CARTESIAN_POINT('',(166.418903354288,-134.629292256548,4.034));
#7842=CARTESIAN_POINT('',(165.213131213081,-135.787599187988,4.034));
#7843=CARTESIAN_POINT('',(166.54474551119,-134.50840387505,4.034));
#7844=CARTESIAN_POINT('Origin',(165.213131213081,-135.787599187988,2.33408937627202));
#7845=CARTESIAN_POINT('Origin',(166.54474551119,-134.50840387505,2.38467028281719));
#7846=CARTESIAN_POINT('Origin',(166.54474551119,-134.50840387505,2.38467028281719));
#7847=CARTESIAN_POINT('Origin',(170.82848152337,-111.710227508977,2.60089493580446));
#7848=CARTESIAN_POINT('',(170.82848152337,-111.710227508977,4.034));
#7849=CARTESIAN_POINT('Origin',(170.82848152337,-111.710227508977,2.60089493580446));
#7850=CARTESIAN_POINT('',(170.82848152337,-111.710227508977,4.034));
#7851=CARTESIAN_POINT('Origin',(168.533583785433,-130.528388960059,4.034));
#7852=CARTESIAN_POINT('',(171.146293680209,-109.104167822894,4.034));
#7853=CARTESIAN_POINT('',(168.533583785433,-130.528388960059,4.034));
#7854=CARTESIAN_POINT('Origin',(168.533583785433,-130.528388960059,2.38467028281719));
#7855=CARTESIAN_POINT('Origin',(168.500715650434,-82.4298253737843,2.27388812356979));
#7856=CARTESIAN_POINT('',(168.500715650434,-82.4298253737843,4.034));
#7857=CARTESIAN_POINT('Origin',(170.877916730014,-108.43634087612,4.034));
#7858=CARTESIAN_POINT('',(169.18037017628,-89.8652275004606,4.034));
#7859=CARTESIAN_POINT('',(170.877916730014,-108.43634087612,4.034));
#7860=CARTESIAN_POINT('Origin',(170.877916730014,-108.43634087612,2.60089493580446));
#7861=CARTESIAN_POINT('Origin',(153.822750908831,-71.0279879908243,2.17073932945792));
#7862=CARTESIAN_POINT('',(153.822750908831,-71.0279879908243,4.034));
#7863=CARTESIAN_POINT('Origin',(153.822750908831,-71.0279879908243,2.17073932945792));
#7864=CARTESIAN_POINT('',(153.822750908831,-71.0279879908243,4.034));
#7865=CARTESIAN_POINT('Origin',(165.866100464569,-78.2389640227639,4.034));
#7866=CARTESIAN_POINT('',(151.909218225171,-69.8822570416107,4.034));
#7867=CARTESIAN_POINT('',(165.866100464569,-78.2389640227639,4.034));
#7868=CARTESIAN_POINT('Origin',(165.866100464569,-78.2389640227639,2.27388812356979));
#7869=CARTESIAN_POINT('Origin',(165.866100464569,-78.2389640227639,2.27388812356979));
#7870=CARTESIAN_POINT('Origin',(140.180315979118,-77.7268043730719,2.49424317697666));
#7871=CARTESIAN_POINT('',(140.180315979118,-77.7268043730719,0.));
#7872=CARTESIAN_POINT('',(140.180315979118,-77.7268043730719,2.49424317697666));
#7873=CARTESIAN_POINT('Origin',(141.401416545347,-76.7888467614489,2.49424317697666));
#7874=CARTESIAN_POINT('',(141.401416545347,-76.7888467614489,4.034));
#7875=CARTESIAN_POINT('Origin',(148.500748579797,-71.3356738588161,4.034));
#7876=CARTESIAN_POINT('',(131.515987541864,-84.3820898033442,4.034));
#7877=CARTESIAN_POINT('',(148.500748579797,-71.3356738588161,4.034));
#7878=CARTESIAN_POINT('Origin',(148.500748579797,-71.3356738588161,2.17073932945792));
#7879=CARTESIAN_POINT('Ctrl Pts',(99.2096826451581,-89.5247239024581,4.95651942300284));
#7880=CARTESIAN_POINT('Ctrl Pts',(99.0711427049125,-89.6230644084283,4.86540422360962));
#7881=CARTESIAN_POINT('Ctrl Pts',(98.8330038124065,-89.8148773706659,4.66401287455292));
#7882=CARTESIAN_POINT('Ctrl Pts',(98.5031913507376,-90.2319415531964,4.12998953217548));
#7883=CARTESIAN_POINT('Ctrl Pts',(98.3853051032518,-90.5376081217587,3.69927790377406));
#7884=CARTESIAN_POINT('Ctrl Pts',(98.3703583919846,-90.6797780499717,3.50976732433848));
#7885=CARTESIAN_POINT('Ctrl Pts',(99.1160577101327,-89.4592144390545,4.7742890242164));
#7886=CARTESIAN_POINT('Ctrl Pts',(98.9959796975897,-89.5549868166092,4.68524872424843));
#7887=CARTESIAN_POINT('Ctrl Pts',(98.7850264713818,-89.7438061132264,4.48466556793489));
#7888=CARTESIAN_POINT('Ctrl Pts',(98.4934288083261,-90.1471042279724,3.95420051075252));
#7889=CARTESIAN_POINT('Ctrl Pts',(98.3963164716658,-90.4328703350346,3.56698906790759));
#7890=CARTESIAN_POINT('Ctrl Pts',(98.3819061615312,-90.5699381301314,3.39932204842316));
#7891=CARTESIAN_POINT('Ctrl Pts',(98.9645776624515,-89.3532236937764,4.38258669417134));
#7892=CARTESIAN_POINT('Ctrl Pts',(98.8712155608114,-89.4428306899194,4.29451427948423));
#7893=CARTESIAN_POINT('Ctrl Pts',(98.7012998771949,-89.6263987185214,4.0855264677908));
#7894=CARTESIAN_POINT('Ctrl Pts',(98.4761456112161,-90.0038128262004,3.55644306575502));
#7895=CARTESIAN_POINT('Ctrl Pts',(98.4154983068089,-90.2504168122147,3.27604113787276));
#7896=CARTESIAN_POINT('Ctrl Pts',(98.401960141914,-90.379188947892,3.14936209092448));
#7897=CARTESIAN_POINT('Ctrl Pts',(98.7989215330155,-89.2373139295033,3.36754063550947));
#7898=CARTESIAN_POINT('Ctrl Pts',(98.7315122289585,-89.3247615875102,3.29235475694085));
#7899=CARTESIAN_POINT('Ctrl Pts',(98.6094571401433,-89.5135175549779,3.1153595000049));
#7900=CARTESIAN_POINT('Ctrl Pts',(98.4790743783824,-89.8418473910386,2.87231088727554));
#7901=CARTESIAN_POINT('Ctrl Pts',(98.4340422008302,-90.0740312492205,2.77232901865442));
#7902=CARTESIAN_POINT('Ctrl Pts',(98.4208704330427,-90.1993182937947,2.7127226758815));
#7903=CARTESIAN_POINT('Ctrl Pts',(98.7755142440724,-89.2209358253371,2.59872589032186));
#7904=CARTESIAN_POINT('Ctrl Pts',(98.7146582084099,-89.3079101659708,2.5790276569105));
#7905=CARTESIAN_POINT('Ctrl Pts',(98.6043589837665,-89.4949956787377,2.53548893915046));
#7906=CARTESIAN_POINT('Ctrl Pts',(98.4829317035422,-89.8108599509842,2.4645617199222));
#7907=CARTESIAN_POINT('Ctrl Pts',(98.4375748069188,-90.0404298539002,2.42122084573943));
#7908=CARTESIAN_POINT('Ctrl Pts',(98.4251703165075,-90.1584187197959,2.4003508960168));
#7909=CARTESIAN_POINT('Ctrl Pts',(98.7755142440724,-89.2209358253371,2.24415768891731));
#7910=CARTESIAN_POINT('Ctrl Pts',(98.7110784416063,-89.3130263036551,2.24415768891731));
#7911=CARTESIAN_POINT('Ctrl Pts',(98.5977704185909,-89.5080949009099,2.24415768891731));
#7912=CARTESIAN_POINT('Ctrl Pts',(98.4793147239531,-89.825069675515,2.24415768891731));
#7913=CARTESIAN_POINT('Ctrl Pts',(98.4369219390024,-90.0466397942105,2.24415768891731));
#7914=CARTESIAN_POINT('Ctrl Pts',(98.4251703165075,-90.1584187197959,2.24415768891731));
#7915=CARTESIAN_POINT('Origin',(100.414208216588,-90.3675316845831,2.24415768891731));
#7916=CARTESIAN_POINT('Ctrl Pts',(106.491295396621,-85.6487903373103,4.98616429009697));
#7917=CARTESIAN_POINT('Ctrl Pts',(106.560416435597,-85.5746268891908,4.9008660164689));
#7918=CARTESIAN_POINT('Ctrl Pts',(106.675905795855,-85.4358637280612,4.7121488551903));
#7919=CARTESIAN_POINT('Ctrl Pts',(106.850594359054,-85.2058224155636,4.2046752964452));
#7920=CARTESIAN_POINT('Ctrl Pts',(106.947291104544,-85.1120753517565,3.79148859985035));
#7921=CARTESIAN_POINT('Ctrl Pts',(107.001298280748,-85.1003930424917,3.61028121962088));
#7922=CARTESIAN_POINT('Ctrl Pts',(106.591490433048,-85.6642463957219,5.07146256372504));
#7923=CARTESIAN_POINT('Ctrl Pts',(106.652086163655,-85.5857556190757,4.98351366970751));
#7924=CARTESIAN_POINT('Ctrl Pts',(106.758933292809,-85.4382030097109,4.79091170176696));
#7925=CARTESIAN_POINT('Ctrl Pts',(106.934180375238,-85.1905290079885,4.28428171299556));
#7926=CARTESIAN_POINT('Ctrl Pts',(107.032495927672,-85.0936446696771,3.88409769832874));
#7927=CARTESIAN_POINT('Ctrl Pts',(107.088549389937,-85.0815197276311,3.69955024038618));
#7928=CARTESIAN_POINT('Ctrl Pts',(106.804778060499,-85.6903540930301,5.21174017202967));
#7929=CARTESIAN_POINT('Ctrl Pts',(106.85293978171,-85.6026090464279,5.12198977627044));
#7930=CARTESIAN_POINT('Ctrl Pts',(106.947852040321,-85.4318299934931,4.92125974562939));
#7931=CARTESIAN_POINT('Ctrl Pts',(107.133798598369,-85.1417385920549,4.41301901512242));
#7932=CARTESIAN_POINT('Ctrl Pts',(107.229623907573,-85.0510038543667,4.04569119099795));
#7933=CARTESIAN_POINT('Ctrl Pts',(107.286016265397,-85.0388056057159,3.85457577877933));
#7934=CARTESIAN_POINT('Ctrl Pts',(107.33599931,-85.6439415208011,5.40838487110016));
#7935=CARTESIAN_POINT('Ctrl Pts',(107.370797277357,-85.5267077027089,5.30371374752748));
#7936=CARTESIAN_POINT('Ctrl Pts',(107.449563105937,-85.2980309860257,5.05725056919984));
#7937=CARTESIAN_POINT('Ctrl Pts',(107.549165194734,-85.0353806205674,4.56403351842902));
#7938=CARTESIAN_POINT('Ctrl Pts',(107.59556722676,-84.9718465399395,4.19850897820834));
#7939=CARTESIAN_POINT('Ctrl Pts',(107.630958798811,-84.9641909778619,4.00076012759388));
#7940=CARTESIAN_POINT('Ctrl Pts',(107.859303229101,-85.5141320133567,5.4482135623731));
#7941=CARTESIAN_POINT('Ctrl Pts',(107.854880231401,-85.3958359491762,5.33165644825475));
#7942=CARTESIAN_POINT('Ctrl Pts',(107.848085593963,-85.1835189426526,5.0649432480046));
#7943=CARTESIAN_POINT('Ctrl Pts',(107.850199634635,-84.9690136280577,4.57998059094814));
#7944=CARTESIAN_POINT('Ctrl Pts',(107.86478801967,-84.9136113055811,4.21822919882162));
#7945=CARTESIAN_POINT('Ctrl Pts',(107.877730641666,-84.9108116829478,4.034));
#7946=CARTESIAN_POINT('Ctrl Pts',(108.124969696071,-85.4566656163598,5.4482135623731));
#7947=CARTESIAN_POINT('Ctrl Pts',(108.09887755102,-85.33604194142,5.32480014742426));
#7948=CARTESIAN_POINT('Ctrl Pts',(108.053565652227,-85.1265655744766,5.04549067311926));
#7949=CARTESIAN_POINT('Ctrl Pts',(108.010837915317,-84.9290357570604,4.55758242294625));
#7950=CARTESIAN_POINT('Ctrl Pts',(108.001122343612,-84.8841207851051,4.20853292519943));
#7951=CARTESIAN_POINT('Ctrl Pts',(108.001122343612,-84.8841207851051,4.034));
#7952=CARTESIAN_POINT('Origin',(108.423963654042,-86.8389111130416,4.034));
#7953=CARTESIAN_POINT('Origin',(107.009998904353,-87.1447662726028,0.));
#7954=CARTESIAN_POINT('Origin',(110.471442764138,-85.4534722223654,4.034));
#7955=CARTESIAN_POINT('',(110.471442764138,-85.4534722223654,6.034));
#7956=CARTESIAN_POINT('Origin',(100.414208216588,-90.3675316845831,0.));
#7957=CARTESIAN_POINT('Ctrl Pts',(95.3887033699374,-123.666772196497,4.97600655652573));
#7958=CARTESIAN_POINT('Ctrl Pts',(95.3229033433864,-123.563424547067,4.88870672311502));
#7959=CARTESIAN_POINT('Ctrl Pts',(95.2040450225211,-123.380139720417,4.69562506180947));
#7960=CARTESIAN_POINT('Ctrl Pts',(95.033844753672,-123.074249569248,4.17899136725279));
#7961=CARTESIAN_POINT('Ctrl Pts',(94.9857538883765,-122.873413874092,3.75974634847882));
#7962=CARTESIAN_POINT('Ctrl Pts',(94.9957873353123,-122.777977867797,3.5756684202468));
#7963=CARTESIAN_POINT('Ctrl Pts',(95.4225332715149,-123.549018564298,5.06330638993644));
#7964=CARTESIAN_POINT('Ctrl Pts',(95.3536323917589,-123.454479430666,4.97366144088753));
#7965=CARTESIAN_POINT('Ctrl Pts',(95.2284469309626,-123.279855913407,4.77731550090555));
#7966=CARTESIAN_POINT('Ctrl Pts',(95.0464891038823,-122.972119568603,4.26335639960852));
#7967=CARTESIAN_POINT('Ctrl Pts',(94.9960114656268,-122.775845988071,3.85876659701498));
#7968=CARTESIAN_POINT('Ctrl Pts',(95.0058834390172,-122.681945883684,3.67222966134584));
#7969=CARTESIAN_POINT('Ctrl Pts',(95.4949427189332,-123.300521366772,5.20715061782121));
#7970=CARTESIAN_POINT('Ctrl Pts',(95.4190760704261,-123.218002575067,5.1161842597228));
#7971=CARTESIAN_POINT('Ctrl Pts',(95.2766757814364,-123.052551815806,4.91280050711882));
#7972=CARTESIAN_POINT('Ctrl Pts',(95.0672842437754,-122.728177829428,4.40063706349143));
#7973=CARTESIAN_POINT('Ctrl Pts',(95.0196618197154,-122.550888866544,4.03158504597864));
#7974=CARTESIAN_POINT('Ctrl Pts',(95.0287329600316,-122.464606115475,3.83991894774058));
#7975=CARTESIAN_POINT('Ctrl Pts',(95.6111167460271,-122.677169067492,5.40701663750921));
#7976=CARTESIAN_POINT('Ctrl Pts',(95.5096737929173,-122.602119070548,5.30194665930601));
#7977=CARTESIAN_POINT('Ctrl Pts',(95.3182556146307,-122.441574775219,5.05481286867923));
#7978=CARTESIAN_POINT('Ctrl Pts',(95.1071901678736,-122.22886406691,4.56113713093121));
#7979=CARTESIAN_POINT('Ctrl Pts',(95.0634380729714,-122.134498486643,4.19560461616714));
#7980=CARTESIAN_POINT('Ctrl Pts',(95.0686473590802,-122.084948868746,3.99804482421794));
#7981=CARTESIAN_POINT('Ctrl Pts',(95.6609500595324,-122.053675608035,5.44821356237309));
#7982=CARTESIAN_POINT('Ctrl Pts',(95.5473144046415,-122.019777165318,5.33165644825474));
#7983=CARTESIAN_POINT('Ctrl Pts',(95.3440343560256,-121.954852624685,5.0649432480046));
#7984=CARTESIAN_POINT('Ctrl Pts',(95.1424239731728,-121.871604233046,4.57998059094814));
#7985=CARTESIAN_POINT('Ctrl Pts',(95.0953777933962,-121.83069468133,4.21822919882162));
#7986=CARTESIAN_POINT('Ctrl Pts',(95.0972021148889,-121.813342124568,4.034));
#7987=CARTESIAN_POINT('Ctrl Pts',(95.6940558745721,-121.738780159567,5.44821356237309));
#7988=CARTESIAN_POINT('Ctrl Pts',(95.5713188947163,-121.72587648702,5.32480014742425));
#7989=CARTESIAN_POINT('Ctrl Pts',(95.3581725398019,-121.703467830952,5.04549067311925));
#7990=CARTESIAN_POINT('Ctrl Pts',(95.1571820357964,-121.682337152554,4.55758242294624));
#7991=CARTESIAN_POINT('Ctrl Pts',(95.1114801616755,-121.677532390215,4.20853292519943));
#7992=CARTESIAN_POINT('Ctrl Pts',(95.1114801616755,-121.677532390215,4.034));
#7993=CARTESIAN_POINT('Origin',(97.1005180617563,-121.886645355002,4.034));
#7994=CARTESIAN_POINT('Ctrl Pts',(139.937504249392,-78.2454150149144,4.95487122132336));
#7995=CARTESIAN_POINT('Ctrl Pts',(139.815591179713,-78.2591254755031,4.86728581787199));
#7996=CARTESIAN_POINT('Ctrl Pts',(139.601174095715,-78.2576400875892,4.67514787531132));
#7997=CARTESIAN_POINT('Ctrl Pts',(139.255807094193,-78.1919826560486,4.16849246238793));
#7998=CARTESIAN_POINT('Ctrl Pts',(139.037088364079,-78.1707212173889,3.76130837385467));
#7999=CARTESIAN_POINT('Ctrl Pts',(138.944048234723,-78.1908467570221,3.58301566791472));
#8000=CARTESIAN_POINT('Ctrl Pts',(139.904849356352,-78.1749604519406,4.77970041442063));
#8001=CARTESIAN_POINT('Ctrl Pts',(139.802553596238,-78.1908951737098,4.69491485232848));
#8002=CARTESIAN_POINT('Ctrl Pts',(139.617173023574,-78.1982218071406,4.50461927859471));
#8003=CARTESIAN_POINT('Ctrl Pts',(139.312354945256,-78.1567036320433,4.00461028449101));
#8004=CARTESIAN_POINT('Ctrl Pts',(139.119958512557,-78.1527955495169,3.64299486991035));
#8005=CARTESIAN_POINT('Ctrl Pts',(139.036913797976,-78.1707589778375,3.48800234405467));
#8006=CARTESIAN_POINT('Ctrl Pts',(139.854487627033,-78.0663025051713,4.4072973246264));
#8007=CARTESIAN_POINT('Ctrl Pts',(139.780789916245,-78.0825463081632,4.32448124951297));
#8008=CARTESIAN_POINT('Ctrl Pts',(139.642788895164,-78.097544308737,4.12798827020238));
#8009=CARTESIAN_POINT('Ctrl Pts',(139.404647599416,-78.098570533364,3.63842988662452));
#8010=CARTESIAN_POINT('Ctrl Pts',(139.263161920138,-78.1218191753994,3.3857037661112));
#8011=CARTESIAN_POINT('Ctrl Pts',(139.198185130608,-78.1358743251716,3.27296800965658));
#8012=CARTESIAN_POINT('Ctrl Pts',(139.800393798746,-77.9495923684462,3.46445803558804));
#8013=CARTESIAN_POINT('Ctrl Pts',(139.753730634134,-77.9694723479505,3.39746537487957));
#8014=CARTESIAN_POINT('Ctrl Pts',(139.65886800786,-78.0064924423754,3.24052701992816));
#8015=CARTESIAN_POINT('Ctrl Pts',(139.500641611664,-78.0638706101529,3.03115515265749));
#8016=CARTESIAN_POINT('Ctrl Pts',(139.4028856978,-78.0915954811235,2.94792706600558));
#8017=CARTESIAN_POINT('Ctrl Pts',(139.350259072666,-78.1029791629523,2.89733798104995));
#8018=CARTESIAN_POINT('Ctrl Pts',(139.803029475212,-77.9552789720821,2.79727686353602));
#8019=CARTESIAN_POINT('Ctrl Pts',(139.760949783166,-77.97478243339,2.78044165872717));
#8020=CARTESIAN_POINT('Ctrl Pts',(139.6737830056,-78.0116376363117,2.74340343891919));
#8021=CARTESIAN_POINT('Ctrl Pts',(139.534198896456,-78.059076898163,2.68327752899431));
#8022=CARTESIAN_POINT('Ctrl Pts',(139.435502632854,-78.0845401016471,2.64640016366513));
#8023=CARTESIAN_POINT('Ctrl Pts',(139.384838139928,-78.095499354041,2.62861230818569));
#8024=CARTESIAN_POINT('Ctrl Pts',(139.803029475212,-77.9552789720821,2.49424317697666));
#8025=CARTESIAN_POINT('Ctrl Pts',(139.758474507163,-77.9759296958199,2.49424317697666));
#8026=CARTESIAN_POINT('Ctrl Pts',(139.667842735222,-78.0139476376897,2.49424317697666));
#8027=CARTESIAN_POINT('Ctrl Pts',(139.528066795532,-78.0608147867634,2.49424317697666));
#8028=CARTESIAN_POINT('Ctrl Pts',(139.432836080595,-78.0851169044047,2.49424317697666));
#8029=CARTESIAN_POINT('Ctrl Pts',(139.384838139928,-78.095499354041,2.49424317697666));
#8030=CARTESIAN_POINT('Origin',(138.961996829499,-76.1407090261045,2.49424317697666));
#8031=CARTESIAN_POINT('Origin',(138.961996829499,-76.1407090261045,0.));
#8032=CARTESIAN_POINT('Origin',(117.601248262873,-84.8537697939311,4.034));
#8033=CARTESIAN_POINT('',(117.601248262873,-84.8537697939311,6.034));
#8034=CARTESIAN_POINT('Origin',(107.024887232287,-133.635051271606,1.00000001490116));
#8035=CARTESIAN_POINT('',(109.023734349301,-133.70294974587,2.00000002980232));
#8036=CARTESIAN_POINT('Origin',(107.024887232287,-133.635051271606,2.9802322276673E-8));
#8037=CARTESIAN_POINT('',(109.023734349301,-133.70294974587,6.034));
#8038=CARTESIAN_POINT('',(109.023734349301,-133.70294974587,1.00000001490116));
#8039=CARTESIAN_POINT('Origin',(107.024887232287,-133.635051271606,4.034));
#8040=CARTESIAN_POINT('Origin',(96.9369036976442,-123.442910274051,0.));
#8041=CARTESIAN_POINT('Ctrl Pts',(100.24678455867,-134.613760498046,4.95165111874201));
#8042=CARTESIAN_POINT('Ctrl Pts',(100.353502286166,-134.759698091647,4.85961549693126));
#8043=CARTESIAN_POINT('Ctrl Pts',(100.565389048396,-135.007848043105,4.65623281599466));
#8044=CARTESIAN_POINT('Ctrl Pts',(101.038782458279,-135.339359262642,4.11811023330216));
#8045=CARTESIAN_POINT('Ctrl Pts',(101.382828478605,-135.444550751645,3.68474217452233));
#8046=CARTESIAN_POINT('Ctrl Pts',(101.537803358626,-135.449815065165,3.49397363458928));
#8047=CARTESIAN_POINT('Ctrl Pts',(100.179423546292,-134.710881630163,4.76757987512051));
#8048=CARTESIAN_POINT('Ctrl Pts',(100.283579229031,-134.838137117682,4.67750710123158));
#8049=CARTESIAN_POINT('Ctrl Pts',(100.492296722875,-135.059434015451,4.47473496011669));
#8050=CARTESIAN_POINT('Ctrl Pts',(100.950743316967,-135.354816201372,3.93961020509501));
#8051=CARTESIAN_POINT('Ctrl Pts',(101.273191681051,-135.440826519204,3.54937972677776));
#8052=CARTESIAN_POINT('Ctrl Pts',(101.424096253387,-135.445952569182,3.38020094605156));
#8053=CARTESIAN_POINT('Ctrl Pts',(100.069863885403,-134.868844789032,4.37124987469221));
#8054=CARTESIAN_POINT('Ctrl Pts',(100.168032505109,-134.969266405604,4.28194470068511));
#8055=CARTESIAN_POINT('Ctrl Pts',(100.372160589396,-135.15062049984,4.0702726138552));
#8056=CARTESIAN_POINT('Ctrl Pts',(100.802903886308,-135.383051015791,3.53501518858293));
#8057=CARTESIAN_POINT('Ctrl Pts',(101.082041887196,-135.434333386613,3.25120568115079));
#8058=CARTESIAN_POINT('Ctrl Pts',(101.226631275529,-135.439244917255,3.12271038200785));
#8059=CARTESIAN_POINT('Ctrl Pts',(99.9456978104672,-135.047867480981,3.340249941546));
#8060=CARTESIAN_POINT('Ctrl Pts',(100.04342789148,-135.122913226615,3.26352082811729));
#8061=CARTESIAN_POINT('Ctrl Pts',(100.25672947597,-135.257391791355,3.08310866437683));
#8062=CARTESIAN_POINT('Ctrl Pts',(100.632348825387,-135.392374598261,2.835788361133));
#8063=CARTESIAN_POINT('Ctrl Pts',(100.897637855078,-135.428069399577,2.73379941271288));
#8064=CARTESIAN_POINT('Ctrl Pts',(101.040427831238,-135.432919806313,2.67291622142223));
#8065=CARTESIAN_POINT('Ctrl Pts',(99.9261567623813,-135.07604177121,2.55359301098613));
#8066=CARTESIAN_POINT('Ctrl Pts',(100.024878805501,-135.144513139115,2.53340643588554));
#8067=CARTESIAN_POINT('Ctrl Pts',(100.238596106651,-135.266406517878,2.48895203596111));
#8068=CARTESIAN_POINT('Ctrl Pts',(100.601205018482,-135.390930006298,2.41673404427197));
#8069=CARTESIAN_POINT('Ctrl Pts',(100.86388808187,-135.426922959667,2.37247457436437));
#8070=CARTESIAN_POINT('Ctrl Pts',(100.99808828682,-135.431481582028,2.35113353833337));
#8071=CARTESIAN_POINT('Ctrl Pts',(99.9261567623813,-135.07604177121,2.19023465917567));
#8072=CARTESIAN_POINT('Ctrl Pts',(100.030685984508,-135.148540866639,2.19023465917567));
#8073=CARTESIAN_POINT('Ctrl Pts',(100.253617603468,-135.273530800248,2.19023465917567));
#8074=CARTESIAN_POINT('Ctrl Pts',(100.617507118918,-135.394192258169,2.19023465917567));
#8075=CARTESIAN_POINT('Ctrl Pts',(100.870951250551,-135.42716288716,2.19023465917567));
#8076=CARTESIAN_POINT('Ctrl Pts',(100.99808828682,-135.431481582028,2.19023465917567));
#8077=CARTESIAN_POINT('Origin',(101.065986761085,-133.432634465014,2.19023465917567));
#8078=CARTESIAN_POINT('Ctrl Pts',(151.114507888058,-70.3646946986256,4.94985242843789));
#8079=CARTESIAN_POINT('Ctrl Pts',(151.285462418778,-70.2948636547512,4.85748285965049));
#8080=CARTESIAN_POINT('Ctrl Pts',(151.603481058146,-70.1939606830747,4.65338026129657));
#8081=CARTESIAN_POINT('Ctrl Pts',(152.197744255889,-70.1679618689441,4.11378895492558));
#8082=CARTESIAN_POINT('Ctrl Pts',(152.555453602286,-70.2691915728893,3.67947834900749));
#8083=CARTESIAN_POINT('Ctrl Pts',(152.692361128481,-70.3511651870747,3.48826358471642));
#8084=CARTESIAN_POINT('Ctrl Pts',(151.29237092744,-70.4143592280582,5.04222199722529));
#8085=CARTESIAN_POINT('Ctrl Pts',(151.450770413104,-70.3515733010402,4.94828927124513));
#8086=CARTESIAN_POINT('Ctrl Pts',(151.754791099537,-70.2600696315574,4.74250631099692));
#8087=CARTESIAN_POINT('Ctrl Pts',(152.337883178878,-70.2430494313911,4.21022625365243));
#8088=CARTESIAN_POINT('Ctrl Pts',(152.66615543416,-70.3354744830245,3.79470639075803));
#8089=CARTESIAN_POINT('Ctrl Pts',(152.791006245971,-70.4102291189648,3.60323926586215));
#8090=CARTESIAN_POINT('Ctrl Pts',(151.653570708611,-70.5447538483668,5.19512756031351));
#8091=CARTESIAN_POINT('Ctrl Pts',(151.795781977877,-70.491875326246,5.10110358268071));
#8092=CARTESIAN_POINT('Ctrl Pts',(152.087570318314,-70.4147720099245,4.89107456454593));
#8093=CARTESIAN_POINT('Ctrl Pts',(152.661648350449,-70.4136496202511,4.36920711198485));
#8094=CARTESIAN_POINT('Ctrl Pts',(152.913803795944,-70.4837543608868,3.99591416412227));
#8095=CARTESIAN_POINT('Ctrl Pts',(153.014260062587,-70.5439027214125,3.80290726623823));
#8096=CARTESIAN_POINT('Ctrl Pts',(152.507774648688,-70.9582132936608,5.40346036983399));
#8097=CARTESIAN_POINT('Ctrl Pts',(152.636500727793,-70.9006714348756,5.29740214353229));
#8098=CARTESIAN_POINT('Ctrl Pts',(152.905687200437,-70.81034991971,5.04862675848448));
#8099=CARTESIAN_POINT('Ctrl Pts',(153.2398055853,-70.7397778188286,4.55382377559946));
#8100=CARTESIAN_POINT('Ctrl Pts',(153.353309269865,-70.7469090109848,4.18827036640557));
#8101=CARTESIAN_POINT('Ctrl Pts',(153.40424819056,-70.7774087763966,3.99118809349171));
#8102=CARTESIAN_POINT('Ctrl Pts',(153.198053006521,-71.3367116366884,5.4482135623731));
#8103=CARTESIAN_POINT('Ctrl Pts',(153.278833549897,-71.2492261402367,5.33165644825474));
#8104=CARTESIAN_POINT('Ctrl Pts',(153.429867492861,-71.0961117572793,5.0649432480046));
#8105=CARTESIAN_POINT('Ctrl Pts',(153.602239035189,-70.9554756600522,4.57998059094814));
#8106=CARTESIAN_POINT('Ctrl Pts',(153.665329785401,-70.9337318254014,4.21822919882162));
#8107=CARTESIAN_POINT('Ctrl Pts',(153.683245645815,-70.9444589772983,4.034));
#8108=CARTESIAN_POINT('Ctrl Pts',(153.521827705686,-71.5305722885464,5.4482135623731));
#8109=CARTESIAN_POINT('Ctrl Pts',(153.585226169276,-71.4246878902445,5.32480014742425));
#8110=CARTESIAN_POINT('Ctrl Pts',(153.695324620756,-71.2408079091103,5.04549067311925));
#8111=CARTESIAN_POINT('Ctrl Pts',(153.799144098513,-71.0674147018959,4.55758242294624));
#8112=CARTESIAN_POINT('Ctrl Pts',(153.822750908831,-71.0279879908243,4.20853292519943));
#8113=CARTESIAN_POINT('Ctrl Pts',(153.822750908831,-71.0279879908243,4.034));
#8114=CARTESIAN_POINT('Origin',(152.795334827422,-72.7439181163428,4.034));
#8115=CARTESIAN_POINT('Origin',(132.734306691483,-85.9681851503116,4.034));
#8116=CARTESIAN_POINT('',(132.734306691483,-85.9681851503116,6.034));
#8117=CARTESIAN_POINT('Origin',(101.065986761085,-133.432634465014,0.));
#8118=CARTESIAN_POINT('Ctrl Pts',(167.607050081806,-80.0680690871125,4.95915130192252));
#8119=CARTESIAN_POINT('Ctrl Pts',(167.572663548768,-79.9079351503619,4.86854198297132));
#8120=CARTESIAN_POINT('Ctrl Pts',(167.495827218559,-79.6237887161483,4.668248592463));
#8121=CARTESIAN_POINT('Ctrl Pts',(167.266082475223,-79.1722905187356,4.1365033893373));
#8122=CARTESIAN_POINT('Ctrl Pts',(167.050993301079,-78.9484206240983,3.70728055768762));
#8123=CARTESIAN_POINT('Ctrl Pts',(166.933912665429,-78.8783183943515,3.51847516704057));
#8124=CARTESIAN_POINT('Ctrl Pts',(167.702064919367,-80.0083373248439,4.77793266402012));
#8125=CARTESIAN_POINT('Ctrl Pts',(167.66294510201,-79.8660819950426,4.68946046680599));
#8126=CARTESIAN_POINT('Ctrl Pts',(167.578192615945,-79.6082299757059,4.49008449832487));
#8127=CARTESIAN_POINT('Ctrl Pts',(167.345292075796,-79.1979353250517,3.96220764279894));
#8128=CARTESIAN_POINT('Ctrl Pts',(167.139293036756,-79.0012902410304,3.57668575316712));
#8129=CARTESIAN_POINT('Ctrl Pts',(167.027096858919,-78.9341125887077,3.40986445835944));
#8130=CARTESIAN_POINT('Ctrl Pts',(167.855369403838,-79.9119613560348,4.38877713176438));
#8131=CARTESIAN_POINT('Ctrl Pts',(167.811708051167,-79.7966395733965,4.30138340392987));
#8132=CARTESIAN_POINT('Ctrl Pts',(167.716028330523,-79.5792124819091,4.0938756643941));
#8133=CARTESIAN_POINT('Ctrl Pts',(167.479533885,-79.241273812782,3.56821979941831));
#8134=CARTESIAN_POINT('Ctrl Pts',(167.293034961842,-79.0933434801867,3.28972224751518));
#8135=CARTESIAN_POINT('Ctrl Pts',(167.188921528235,-79.0310053847204,3.16405649689758));
#8136=CARTESIAN_POINT('Ctrl Pts',(168.02018272816,-79.8083502721257,3.38252338433771));
#8137=CARTESIAN_POINT('Ctrl Pts',(167.969130824938,-79.7183317443677,3.30819060215834));
#8138=CARTESIAN_POINT('Ctrl Pts',(167.851677931611,-79.5441915027531,3.1330883360222));
#8139=CARTESIAN_POINT('Ctrl Pts',(167.620901194669,-79.3100488086455,2.89242482617217));
#8140=CARTESIAN_POINT('Ctrl Pts',(167.441839373171,-79.1824403745824,2.79356561993279));
#8141=CARTESIAN_POINT('Ctrl Pts',(167.341517249891,-79.1223723326231,2.73466994402869));
#8142=CARTESIAN_POINT('Ctrl Pts',(168.042006536949,-79.7946305774779,2.62358665424573));
#8143=CARTESIAN_POINT('Ctrl Pts',(167.989499096903,-79.7111074116252,2.60415895809707));
#8144=CARTESIAN_POINT('Ctrl Pts',(167.87005831105,-79.5485050791981,2.56112996265104));
#8145=CARTESIAN_POINT('Ctrl Pts',(167.647297825968,-79.3267004878491,2.49092479626277));
#8146=CARTESIAN_POINT('Ctrl Pts',(167.47081711011,-79.1997908438652,2.44809514184884));
#8147=CARTESIAN_POINT('Ctrl Pts',(167.376214961093,-79.1431476462257,2.42748686080561));
#8148=CARTESIAN_POINT('Ctrl Pts',(168.042006536949,-79.7946305774779,2.27388812356979));
#8149=CARTESIAN_POINT('Ctrl Pts',(167.986410423959,-79.7061942842221,2.27388812356979));
#8150=CARTESIAN_POINT('Ctrl Pts',(167.861333419156,-79.5380519498596,2.27388812356979));
#8151=CARTESIAN_POINT('Ctrl Pts',(167.636657640457,-79.3182047180887,2.27388812356979));
#8152=CARTESIAN_POINT('Ctrl Pts',(167.465838049635,-79.1968096229368,2.2738881235698));
#8153=CARTESIAN_POINT('Ctrl Pts',(167.376214961093,-79.1431476462257,2.2738881235698));
#8154=CARTESIAN_POINT('Origin',(150.881802143761,-71.5981871671292,4.034));
#8155=CARTESIAN_POINT('',(150.881802143761,-71.5981871671292,6.034));
#8156=CARTESIAN_POINT('Origin',(121.016817200306,-134.110340596517,3.00000004470348));
#8157=CARTESIAN_POINT('',(119.017970083293,-134.042442122253,6.034));
#8158=CARTESIAN_POINT('Origin',(121.016817200306,-134.110340596517,4.034));
#8159=CARTESIAN_POINT('',(119.017970083293,-134.042442122253,2.00000002980232));
#8160=CARTESIAN_POINT('',(119.017970083293,-134.042442122253,3.00000004470348));
#8161=CARTESIAN_POINT('Origin',(121.016817200306,-134.110340596517,2.9802322276673E-8));
#8162=CARTESIAN_POINT('Ctrl Pts',(170.60356683549,-110.069514781666,4.987337358024));
#8163=CARTESIAN_POINT('Ctrl Pts',(170.649372452433,-110.15664536733,4.90226900126368));
#8164=CARTESIAN_POINT('Ctrl Pts',(170.740483246364,-110.306461962983,4.71405268691024));
#8165=CARTESIAN_POINT('Ctrl Pts',(170.899952544167,-110.536176950854,4.20762775339041));
#8166=CARTESIAN_POINT('Ctrl Pts',(170.957543584337,-110.65191860905,3.79513285865886));
#8167=CARTESIAN_POINT('Ctrl Pts',(170.951152980438,-110.704321561021,3.61425324484991));
#8168=CARTESIAN_POINT('Ctrl Pts',(170.555151383416,-110.155222643045,5.07240571478432));
#8169=CARTESIAN_POINT('Ctrl Pts',(170.608196629083,-110.236059662513,4.98465152482088));
#8170=CARTESIAN_POINT('Ctrl Pts',(170.710899787199,-110.381036418252,4.79247894524035));
#8171=CARTESIAN_POINT('Ctrl Pts',(170.887210341007,-110.617756275823,4.28668727076281));
#8172=CARTESIAN_POINT('Ctrl Pts',(170.947155360099,-110.737102047796,3.88700597105029));
#8173=CARTESIAN_POINT('Ctrl Pts',(170.940447876317,-110.792103414807,3.70268543982633));
#8174=CARTESIAN_POINT('Ctrl Pts',(170.459056568327,-110.340711198709,5.21227322555883));
#8175=CARTESIAN_POINT('Ctrl Pts',(170.525490490321,-110.413286882458,5.12266217827733));
#8176=CARTESIAN_POINT('Ctrl Pts',(170.654890412607,-110.555139972405,4.92223585504558));
#8177=CARTESIAN_POINT('Ctrl Pts',(170.868403721922,-110.817246327255,4.41444231284621));
#8178=CARTESIAN_POINT('Ctrl Pts',(170.923072426831,-110.9345821006,4.04731068776587));
#8179=CARTESIAN_POINT('Ctrl Pts',(170.91622006441,-110.990771472447,3.85625773758406));
#8180=CARTESIAN_POINT('Ctrl Pts',(170.328178219806,-110.842913990589,5.40854337219149));
#8181=CARTESIAN_POINT('Ctrl Pts',(170.427446452081,-110.913230158931,5.30391774091049));
#8182=CARTESIAN_POINT('Ctrl Pts',(170.61768669323,-111.060294255778,5.05753075679686));
#8183=CARTESIAN_POINT('Ctrl Pts',(170.833425903285,-111.237779023113,4.56436588658306));
#8184=CARTESIAN_POINT('Ctrl Pts',(170.878244135503,-111.302174089483,4.19884227262211));
#8185=CARTESIAN_POINT('Ctrl Pts',(170.873898015212,-111.337812275875,4.00107172485584));
#8186=CARTESIAN_POINT('Ctrl Pts',(170.279535838441,-111.372546476155,5.4482135623731));
#8187=CARTESIAN_POINT('Ctrl Pts',(170.39276440732,-111.40692145838,5.33165644825475));
#8188=CARTESIAN_POINT('Ctrl Pts',(170.595620617934,-111.469618580082,5.0649432480046));
#8189=CARTESIAN_POINT('Ctrl Pts',(170.797635130094,-111.541327120507,4.57998059094814));
#8190=CARTESIAN_POINT('Ctrl Pts',(170.845209409094,-111.573058846037,4.21822919882162));
#8191=CARTESIAN_POINT('Ctrl Pts',(170.843620826803,-111.586085220822,4.034));
#8192=CARTESIAN_POINT('Ctrl Pts',(170.247003030935,-111.639315497704,5.4482135623731));
#8193=CARTESIAN_POINT('Ctrl Pts',(170.369508848518,-111.654255231556,5.32480014742426));
#8194=CARTESIAN_POINT('Ctrl Pts',(170.582253764552,-111.680199733511,5.04549067311926));
#8195=CARTESIAN_POINT('Ctrl Pts',(170.782865723952,-111.704664606609,4.55758242294625));
#8196=CARTESIAN_POINT('Ctrl Pts',(170.82848152337,-111.710227508977,4.20853292519943));
#8197=CARTESIAN_POINT('Ctrl Pts',(170.82848152337,-111.710227508977,4.034));
#8198=CARTESIAN_POINT('Origin',(168.843189768269,-111.468118758355,4.034));
#8199=CARTESIAN_POINT('Origin',(167.188673583576,-90.0472843119526,4.034));
#8200=CARTESIAN_POINT('',(167.188673583576,-90.0472843119526,6.034));
#8201=CARTESIAN_POINT('Ctrl Pts',(163.143483940802,-136.937893434377,4.96440316628574));
#8202=CARTESIAN_POINT('Ctrl Pts',(163.030993726343,-137.038978838518,4.87481584431437));
#8203=CARTESIAN_POINT('Ctrl Pts',(162.8231170226,-137.212894619574,4.67674577100917));
#8204=CARTESIAN_POINT('Ctrl Pts',(162.42845773589,-137.442505223342,4.14964028901764));
#8205=CARTESIAN_POINT('Ctrl Pts',(162.159750130936,-137.509070952102,3.7234679493851));
#8206=CARTESIAN_POINT('Ctrl Pts',(162.03618224601,-137.504873497087,3.53610770572113));
#8207=CARTESIAN_POINT('Ctrl Pts',(162.992248043474,-136.937790290507,5.05399048825711));
#8208=CARTESIAN_POINT('Ctrl Pts',(162.889610814743,-137.035358516819,4.96240709419196));
#8209=CARTESIAN_POINT('Ctrl Pts',(162.692126082439,-137.206792231094,4.76178175971197));
#8210=CARTESIAN_POINT('Ctrl Pts',(162.300942539981,-137.43909922106,4.23944347573518));
#8211=CARTESIAN_POINT('Ctrl Pts',(162.047975181318,-137.505274089162,3.82981559302534));
#8212=CARTESIAN_POINT('Ctrl Pts',(161.931346824761,-137.501312361725,3.64100359331217));
#8213=CARTESIAN_POINT('Ctrl Pts',(162.675753589478,-136.925454227718,5.20191048908339));
#8214=CARTESIAN_POINT('Ctrl Pts',(162.586361734548,-137.019911482477,5.10955418183783));
#8215=CARTESIAN_POINT('Ctrl Pts',(162.399397843356,-137.193803706596,4.90313664589773));
#8216=CARTESIAN_POINT('Ctrl Pts',(162.002874117972,-137.437627205716,4.38648717420623));
#8217=CARTESIAN_POINT('Ctrl Pts',(161.794086808418,-137.496649801188,4.01546305366735));
#8218=CARTESIAN_POINT('Ctrl Pts',(161.694083100961,-137.493252793433,3.82316691614937));
#8219=CARTESIAN_POINT('Ctrl Pts',(161.900044883112,-136.894100991155,5.40545409922904));
#8220=CARTESIAN_POINT('Ctrl Pts',(161.823777299096,-137.002832088181,5.29992800934243));
#8221=CARTESIAN_POINT('Ctrl Pts',(161.655572814171,-137.207148884222,5.05202708366923));
#8222=CARTESIAN_POINT('Ctrl Pts',(161.43000213219,-137.430901084717,4.55782669526362));
#8223=CARTESIAN_POINT('Ctrl Pts',(161.333666592085,-137.481009870578,4.1922850756046));
#8224=CARTESIAN_POINT('Ctrl Pts',(161.279621942432,-137.479174037701,3.99494136700995));
#8225=CARTESIAN_POINT('Ctrl Pts',(161.200444102925,-136.890360156072,5.4482135623731));
#8226=CARTESIAN_POINT('Ctrl Pts',(161.172966556665,-137.006051117527,5.33165644825474));
#8227=CARTESIAN_POINT('Ctrl Pts',(161.118311003857,-137.213269194405,5.0649432480046));
#8228=CARTESIAN_POINT('Ctrl Pts',(161.04274972261,-137.420032638845,4.57998059094814));
#8229=CARTESIAN_POINT('Ctrl Pts',(161.002085827205,-137.469746463868,4.21822919882162));
#8230=CARTESIAN_POINT('Ctrl Pts',(160.983116484349,-137.46910209771,4.034));
#8231=CARTESIAN_POINT('Ctrl Pts',(160.854743812481,-136.878617125765,5.4482135623731));
#8232=CARTESIAN_POINT('Ctrl Pts',(160.850554021192,-137.001959400101,5.32480014742425));
#8233=CARTESIAN_POINT('Ctrl Pts',(160.843277984726,-137.216156915897,5.04549067311925));
#8234=CARTESIAN_POINT('Ctrl Pts',(160.83641690452,-137.418138632516,4.55758242294624));
#8235=CARTESIAN_POINT('Ctrl Pts',(160.834856809801,-137.464065891783,4.20853292519943));
#8236=CARTESIAN_POINT('Ctrl Pts',(160.834856809801,-137.464065891783,4.034));
#8237=CARTESIAN_POINT('Origin',(160.902755284066,-135.46521877477,4.034));
#8238=CARTESIAN_POINT('Ctrl Pts',(167.722557175507,-132.610038807115,4.96876435511093));
#8239=CARTESIAN_POINT('Ctrl Pts',(167.711415368682,-132.750146551509,4.88003414368865));
#8240=CARTESIAN_POINT('Ctrl Pts',(167.68647839861,-133.000243135539,4.68383213274431));
#8241=CARTESIAN_POINT('Ctrl Pts',(167.589790729488,-133.404482176569,4.16064266327169));
#8242=CARTESIAN_POINT('Ctrl Pts',(167.467380591191,-133.622088316884,3.73705712112981));
#8243=CARTESIAN_POINT('Ctrl Pts',(167.3857982197,-133.700459199036,3.55092251024964));
#8244=CARTESIAN_POINT('Ctrl Pts',(167.617199782584,-132.703066435563,5.05749456653321));
#8245=CARTESIAN_POINT('Ctrl Pts',(167.612077003306,-132.835391157059,4.96663724057961));
#8246=CARTESIAN_POINT('Ctrl Pts',(167.594862351516,-133.078759659238,4.7676139179179));
#8247=CARTESIAN_POINT('Ctrl Pts',(167.504279865436,-133.486108460658,4.24840759359054));
#8248=CARTESIAN_POINT('Ctrl Pts',(167.390462229271,-133.695978788161,3.84066020505784));
#8249=CARTESIAN_POINT('Ctrl Pts',(167.312402524968,-133.770965672888,3.65269721663672));
#8250=CARTESIAN_POINT('Ctrl Pts',(167.3908680851,-132.892608512047,5.20388652715289));
#8251=CARTESIAN_POINT('Ctrl Pts',(167.395441844897,-133.015797580943,5.11205032254933));
#8252=CARTESIAN_POINT('Ctrl Pts',(167.391700642082,-133.256972943583,4.90676711730683));
#8253=CARTESIAN_POINT('Ctrl Pts',(167.308606456702,-133.683396275775,4.39179121040817));
#8254=CARTESIAN_POINT('Ctrl Pts',(167.214823599492,-133.864703404819,4.02150203560129));
#8255=CARTESIAN_POINT('Ctrl Pts',(167.146293249731,-133.930536057962,3.82944026273714));
#8256=CARTESIAN_POINT('Ctrl Pts',(166.852658355748,-133.3753283217,5.4060424410204));
#8257=CARTESIAN_POINT('Ctrl Pts',(166.878907990368,-133.502949885497,5.30068655821194));
#8258=CARTESIAN_POINT('Ctrl Pts',(166.912929420851,-133.759644852326,5.05307127254635));
#8259=CARTESIAN_POINT('Ctrl Pts',(166.923736255043,-134.070221701698,4.55906637564972));
#8260=CARTESIAN_POINT('Ctrl Pts',(166.893972119272,-134.172924569332,4.19352818954363));
#8261=CARTESIAN_POINT('Ctrl Pts',(166.856127346765,-134.209279582702,3.99610355814958));
#8262=CARTESIAN_POINT('Ctrl Pts',(166.380699245883,-133.853707177166,5.4482135623731));
#8263=CARTESIAN_POINT('Ctrl Pts',(166.444869589531,-133.953687720127,5.33165644825474));
#8264=CARTESIAN_POINT('Ctrl Pts',(166.556361245317,-134.136332805735,5.0649432480046));
#8265=CARTESIAN_POINT('Ctrl Pts',(166.653664241622,-134.332962115669,4.57998059094814));
#8266=CARTESIAN_POINT('Ctrl Pts',(166.661815408965,-134.395942432773,4.21822919882162));
#8267=CARTESIAN_POINT('Ctrl Pts',(166.648542698099,-134.408692663493,4.034));
#8268=CARTESIAN_POINT('Ctrl Pts',(166.138930180313,-134.08595900559,5.4482135623731));
#8269=CARTESIAN_POINT('Ctrl Pts',(166.224427304529,-134.174959638959,5.32480014742425));
#8270=CARTESIAN_POINT('Ctrl Pts',(166.372902526942,-134.329519092922,5.04549067311925));
#8271=CARTESIAN_POINT('Ctrl Pts',(166.512910127809,-134.475263938352,4.55758242294624));
#8272=CARTESIAN_POINT('Ctrl Pts',(166.54474551119,-134.50840387505,4.20853292519943));
#8273=CARTESIAN_POINT('Ctrl Pts',(166.54474551119,-134.50840387505,4.034));
#8274=CARTESIAN_POINT('Origin',(165.15920530469,-133.066086872385,4.034));
#8275=CARTESIAN_POINT('Origin',(169.161001925108,-108.862059072272,4.034));
#8276=CARTESIAN_POINT('',(169.161001925108,-108.862059072272,6.034));
#8277=CARTESIAN_POINT('Origin',(165.033363147789,-133.186975253884,4.034));
#8278=CARTESIAN_POINT('',(165.033363147789,-133.186975253884,6.034));
#8279=CARTESIAN_POINT('Origin',(147.676784358473,-135.015948173295,4.034));
#8280=CARTESIAN_POINT('',(147.676784358473,-135.015948173295,6.034));
#8281=CARTESIAN_POINT('Origin',(141.231952887478,-134.797024864929,2.9802322276673E-8));
#8282=CARTESIAN_POINT('',(141.231952887478,-134.797024864929,2.00000002980232));
#8283=CARTESIAN_POINT('Origin',(147.676784358473,-135.015948173295,4.034));
#8284=CARTESIAN_POINT('',(147.676784358473,-135.015948173295,6.034));
#8285=CARTESIAN_POINT('Origin',(98.3488914685343,-126.859012148362,4.034));
#8286=CARTESIAN_POINT('',(98.3488914685343,-126.859012148362,6.034));
#8287=CARTESIAN_POINT('Origin',(98.1461805560085,-111.94052683539,4.034));
#8288=CARTESIAN_POINT('',(98.1461805560085,-111.94052683539,6.034));
#8289=CARTESIAN_POINT('Origin',(108.955835875036,-135.701796862884,2.00000002980232));
#8290=CARTESIAN_POINT('',(109.125582060698,-130.70467907035,2.00000002980232));
#8291=CARTESIAN_POINT('',(108.955835875036,-135.701796862884,2.00000002980232));
#8292=CARTESIAN_POINT('',(109.125582060698,-130.70467907035,4.034));
#8293=CARTESIAN_POINT('',(109.125582060698,-130.70467907035,1.00000001490116));
#8294=CARTESIAN_POINT('',(109.047612654079,-133.000001981854,4.034));
#8295=CARTESIAN_POINT('',(109.182997098389,-129.014451361921,4.034));
#8296=CARTESIAN_POINT('',(109.047612654079,-133.000001981854,6.034));
#8297=CARTESIAN_POINT('',(109.047612654079,-133.000001981854,4.01700001490116));
#8298=CARTESIAN_POINT('',(109.562513405516,-117.841960601639,6.034));
#8299=CARTESIAN_POINT('Origin',(118.950071609028,-136.041289239266,2.00000002980232));
#8300=CARTESIAN_POINT('',(119.11981779469,-131.044171446733,2.00000002980232));
#8301=CARTESIAN_POINT('',(118.950071609028,-136.041289239266,2.00000002980232));
#8302=CARTESIAN_POINT('',(111.109907633354,-130.772084264915,2.00000002980232));
#8303=CARTESIAN_POINT('Origin',(118.950071609028,-136.041289239266,6.00000008940697));
#8304=CARTESIAN_POINT('',(119.053380542874,-133.000001981854,6.034));
#8305=CARTESIAN_POINT('',(119.510860749987,-119.532350418536,6.034));
#8306=CARTESIAN_POINT('',(119.053380542874,-133.000001981854,4.034));
#8307=CARTESIAN_POINT('',(119.053380542874,-133.000001981854,6.01700004470348));
#8308=CARTESIAN_POINT('',(119.11981779469,-131.044171446733,4.034));
#8309=CARTESIAN_POINT('',(119.177232832381,-129.353943738304,4.034));
#8310=CARTESIAN_POINT('',(119.11981779469,-131.044171446733,3.00000004470348));
#8311=CARTESIAN_POINT('Origin',(132.961312832935,-103.461258214538,6.034));
#8312=CARTESIAN_POINT('',(105.000001564622,-133.000001981854,6.034));
#8313=CARTESIAN_POINT('',(128.480657340339,-133.000001981854,6.034));
#8314=CARTESIAN_POINT('',(105.000001564622,-112.00000166893,6.034));
#8315=CARTESIAN_POINT('',(105.000001564622,-118.230630098196,6.034));
#8316=CARTESIAN_POINT('',(124.000001847744,-112.00000166893,6.034));
#8317=CARTESIAN_POINT('',(118.980657198778,-112.00000166893,6.034));
#8318=CARTESIAN_POINT('',(124.000001847744,-133.000001981854,6.034));
#8319=CARTESIAN_POINT('',(124.000001847744,-107.730629941734,6.034));
#8320=CARTESIAN_POINT('',(128.480657340339,-133.000001981854,6.034));
#8321=CARTESIAN_POINT('',(122.875,-95.524999999999,6.034));
#8322=CARTESIAN_POINT('',(122.875,-108.524999999999,6.034));
#8323=CARTESIAN_POINT('',(122.875,-105.993129107268,6.034));
#8324=CARTESIAN_POINT('',(122.375,-109.024999999999,6.034));
#8325=CARTESIAN_POINT('Origin',(122.375,-108.524999999999,6.034));
#8326=CARTESIAN_POINT('',(109.375,-109.024999999999,6.034));
#8327=CARTESIAN_POINT('',(121.168156416467,-109.024999999999,6.034));
#8328=CARTESIAN_POINT('',(108.875,-108.524999999999,6.034));
#8329=CARTESIAN_POINT('Origin',(109.375,-108.524999999999,6.034));
#8330=CARTESIAN_POINT('',(108.875,-95.5249999999987,6.034));
#8331=CARTESIAN_POINT('',(108.875,-99.4931291072679,6.034));
#8332=CARTESIAN_POINT('',(109.375,-95.0249999999987,6.034));
#8333=CARTESIAN_POINT('Origin',(109.375,-95.5249999999987,6.034));
#8334=CARTESIAN_POINT('',(122.375,-95.024999999999,6.034));
#8335=CARTESIAN_POINT('',(127.668156416467,-95.0249999999991,6.034));
#8336=CARTESIAN_POINT('Origin',(122.375,-95.524999999999,6.034));
#8337=CARTESIAN_POINT('',(141.925,-95.5249999999995,6.034));
#8338=CARTESIAN_POINT('',(141.925,-108.524999999999,6.034));
#8339=CARTESIAN_POINT('',(141.925,-105.993129107269,6.034));
#8340=CARTESIAN_POINT('',(141.425,-109.024999999999,6.034));
#8341=CARTESIAN_POINT('Origin',(141.425,-108.524999999999,6.034));
#8342=CARTESIAN_POINT('',(128.425,-109.024999999999,6.034));
#8343=CARTESIAN_POINT('',(130.693156416467,-109.024999999999,6.034));
#8344=CARTESIAN_POINT('',(127.925,-108.524999999999,6.034));
#8345=CARTESIAN_POINT('Origin',(128.425,-108.524999999999,6.034));
#8346=CARTESIAN_POINT('',(127.925,-95.5249999999992,6.034));
#8347=CARTESIAN_POINT('',(127.925,-99.4931291072683,6.034));
#8348=CARTESIAN_POINT('',(128.425,-95.0249999999992,6.034));
#8349=CARTESIAN_POINT('Origin',(128.425,-95.5249999999992,6.034));
#8350=CARTESIAN_POINT('',(141.425,-95.0249999999994,6.034));
#8351=CARTESIAN_POINT('',(137.193156416467,-95.0249999999993,6.034));
#8352=CARTESIAN_POINT('Origin',(141.425,-95.5249999999994,6.034));
#8353=CARTESIAN_POINT('',(160.975,-95.5249999999999,6.034));
#8354=CARTESIAN_POINT('',(160.975,-108.525,6.034));
#8355=CARTESIAN_POINT('',(160.975,-105.993129107269,6.034));
#8356=CARTESIAN_POINT('',(160.475,-109.025,6.034));
#8357=CARTESIAN_POINT('Origin',(160.475,-108.525,6.034));
#8358=CARTESIAN_POINT('',(147.475,-109.025,6.034));
#8359=CARTESIAN_POINT('',(140.218156416467,-109.024999999999,6.034));
#8360=CARTESIAN_POINT('',(146.975,-108.525,6.034));
#8361=CARTESIAN_POINT('Origin',(147.475,-108.525,6.034));
#8362=CARTESIAN_POINT('',(146.975,-95.5249999999996,6.034));
#8363=CARTESIAN_POINT('',(146.975,-99.4931291072687,6.034));
#8364=CARTESIAN_POINT('',(147.475,-95.0249999999996,6.034));
#8365=CARTESIAN_POINT('Origin',(147.475,-95.5249999999996,6.034));
#8366=CARTESIAN_POINT('',(160.475,-95.0249999999999,6.034));
#8367=CARTESIAN_POINT('',(146.718156416467,-95.0249999999996,6.034));
#8368=CARTESIAN_POINT('Origin',(160.475,-95.5249999999999,6.034));
#8369=CARTESIAN_POINT('',(128.025,-127.575,6.034));
#8370=CARTESIAN_POINT('',(128.025,-114.575,6.034));
#8371=CARTESIAN_POINT('',(128.025,-109.018129107269,6.034));
#8372=CARTESIAN_POINT('',(128.525,-114.075,6.034));
#8373=CARTESIAN_POINT('Origin',(128.525,-114.575,6.034));
#8374=CARTESIAN_POINT('',(141.525,-114.075,6.034));
#8375=CARTESIAN_POINT('',(137.243156416467,-114.075,6.034));
#8376=CARTESIAN_POINT('',(142.025,-114.575,6.034));
#8377=CARTESIAN_POINT('Origin',(141.525,-114.575,6.034));
#8378=CARTESIAN_POINT('',(142.025,-127.575,6.034));
#8379=CARTESIAN_POINT('',(142.025,-115.518129107269,6.034));
#8380=CARTESIAN_POINT('',(141.525,-128.075,6.034));
#8381=CARTESIAN_POINT('Origin',(141.525,-127.575,6.034));
#8382=CARTESIAN_POINT('',(128.525,-128.075,6.034));
#8383=CARTESIAN_POINT('',(130.743156416467,-128.075,6.034));
#8384=CARTESIAN_POINT('Origin',(128.525,-127.575,6.034));
#8385=CARTESIAN_POINT('',(147.075,-127.575,6.034));
#8386=CARTESIAN_POINT('',(147.075,-114.575,6.034));
#8387=CARTESIAN_POINT('',(147.075,-109.018129107269,6.034));
#8388=CARTESIAN_POINT('',(147.575,-114.075,6.034));
#8389=CARTESIAN_POINT('Origin',(147.575,-114.575,6.034));
#8390=CARTESIAN_POINT('',(160.575,-114.075,6.034));
#8391=CARTESIAN_POINT('',(146.768156416467,-114.075,6.034));
#8392=CARTESIAN_POINT('',(161.075,-114.575,6.034));
#8393=CARTESIAN_POINT('Origin',(160.575,-114.575,6.034));
#8394=CARTESIAN_POINT('',(161.075,-127.575,6.034));
#8395=CARTESIAN_POINT('',(161.075,-115.518129107269,6.034));
#8396=CARTESIAN_POINT('',(160.575,-128.075,6.034));
#8397=CARTESIAN_POINT('Origin',(160.575,-127.575,6.034));
#8398=CARTESIAN_POINT('',(147.575,-128.075,6.034));
#8399=CARTESIAN_POINT('',(140.268156416467,-128.075,6.034));
#8400=CARTESIAN_POINT('Origin',(147.575,-127.575,6.034));
#8401=CARTESIAN_POINT('Origin',(132.961312832935,-103.461258214538,4.144));
#8402=CARTESIAN_POINT('',(124.000001847744,-131.20994553146,4.144));
#8403=CARTESIAN_POINT('',(161.437159195842,-132.481641522168,4.144));
#8404=CARTESIAN_POINT('',(117.554739104349,-130.991007573281,4.144));
#8405=CARTESIAN_POINT('',(124.000001847744,-112.00000166893,4.144));
#8406=CARTESIAN_POINT('',(124.000001847744,-107.730629941734,4.144));
#8407=CARTESIAN_POINT('',(105.000001564622,-112.00000166893,4.144));
#8408=CARTESIAN_POINT('',(118.980657198778,-112.00000166893,4.144));
#8409=CARTESIAN_POINT('',(105.000001564622,-130.564537976639,4.144));
#8410=CARTESIAN_POINT('',(105.000001564622,-118.230630098196,4.144));
#8411=CARTESIAN_POINT('',(103.099997472018,-130.499997083098,4.144));
#8412=CARTESIAN_POINT('',(117.554739104349,-130.991007573281,4.144));
#8413=CARTESIAN_POINT('',(100.000001639128,-123.000001832843,4.144));
#8414=CARTESIAN_POINT('',(98.9559859656423,-120.474155665807,4.144));
#8415=CARTESIAN_POINT('',(103.224046171572,-92.3335781937981,4.144));
#8416=CARTESIAN_POINT('',(102.808043915154,-96.2905028893916,4.144));
#8417=CARTESIAN_POINT('',(115.420455914349,-86.3742975965113,4.144));
#8418=CARTESIAN_POINT('',(161.281697346088,-132.630983617569,4.144));
#8419=CARTESIAN_POINT('',(122.875,-108.524999999999,4.144));
#8420=CARTESIAN_POINT('',(122.875,-95.524999999999,4.144));
#8421=CARTESIAN_POINT('',(122.875,-105.993129107268,4.144));
#8422=CARTESIAN_POINT('',(122.375,-95.024999999999,4.144));
#8423=CARTESIAN_POINT('Origin',(122.375,-95.524999999999,4.144));
#8424=CARTESIAN_POINT('',(109.375,-95.0249999999987,4.144));
#8425=CARTESIAN_POINT('',(127.668156416467,-95.0249999999991,4.144));
#8426=CARTESIAN_POINT('',(108.875,-95.5249999999987,4.144));
#8427=CARTESIAN_POINT('Origin',(109.375,-95.5249999999987,4.144));
#8428=CARTESIAN_POINT('',(108.875,-108.524999999999,4.144));
#8429=CARTESIAN_POINT('',(108.875,-99.4931291072679,4.144));
#8430=CARTESIAN_POINT('',(109.375,-109.024999999999,4.144));
#8431=CARTESIAN_POINT('Origin',(109.375,-108.524999999999,4.144));
#8432=CARTESIAN_POINT('',(122.375,-109.024999999999,4.144));
#8433=CARTESIAN_POINT('',(121.168156416467,-109.024999999999,4.144));
#8434=CARTESIAN_POINT('Origin',(122.375,-108.524999999999,4.144));
#8435=CARTESIAN_POINT('',(141.925,-108.524999999999,4.144));
#8436=CARTESIAN_POINT('',(141.925,-95.5249999999995,4.144));
#8437=CARTESIAN_POINT('',(141.925,-105.993129107269,4.144));
#8438=CARTESIAN_POINT('',(141.425,-95.0249999999994,4.144));
#8439=CARTESIAN_POINT('Origin',(141.425,-95.5249999999994,4.144));
#8440=CARTESIAN_POINT('',(128.425,-95.0249999999992,4.144));
#8441=CARTESIAN_POINT('',(137.193156416467,-95.0249999999993,4.144));
#8442=CARTESIAN_POINT('',(127.925,-95.5249999999992,4.144));
#8443=CARTESIAN_POINT('Origin',(128.425,-95.5249999999992,4.144));
#8444=CARTESIAN_POINT('',(127.925,-108.524999999999,4.144));
#8445=CARTESIAN_POINT('',(127.925,-99.4931291072683,4.144));
#8446=CARTESIAN_POINT('',(128.425,-109.024999999999,4.144));
#8447=CARTESIAN_POINT('Origin',(128.425,-108.524999999999,4.144));
#8448=CARTESIAN_POINT('',(141.425,-109.024999999999,4.144));
#8449=CARTESIAN_POINT('',(130.693156416467,-109.024999999999,4.144));
#8450=CARTESIAN_POINT('Origin',(141.425,-108.524999999999,4.144));
#8451=CARTESIAN_POINT('',(160.975,-108.525,4.144));
#8452=CARTESIAN_POINT('',(160.975,-95.5249999999999,4.144));
#8453=CARTESIAN_POINT('',(160.975,-105.993129107269,4.144));
#8454=CARTESIAN_POINT('',(160.475,-95.0249999999999,4.144));
#8455=CARTESIAN_POINT('Origin',(160.475,-95.5249999999999,4.144));
#8456=CARTESIAN_POINT('',(147.475,-95.0249999999996,4.144));
#8457=CARTESIAN_POINT('',(146.718156416467,-95.0249999999996,4.144));
#8458=CARTESIAN_POINT('',(146.975,-95.5249999999996,4.144));
#8459=CARTESIAN_POINT('Origin',(147.475,-95.5249999999996,4.144));
#8460=CARTESIAN_POINT('',(146.975,-108.525,4.144));
#8461=CARTESIAN_POINT('',(146.975,-99.4931291072687,4.144));
#8462=CARTESIAN_POINT('',(147.475,-109.025,4.144));
#8463=CARTESIAN_POINT('Origin',(147.475,-108.525,4.144));
#8464=CARTESIAN_POINT('',(160.475,-109.025,4.144));
#8465=CARTESIAN_POINT('',(140.218156416467,-109.024999999999,4.144));
#8466=CARTESIAN_POINT('Origin',(160.475,-108.525,4.144));
#8467=CARTESIAN_POINT('',(128.025,-114.575,4.144));
#8468=CARTESIAN_POINT('',(128.025,-127.575,4.144));
#8469=CARTESIAN_POINT('',(128.025,-109.018129107269,4.144));
#8470=CARTESIAN_POINT('',(128.525,-128.075,4.144));
#8471=CARTESIAN_POINT('Origin',(128.525,-127.575,4.144));
#8472=CARTESIAN_POINT('',(141.525,-128.075,4.144));
#8473=CARTESIAN_POINT('',(130.743156416467,-128.075,4.144));
#8474=CARTESIAN_POINT('',(142.025,-127.575,4.144));
#8475=CARTESIAN_POINT('Origin',(141.525,-127.575,4.144));
#8476=CARTESIAN_POINT('',(142.025,-114.575,4.144));
#8477=CARTESIAN_POINT('',(142.025,-115.518129107269,4.144));
#8478=CARTESIAN_POINT('',(141.525,-114.075,4.144));
#8479=CARTESIAN_POINT('Origin',(141.525,-114.575,4.144));
#8480=CARTESIAN_POINT('',(128.525,-114.075,4.144));
#8481=CARTESIAN_POINT('',(137.243156416467,-114.075,4.144));
#8482=CARTESIAN_POINT('Origin',(128.525,-114.575,4.144));
#8483=CARTESIAN_POINT('',(147.075,-114.575,4.144));
#8484=CARTESIAN_POINT('',(147.075,-127.575,4.144));
#8485=CARTESIAN_POINT('',(147.075,-109.018129107269,4.144));
#8486=CARTESIAN_POINT('',(147.575,-128.075,4.144));
#8487=CARTESIAN_POINT('Origin',(147.575,-127.575,4.144));
#8488=CARTESIAN_POINT('',(160.575,-128.075,4.144));
#8489=CARTESIAN_POINT('',(140.268156416467,-128.075,4.144));
#8490=CARTESIAN_POINT('',(161.075,-127.575,4.144));
#8491=CARTESIAN_POINT('Origin',(160.575,-127.575,4.144));
#8492=CARTESIAN_POINT('',(161.075,-114.575,4.144));
#8493=CARTESIAN_POINT('',(161.075,-115.518129107269,4.144));
#8494=CARTESIAN_POINT('',(160.575,-114.075,4.144));
#8495=CARTESIAN_POINT('Origin',(160.575,-114.575,4.144));
#8496=CARTESIAN_POINT('',(147.575,-114.075,4.144));
#8497=CARTESIAN_POINT('',(146.768156416467,-114.075,4.144));
#8498=CARTESIAN_POINT('Origin',(147.575,-114.575,4.144));
#8499=CARTESIAN_POINT('Origin',(105.000001564622,-112.00000166893,6.034));
#8500=CARTESIAN_POINT('',(124.000001847744,-112.00000166893,6.034));
#8501=CARTESIAN_POINT('',(105.000001564622,-112.00000166893,6.034));
#8502=CARTESIAN_POINT('Origin',(161.075,-127.575,0.));
#8503=CARTESIAN_POINT('',(161.075,-114.575,0.));
#8504=CARTESIAN_POINT('',(161.075,-127.575,0.));
#8505=CARTESIAN_POINT('Origin',(160.575,-127.575,0.));
#8506=CARTESIAN_POINT('',(160.575,-128.075,0.));
#8507=CARTESIAN_POINT('Origin',(147.575,-128.075,0.));
#8508=CARTESIAN_POINT('',(147.575,-128.075,0.));
#8509=CARTESIAN_POINT('Origin',(147.575,-127.575,0.));
#8510=CARTESIAN_POINT('',(147.075,-127.575,0.));
#8511=CARTESIAN_POINT('Origin',(147.075,-114.575,0.));
#8512=CARTESIAN_POINT('',(147.075,-114.575,0.));
#8513=CARTESIAN_POINT('Origin',(147.575,-114.575,0.));
#8514=CARTESIAN_POINT('',(147.575,-114.075,0.));
#8515=CARTESIAN_POINT('Origin',(160.575,-114.075,0.));
#8516=CARTESIAN_POINT('',(160.575,-114.075,0.));
#8517=CARTESIAN_POINT('Origin',(160.575,-114.575,0.));
#8518=CARTESIAN_POINT('Origin',(142.025,-127.575,0.));
#8519=CARTESIAN_POINT('',(142.025,-114.575,0.));
#8520=CARTESIAN_POINT('',(142.025,-127.575,0.));
#8521=CARTESIAN_POINT('Origin',(141.525,-127.575,0.));
#8522=CARTESIAN_POINT('',(141.525,-128.075,0.));
#8523=CARTESIAN_POINT('Origin',(128.525,-128.075,0.));
#8524=CARTESIAN_POINT('',(128.525,-128.075,0.));
#8525=CARTESIAN_POINT('Origin',(128.525,-127.575,0.));
#8526=CARTESIAN_POINT('',(128.025,-127.575,0.));
#8527=CARTESIAN_POINT('Origin',(128.025,-114.575,0.));
#8528=CARTESIAN_POINT('',(128.025,-114.575,0.));
#8529=CARTESIAN_POINT('Origin',(128.525,-114.575,0.));
#8530=CARTESIAN_POINT('',(128.525,-114.075,0.));
#8531=CARTESIAN_POINT('Origin',(141.525,-114.075,0.));
#8532=CARTESIAN_POINT('',(141.525,-114.075,0.));
#8533=CARTESIAN_POINT('Origin',(141.525,-114.575,0.));
#8534=CARTESIAN_POINT('Origin',(146.975,-95.5249999999996,0.));
#8535=CARTESIAN_POINT('',(146.975,-108.525,0.));
#8536=CARTESIAN_POINT('',(146.975,-95.5249999999996,0.));
#8537=CARTESIAN_POINT('Origin',(147.475,-95.5249999999996,0.));
#8538=CARTESIAN_POINT('',(147.475,-95.0249999999996,0.));
#8539=CARTESIAN_POINT('Origin',(160.475,-95.0249999999999,0.));
#8540=CARTESIAN_POINT('',(160.475,-95.0249999999999,0.));
#8541=CARTESIAN_POINT('Origin',(160.475,-95.5249999999999,0.));
#8542=CARTESIAN_POINT('',(160.975,-95.5249999999999,0.));
#8543=CARTESIAN_POINT('Origin',(160.975,-108.525,0.));
#8544=CARTESIAN_POINT('',(160.975,-108.525,0.));
#8545=CARTESIAN_POINT('Origin',(160.475,-108.525,0.));
#8546=CARTESIAN_POINT('',(160.475,-109.025,0.));
#8547=CARTESIAN_POINT('Origin',(147.475,-109.025,0.));
#8548=CARTESIAN_POINT('',(147.475,-109.025,0.));
#8549=CARTESIAN_POINT('Origin',(147.475,-108.525,0.));
#8550=CARTESIAN_POINT('Origin',(127.925,-95.5249999999992,0.));
#8551=CARTESIAN_POINT('',(127.925,-108.524999999999,0.));
#8552=CARTESIAN_POINT('',(127.925,-95.5249999999992,0.));
#8553=CARTESIAN_POINT('Origin',(128.425,-95.5249999999992,0.));
#8554=CARTESIAN_POINT('',(128.425,-95.0249999999992,0.));
#8555=CARTESIAN_POINT('Origin',(141.425,-95.0249999999994,0.));
#8556=CARTESIAN_POINT('',(141.425,-95.0249999999994,0.));
#8557=CARTESIAN_POINT('Origin',(141.425,-95.5249999999994,0.));
#8558=CARTESIAN_POINT('',(141.925,-95.5249999999995,0.));
#8559=CARTESIAN_POINT('Origin',(141.925,-108.524999999999,0.));
#8560=CARTESIAN_POINT('',(141.925,-108.524999999999,0.));
#8561=CARTESIAN_POINT('Origin',(141.425,-108.524999999999,0.));
#8562=CARTESIAN_POINT('',(141.425,-109.024999999999,0.));
#8563=CARTESIAN_POINT('Origin',(128.425,-109.024999999999,0.));
#8564=CARTESIAN_POINT('',(128.425,-109.024999999999,0.));
#8565=CARTESIAN_POINT('Origin',(128.425,-108.524999999999,0.));
#8566=CARTESIAN_POINT('Origin',(108.875,-95.5249999999987,0.));
#8567=CARTESIAN_POINT('',(108.875,-108.524999999999,0.));
#8568=CARTESIAN_POINT('',(108.875,-95.5249999999987,0.));
#8569=CARTESIAN_POINT('Origin',(109.375,-95.5249999999987,0.));
#8570=CARTESIAN_POINT('',(109.375,-95.0249999999987,0.));
#8571=CARTESIAN_POINT('Origin',(122.375,-95.024999999999,0.));
#8572=CARTESIAN_POINT('',(122.375,-95.024999999999,0.));
#8573=CARTESIAN_POINT('Origin',(122.375,-95.524999999999,0.));
#8574=CARTESIAN_POINT('',(122.875,-95.524999999999,0.));
#8575=CARTESIAN_POINT('Origin',(122.875,-108.524999999999,0.));
#8576=CARTESIAN_POINT('',(122.875,-108.524999999999,0.));
#8577=CARTESIAN_POINT('Origin',(122.375,-108.524999999999,0.));
#8578=CARTESIAN_POINT('',(122.375,-109.024999999999,0.));
#8579=CARTESIAN_POINT('Origin',(109.375,-109.024999999999,0.));
#8580=CARTESIAN_POINT('',(109.375,-109.024999999999,0.));
#8581=CARTESIAN_POINT('Origin',(109.375,-108.524999999999,0.));
#8582=CARTESIAN_POINT('Origin',(161.437159195842,-132.481641522168,0.));
#8583=CARTESIAN_POINT('',(161.437159195842,-132.481641522168,0.));
#8584=CARTESIAN_POINT('Origin',(103.099997472018,-130.499997083098,0.));
#8585=CARTESIAN_POINT('',(103.099997472018,-130.499997083098,0.));
#8586=CARTESIAN_POINT('',(105.000001564622,-130.564537976639,4.034));
#8587=CARTESIAN_POINT('',(105.000001564622,-130.564537976639,3.017));
#8588=CARTESIAN_POINT('',(108.657711458578,-130.68878605894,4.034));
#8589=CARTESIAN_POINT('',(124.000001847744,-131.20994553146,4.034));
#8590=CARTESIAN_POINT('',(108.657711458578,-130.68878605894,4.034));
#8591=CARTESIAN_POINT('',(124.000001847744,-131.20994553146,3.017));
#8592=CARTESIAN_POINT('Origin',(100.000001639128,-123.000001832843,0.));
#8593=CARTESIAN_POINT('',(100.000001639128,-123.000001832843,0.));
#8594=CARTESIAN_POINT('Origin',(103.224046171572,-92.3335781937981,0.));
#8595=CARTESIAN_POINT('',(103.224046171572,-92.3335781937981,0.));
#8596=CARTESIAN_POINT('Origin',(108.000001758337,-90.0000013411045,0.));
#8597=CARTESIAN_POINT('Origin',(114.500001706183,-122.500001825392,4.034));
#8598=CARTESIAN_POINT('',(105.000001564622,-133.000001981854,4.034));
#8599=CARTESIAN_POINT('',(105.000001564622,-133.000001981854,4.034));
#8600=CARTESIAN_POINT('',(124.000001847744,-133.000001981854,4.034));
#8601=CARTESIAN_POINT('Origin',(114.500001706183,-122.500001825392,4.034));
#8602=CARTESIAN_POINT('',(124.000001847744,-133.000001981854,4.034));
#8603=CARTESIAN_POINT('',(124.000001847744,-133.000001981854,4.034));
#8604=CARTESIAN_POINT('',(124.000001847744,-112.00000166893,4.034));
#8605=CARTESIAN_POINT('Origin',(124.000001847744,-133.000001981854,6.034));
#8606=CARTESIAN_POINT('',(105.000001564622,-133.000001981854,6.034));
#8607=CARTESIAN_POINT('Origin',(124.000001847744,-133.000001981854,6.034));
#8608=CARTESIAN_POINT('',(124.000001847744,-133.000001981854,6.034));
#8609=CARTESIAN_POINT('Origin',(124.000001847744,-112.00000166893,6.034));
#8610=CARTESIAN_POINT('Origin',(105.000001564622,-133.000001981854,6.034));
#8611=UNCERTAINTY_MEASURE_WITH_UNIT(LENGTH_MEASURE(0.01),#8615,
'DISTANCE_ACCURACY_VALUE',
'Maximum model space distance between geometric entities at asserted c
onnectivities');
#8612=UNCERTAINTY_MEASURE_WITH_UNIT(LENGTH_MEASURE(0.01),#8615,
'DISTANCE_ACCURACY_VALUE',
'Maximum model space distance between geometric entities at asserted c
onnectivities');
#8613=(
GEOMETRIC_REPRESENTATION_CONTEXT(3)
GLOBAL_UNCERTAINTY_ASSIGNED_CONTEXT((#8611))
GLOBAL_UNIT_ASSIGNED_CONTEXT((#8615,#8616,#8617))
REPRESENTATION_CONTEXT('','3D')
);
#8614=(
GEOMETRIC_REPRESENTATION_CONTEXT(3)
GLOBAL_UNCERTAINTY_ASSIGNED_CONTEXT((#8612))
GLOBAL_UNIT_ASSIGNED_CONTEXT((#8615,#8616,#8617))
REPRESENTATION_CONTEXT('','3D')
);
#8615=(
LENGTH_UNIT()
NAMED_UNIT(*)
SI_UNIT(.MILLI.,.METRE.)
);
#8616=(
NAMED_UNIT(*)
PLANE_ANGLE_UNIT()
SI_UNIT($,.RADIAN.)
);
#8617=(
NAMED_UNIT(*)
SI_UNIT($,.STERADIAN.)
SOLID_ANGLE_UNIT()
);
#8618=SHAPE_DEFINITION_REPRESENTATION(#8619,#8620);
#8619=PRODUCT_DEFINITION_SHAPE('',$,#8622);
#8620=SHAPE_REPRESENTATION('',(#3753),#8613);
#8621=PRODUCT_DEFINITION_CONTEXT('part definition',#8626,'design');
#8622=PRODUCT_DEFINITION('2026-06-12-05-57-02-625',
'withholesPathfinder',#8623,#8621);
#8623=PRODUCT_DEFINITION_FORMATION('',$,#8628);
#8624=PRODUCT_RELATED_PRODUCT_CATEGORY('withholesPathfinder',
'withholesPathfinder',(#8628));
#8625=APPLICATION_PROTOCOL_DEFINITION('international standard',
'automotive_design',2009,#8626);
#8626=APPLICATION_CONTEXT(
'Core Data for Automotive Mechanical Design Process');
#8627=PRODUCT_CONTEXT('part definition',#8626,'mechanical');
#8628=PRODUCT('2026-06-12-05-57-02-625','withholesPathfinder',
'KiCad electronic assembly',(#8627));
#8629=PRESENTATION_STYLE_ASSIGNMENT((#8636));
#8630=PRESENTATION_STYLE_ASSIGNMENT((#8637));
#8631=PRESENTATION_STYLE_ASSIGNMENT((#8638));
#8632=PRESENTATION_STYLE_ASSIGNMENT((#8639));
#8633=PRESENTATION_STYLE_ASSIGNMENT((#8640));
#8634=PRESENTATION_STYLE_ASSIGNMENT((#8641));
#8635=PRESENTATION_STYLE_ASSIGNMENT((#8642));
#8636=SURFACE_STYLE_USAGE(.BOTH.,#8643);
#8637=SURFACE_STYLE_USAGE(.BOTH.,#8644);
#8638=SURFACE_STYLE_USAGE(.BOTH.,#8645);
#8639=SURFACE_STYLE_USAGE(.BOTH.,#8646);
#8640=SURFACE_STYLE_USAGE(.BOTH.,#8647);
#8641=SURFACE_STYLE_USAGE(.BOTH.,#8648);
#8642=SURFACE_STYLE_USAGE(.BOTH.,#8649);
#8643=SURFACE_SIDE_STYLE('',(#8650));
#8644=SURFACE_SIDE_STYLE('',(#8651));
#8645=SURFACE_SIDE_STYLE('',(#8652));
#8646=SURFACE_SIDE_STYLE('',(#8653));
#8647=SURFACE_SIDE_STYLE('',(#8654));
#8648=SURFACE_SIDE_STYLE('',(#8655));
#8649=SURFACE_SIDE_STYLE('',(#8656));
#8650=SURFACE_STYLE_FILL_AREA(#8657);
#8651=SURFACE_STYLE_FILL_AREA(#8658);
#8652=SURFACE_STYLE_FILL_AREA(#8659);
#8653=SURFACE_STYLE_FILL_AREA(#8660);
#8654=SURFACE_STYLE_FILL_AREA(#8661);
#8655=SURFACE_STYLE_FILL_AREA(#8662);
#8656=SURFACE_STYLE_FILL_AREA(#8663);
#8657=FILL_AREA_STYLE('Opaque(202,209,238)',(#8664));
#8658=FILL_AREA_STYLE('Opaque(25,25,25)',(#8665));
#8659=FILL_AREA_STYLE('Opaque(244,229,167)',(#8666));
#8660=FILL_AREA_STYLE('Opaque(160,160,160)',(#8667));
#8661=FILL_AREA_STYLE('Opaque(246,246,243)',(#8668));
#8662=FILL_AREA_STYLE('Paint - Enamel Glossy (Red)',(#8669));
#8663=FILL_AREA_STYLE('Paint - Enamel Glossy (Blue)',(#8670));
#8664=FILL_AREA_STYLE_COLOUR('Opaque(202,209,238)',#8671);
#8665=FILL_AREA_STYLE_COLOUR('Opaque(25,25,25)',#8672);
#8666=FILL_AREA_STYLE_COLOUR('Opaque(244,229,167)',#8673);
#8667=FILL_AREA_STYLE_COLOUR('Opaque(160,160,160)',#8674);
#8668=FILL_AREA_STYLE_COLOUR('Opaque(246,246,243)',#8675);
#8669=FILL_AREA_STYLE_COLOUR('Paint - Enamel Glossy (Red)',#8676);
#8670=FILL_AREA_STYLE_COLOUR('Paint - Enamel Glossy (Blue)',#8677);
#8671=COLOUR_RGB('Opaque(202,209,238)',0.792156862745098,0.819607843137255,
0.933333333333333);
#8672=COLOUR_RGB('Opaque(25,25,25)',0.0980392156862745,0.0980392156862745,
0.0980392156862745);
#8673=COLOUR_RGB('Opaque(244,229,167)',0.956862745098039,0.898039215686275,
0.654901960784314);
#8674=COLOUR_RGB('Opaque(160,160,160)',0.627450980392157,0.627450980392157,
0.627450980392157);
#8675=COLOUR_RGB('Opaque(246,246,243)',0.964705882352941,0.964705882352941,
0.952941176470588);
#8676=COLOUR_RGB('Paint - Enamel Glossy (Red)',0.768627450980392,0.207843137254902,
0.152941176470588);
#8677=COLOUR_RGB('Paint - Enamel Glossy (Blue)',0.188235294117647,0.231372549019608,
0.588235294117647);
ENDSEC;
END-ISO-10303-21;
